time_stamp,predicted_ans
2012-08-31 07:00:00,504.1002197265625
2012-09-01 07:00:00,399.85601806640625
2012-09-02 07:00:00,293.8102722167969
2012-09-03 07:00:00,311.7737121582031
2012-09-04 07:00:00,353.84429931640625
2012-09-05 07:00:00,393.6106262207031
2012-09-06 07:00:00,355.612060546875
2012-09-07 07:00:00,431.97735595703125
2012-09-08 07:00:00,552.7232666015625
2012-09-09 07:00:00,677.2607421875
2012-09-10 07:00:00,596.1942749023438
2012-09-11 07:00:00,459.19830322265625
2012-09-12 07:00:00,348.34521484375
2012-09-13 07:00:00,241.41053771972656
2012-09-14 07:00:00,169.96722412109375
2012-09-15 07:00:00,101.05232238769531
2012-09-16 07:00:00,-9.264312744140625
2012-09-17 07:00:00,47.82240295410156
2012-09-18 07:00:00,45.142303466796875
2012-09-19 07:00:00,33.456817626953125
2012-09-20 07:00:00,24.0853271484375
2012-09-21 07:00:00,-30.19384765625
2012-09-22 07:00:00,167.83285522460938
2012-09-23 07:00:00,242.6374969482422
2012-09-24 07:00:00,443.6882629394531
2012-09-25 07:00:00,345.80584716796875
2012-09-26 07:00:00,317.29888916015625
2012-09-27 07:00:00,306.4281005859375
2012-09-28 07:00:00,437.3101806640625
2012-09-29 07:00:00,439.9114990234375
2012-09-30 07:00:00,452.3974609375
2012-10-01 07:00:00,368.30322265625
2012-10-02 07:00:00,524.51708984375
2012-10-03 07:00:00,526.4976196289062
2012-10-04 07:00:00,568.084228515625
2012-10-05 07:00:00,437.3974609375
2012-10-06 07:00:00,313.51068115234375
2012-10-07 07:00:00,209.79566955566406
2012-10-08 07:00:00,239.49249267578125
2012-10-09 07:00:00,187.73550415039062
2012-10-10 07:00:00,120.49784851074219
2012-10-11 07:00:00,54.4495849609375
2012-10-12 07:00:00,88.33816528320312
2012-10-13 07:00:00,19.507354736328125
2012-10-14 07:00:00,23.916107177734375
2012-10-15 07:00:00,1.4635009765625
2012-10-16 07:00:00,37.30754089355469
2012-10-17 07:00:00,187.23263549804688
2012-10-18 07:00:00,311.3874816894531
2012-10-19 07:00:00,264.77496337890625
2012-10-20 07:00:00,408.52398681640625
2012-10-21 07:00:00,366.04296875
2012-10-22 07:00:00,466.9000549316406
2012-10-23 07:00:00,498.7860107421875
2012-10-24 07:00:00,475.85174560546875
2012-10-25 07:00:00,530.851318359375
2012-10-26 07:00:00,538.927978515625
2012-10-27 07:00:00,473.68841552734375
2012-10-28 07:00:00,502.22125244140625
2012-10-29 07:00:00,313.5724182128906
2012-10-30 07:00:00,250.6859130859375
2012-10-31 07:00:00,283.4230041503906
2012-11-01 07:00:00,224.53919982910156
2012-11-02 07:00:00,145.4615936279297
2012-11-03 07:00:00,74.638671875
2012-11-04 07:00:00,69.30758666992188
2012-11-05 07:00:00,65.05126953125
2012-11-06 07:00:00,73.79286193847656
2012-11-07 07:00:00,-61.5953369140625
2012-11-08 07:00:00,-19.925079345703125
2012-11-09 07:00:00,2.22027587890625
2012-11-10 07:00:00,186.67767333984375
2012-11-11 07:00:00,313.173583984375
2012-11-12 07:00:00,258.54241943359375
2012-11-13 07:00:00,289.4559326171875
2012-11-14 07:00:00,415.80645751953125
2012-11-15 07:00:00,566.8131103515625
2012-11-16 07:00:00,498.6456604003906
2012-11-17 07:00:00,434.85235595703125
2012-11-18 07:00:00,396.7922058105469
2012-11-19 07:00:00,457.4575500488281
2012-11-20 07:00:00,525.6510009765625
2012-11-21 07:00:00,444.00543212890625
2012-11-22 07:00:00,314.0312194824219
2012-11-23 07:00:00,317.1319274902344
2012-11-24 07:00:00,278.3797302246094
2012-11-25 07:00:00,243.5799102783203
2012-11-26 07:00:00,222.91720581054688
2012-11-27 07:00:00,15.928619384765625
2012-11-28 07:00:00,92.62120056152344
2012-11-29 07:00:00,134.31277465820312
2012-11-30 07:00:00,107.01670837402344
2012-12-01 07:00:00,24.114044189453125
2012-12-02 07:00:00,-27.397247314453125
2012-12-03 07:00:00,109.53614807128906
2012-12-04 07:00:00,328.57275390625
2012-09-04 07:00:00,159.8924560546875
2012-09-05 07:00:00,199.85122680664062
2012-09-06 07:00:00,223.07550048828125
2012-09-07 07:00:00,299.49603271484375
2012-09-08 07:00:00,382.20013427734375
2012-09-09 07:00:00,378.4320373535156
2012-09-10 07:00:00,375.9381103515625
2012-09-11 07:00:00,366.69671630859375
2012-09-12 07:00:00,431.50628662109375
2012-09-13 07:00:00,531.3201904296875
2012-09-14 07:00:00,526.2257080078125
2012-09-15 07:00:00,404.35931396484375
2012-09-16 07:00:00,250.62646484375
2012-09-17 07:00:00,164.66909790039062
2012-09-18 07:00:00,95.69378662109375
2012-09-19 07:00:00,89.00309753417969
2012-09-20 07:00:00,38.63453674316406
2012-09-21 07:00:00,-4.234649658203125
2012-09-22 07:00:00,-20.762298583984375
2012-09-23 07:00:00,-18.217193603515625
2012-09-24 07:00:00,-4.2977294921875
2012-09-25 07:00:00,50.95668029785156
2012-09-26 07:00:00,177.4647979736328
2012-09-27 07:00:00,315.60760498046875
2012-09-28 07:00:00,393.6426086425781
2012-09-29 07:00:00,294.77081298828125
2012-09-30 07:00:00,204.5303955078125
2012-10-01 07:00:00,201.58180236816406
2012-10-02 07:00:00,205.38946533203125
2012-10-03 07:00:00,239.43055725097656
2012-10-04 07:00:00,246.45086669921875
2012-10-05 07:00:00,304.7121887207031
2012-10-06 07:00:00,436.6333312988281
2012-10-07 07:00:00,642.7109375
2012-10-08 07:00:00,680.3064575195312
2012-10-09 07:00:00,520.0679931640625
2012-10-10 07:00:00,310.2427978515625
2012-10-11 07:00:00,192.5693817138672
2012-10-12 07:00:00,121.03311157226562
2012-10-13 07:00:00,41.68370056152344
2012-10-14 07:00:00,16.8807373046875
2012-10-15 07:00:00,-58.952728271484375
2012-10-16 07:00:00,-70.05126953125
2012-10-17 07:00:00,-33.735565185546875
2012-10-18 07:00:00,-4.5914306640625
2012-10-19 07:00:00,99.83601379394531
2012-10-20 07:00:00,289.43035888671875
2012-10-21 07:00:00,523.9241943359375
2012-10-22 07:00:00,526.018798828125
2012-10-23 07:00:00,331.9456481933594
2012-10-24 07:00:00,182.47219848632812
2012-10-25 07:00:00,130.19046020507812
2012-10-26 07:00:00,132.5883331298828
2012-10-27 07:00:00,153.2902374267578
2012-10-28 07:00:00,176.3144073486328
2012-10-29 07:00:00,216.58424377441406
2012-10-30 07:00:00,414.0111083984375
2012-10-31 07:00:00,639.402587890625
2012-11-01 07:00:00,711.7606201171875
2012-11-02 07:00:00,556.5869750976562
2012-11-03 07:00:00,362.99847412109375
2012-11-04 07:00:00,202.72821044921875
2012-11-05 07:00:00,146.32186889648438
2012-11-06 07:00:00,53.01933288574219
2012-11-07 07:00:00,-19.41375732421875
2012-11-08 07:00:00,-17.525787353515625
2012-11-09 07:00:00,-39.73138427734375
2012-11-10 07:00:00,-44.44415283203125
2012-11-11 07:00:00,10.205657958984375
2012-11-12 07:00:00,82.87136840820312
2012-11-13 07:00:00,281.8004455566406
2012-11-14 07:00:00,495.91119384765625
2012-11-15 07:00:00,545.1280517578125
2012-11-16 07:00:00,341.50946044921875
2012-11-17 07:00:00,192.43670654296875
2012-11-18 07:00:00,163.58828735351562
2012-11-19 07:00:00,185.71987915039062
2012-11-20 07:00:00,183.43423461914062
2012-11-21 07:00:00,185.08029174804688
2012-11-22 07:00:00,267.0744934082031
2012-11-23 07:00:00,414.33392333984375
2012-11-24 07:00:00,633.6718139648438
2012-11-25 07:00:00,633.5433959960938
2012-11-26 07:00:00,462.01080322265625
2012-11-27 07:00:00,321.54345703125
2012-11-28 07:00:00,227.45339965820312
2012-11-29 07:00:00,165.3760528564453
2012-11-30 07:00:00,98.23861694335938
2012-12-01 07:00:00,45.38337707519531
2012-12-02 07:00:00,9.63604736328125
2012-12-03 07:00:00,31.182418823242188
2012-12-04 07:00:00,-3.283172607421875
2012-12-05 07:00:00,10.094390869140625
2012-12-06 07:00:00,31.544586181640625
2012-12-07 07:00:00,171.12985229492188
2012-12-08 07:00:00,324.4061279296875
2012-09-08 07:00:00,387.0505065917969
2012-09-09 07:00:00,355.878662109375
2012-09-10 07:00:00,263.5671691894531
2012-09-11 07:00:00,300.7708435058594
2012-09-12 07:00:00,349.18328857421875
2012-09-13 07:00:00,388.57659912109375
2012-09-14 07:00:00,351.3470458984375
2012-09-15 07:00:00,367.6250915527344
2012-09-16 07:00:00,519.5201416015625
2012-09-17 07:00:00,627.9761352539062
2012-09-18 07:00:00,509.25518798828125
2012-09-19 07:00:00,452.8891296386719
2012-09-20 07:00:00,339.148193359375
2012-09-21 07:00:00,274.90423583984375
2012-09-22 07:00:00,199.0655517578125
2012-09-23 07:00:00,180.1014404296875
2012-09-24 07:00:00,44.90550231933594
2012-09-25 07:00:00,43.741455078125
2012-09-26 07:00:00,110.2108154296875
2012-09-27 07:00:00,27.435150146484375
2012-09-28 07:00:00,-54.196441650390625
2012-09-29 07:00:00,-87.47418212890625
2012-09-30 07:00:00,102.13699340820312
2012-10-01 07:00:00,205.07102966308594
2012-10-02 07:00:00,321.00830078125
2012-10-03 07:00:00,312.9020080566406
2012-10-04 07:00:00,289.39593505859375
2012-10-05 07:00:00,370.482177734375
2012-10-06 07:00:00,438.7406921386719
2012-10-07 07:00:00,443.441162109375
2012-10-08 07:00:00,464.469482421875
2012-10-09 07:00:00,410.06976318359375
2012-10-10 07:00:00,510.1028137207031
2012-10-11 07:00:00,486.13299560546875
2012-10-12 07:00:00,536.7545166015625
2012-10-13 07:00:00,406.0129089355469
2012-10-14 07:00:00,290.4847717285156
2012-10-15 07:00:00,214.3582763671875
2012-10-16 07:00:00,215.14312744140625
2012-10-17 07:00:00,220.83792114257812
2012-10-18 07:00:00,146.74560546875
2012-10-19 07:00:00,57.71319580078125
2012-10-20 07:00:00,108.67314147949219
2012-10-21 07:00:00,8.17010498046875
2012-10-22 07:00:00,-13.8624267578125
2012-10-23 07:00:00,-10.0023193359375
2012-10-24 07:00:00,1.0198974609375
2012-10-25 07:00:00,128.2542724609375
2012-10-26 07:00:00,249.1017608642578
2012-10-27 07:00:00,216.55999755859375
2012-10-28 07:00:00,366.0707092285156
2012-10-29 07:00:00,375.6554870605469
2012-10-30 07:00:00,439.40869140625
2012-10-31 07:00:00,502.2818298339844
2012-11-01 07:00:00,460.0902099609375
2012-11-02 07:00:00,574.4286499023438
2012-11-03 07:00:00,521.3818969726562
2012-11-04 07:00:00,541.588134765625
2012-11-05 07:00:00,505.9647216796875
2012-11-06 07:00:00,270.28460693359375
2012-11-07 07:00:00,225.11024475097656
2012-11-08 07:00:00,258.69073486328125
2012-11-09 07:00:00,210.44754028320312
2012-11-10 07:00:00,137.35525512695312
2012-11-11 07:00:00,100.6583251953125
2012-11-12 07:00:00,134.48788452148438
2012-11-13 07:00:00,89.13626098632812
2012-11-14 07:00:00,87.39982604980469
2012-11-15 07:00:00,0.481292724609375
2012-11-16 07:00:00,-45.680145263671875
2012-11-17 07:00:00,23.875335693359375
2012-11-18 07:00:00,182.06478881835938
2012-11-19 07:00:00,294.2137756347656
2012-11-20 07:00:00,200.05886840820312
2012-11-21 07:00:00,221.44557189941406
2012-11-22 07:00:00,343.769287109375
2012-11-23 07:00:00,511.34100341796875
2012-11-24 07:00:00,473.07354736328125
2012-11-25 07:00:00,477.0904541015625
2012-11-26 07:00:00,465.99908447265625
2012-11-27 07:00:00,539.8812255859375
2012-11-28 07:00:00,623.36572265625
2012-11-29 07:00:00,510.2774658203125
2012-11-30 07:00:00,330.8226318359375
2012-12-01 07:00:00,262.62078857421875
2012-12-02 07:00:00,237.84600830078125
2012-12-03 07:00:00,198.9115447998047
2012-12-04 07:00:00,198.63876342773438
2012-12-05 07:00:00,40.04927062988281
2012-12-06 07:00:00,112.37635803222656
2012-12-07 07:00:00,143.3622589111328
2012-12-08 07:00:00,110.38401794433594
2012-12-09 07:00:00,76.32232666015625
2012-12-10 07:00:00,-9.903350830078125
2012-12-11 07:00:00,121.32723999023438
2012-12-12 07:00:00,324.4202880859375
2012-09-12 07:00:00,691.3463134765625
2012-09-13 07:00:00,394.9512634277344
2012-09-14 07:00:00,241.45899963378906
2012-09-15 07:00:00,288.0907897949219
2012-09-16 07:00:00,366.46099853515625
2012-09-17 07:00:00,370.0582275390625
2012-09-18 07:00:00,382.62445068359375
2012-09-19 07:00:00,393.6036071777344
2012-09-20 07:00:00,559.1849975585938
2012-09-21 07:00:00,794.546875
2012-09-22 07:00:00,804.1192626953125
2012-09-23 07:00:00,527.8671875
2012-09-24 07:00:00,350.22113037109375
2012-09-25 07:00:00,252.64208984375
2012-09-26 07:00:00,213.25262451171875
2012-09-27 07:00:00,122.33804321289062
2012-09-28 07:00:00,56.49662780761719
2012-09-29 07:00:00,67.55586242675781
2012-09-30 07:00:00,89.27400207519531
2012-10-01 07:00:00,99.19363403320312
2012-10-02 07:00:00,70.57913208007812
2012-10-03 07:00:00,81.78594970703125
2012-10-04 07:00:00,253.94448852539062
2012-10-05 07:00:00,471.9122314453125
2012-10-06 07:00:00,533.0452880859375
2012-10-07 07:00:00,302.6866149902344
2012-10-08 07:00:00,192.26535034179688
2012-10-09 07:00:00,276.1466369628906
2012-10-10 07:00:00,331.1712341308594
2012-10-11 07:00:00,368.2602844238281
2012-10-12 07:00:00,325.87750244140625
2012-10-13 07:00:00,381.5252685546875
2012-10-14 07:00:00,490.09735107421875
2012-10-15 07:00:00,757.58740234375
2012-10-16 07:00:00,683.796630859375
2012-10-17 07:00:00,502.3645324707031
2012-10-18 07:00:00,338.46441650390625
2012-10-19 07:00:00,229.511474609375
2012-10-20 07:00:00,180.037841796875
2012-10-21 07:00:00,95.80720520019531
2012-10-22 07:00:00,41.138641357421875
2012-10-23 07:00:00,30.330413818359375
2012-10-24 07:00:00,113.84857177734375
2012-10-25 07:00:00,116.08230590820312
2012-10-26 07:00:00,89.22573852539062
2012-10-27 07:00:00,161.88616943359375
2012-10-28 07:00:00,324.73101806640625
2012-10-29 07:00:00,563.5167236328125
2012-10-30 07:00:00,625.4078369140625
2012-10-31 07:00:00,316.8614501953125
2012-11-01 07:00:00,157.5710906982422
2012-11-02 07:00:00,183.49566650390625
2012-11-03 07:00:00,244.44076538085938
2012-11-04 07:00:00,281.0495300292969
2012-11-05 07:00:00,265.52752685546875
2012-11-06 07:00:00,341.00164794921875
2012-11-07 07:00:00,519.7510986328125
2012-11-08 07:00:00,771.346923828125
2012-11-09 07:00:00,753.33740234375
2012-11-10 07:00:00,543.149658203125
2012-11-11 07:00:00,371.1112976074219
2012-11-12 07:00:00,220.32241821289062
2012-11-13 07:00:00,190.48385620117188
2012-11-14 07:00:00,64.34149169921875
2012-11-15 07:00:00,-25.060546875
2012-11-16 07:00:00,36.747406005859375
2012-11-17 07:00:00,58.07807922363281
2012-11-18 07:00:00,96.23750305175781
2012-11-19 07:00:00,59.076416015625
2012-11-20 07:00:00,99.04924011230469
2012-11-21 07:00:00,287.7076721191406
2012-11-22 07:00:00,492.9323425292969
2012-11-23 07:00:00,559.2749633789062
2012-11-24 07:00:00,432.5171203613281
2012-11-25 07:00:00,312.4647216796875
2012-11-26 07:00:00,343.5230712890625
2012-11-27 07:00:00,385.7082824707031
2012-11-28 07:00:00,380.7457275390625
2012-11-29 07:00:00,367.03204345703125
2012-11-30 07:00:00,399.364990234375
2012-12-01 07:00:00,536.317138671875
2012-12-02 07:00:00,751.1004028320312
2012-12-03 07:00:00,671.6864013671875
2012-12-04 07:00:00,485.9773864746094
2012-12-05 07:00:00,329.2278137207031
2012-12-06 07:00:00,268.7452697753906
2012-12-07 07:00:00,212.26963806152344
2012-12-08 07:00:00,195.17254638671875
2012-12-09 07:00:00,145.73602294921875
2012-12-10 07:00:00,125.28656005859375
2012-12-11 07:00:00,164.36351013183594
2012-12-12 07:00:00,88.32615661621094
2012-12-13 07:00:00,41.418060302734375
2012-12-14 07:00:00,18.60040283203125
2012-12-15 07:00:00,35.355682373046875
2012-12-16 07:00:00,168.41944885253906
2012-09-16 07:00:00,263.7522277832031
2012-09-17 07:00:00,234.17446899414062
2012-09-18 07:00:00,293.3023986816406
2012-09-19 07:00:00,436.13433837890625
2012-09-20 07:00:00,540.1903076171875
2012-09-21 07:00:00,557.2941284179688
2012-09-22 07:00:00,537.410400390625
2012-09-23 07:00:00,509.80035400390625
2012-09-24 07:00:00,507.3192138671875
2012-09-25 07:00:00,624.4193115234375
2012-09-26 07:00:00,520.2665405273438
2012-09-27 07:00:00,400.1588134765625
2012-09-28 07:00:00,322.4123229980469
2012-09-29 07:00:00,280.17535400390625
2012-09-30 07:00:00,245.73443603515625
2012-10-01 07:00:00,220.00445556640625
2012-10-02 07:00:00,175.92161560058594
2012-10-03 07:00:00,161.9879913330078
2012-10-04 07:00:00,134.16726684570312
2012-10-05 07:00:00,48.860198974609375
2012-10-06 07:00:00,21.50054931640625
2012-10-07 07:00:00,8.40338134765625
2012-10-08 07:00:00,12.074981689453125
2012-10-09 07:00:00,129.2778778076172
2012-10-10 07:00:00,267.1343994140625
2012-10-11 07:00:00,283.3885803222656
2012-10-12 07:00:00,360.9881591796875
2012-10-13 07:00:00,474.365234375
2012-10-14 07:00:00,556.7228393554688
2012-10-15 07:00:00,550.8440551757812
2012-10-16 07:00:00,511.3005065917969
2012-10-17 07:00:00,476.8359375
2012-10-18 07:00:00,499.91790771484375
2012-10-19 07:00:00,614.9010620117188
2012-10-20 07:00:00,547.0281982421875
2012-10-21 07:00:00,436.6071472167969
2012-10-22 07:00:00,343.6858215332031
2012-10-23 07:00:00,280.6104431152344
2012-10-24 07:00:00,250.2412872314453
2012-10-25 07:00:00,165.5860137939453
2012-10-26 07:00:00,132.44871520996094
2012-10-27 07:00:00,89.22586059570312
2012-10-28 07:00:00,65.80230712890625
2012-10-29 07:00:00,44.46649169921875
2012-10-30 07:00:00,11.329620361328125
2012-10-31 07:00:00,53.532684326171875
2012-11-01 07:00:00,141.4200897216797
2012-11-02 07:00:00,320.6747741699219
2012-11-03 07:00:00,425.5495910644531
2012-11-04 07:00:00,308.3863525390625
2012-11-05 07:00:00,303.79498291015625
2012-11-06 07:00:00,342.81805419921875
2012-11-07 07:00:00,388.18243408203125
2012-11-08 07:00:00,389.656494140625
2012-11-09 07:00:00,375.3715515136719
2012-11-10 07:00:00,388.8734130859375
2012-11-11 07:00:00,521.4425048828125
2012-11-12 07:00:00,722.7288818359375
2012-11-13 07:00:00,668.080322265625
2012-11-14 07:00:00,511.850830078125
2012-11-15 07:00:00,409.50860595703125
2012-11-16 07:00:00,316.02227783203125
2012-11-17 07:00:00,243.95404052734375
2012-11-18 07:00:00,121.57362365722656
2012-11-19 07:00:00,67.7734375
2012-11-20 07:00:00,58.05718994140625
2012-11-21 07:00:00,50.584686279296875
2012-11-22 07:00:00,8.942626953125
2012-11-23 07:00:00,22.490509033203125
2012-11-24 07:00:00,88.545166015625
2012-11-25 07:00:00,246.64181518554688
2012-11-26 07:00:00,484.0511779785156
2012-11-27 07:00:00,555.1558837890625
2012-11-28 07:00:00,309.9498596191406
2012-11-29 07:00:00,217.4632110595703
2012-11-30 07:00:00,273.7537536621094
2012-12-01 07:00:00,298.98187255859375
2012-12-02 07:00:00,291.9271545410156
2012-12-03 07:00:00,308.46966552734375
2012-12-04 07:00:00,349.4647521972656
2012-12-05 07:00:00,549.6888427734375
2012-12-06 07:00:00,788.6785278320312
2012-12-07 07:00:00,743.33544921875
2012-12-08 07:00:00,570.8619384765625
2012-12-09 07:00:00,427.3303527832031
2012-12-10 07:00:00,314.28857421875
2012-12-11 07:00:00,205.98406982421875
2012-12-12 07:00:00,113.13694763183594
2012-12-13 07:00:00,74.7510986328125
2012-12-14 07:00:00,51.4031982421875
2012-12-15 07:00:00,45.05450439453125
2012-12-16 07:00:00,30.3494873046875
2012-12-17 07:00:00,65.09085083007812
2012-12-18 07:00:00,112.57901000976562
2012-12-19 07:00:00,260.0852966308594
2012-12-20 07:00:00,519.703857421875
2012-09-20 07:00:00,526.4042358398438
2012-09-21 07:00:00,523.228271484375
2012-09-22 07:00:00,326.2254333496094
2012-09-23 07:00:00,274.5242919921875
2012-09-24 07:00:00,288.9566345214844
2012-09-25 07:00:00,280.309326171875
2012-09-26 07:00:00,278.1747131347656
2012-09-27 07:00:00,322.0708312988281
2012-09-28 07:00:00,498.00469970703125
2012-09-29 07:00:00,676.551513671875
2012-09-30 07:00:00,707.792236328125
2012-10-01 07:00:00,511.8612060546875
2012-10-02 07:00:00,373.2998046875
2012-10-03 07:00:00,252.841796875
2012-10-04 07:00:00,183.80364990234375
2012-10-05 07:00:00,104.91374206542969
2012-10-06 07:00:00,38.775360107421875
2012-10-07 07:00:00,15.174957275390625
2012-10-08 07:00:00,-11.084625244140625
2012-10-09 07:00:00,-10.1014404296875
2012-10-10 07:00:00,26.74029541015625
2012-10-11 07:00:00,140.40780639648438
2012-10-12 07:00:00,363.86676025390625
2012-10-13 07:00:00,580.902099609375
2012-10-14 07:00:00,472.8290100097656
2012-10-15 07:00:00,341.02130126953125
2012-10-16 07:00:00,287.69970703125
2012-10-17 07:00:00,250.95704650878906
2012-10-18 07:00:00,293.937744140625
2012-10-19 07:00:00,292.1770324707031
2012-10-20 07:00:00,340.4891052246094
2012-10-21 07:00:00,473.86871337890625
2012-10-22 07:00:00,624.8538818359375
2012-10-23 07:00:00,692.0263671875
2012-10-24 07:00:00,581.963134765625
2012-10-25 07:00:00,450.01275634765625
2012-10-26 07:00:00,301.3089599609375
2012-10-27 07:00:00,213.04153442382812
2012-10-28 07:00:00,142.0348663330078
2012-10-29 07:00:00,98.59564208984375
2012-10-30 07:00:00,29.864990234375
2012-10-31 07:00:00,19.710113525390625
2012-11-01 07:00:00,23.69189453125
2012-11-02 07:00:00,48.41575622558594
2012-11-03 07:00:00,59.4044189453125
2012-11-04 07:00:00,90.47337341308594
2012-11-05 07:00:00,244.9246063232422
2012-11-06 07:00:00,363.98779296875
2012-11-07 07:00:00,331.4085693359375
2012-11-08 07:00:00,285.72833251953125
2012-11-09 07:00:00,293.2342834472656
2012-11-10 07:00:00,333.6522216796875
2012-11-11 07:00:00,377.9945068359375
2012-11-12 07:00:00,389.07928466796875
2012-11-13 07:00:00,427.98675537109375
2012-11-14 07:00:00,496.3988342285156
2012-11-15 07:00:00,581.910888671875
2012-11-16 07:00:00,583.8489379882812
2012-11-17 07:00:00,428.67828369140625
2012-11-18 07:00:00,292.4532775878906
2012-11-19 07:00:00,219.11351013183594
2012-11-20 07:00:00,185.48226928710938
2012-11-21 07:00:00,155.63841247558594
2012-11-22 07:00:00,113.19017028808594
2012-11-23 07:00:00,76.36651611328125
2012-11-24 07:00:00,77.92056274414062
2012-11-25 07:00:00,99.27987670898438
2012-11-26 07:00:00,95.45606994628906
2012-11-27 07:00:00,102.07771301269531
2012-11-28 07:00:00,102.15632629394531
2012-11-29 07:00:00,114.62838745117188
2012-11-30 07:00:00,180.8390350341797
2012-12-01 07:00:00,202.7223358154297
2012-12-02 07:00:00,173.8433837890625
2012-12-03 07:00:00,257.3769226074219
2012-12-04 07:00:00,335.1015930175781
2012-12-05 07:00:00,449.398193359375
2012-12-06 07:00:00,513.912109375
2012-12-07 07:00:00,585.2340698242188
2012-12-08 07:00:00,613.163330078125
2012-12-09 07:00:00,548.648193359375
2012-12-10 07:00:00,537.11376953125
2012-12-11 07:00:00,379.2386474609375
2012-12-12 07:00:00,244.930419921875
2012-12-13 07:00:00,175.96566772460938
2012-12-14 07:00:00,162.58033752441406
2012-12-15 07:00:00,160.96142578125
2012-12-16 07:00:00,122.40623474121094
2012-12-17 07:00:00,69.62858581542969
2012-12-18 07:00:00,59.917999267578125
2012-12-19 07:00:00,53.71376037597656
2012-12-20 07:00:00,59.00981140136719
2012-12-21 07:00:00,129.56716918945312
2012-12-22 07:00:00,65.52267456054688
2012-12-23 07:00:00,169.19338989257812
2012-12-24 07:00:00,319.66888427734375
2012-09-24 07:00:00,170.89625549316406
2012-09-25 07:00:00,233.91586303710938
2012-09-26 07:00:00,360.5863952636719
2012-09-27 07:00:00,513.9929809570312
2012-09-28 07:00:00,605.9884033203125
2012-09-29 07:00:00,613.0858154296875
2012-09-30 07:00:00,591.8847045898438
2012-10-01 07:00:00,592.86083984375
2012-10-02 07:00:00,553.6656494140625
2012-10-03 07:00:00,574.2634887695312
2012-10-04 07:00:00,499.2144470214844
2012-10-05 07:00:00,388.257080078125
2012-10-06 07:00:00,304.97125244140625
2012-10-07 07:00:00,271.82159423828125
2012-10-08 07:00:00,198.17152404785156
2012-10-09 07:00:00,143.635986328125
2012-10-10 07:00:00,116.71070861816406
2012-10-11 07:00:00,95.64552307128906
2012-10-12 07:00:00,31.331329345703125
2012-10-13 07:00:00,13.991607666015625
2012-10-14 07:00:00,17.24871826171875
2012-10-15 07:00:00,50.667633056640625
2012-10-16 07:00:00,163.9335174560547
2012-10-17 07:00:00,330.2298889160156
2012-10-18 07:00:00,418.1485900878906
2012-10-19 07:00:00,314.8826599121094
2012-10-20 07:00:00,278.3623352050781
2012-10-21 07:00:00,381.075439453125
2012-10-22 07:00:00,414.3394775390625
2012-10-23 07:00:00,412.6386413574219
2012-10-24 07:00:00,388.7497253417969
2012-10-25 07:00:00,411.017333984375
2012-10-26 07:00:00,512.210693359375
2012-10-27 07:00:00,692.4207153320312
2012-10-28 07:00:00,672.5943603515625
2012-10-29 07:00:00,524.1243286132812
2012-10-30 07:00:00,396.4275817871094
2012-10-31 07:00:00,299.89520263671875
2012-11-01 07:00:00,186.8074188232422
2012-11-02 07:00:00,92.19500732421875
2012-11-03 07:00:00,43.677154541015625
2012-11-04 07:00:00,13.085205078125
2012-11-05 07:00:00,-8.588775634765625
2012-11-06 07:00:00,-16.199676513671875
2012-11-07 07:00:00,2.55938720703125
2012-11-08 07:00:00,94.32278442382812
2012-11-09 07:00:00,259.0140686035156
2012-11-10 07:00:00,499.52935791015625
2012-11-11 07:00:00,558.072021484375
2012-11-12 07:00:00,324.2872619628906
2012-11-13 07:00:00,231.32371520996094
2012-11-14 07:00:00,245.68170166015625
2012-11-15 07:00:00,264.7977600097656
2012-11-16 07:00:00,270.676513671875
2012-11-17 07:00:00,288.8616943359375
2012-11-18 07:00:00,344.4150085449219
2012-11-19 07:00:00,520.9188842773438
2012-11-20 07:00:00,753.7510986328125
2012-11-21 07:00:00,755.1707153320312
2012-11-22 07:00:00,573.885498046875
2012-11-23 07:00:00,406.8734436035156
2012-11-24 07:00:00,295.5471496582031
2012-11-25 07:00:00,190.6787109375
2012-11-26 07:00:00,73.77963256835938
2012-11-27 07:00:00,24.490203857421875
2012-11-28 07:00:00,24.370208740234375
2012-11-29 07:00:00,-0.511077880859375
2012-11-30 07:00:00,-0.066802978515625
2012-12-01 07:00:00,33.7703857421875
2012-12-02 07:00:00,102.58195495605469
2012-12-03 07:00:00,303.0722961425781
2012-12-04 07:00:00,540.91845703125
2012-12-05 07:00:00,579.0224609375
2012-12-06 07:00:00,308.0194091796875
2012-12-07 07:00:00,165.42466735839844
2012-12-08 07:00:00,192.49725341796875
2012-12-09 07:00:00,249.28395080566406
2012-12-10 07:00:00,232.09519958496094
2012-12-11 07:00:00,243.51571655273438
2012-12-12 07:00:00,307.76165771484375
2012-12-13 07:00:00,486.85357666015625
2012-12-14 07:00:00,766.6764526367188
2012-12-15 07:00:00,757.0189819335938
2012-12-16 07:00:00,554.5933837890625
2012-12-17 07:00:00,378.0896911621094
2012-12-18 07:00:00,278.0693664550781
2012-12-19 07:00:00,181.1552276611328
2012-12-20 07:00:00,93.06242370605469
2012-12-21 07:00:00,41.914642333984375
2012-12-22 07:00:00,18.823486328125
2012-12-23 07:00:00,13.958831787109375
2012-12-24 07:00:00,37.905242919921875
2012-12-25 07:00:00,67.51107788085938
2012-12-26 07:00:00,125.97230529785156
2012-12-27 07:00:00,287.2288513183594
2012-12-28 07:00:00,553.6394653320312
2012-09-28 07:00:00,551.5706787109375
2012-09-29 07:00:00,444.4764709472656
2012-09-30 07:00:00,334.12841796875
2012-10-01 07:00:00,340.7842712402344
2012-10-02 07:00:00,382.9382629394531
2012-10-03 07:00:00,438.1026611328125
2012-10-04 07:00:00,413.49090576171875
2012-10-05 07:00:00,469.98175048828125
2012-10-06 07:00:00,612.4971923828125
2012-10-07 07:00:00,750.3824462890625
2012-10-08 07:00:00,626.1993408203125
2012-10-09 07:00:00,509.835693359375
2012-10-10 07:00:00,373.00518798828125
2012-10-11 07:00:00,271.71990966796875
2012-10-12 07:00:00,214.31143188476562
2012-10-13 07:00:00,115.92607116699219
2012-10-14 07:00:00,18.6025390625
2012-10-15 07:00:00,27.34112548828125
2012-10-16 07:00:00,74.85041809082031
2012-10-17 07:00:00,68.56483459472656
2012-10-18 07:00:00,31.210235595703125
2012-10-19 07:00:00,-40.352996826171875
2012-10-20 07:00:00,201.6043701171875
2012-10-21 07:00:00,276.3591613769531
2012-10-22 07:00:00,460.8064880371094
2012-10-23 07:00:00,358.72100830078125
2012-10-24 07:00:00,332.41900634765625
2012-10-25 07:00:00,353.8530578613281
2012-10-26 07:00:00,471.23797607421875
2012-10-27 07:00:00,501.57147216796875
2012-10-28 07:00:00,537.5829467773438
2012-10-29 07:00:00,489.4742736816406
2012-10-30 07:00:00,612.4332275390625
2012-10-31 07:00:00,598.254150390625
2012-11-01 07:00:00,599.5045166015625
2012-11-02 07:00:00,462.68829345703125
2012-11-03 07:00:00,353.49737548828125
2012-11-04 07:00:00,210.775390625
2012-11-05 07:00:00,243.52261352539062
2012-11-06 07:00:00,188.7635955810547
2012-11-07 07:00:00,137.5179901123047
2012-11-08 07:00:00,47.76556396484375
2012-11-09 07:00:00,93.86392211914062
2012-11-10 07:00:00,46.037567138671875
2012-11-11 07:00:00,35.210174560546875
2012-11-12 07:00:00,42.73046875
2012-11-13 07:00:00,47.5013427734375
2012-11-14 07:00:00,227.78253173828125
2012-11-15 07:00:00,337.38250732421875
2012-11-16 07:00:00,263.6385192871094
2012-11-17 07:00:00,403.7074279785156
2012-11-18 07:00:00,397.68212890625
2012-11-19 07:00:00,505.7418212890625
2012-11-20 07:00:00,575.1821899414062
2012-11-21 07:00:00,568.0155029296875
2012-11-22 07:00:00,661.1915283203125
2012-11-23 07:00:00,640.9307861328125
2012-11-24 07:00:00,596.6649780273438
2012-11-25 07:00:00,568.6688232421875
2012-11-26 07:00:00,347.94183349609375
2012-11-27 07:00:00,286.543212890625
2012-11-28 07:00:00,266.49237060546875
2012-11-29 07:00:00,194.1953582763672
2012-11-30 07:00:00,133.66094970703125
2012-12-01 07:00:00,106.87495422363281
2012-12-02 07:00:00,122.15261840820312
2012-12-03 07:00:00,73.22779846191406
2012-12-04 07:00:00,125.30624389648438
2012-12-05 07:00:00,0.345428466796875
2012-12-06 07:00:00,11.52020263671875
2012-12-07 07:00:00,60.701324462890625
2012-12-08 07:00:00,249.37033081054688
2012-12-09 07:00:00,354.9132080078125
2012-12-10 07:00:00,270.32135009765625
2012-12-11 07:00:00,310.5769958496094
2012-12-12 07:00:00,422.9322509765625
2012-12-13 07:00:00,613.4132080078125
2012-12-14 07:00:00,579.366455078125
2012-12-15 07:00:00,560.5523681640625
2012-12-16 07:00:00,539.6705322265625
2012-12-17 07:00:00,614.424560546875
2012-12-18 07:00:00,654.597900390625
2012-12-19 07:00:00,549.7241821289062
2012-12-20 07:00:00,361.80523681640625
2012-12-21 07:00:00,297.2669677734375
2012-12-22 07:00:00,266.8115539550781
2012-12-23 07:00:00,237.68771362304688
2012-12-24 07:00:00,205.3607177734375
2012-12-25 07:00:00,32.2327880859375
2012-12-26 07:00:00,108.27934265136719
2012-12-27 07:00:00,142.51490783691406
2012-12-28 07:00:00,136.9282684326172
2012-12-29 07:00:00,84.78630065917969
2012-12-30 07:00:00,27.9622802734375
2012-12-31 07:00:00,134.69248962402344
2013-01-01 07:00:00,399.41558837890625
2012-10-02 07:00:00,572.703369140625
2012-10-03 07:00:00,377.1504211425781
2012-10-04 07:00:00,285.3367919921875
2012-10-05 07:00:00,354.0953369140625
2012-10-06 07:00:00,414.44500732421875
2012-10-07 07:00:00,358.3146057128906
2012-10-08 07:00:00,309.20721435546875
2012-10-09 07:00:00,392.84869384765625
2012-10-10 07:00:00,598.6424560546875
2012-10-11 07:00:00,760.7333374023438
2012-10-12 07:00:00,645.9854736328125
2012-10-13 07:00:00,432.3594970703125
2012-10-14 07:00:00,317.5020751953125
2012-10-15 07:00:00,224.92263793945312
2012-10-16 07:00:00,115.3221435546875
2012-10-17 07:00:00,42.29248046875
2012-10-18 07:00:00,-24.76727294921875
2012-10-19 07:00:00,-35.898345947265625
2012-10-20 07:00:00,-41.660003662109375
2012-10-21 07:00:00,-11.324066162109375
2012-10-22 07:00:00,-36.11248779296875
2012-10-23 07:00:00,32.8194580078125
2012-10-24 07:00:00,263.46478271484375
2012-10-25 07:00:00,561.7868041992188
2012-10-26 07:00:00,637.4146728515625
2012-10-27 07:00:00,359.8007507324219
2012-10-28 07:00:00,211.40023803710938
2012-10-29 07:00:00,270.42059326171875
2012-10-30 07:00:00,274.39764404296875
2012-10-31 07:00:00,271.0526123046875
2012-11-01 07:00:00,218.27806091308594
2012-11-02 07:00:00,298.6029357910156
2012-11-03 07:00:00,557.5223388671875
2012-11-04 07:00:00,824.033447265625
2012-11-05 07:00:00,703.8438720703125
2012-11-06 07:00:00,460.60711669921875
2012-11-07 07:00:00,310.42596435546875
2012-11-08 07:00:00,232.43582153320312
2012-11-09 07:00:00,129.16912841796875
2012-11-10 07:00:00,10.8985595703125
2012-11-11 07:00:00,-17.699462890625
2012-11-12 07:00:00,-50.30615234375
2012-11-13 07:00:00,-6.334228515625
2012-11-14 07:00:00,3.00494384765625
2012-11-15 07:00:00,0.345703125
2012-11-16 07:00:00,68.21934509277344
2012-11-17 07:00:00,290.7816467285156
2012-11-18 07:00:00,566.147705078125
2012-11-19 07:00:00,624.08642578125
2012-11-20 07:00:00,309.1243591308594
2012-11-21 07:00:00,174.35865783691406
2012-11-22 07:00:00,233.83074951171875
2012-11-23 07:00:00,287.9734191894531
2012-11-24 07:00:00,282.05303955078125
2012-11-25 07:00:00,235.7740478515625
2012-11-26 07:00:00,320.83880615234375
2012-11-27 07:00:00,502.4144287109375
2012-11-28 07:00:00,688.4111938476562
2012-11-29 07:00:00,646.5780029296875
2012-11-30 07:00:00,432.8929138183594
2012-12-01 07:00:00,283.5743103027344
2012-12-02 07:00:00,156.97959899902344
2012-12-03 07:00:00,101.764404296875
2012-12-04 07:00:00,33.2550048828125
2012-12-05 07:00:00,-9.232269287109375
2012-12-06 07:00:00,-9.632476806640625
2012-12-07 07:00:00,9.370819091796875
2012-12-08 07:00:00,11.44769287109375
2012-12-09 07:00:00,34.16217041015625
2012-12-10 07:00:00,94.79354858398438
2012-12-11 07:00:00,300.81488037109375
2012-12-12 07:00:00,552.1363525390625
2012-12-13 07:00:00,618.6522216796875
2012-12-14 07:00:00,354.8376159667969
2012-12-15 07:00:00,189.8555908203125
2012-12-16 07:00:00,256.8629150390625
2012-12-17 07:00:00,268.3550720214844
2012-12-18 07:00:00,271.8694763183594
2012-12-19 07:00:00,253.17955017089844
2012-12-20 07:00:00,331.0931396484375
2012-12-21 07:00:00,514.2552490234375
2012-12-22 07:00:00,767.6123657226562
2012-12-23 07:00:00,706.3480224609375
2012-12-24 07:00:00,463.13299560546875
2012-12-25 07:00:00,279.3671875
2012-12-26 07:00:00,181.5442657470703
2012-12-27 07:00:00,74.55859375
2012-12-28 07:00:00,77.7274169921875
2012-12-29 07:00:00,34.62408447265625
2012-12-30 07:00:00,21.936004638671875
2012-12-31 07:00:00,44.211456298828125
2013-01-01 07:00:00,44.21636962890625
2013-01-02 07:00:00,71.61918640136719
2013-01-03 07:00:00,81.10890197753906
2013-01-04 07:00:00,220.98898315429688
2013-01-05 07:00:00,437.56378173828125
2012-10-06 07:00:00,636.588623046875
2012-10-07 07:00:00,461.02001953125
2012-10-08 07:00:00,317.43682861328125
2012-10-09 07:00:00,368.37152099609375
2012-10-10 07:00:00,404.32281494140625
2012-10-11 07:00:00,394.5701599121094
2012-10-12 07:00:00,391.7490234375
2012-10-13 07:00:00,405.4454345703125
2012-10-14 07:00:00,526.8801879882812
2012-10-15 07:00:00,752.4246826171875
2012-10-16 07:00:00,723.5218505859375
2012-10-17 07:00:00,449.57659912109375
2012-10-18 07:00:00,362.17999267578125
2012-10-19 07:00:00,289.02081298828125
2012-10-20 07:00:00,269.0480651855469
2012-10-21 07:00:00,184.60626220703125
2012-10-22 07:00:00,125.5535888671875
2012-10-23 07:00:00,93.62229919433594
2012-10-24 07:00:00,69.52166748046875
2012-10-25 07:00:00,0.6982421875
2012-10-26 07:00:00,12.8363037109375
2012-10-27 07:00:00,8.041412353515625
2012-10-28 07:00:00,97.2314453125
2012-10-29 07:00:00,318.008544921875
2012-10-30 07:00:00,482.335205078125
2012-10-31 07:00:00,387.63897705078125
2012-11-01 07:00:00,336.1241149902344
2012-11-02 07:00:00,469.6329650878906
2012-11-03 07:00:00,511.27069091796875
2012-11-04 07:00:00,495.9679260253906
2012-11-05 07:00:00,473.18096923828125
2012-11-06 07:00:00,465.8423767089844
2012-11-07 07:00:00,514.1533813476562
2012-11-08 07:00:00,627.1322631835938
2012-11-09 07:00:00,570.6500244140625
2012-11-10 07:00:00,446.5516357421875
2012-11-11 07:00:00,349.4364929199219
2012-11-12 07:00:00,279.9110412597656
2012-11-13 07:00:00,228.65049743652344
2012-11-14 07:00:00,187.5207061767578
2012-11-15 07:00:00,144.68499755859375
2012-11-16 07:00:00,99.61521911621094
2012-11-17 07:00:00,96.52476501464844
2012-11-18 07:00:00,26.007415771484375
2012-11-19 07:00:00,16.310943603515625
2012-11-20 07:00:00,49.67619323730469
2012-11-21 07:00:00,104.01837158203125
2012-11-22 07:00:00,283.88519287109375
2012-11-23 07:00:00,479.10302734375
2012-11-24 07:00:00,368.9107666015625
2012-11-25 07:00:00,361.66815185546875
2012-11-26 07:00:00,438.27386474609375
2012-11-27 07:00:00,458.791259765625
2012-11-28 07:00:00,444.4317932128906
2012-11-29 07:00:00,456.57745361328125
2012-11-30 07:00:00,427.52606201171875
2012-12-01 07:00:00,513.7689208984375
2012-12-02 07:00:00,654.1224365234375
2012-12-03 07:00:00,571.386962890625
2012-12-04 07:00:00,433.01318359375
2012-12-05 07:00:00,316.2099914550781
2012-12-06 07:00:00,265.6999206542969
2012-12-07 07:00:00,207.1622772216797
2012-12-08 07:00:00,140.5258026123047
2012-12-09 07:00:00,125.68321228027344
2012-12-10 07:00:00,69.79972839355469
2012-12-11 07:00:00,65.56875610351562
2012-12-12 07:00:00,28.257049560546875
2012-12-13 07:00:00,45.45159912109375
2012-12-14 07:00:00,92.34489440917969
2012-12-15 07:00:00,225.87396240234375
2012-12-16 07:00:00,400.42596435546875
2012-12-17 07:00:00,502.9172668457031
2012-12-18 07:00:00,352.1249084472656
2012-12-19 07:00:00,286.5220642089844
2012-12-20 07:00:00,345.75628662109375
2012-12-21 07:00:00,360.170166015625
2012-12-22 07:00:00,371.20953369140625
2012-12-23 07:00:00,359.84130859375
2012-12-24 07:00:00,444.6445007324219
2012-12-25 07:00:00,566.1024169921875
2012-12-26 07:00:00,745.2208251953125
2012-12-27 07:00:00,656.5054931640625
2012-12-28 07:00:00,503.5116271972656
2012-12-29 07:00:00,357.6557922363281
2012-12-30 07:00:00,296.93914794921875
2012-12-31 07:00:00,204.12158203125
2013-01-01 07:00:00,135.85304260253906
2013-01-02 07:00:00,81.68707275390625
2013-01-03 07:00:00,67.3087158203125
2013-01-04 07:00:00,59.799163818359375
2013-01-05 07:00:00,55.63218688964844
2013-01-06 07:00:00,67.9674072265625
2013-01-07 07:00:00,137.38583374023438
2013-01-08 07:00:00,237.4569091796875
2013-01-09 07:00:00,420.17022705078125
2012-10-10 07:00:00,492.51123046875
2012-10-11 07:00:00,388.77447509765625
2012-10-12 07:00:00,237.87229919433594
2012-10-13 07:00:00,196.91143798828125
2012-10-14 07:00:00,232.23074340820312
2012-10-15 07:00:00,261.38482666015625
2012-10-16 07:00:00,259.5803527832031
2012-10-17 07:00:00,282.14239501953125
2012-10-18 07:00:00,460.4617004394531
2012-10-19 07:00:00,627.942138671875
2012-10-20 07:00:00,625.140380859375
2012-10-21 07:00:00,474.2598876953125
2012-10-22 07:00:00,332.3028259277344
2012-10-23 07:00:00,187.8482666015625
2012-10-24 07:00:00,131.671630859375
2012-10-25 07:00:00,102.79682922363281
2012-10-26 07:00:00,32.54949951171875
2012-10-27 07:00:00,-12.334808349609375
2012-10-28 07:00:00,27.149444580078125
2012-10-29 07:00:00,14.1185302734375
2012-10-30 07:00:00,63.41899108886719
2012-10-31 07:00:00,140.48861694335938
2012-11-01 07:00:00,313.6846008300781
2012-11-02 07:00:00,479.77197265625
2012-11-03 07:00:00,508.05078125
2012-11-04 07:00:00,324.55426025390625
2012-11-05 07:00:00,216.068603515625
2012-11-06 07:00:00,180.34266662597656
2012-11-07 07:00:00,245.87425231933594
2012-11-08 07:00:00,290.7662658691406
2012-11-09 07:00:00,293.8979187011719
2012-11-10 07:00:00,329.5865478515625
2012-11-11 07:00:00,511.182373046875
2012-11-12 07:00:00,656.2220458984375
2012-11-13 07:00:00,665.01171875
2012-11-14 07:00:00,494.19757080078125
2012-11-15 07:00:00,341.339111328125
2012-11-16 07:00:00,204.3289337158203
2012-11-17 07:00:00,111.7762451171875
2012-11-18 07:00:00,80.44322204589844
2012-11-19 07:00:00,36.99375915527344
2012-11-20 07:00:00,20.81927490234375
2012-11-21 07:00:00,-15.368621826171875
2012-11-22 07:00:00,31.624420166015625
2012-11-23 07:00:00,103.67466735839844
2012-11-24 07:00:00,222.4097442626953
2012-11-25 07:00:00,383.7525329589844
2012-11-26 07:00:00,536.7173461914062
2012-11-27 07:00:00,540.4624633789062
2012-11-28 07:00:00,301.9418640136719
2012-11-29 07:00:00,212.40145874023438
2012-11-30 07:00:00,175.91720581054688
2012-12-01 07:00:00,272.472900390625
2012-12-02 07:00:00,313.7685852050781
2012-12-03 07:00:00,347.5003662109375
2012-12-04 07:00:00,405.8849182128906
2012-12-05 07:00:00,576.402587890625
2012-12-06 07:00:00,708.45458984375
2012-12-07 07:00:00,635.7979125976562
2012-12-08 07:00:00,464.6027526855469
2012-12-09 07:00:00,326.4860534667969
2012-12-10 07:00:00,231.00030517578125
2012-12-11 07:00:00,182.21066284179688
2012-12-12 07:00:00,113.99832153320312
2012-12-13 07:00:00,70.91529846191406
2012-12-14 07:00:00,50.381683349609375
2012-12-15 07:00:00,47.50970458984375
2012-12-16 07:00:00,26.266921997070312
2012-12-17 07:00:00,71.64122009277344
2012-12-18 07:00:00,127.42779541015625
2012-12-19 07:00:00,266.139892578125
2012-12-20 07:00:00,401.8899841308594
2012-12-21 07:00:00,465.8587951660156
2012-12-22 07:00:00,343.477783203125
2012-12-23 07:00:00,254.7579803466797
2012-12-24 07:00:00,302.5904846191406
2012-12-25 07:00:00,346.54754638671875
2012-12-26 07:00:00,351.06817626953125
2012-12-27 07:00:00,363.1650695800781
2012-12-28 07:00:00,407.907470703125
2012-12-29 07:00:00,531.3963623046875
2012-12-30 07:00:00,628.956787109375
2012-12-31 07:00:00,555.087646484375
2013-01-01 07:00:00,392.75262451171875
2013-01-02 07:00:00,283.15838623046875
2013-01-03 07:00:00,254.28433227539062
2013-01-04 07:00:00,220.13427734375
2013-01-05 07:00:00,185.07276916503906
2013-01-06 07:00:00,138.01161193847656
2013-01-07 07:00:00,112.41926574707031
2013-01-08 07:00:00,79.26112365722656
2013-01-09 07:00:00,78.43780517578125
2013-01-10 07:00:00,16.903045654296875
2013-01-11 07:00:00,14.478790283203125
2013-01-12 07:00:00,89.08885192871094
2013-01-13 07:00:00,213.10137939453125
2012-10-14 07:00:00,263.39129638671875
2012-10-15 07:00:00,247.5814208984375
2012-10-16 07:00:00,311.1553649902344
2012-10-17 07:00:00,435.9822998046875
2012-10-18 07:00:00,526.2869873046875
2012-10-19 07:00:00,527.9221801757812
2012-10-20 07:00:00,518.5983276367188
2012-10-21 07:00:00,512.8997802734375
2012-10-22 07:00:00,498.3334045410156
2012-10-23 07:00:00,581.4745483398438
2012-10-24 07:00:00,447.66107177734375
2012-10-25 07:00:00,345.42901611328125
2012-10-26 07:00:00,261.9742431640625
2012-10-27 07:00:00,207.25509643554688
2012-10-28 07:00:00,184.22747802734375
2012-10-29 07:00:00,177.32879638671875
2012-10-30 07:00:00,159.92257690429688
2012-10-31 07:00:00,134.33555603027344
2012-11-01 07:00:00,112.78253173828125
2012-11-02 07:00:00,34.72125244140625
2012-11-03 07:00:00,27.5413818359375
2012-11-04 07:00:00,10.658294677734375
2012-11-05 07:00:00,16.985198974609375
2012-11-06 07:00:00,120.39749145507812
2012-11-07 07:00:00,266.49725341796875
2012-11-08 07:00:00,258.7279968261719
2012-11-09 07:00:00,340.6755676269531
2012-11-10 07:00:00,442.6317138671875
2012-11-11 07:00:00,490.45263671875
2012-11-12 07:00:00,497.71246337890625
2012-11-13 07:00:00,471.6839599609375
2012-11-14 07:00:00,459.3953857421875
2012-11-15 07:00:00,477.461181640625
2012-11-16 07:00:00,577.561279296875
2012-11-17 07:00:00,485.6943359375
2012-11-18 07:00:00,368.6866455078125
2012-11-19 07:00:00,274.53997802734375
2012-11-20 07:00:00,203.48304748535156
2012-11-21 07:00:00,179.1219482421875
2012-11-22 07:00:00,121.15969848632812
2012-11-23 07:00:00,98.46649169921875
2012-11-24 07:00:00,59.35752868652344
2012-11-25 07:00:00,36.318817138671875
2012-11-26 07:00:00,25.573974609375
2012-11-27 07:00:00,12.649139404296875
2012-11-28 07:00:00,63.386810302734375
2012-11-29 07:00:00,136.01406860351562
2012-11-30 07:00:00,328.2659606933594
2012-12-01 07:00:00,431.5093994140625
2012-12-02 07:00:00,292.8997497558594
2012-12-03 07:00:00,266.865234375
2012-12-04 07:00:00,291.16943359375
2012-12-05 07:00:00,335.1004638671875
2012-12-06 07:00:00,340.2076721191406
2012-12-07 07:00:00,364.2948913574219
2012-12-08 07:00:00,379.5033264160156
2012-12-09 07:00:00,488.448486328125
2012-12-10 07:00:00,663.3448486328125
2012-12-11 07:00:00,620.1453857421875
2012-12-12 07:00:00,458.94842529296875
2012-12-13 07:00:00,336.66314697265625
2012-12-14 07:00:00,241.46005249023438
2012-12-15 07:00:00,183.4049835205078
2012-12-16 07:00:00,94.16177368164062
2012-12-17 07:00:00,40.013336181640625
2012-12-18 07:00:00,26.31622314453125
2012-12-19 07:00:00,19.071624755859375
2012-12-20 07:00:00,-9.7364501953125
2012-12-21 07:00:00,27.274658203125
2012-12-22 07:00:00,108.51873779296875
2012-12-23 07:00:00,248.4723358154297
2012-12-24 07:00:00,463.846923828125
2012-12-25 07:00:00,569.1300048828125
2012-12-26 07:00:00,313.5120849609375
2012-12-27 07:00:00,203.726806640625
2012-12-28 07:00:00,237.75672912597656
2012-12-29 07:00:00,274.5858154296875
2012-12-30 07:00:00,245.32984924316406
2012-12-31 07:00:00,286.79815673828125
2013-01-01 07:00:00,338.3708190917969
2013-01-02 07:00:00,522.106689453125
2013-01-03 07:00:00,750.5682983398438
2013-01-04 07:00:00,685.60693359375
2013-01-05 07:00:00,516.755126953125
2013-01-06 07:00:00,344.088623046875
2013-01-07 07:00:00,248.76475524902344
2013-01-08 07:00:00,163.5028533935547
2013-01-09 07:00:00,86.8323974609375
2013-01-10 07:00:00,59.58906555175781
2013-01-11 07:00:00,30.832183837890625
2013-01-12 07:00:00,32.270843505859375
2013-01-13 07:00:00,7.39874267578125
2013-01-14 07:00:00,70.4423828125
2013-01-15 07:00:00,111.4027099609375
2013-01-16 07:00:00,234.4939422607422
2013-01-17 07:00:00,493.64971923828125
2012-10-18 07:00:00,629.393310546875
2012-10-19 07:00:00,356.7418212890625
2012-10-20 07:00:00,195.93283081054688
2012-10-21 07:00:00,224.04885864257812
2012-10-22 07:00:00,297.6123352050781
2012-10-23 07:00:00,322.603759765625
2012-10-24 07:00:00,291.7305603027344
2012-10-25 07:00:00,296.52032470703125
2012-10-26 07:00:00,457.4058837890625
2012-10-27 07:00:00,723.8968505859375
2012-10-28 07:00:00,674.9879150390625
2012-10-29 07:00:00,448.1705322265625
2012-10-30 07:00:00,314.95294189453125
2012-10-31 07:00:00,242.36953735351562
2012-11-01 07:00:00,203.41465759277344
2012-11-02 07:00:00,131.14157104492188
2012-11-03 07:00:00,47.06907653808594
2012-11-04 07:00:00,-22.453765869140625
2012-11-05 07:00:00,-19.355499267578125
2012-11-06 07:00:00,-4.016876220703125
2012-11-07 07:00:00,19.0106201171875
2012-11-08 07:00:00,93.42097473144531
2012-11-09 07:00:00,213.95053100585938
2012-11-10 07:00:00,441.869140625
2012-11-11 07:00:00,569.75732421875
2012-11-12 07:00:00,328.46905517578125
2012-11-13 07:00:00,209.59933471679688
2012-11-14 07:00:00,239.06600952148438
2012-11-15 07:00:00,282.0861511230469
2012-11-16 07:00:00,292.09381103515625
2012-11-17 07:00:00,288.10516357421875
2012-11-18 07:00:00,349.29193115234375
2012-11-19 07:00:00,503.6566162109375
2012-11-20 07:00:00,661.93115234375
2012-11-21 07:00:00,587.8977661132812
2012-11-22 07:00:00,443.58856201171875
2012-11-23 07:00:00,295.9168701171875
2012-11-24 07:00:00,228.5140380859375
2012-11-25 07:00:00,168.93875122070312
2012-11-26 07:00:00,108.41989135742188
2012-11-27 07:00:00,59.29292297363281
2012-11-28 07:00:00,30.590164184570312
2012-11-29 07:00:00,3.302001953125
2012-11-30 07:00:00,-19.169891357421875
2012-12-01 07:00:00,-5.200408935546875
2012-12-02 07:00:00,45.49046325683594
2012-12-03 07:00:00,165.20973205566406
2012-12-04 07:00:00,356.7052307128906
2012-12-05 07:00:00,460.9035949707031
2012-12-06 07:00:00,317.2407531738281
2012-12-07 07:00:00,262.29022216796875
2012-12-08 07:00:00,283.7555236816406
2012-12-09 07:00:00,333.344970703125
2012-12-10 07:00:00,330.28973388671875
2012-12-11 07:00:00,365.6607666015625
2012-12-12 07:00:00,419.3690185546875
2012-12-13 07:00:00,577.4619750976562
2012-12-14 07:00:00,667.9876708984375
2012-12-15 07:00:00,547.0721435546875
2012-12-16 07:00:00,396.2418212890625
2012-12-17 07:00:00,258.27191162109375
2012-12-18 07:00:00,197.76280212402344
2012-12-19 07:00:00,165.1042022705078
2012-12-20 07:00:00,144.56874084472656
2012-12-21 07:00:00,123.25776672363281
2012-12-22 07:00:00,117.46092224121094
2012-12-23 07:00:00,70.75849914550781
2012-12-24 07:00:00,38.20356750488281
2012-12-25 07:00:00,14.9056396484375
2012-12-26 07:00:00,26.585479736328125
2012-12-27 07:00:00,30.4041748046875
2012-12-28 07:00:00,139.44464111328125
2012-12-29 07:00:00,263.8203125
2012-12-30 07:00:00,251.27967834472656
2012-12-31 07:00:00,317.82965087890625
2013-01-01 07:00:00,435.0841064453125
2013-01-02 07:00:00,502.6061096191406
2013-01-03 07:00:00,514.3924560546875
2013-01-04 07:00:00,531.8487548828125
2013-01-05 07:00:00,527.9842529296875
2013-01-06 07:00:00,516.4188232421875
2013-01-07 07:00:00,510.72882080078125
2013-01-08 07:00:00,427.21466064453125
2013-01-09 07:00:00,319.114013671875
2013-01-10 07:00:00,245.43472290039062
2013-01-11 07:00:00,204.22665405273438
2013-01-12 07:00:00,150.84861755371094
2013-01-13 07:00:00,132.2357177734375
2013-01-14 07:00:00,109.6392822265625
2013-01-15 07:00:00,110.85002136230469
2013-01-16 07:00:00,65.34446716308594
2013-01-17 07:00:00,71.50852966308594
2013-01-18 07:00:00,54.548614501953125
2013-01-19 07:00:00,27.017822265625
2013-01-20 07:00:00,44.15570068359375
2013-01-21 07:00:00,154.06101989746094
2012-10-22 07:00:00,175.59164428710938
2012-10-23 07:00:00,255.14141845703125
2012-10-24 07:00:00,311.046630859375
2012-10-25 07:00:00,455.0947265625
2012-10-26 07:00:00,569.6041259765625
2012-10-27 07:00:00,546.264892578125
2012-10-28 07:00:00,529.501220703125
2012-10-29 07:00:00,544.7724609375
2012-10-30 07:00:00,587.8834228515625
2012-10-31 07:00:00,611.0595703125
2012-11-01 07:00:00,495.38323974609375
2012-11-02 07:00:00,391.4827880859375
2012-11-03 07:00:00,302.29742431640625
2012-11-04 07:00:00,259.31793212890625
2012-11-05 07:00:00,186.48402404785156
2012-11-06 07:00:00,124.96421813964844
2012-11-07 07:00:00,68.70295715332031
2012-11-08 07:00:00,16.2728271484375
2012-11-09 07:00:00,5.52386474609375
2012-11-10 07:00:00,30.763519287109375
2012-11-11 07:00:00,37.651123046875
2012-11-12 07:00:00,102.35411071777344
2012-11-13 07:00:00,210.02798461914062
2012-11-14 07:00:00,342.650146484375
2012-11-15 07:00:00,412.45361328125
2012-11-16 07:00:00,297.2243347167969
2012-11-17 07:00:00,273.66778564453125
2012-11-18 07:00:00,360.1878356933594
2012-11-19 07:00:00,404.72723388671875
2012-11-20 07:00:00,405.12127685546875
2012-11-21 07:00:00,398.1186828613281
2012-11-22 07:00:00,428.4017333984375
2012-11-23 07:00:00,550.3388671875
2012-11-24 07:00:00,709.2774658203125
2012-11-25 07:00:00,674.0250854492188
2012-11-26 07:00:00,496.75933837890625
2012-11-27 07:00:00,380.8631591796875
2012-11-28 07:00:00,290.1408996582031
2012-11-29 07:00:00,168.22149658203125
2012-11-30 07:00:00,90.48309326171875
2012-12-01 07:00:00,47.66059875488281
2012-12-02 07:00:00,-11.793731689453125
2012-12-03 07:00:00,-33.267822265625
2012-12-04 07:00:00,-19.326934814453125
2012-12-05 07:00:00,4.053253173828125
2012-12-06 07:00:00,128.8509521484375
2012-12-07 07:00:00,322.6226501464844
2012-12-08 07:00:00,551.4752197265625
2012-12-09 07:00:00,568.013916015625
2012-12-10 07:00:00,310.6436767578125
2012-12-11 07:00:00,210.81019592285156
2012-12-12 07:00:00,208.00289916992188
2012-12-13 07:00:00,263.66888427734375
2012-12-14 07:00:00,287.59832763671875
2012-12-15 07:00:00,305.4560852050781
2012-12-16 07:00:00,364.6675720214844
2012-12-17 07:00:00,530.7818603515625
2012-12-18 07:00:00,754.5875854492188
2012-12-19 07:00:00,730.381103515625
2012-12-20 07:00:00,493.7593994140625
2012-12-21 07:00:00,375.928466796875
2012-12-22 07:00:00,270.7756652832031
2012-12-23 07:00:00,181.62338256835938
2012-12-24 07:00:00,90.06660461425781
2012-12-25 07:00:00,45.19703674316406
2012-12-26 07:00:00,18.2762451171875
2012-12-27 07:00:00,-23.11212158203125
2012-12-28 07:00:00,-7.604461669921875
2012-12-29 07:00:00,33.17620849609375
2012-12-30 07:00:00,107.13816833496094
2012-12-31 07:00:00,312.4562072753906
2013-01-01 07:00:00,554.8425903320312
2013-01-02 07:00:00,591.7898559570312
2013-01-03 07:00:00,322.0071105957031
2013-01-04 07:00:00,150.84539794921875
2013-01-05 07:00:00,171.50473022460938
2013-01-06 07:00:00,243.2954864501953
2013-01-07 07:00:00,228.09793090820312
2013-01-08 07:00:00,228.12652587890625
2013-01-09 07:00:00,288.60113525390625
2013-01-10 07:00:00,492.3450927734375
2013-01-11 07:00:00,724.503173828125
2013-01-12 07:00:00,688.8677978515625
2013-01-13 07:00:00,491.7341003417969
2013-01-14 07:00:00,334.3356018066406
2013-01-15 07:00:00,260.1915588378906
2013-01-16 07:00:00,183.22348022460938
2013-01-17 07:00:00,117.91696166992188
2013-01-18 07:00:00,27.86798095703125
2013-01-19 07:00:00,1.716552734375
2013-01-20 07:00:00,6.550750732421875
2013-01-21 07:00:00,45.95367431640625
2013-01-22 07:00:00,65.79136657714844
2013-01-23 07:00:00,108.2332763671875
2013-01-24 07:00:00,282.67340087890625
2013-01-25 07:00:00,497.06536865234375
2012-10-26 07:00:00,542.3843994140625
2012-10-27 07:00:00,442.94146728515625
2012-10-28 07:00:00,329.1243591308594
2012-10-29 07:00:00,329.3614196777344
2012-10-30 07:00:00,356.05120849609375
2012-10-31 07:00:00,422.85736083984375
2012-11-01 07:00:00,399.0606994628906
2012-11-02 07:00:00,462.423583984375
2012-11-03 07:00:00,614.81640625
2012-11-04 07:00:00,714.3883056640625
2012-11-05 07:00:00,602.9031372070312
2012-11-06 07:00:00,480.98309326171875
2012-11-07 07:00:00,354.70672607421875
2012-11-08 07:00:00,263.3642578125
2012-11-09 07:00:00,190.72503662109375
2012-11-10 07:00:00,98.8270263671875
2012-11-11 07:00:00,16.928558349609375
2012-11-12 07:00:00,37.740447998046875
2012-11-13 07:00:00,70.86172485351562
2012-11-14 07:00:00,52.14886474609375
2012-11-15 07:00:00,27.837890625
2012-11-16 07:00:00,-18.207794189453125
2012-11-17 07:00:00,196.52053833007812
2012-11-18 07:00:00,278.880859375
2012-11-19 07:00:00,444.9764404296875
2012-11-20 07:00:00,361.96820068359375
2012-11-21 07:00:00,339.2966003417969
2012-11-22 07:00:00,343.7647399902344
2012-11-23 07:00:00,447.97308349609375
2012-11-24 07:00:00,466.00445556640625
2012-11-25 07:00:00,516.7852783203125
2012-11-26 07:00:00,460.99884033203125
2012-11-27 07:00:00,598.88330078125
2012-11-28 07:00:00,591.8080444335938
2012-11-29 07:00:00,572.2958984375
2012-11-30 07:00:00,443.64422607421875
2012-12-01 07:00:00,319.7082824707031
2012-12-02 07:00:00,192.97413635253906
2012-12-03 07:00:00,229.6536865234375
2012-12-04 07:00:00,166.78822326660156
2012-12-05 07:00:00,109.19395446777344
2012-12-06 07:00:00,45.71826171875
2012-12-07 07:00:00,102.72421264648438
2012-12-08 07:00:00,22.795196533203125
2012-12-09 07:00:00,25.787139892578125
2012-12-10 07:00:00,52.57464599609375
2012-12-11 07:00:00,62.31605529785156
2012-12-12 07:00:00,223.24070739746094
2012-12-13 07:00:00,336.40069580078125
2012-12-14 07:00:00,257.7376403808594
2012-12-15 07:00:00,383.6257019042969
2012-12-16 07:00:00,380.3154296875
2012-12-17 07:00:00,466.9395751953125
2012-12-18 07:00:00,537.379150390625
2012-12-19 07:00:00,513.76953125
2012-12-20 07:00:00,627.8482055664062
2012-12-21 07:00:00,623.8807373046875
2012-12-22 07:00:00,552.4064331054688
2012-12-23 07:00:00,534.3392333984375
2012-12-24 07:00:00,304.2511291503906
2012-12-25 07:00:00,252.3549041748047
2012-12-26 07:00:00,256.10894775390625
2012-12-27 07:00:00,189.90402221679688
2012-12-28 07:00:00,141.76284790039062
2012-12-29 07:00:00,105.57608032226562
2012-12-30 07:00:00,93.97117614746094
2012-12-31 07:00:00,65.63211059570312
2013-01-01 07:00:00,104.99411010742188
2013-01-02 07:00:00,-14.16326904296875
2013-01-03 07:00:00,4.875152587890625
2013-01-04 07:00:00,38.9339599609375
2013-01-05 07:00:00,230.64312744140625
2013-01-06 07:00:00,335.71441650390625
2013-01-07 07:00:00,265.6889953613281
2013-01-08 07:00:00,274.87823486328125
2013-01-09 07:00:00,409.0473327636719
2013-01-10 07:00:00,584.7019653320312
2013-01-11 07:00:00,537.2646484375
2013-01-12 07:00:00,535.7041015625
2013-01-13 07:00:00,513.8583984375
2013-01-14 07:00:00,585.812255859375
2013-01-15 07:00:00,597.57958984375
2013-01-16 07:00:00,508.1453857421875
2013-01-17 07:00:00,320.4939270019531
2013-01-18 07:00:00,267.96466064453125
2013-01-19 07:00:00,235.73048400878906
2013-01-20 07:00:00,225.201171875
2013-01-21 07:00:00,215.22467041015625
2013-01-22 07:00:00,29.20147705078125
2013-01-23 07:00:00,115.34512329101562
2013-01-24 07:00:00,140.58261108398438
2013-01-25 07:00:00,125.99642944335938
2013-01-26 07:00:00,59.76643371582031
2013-01-27 07:00:00,12.005615234375
2013-01-28 07:00:00,136.07919311523438
2013-01-29 07:00:00,386.626220703125
2012-10-31 19:00:00,118.90576171875
2012-11-01 19:00:00,156.60549926757812
2012-11-02 19:00:00,222.13893127441406
2012-11-03 19:00:00,260.0350646972656
2012-11-04 19:00:00,310.83843994140625
2012-11-05 19:00:00,321.57452392578125
2012-11-06 19:00:00,333.6067810058594
2012-11-07 19:00:00,401.85888671875
2012-11-08 19:00:00,478.1697998046875
2012-11-09 19:00:00,511.8755187988281
2012-11-10 19:00:00,428.6189270019531
2012-11-11 19:00:00,303.4546203613281
2012-11-12 19:00:00,226.77183532714844
2012-11-13 19:00:00,133.3419647216797
2012-11-14 19:00:00,23.729827880859375
2012-11-15 19:00:00,-8.81402587890625
2012-11-16 19:00:00,20.592010498046875
2012-11-17 19:00:00,52.725830078125
2012-11-18 19:00:00,60.247283935546875
2012-11-19 19:00:00,68.23686218261719
2012-11-20 19:00:00,86.25469970703125
2012-11-21 19:00:00,182.87228393554688
2012-11-22 19:00:00,283.3486633300781
2012-11-23 19:00:00,350.3879089355469
2012-11-24 19:00:00,349.9577331542969
2012-11-25 19:00:00,259.9612121582031
2012-11-26 19:00:00,204.90736389160156
2012-11-27 19:00:00,218.0600128173828
2012-11-28 19:00:00,223.88941955566406
2012-11-29 19:00:00,261.376953125
2012-11-30 19:00:00,280.77752685546875
2012-12-01 19:00:00,321.70721435546875
2012-12-02 19:00:00,458.90875244140625
2012-12-03 19:00:00,602.3800048828125
2012-12-04 19:00:00,505.10894775390625
2012-12-05 19:00:00,369.1868591308594
2012-12-06 19:00:00,253.6228485107422
2012-12-07 19:00:00,170.80209350585938
2012-12-08 19:00:00,98.43742370605469
2012-12-09 19:00:00,7.125762939453125
2012-12-10 19:00:00,10.232452392578125
2012-12-11 19:00:00,12.38214111328125
2012-12-12 19:00:00,24.14141845703125
2012-12-13 19:00:00,37.12889099121094
2012-12-14 19:00:00,83.69563293457031
2012-12-15 19:00:00,186.07418823242188
2012-12-16 19:00:00,371.4639587402344
2012-12-17 19:00:00,514.239990234375
2012-12-18 19:00:00,503.24639892578125
2012-12-19 19:00:00,308.2718811035156
2012-12-20 19:00:00,208.54483032226562
2012-12-21 19:00:00,215.33834838867188
2012-12-22 19:00:00,264.3671875
2012-12-23 19:00:00,272.2640075683594
2012-12-24 19:00:00,261.12109375
2012-12-25 19:00:00,276.76458740234375
2012-12-26 19:00:00,411.7801208496094
2012-12-27 19:00:00,549.990234375
2012-12-28 19:00:00,524.3848266601562
2012-12-29 19:00:00,356.57513427734375
2012-12-30 19:00:00,260.9668273925781
2012-12-31 19:00:00,196.3043212890625
2013-01-01 19:00:00,152.9873046875
2013-01-02 19:00:00,72.73417663574219
2013-01-03 19:00:00,31.621322631835938
2013-01-04 19:00:00,58.252655029296875
2013-01-05 19:00:00,21.615478515625
2013-01-06 19:00:00,29.679214477539062
2013-01-07 19:00:00,109.65472412109375
2013-01-08 19:00:00,209.57632446289062
2013-01-09 19:00:00,374.7117919921875
2013-01-10 19:00:00,573.239501953125
2013-01-11 19:00:00,576.5918579101562
2013-01-12 19:00:00,353.2969970703125
2013-01-13 19:00:00,217.9254608154297
2013-01-14 19:00:00,253.6901092529297
2013-01-15 19:00:00,237.4730224609375
2013-01-16 19:00:00,270.92803955078125
2013-01-17 19:00:00,266.86407470703125
2013-01-18 19:00:00,318.29119873046875
2013-01-19 19:00:00,474.5165100097656
2013-01-20 19:00:00,667.6773681640625
2013-01-21 19:00:00,578.8203125
2013-01-22 19:00:00,377.64154052734375
2013-01-23 19:00:00,265.28216552734375
2013-01-24 19:00:00,219.52484130859375
2013-01-25 19:00:00,146.4326934814453
2013-01-26 19:00:00,124.34854125976562
2013-01-27 19:00:00,76.37776184082031
2013-01-28 19:00:00,66.28131103515625
2013-01-29 19:00:00,91.58558654785156
2013-01-30 19:00:00,68.1220703125
2013-01-31 19:00:00,118.63998413085938
2013-02-01 19:00:00,156.42645263671875
2013-02-02 19:00:00,293.414794921875
2013-02-03 19:00:00,438.28350830078125
2012-11-04 19:00:00,182.82122802734375
2012-11-05 19:00:00,126.66878509521484
2012-11-06 19:00:00,117.18833923339844
2012-11-07 19:00:00,120.71273803710938
2012-11-08 19:00:00,141.25155639648438
2012-11-09 19:00:00,124.8097915649414
2012-11-10 19:00:00,91.06739807128906
2012-11-11 19:00:00,24.152053833007812
2012-11-12 19:00:00,33.59690856933594
2012-11-13 19:00:00,5.3509979248046875
2012-11-14 19:00:00,42.67561340332031
2012-11-15 19:00:00,85.96588134765625
2012-11-16 19:00:00,216.48947143554688
2012-11-17 19:00:00,207.12867736816406
2012-11-18 19:00:00,278.0496826171875
2012-11-19 19:00:00,334.1190185546875
2012-11-20 19:00:00,370.8221435546875
2012-11-21 19:00:00,379.2518310546875
2012-11-22 19:00:00,357.2328186035156
2012-11-23 19:00:00,383.81640625
2012-11-24 19:00:00,404.58074951171875
2012-11-25 19:00:00,416.181640625
2012-11-26 19:00:00,356.4035339355469
2012-11-27 19:00:00,300.99090576171875
2012-11-28 19:00:00,197.83277893066406
2012-11-29 19:00:00,150.88157653808594
2012-11-30 19:00:00,104.333251953125
2012-12-01 19:00:00,64.99000549316406
2012-12-02 19:00:00,72.78108215332031
2012-12-03 19:00:00,46.43269348144531
2012-12-04 19:00:00,19.573333740234375
2012-12-05 19:00:00,-3.175811767578125
2012-12-06 19:00:00,19.816360473632812
2012-12-07 19:00:00,53.25212097167969
2012-12-08 19:00:00,128.78652954101562
2012-12-09 19:00:00,236.42425537109375
2012-12-10 19:00:00,353.3440246582031
2012-12-11 19:00:00,255.53443908691406
2012-12-12 19:00:00,221.69740295410156
2012-12-13 19:00:00,247.92042541503906
2012-12-14 19:00:00,274.3636474609375
2012-12-15 19:00:00,254.29127502441406
2012-12-16 19:00:00,252.7877960205078
2012-12-17 19:00:00,319.471923828125
2012-12-18 19:00:00,412.69622802734375
2012-12-19 19:00:00,530.3924560546875
2012-12-20 19:00:00,474.326904296875
2012-12-21 19:00:00,349.65924072265625
2012-12-22 19:00:00,214.83865356445312
2012-12-23 19:00:00,137.26036071777344
2012-12-24 19:00:00,118.61447143554688
2012-12-25 19:00:00,82.72074890136719
2012-12-26 19:00:00,45.39674377441406
2012-12-27 19:00:00,25.199005126953125
2012-12-28 19:00:00,17.996978759765625
2012-12-29 19:00:00,8.03253173828125
2012-12-30 19:00:00,33.46342468261719
2012-12-31 19:00:00,67.99958801269531
2013-01-01 19:00:00,170.93809509277344
2013-01-02 19:00:00,289.3042907714844
2013-01-03 19:00:00,373.3353271484375
2013-01-04 19:00:00,242.04531860351562
2013-01-05 19:00:00,180.76132202148438
2013-01-06 19:00:00,198.25247192382812
2013-01-07 19:00:00,236.10618591308594
2013-01-08 19:00:00,234.01010131835938
2013-01-09 19:00:00,233.2655792236328
2013-01-10 19:00:00,284.05859375
2013-01-11 19:00:00,424.5623474121094
2013-01-12 19:00:00,569.9126586914062
2013-01-13 19:00:00,492.53173828125
2013-01-14 19:00:00,344.2774353027344
2013-01-15 19:00:00,202.70065307617188
2013-01-16 19:00:00,153.052490234375
2013-01-17 19:00:00,130.3839569091797
2013-01-18 19:00:00,90.71620178222656
2013-01-19 19:00:00,67.62782287597656
2013-01-20 19:00:00,42.37965393066406
2013-01-21 19:00:00,30.99346923828125
2013-01-22 19:00:00,41.22456359863281
2013-01-23 19:00:00,52.379730224609375
2013-01-24 19:00:00,90.26228332519531
2013-01-25 19:00:00,189.95863342285156
2013-01-26 19:00:00,347.79632568359375
2013-01-27 19:00:00,434.1705627441406
2013-01-28 19:00:00,249.26937866210938
2013-01-29 19:00:00,133.1080322265625
2013-01-30 19:00:00,155.59609985351562
2013-01-31 19:00:00,207.4481964111328
2013-02-01 19:00:00,201.71702575683594
2013-02-02 19:00:00,199.4687957763672
2013-02-03 19:00:00,240.36260986328125
2013-02-04 19:00:00,377.48614501953125
2013-02-05 19:00:00,552.665283203125
2013-02-06 19:00:00,491.6787414550781
2013-02-07 19:00:00,332.74981689453125
2012-11-08 19:00:00,214.5978546142578
2012-11-09 19:00:00,159.53114318847656
2012-11-10 19:00:00,145.8424835205078
2012-11-11 19:00:00,133.23822021484375
2012-11-12 19:00:00,78.77143859863281
2012-11-13 19:00:00,-18.746185302734375
2012-11-14 19:00:00,-8.686981201171875
2012-11-15 19:00:00,35.03619384765625
2012-11-16 19:00:00,36.676300048828125
2012-11-17 19:00:00,74.85032653808594
2012-11-18 19:00:00,145.47509765625
2012-11-19 19:00:00,348.95330810546875
2012-11-20 19:00:00,466.7197265625
2012-11-21 19:00:00,292.0665283203125
2012-11-22 19:00:00,140.21734619140625
2012-11-23 19:00:00,112.07247161865234
2012-11-24 19:00:00,164.67259216308594
2012-11-25 19:00:00,164.7340545654297
2012-11-26 19:00:00,182.1542510986328
2012-11-27 19:00:00,204.3599090576172
2012-11-28 19:00:00,329.9168701171875
2012-11-29 19:00:00,504.2530822753906
2012-11-30 19:00:00,449.0657958984375
2012-12-01 19:00:00,298.67498779296875
2012-12-02 19:00:00,231.16986083984375
2012-12-03 19:00:00,189.36631774902344
2012-12-04 19:00:00,160.8508758544922
2012-12-05 19:00:00,124.06428527832031
2012-12-06 19:00:00,51.52229309082031
2012-12-07 19:00:00,-7.8347930908203125
2012-12-08 19:00:00,-14.197738647460938
2012-12-09 19:00:00,37.61322021484375
2012-12-10 19:00:00,58.123626708984375
2012-12-11 19:00:00,59.3018798828125
2012-12-12 19:00:00,123.78681945800781
2012-12-13 19:00:00,287.0513610839844
2012-12-14 19:00:00,379.59136962890625
2012-12-15 19:00:00,232.0400390625
2012-12-16 19:00:00,159.64695739746094
2012-12-17 19:00:00,175.13397216796875
2012-12-18 19:00:00,236.30636596679688
2012-12-19 19:00:00,243.97271728515625
2012-12-20 19:00:00,249.6572723388672
2012-12-21 19:00:00,283.0906066894531
2012-12-22 19:00:00,378.98223876953125
2012-12-23 19:00:00,484.57806396484375
2012-12-24 19:00:00,412.035888671875
2012-12-25 19:00:00,285.00030517578125
2012-12-26 19:00:00,194.69680786132812
2012-12-27 19:00:00,185.22457885742188
2012-12-28 19:00:00,155.45217895507812
2012-12-29 19:00:00,141.7961883544922
2012-12-30 19:00:00,117.8399658203125
2012-12-31 19:00:00,82.26278686523438
2013-01-01 19:00:00,64.88877868652344
2013-01-02 19:00:00,48.50028991699219
2013-01-03 19:00:00,30.83465576171875
2013-01-04 19:00:00,6.773651123046875
2013-01-05 19:00:00,32.45399475097656
2013-01-06 19:00:00,103.494384765625
2013-01-07 19:00:00,220.04205322265625
2013-01-08 19:00:00,208.49378967285156
2013-01-09 19:00:00,255.86419677734375
2013-01-10 19:00:00,307.0455322265625
2013-01-11 19:00:00,359.875244140625
2013-01-12 19:00:00,364.86895751953125
2013-01-13 19:00:00,338.31817626953125
2013-01-14 19:00:00,332.187255859375
2013-01-15 19:00:00,328.30169677734375
2013-01-16 19:00:00,366.0329895019531
2013-01-17 19:00:00,300.9057922363281
2013-01-18 19:00:00,212.6710205078125
2013-01-19 19:00:00,159.84860229492188
2013-01-20 19:00:00,154.4091796875
2013-01-21 19:00:00,140.2027587890625
2013-01-22 19:00:00,158.89947509765625
2013-01-23 19:00:00,139.81704711914062
2013-01-24 19:00:00,119.0234375
2013-01-25 19:00:00,93.8320083618164
2013-01-26 19:00:00,55.78361511230469
2013-01-27 19:00:00,20.452835083007812
2013-01-28 19:00:00,23.375091552734375
2013-01-29 19:00:00,51.53306579589844
2013-01-30 19:00:00,118.1597671508789
2013-01-31 19:00:00,218.9084930419922
2013-02-01 19:00:00,197.0198516845703
2013-02-02 19:00:00,254.697021484375
2013-02-03 19:00:00,356.1041564941406
2013-02-04 19:00:00,374.41326904296875
2013-02-05 19:00:00,355.5687255859375
2013-02-06 19:00:00,346.58856201171875
2013-02-07 19:00:00,320.22406005859375
2013-02-08 19:00:00,351.41400146484375
2013-02-09 19:00:00,352.65985107421875
2013-02-10 19:00:00,283.2737731933594
2013-02-11 19:00:00,240.2310028076172
2012-11-12 20:00:00,139.59317016601562
2012-11-13 20:00:00,134.13265991210938
2012-11-14 20:00:00,146.53076171875
2012-11-15 20:00:00,86.87496948242188
2012-11-16 20:00:00,102.91020202636719
2012-11-17 20:00:00,49.731842041015625
2012-11-18 20:00:00,41.810882568359375
2012-11-19 20:00:00,30.297561645507812
2012-11-20 20:00:00,77.04389953613281
2012-11-21 20:00:00,134.75955200195312
2012-11-22 20:00:00,249.6036834716797
2012-11-23 20:00:00,331.747802734375
2012-11-24 20:00:00,304.21697998046875
2012-11-25 20:00:00,299.413330078125
2012-11-26 20:00:00,342.7798767089844
2012-11-27 20:00:00,335.191162109375
2012-11-28 20:00:00,383.26348876953125
2012-11-29 20:00:00,441.8117370605469
2012-11-30 20:00:00,453.6988525390625
2012-12-01 20:00:00,518.788818359375
2012-12-02 20:00:00,513.4100341796875
2012-12-03 20:00:00,497.6478271484375
2012-12-04 20:00:00,377.0828857421875
2012-12-05 20:00:00,282.0911560058594
2012-12-06 20:00:00,166.9161834716797
2012-12-07 20:00:00,123.17469787597656
2012-12-08 20:00:00,112.36297607421875
2012-12-09 20:00:00,15.725433349609375
2012-12-10 20:00:00,-7.903839111328125
2012-12-11 20:00:00,57.26487731933594
2012-12-12 20:00:00,28.9119873046875
2012-12-13 20:00:00,84.05001831054688
2012-12-14 20:00:00,129.77052307128906
2012-12-15 20:00:00,218.44546508789062
2012-12-16 20:00:00,264.1865539550781
2012-12-17 20:00:00,302.822998046875
2012-12-18 20:00:00,322.03125
2012-12-19 20:00:00,289.9034118652344
2012-12-20 20:00:00,256.4078369140625
2012-12-21 20:00:00,318.47491455078125
2012-12-22 20:00:00,363.750244140625
2012-12-23 20:00:00,362.2594909667969
2012-12-24 20:00:00,436.16448974609375
2012-12-25 20:00:00,493.33526611328125
2012-12-26 20:00:00,538.84130859375
2012-12-27 20:00:00,513.419677734375
2012-12-28 20:00:00,425.27301025390625
2012-12-29 20:00:00,321.6003723144531
2012-12-30 20:00:00,179.01844787597656
2012-12-31 20:00:00,155.7210693359375
2013-01-01 20:00:00,38.6802978515625
2013-01-02 20:00:00,-2.051483154296875
2013-01-03 20:00:00,-14.36102294921875
2013-01-04 20:00:00,-46.294525146484375
2013-01-05 20:00:00,-9.579437255859375
2013-01-06 20:00:00,76.67381286621094
2013-01-07 20:00:00,121.13688659667969
2013-01-08 20:00:00,217.9966278076172
2013-01-09 20:00:00,377.06280517578125
2013-01-10 20:00:00,377.78369140625
2013-01-11 20:00:00,401.69940185546875
2013-01-12 20:00:00,329.8114929199219
2013-01-13 20:00:00,217.11790466308594
2013-01-14 20:00:00,295.1989440917969
2013-01-15 20:00:00,291.4189147949219
2013-01-16 20:00:00,341.46612548828125
2013-01-17 20:00:00,392.3438720703125
2013-01-18 20:00:00,453.61553955078125
2013-01-19 20:00:00,527.1123046875
2013-01-20 20:00:00,481.6390075683594
2013-01-21 20:00:00,451.592529296875
2013-01-22 20:00:00,323.2509765625
2013-01-23 20:00:00,223.5093994140625
2013-01-24 20:00:00,143.38470458984375
2013-01-25 20:00:00,105.46939086914062
2013-01-26 20:00:00,-19.10443115234375
2013-01-27 20:00:00,-57.543731689453125
2013-01-28 20:00:00,-16.642181396484375
2013-01-29 20:00:00,-31.250335693359375
2013-01-30 20:00:00,33.32234191894531
2013-01-31 20:00:00,148.60980224609375
2013-02-01 20:00:00,224.103759765625
2013-02-02 20:00:00,391.3126220703125
2013-02-03 20:00:00,444.22247314453125
2013-02-04 20:00:00,399.7816467285156
2013-02-05 20:00:00,306.958984375
2013-02-06 20:00:00,214.5682373046875
2013-02-07 20:00:00,254.20480346679688
2013-02-08 20:00:00,302.15655517578125
2013-02-09 20:00:00,269.300048828125
2013-02-10 20:00:00,305.5772399902344
2013-02-11 20:00:00,462.1241455078125
2013-02-12 20:00:00,540.2865600585938
2013-02-13 20:00:00,528.1348876953125
2013-02-14 20:00:00,388.1370849609375
2013-02-15 20:00:00,312.5184326171875
2012-11-16 20:00:00,156.76992574119333
2012-11-17 20:00:00,64.7643622581198
2012-11-18 20:00:00,42.45760282433977
2012-11-19 20:00:00,52.48882648907488
2012-11-20 20:00:00,41.14843619917383
2012-11-21 20:00:00,-8.926945011580415
2012-11-22 20:00:00,-60.27205872048614
2012-11-23 20:00:00,-53.82574812935462
2012-11-24 20:00:00,36.17010667603185
2012-11-25 20:00:00,175.3131369215325
2012-11-26 20:00:00,293.68775882764675
2012-11-27 20:00:00,338.79061730679905
2012-11-28 20:00:00,310.23551320199726
2012-11-29 20:00:00,249.95252863708055
2012-11-30 20:00:00,203.45418532592208
2012-12-01 20:00:00,190.41580863620348
2012-12-02 20:00:00,206.85915948306211
2012-12-03 20:00:00,246.24731277795095
2012-12-04 20:00:00,309.7781418116503
2012-12-05 20:00:00,393.29666787965994
2012-12-06 20:00:00,469.1494639610831
2012-12-07 20:00:00,491.17811943769345
2012-12-08 20:00:00,427.6187947026866
2012-12-09 20:00:00,293.7541623500673
2012-12-10 20:00:00,149.55356477730055
2012-12-11 20:00:00,57.54800128925845
2012-12-12 20:00:00,35.24124185538216
2012-12-13 20:00:00,45.27246551856052
2012-12-14 20:00:00,33.93207523034761
2012-12-15 20:00:00,-16.14330598223549
2012-12-16 20:00:00,-67.48841969083765
2012-12-17 20:00:00,-61.0421090979666
2012-12-18 20:00:00,28.953745709445684
2012-12-19 20:00:00,168.09677595588386
2012-12-20 20:00:00,286.47139786128787
2012-12-21 20:00:00,331.5742563362353
2012-12-22 20:00:00,303.01915223214166
2012-12-23 20:00:00,242.73616766644642
2012-12-24 20:00:00,196.23782435558252
2012-12-25 20:00:00,183.19944766926298
2012-12-26 20:00:00,199.64279851419624
2012-12-27 20:00:00,239.0309518108281
2012-12-28 20:00:00,302.56178084511396
2012-12-29 20:00:00,386.0803069128765
2012-12-30 20:00:00,461.93310299303255
2012-12-31 20:00:00,483.9617584677261
2013-01-01 20:00:00,420.4024337380056
2013-01-02 20:00:00,286.5378013805919
2013-01-03 20:00:00,142.3372038065956
2013-01-04 20:00:00,50.33164032258276
2013-01-05 20:00:00,28.024880887656252
2013-01-06 20:00:00,38.05610454946935
2013-01-07 20:00:00,26.71571426280093
2013-01-08 20:00:00,-23.359666948689465
2013-01-09 20:00:00,-74.70478065844213
2013-01-10 20:00:00,-68.25847006870879
2013-01-11 20:00:00,21.73738473572837
2013-01-12 20:00:00,160.88041498154485
2013-01-13 20:00:00,279.25503689081233
2013-01-14 20:00:00,324.3578953672618
2013-01-15 20:00:00,295.8027912622862
2013-01-16 20:00:00,235.51980669581218
2013-01-17 20:00:00,189.02146338524287
2013-01-18 20:00:00,175.98308669990215
2013-01-19 20:00:00,192.42643754602415
2013-01-20 20:00:00,231.81459084030377
2013-01-21 20:00:00,295.3454198744609
2013-01-22 20:00:00,378.863945946093
2013-01-23 20:00:00,454.71674202498207
2013-01-24 20:00:00,476.74539749775874
2013-01-25 20:00:00,413.186072770545
2013-01-26 20:00:00,279.3214404086961
2013-01-27 20:00:00,135.1208428358906
2013-01-28 20:00:00,43.115279353721405
2013-01-29 20:00:00,20.80851991993032
2013-01-30 20:00:00,30.83974358137536
2013-01-31 20:00:00,19.499353293280876
2013-02-01 20:00:00,-30.57602791594303
2013-02-02 20:00:00,-81.921141624677
2013-02-03 20:00:00,-75.47483103732074
2013-02-04 20:00:00,14.521023769142147
2013-02-05 20:00:00,153.66405401589617
2013-02-06 20:00:00,272.0386759185939
2013-02-07 20:00:00,317.14153439911854
2013-02-08 20:00:00,288.5864302955398
2013-02-09 20:00:00,228.30344572930846
2013-02-10 20:00:00,181.80510241761002
2013-02-11 20:00:00,168.7667257309461
2013-02-12 20:00:00,185.21007657608962
2013-02-13 20:00:00,224.59822986948114
2013-02-14 20:00:00,288.1290589026658
2013-02-15 20:00:00,371.64758497930944
2013-02-16 20:00:00,447.50038105393014
2013-02-17 20:00:00,469.5290365277914
2013-02-18 20:00:00,405.969711798968
2013-02-19 20:00:00,272.10507943680034
2012-11-20 20:00:00,131.881274141505
2012-11-21 20:00:00,82.70560766181107
2012-11-22 20:00:00,73.12993142550948
2012-11-23 20:00:00,76.63456206289672
2012-11-24 20:00:00,60.06688841683794
2012-11-25 20:00:00,14.692068199041813
2012-11-26 20:00:00,-32.80247791994299
2012-11-27 20:00:00,-40.62135372142791
2012-11-28 20:00:00,13.205965454966105
2012-11-29 20:00:00,111.40298318387427
2012-11-30 20:00:00,209.97260146203234
2012-12-01 20:00:00,271.0281865527767
2012-12-02 20:00:00,287.6608381076068
2012-12-03 20:00:00,281.83059644659704
2012-12-04 20:00:00,281.28797761529904
2012-12-05 20:00:00,298.30819526068586
2012-12-06 20:00:00,327.110763581014
2012-12-07 20:00:00,356.47106176617353
2012-12-08 20:00:00,380.54178364998234
2012-12-09 20:00:00,396.8307857774465
2012-12-10 20:00:00,397.3724904745616
2012-12-11 20:00:00,367.9195994054462
2012-12-12 20:00:00,300.61579691771817
2012-12-13 20:00:00,208.28893370327094
2012-12-14 20:00:00,122.77606008984988
2012-12-15 20:00:00,73.6003936084479
2012-12-16 20:00:00,64.02471737096715
2012-12-17 20:00:00,67.52934800855843
2012-12-18 20:00:00,50.9616743616333
2012-12-19 20:00:00,5.586854146705235
2012-12-20 20:00:00,-41.90769197303098
2012-12-21 20:00:00,-49.72656777459909
2012-12-22 20:00:00,4.100751397329503
2012-12-23 20:00:00,102.29776913188354
2012-12-24 20:00:00,200.86738740968227
2012-12-25 20:00:00,261.92297249927014
2012-12-26 20:00:00,278.5556240529438
2012-12-27 20:00:00,272.72538239141625
2012-12-28 20:00:00,272.18276356304676
2012-12-29 20:00:00,289.20298120755365
2012-12-30 20:00:00,318.00554952738247
2012-12-31 20:00:00,347.36584771288153
2013-01-01 20:00:00,371.4365695965947
2013-01-02 20:00:00,387.7255717223553
2013-01-03 20:00:00,388.2672764196955
2013-01-04 20:00:00,358.814385349584
2013-01-05 20:00:00,291.51058286126454
2013-01-06 20:00:00,199.18371964702263
2013-01-07 20:00:00,113.67084603455444
2013-01-08 20:00:00,64.49517955426622
2013-01-09 20:00:00,54.91950331459668
2013-01-10 20:00:00,58.42413395325957
2013-01-11 20:00:00,41.85646030848889
2013-01-12 20:00:00,-3.5183599092356985
2013-01-13 20:00:00,-51.012906028665356
2013-01-14 20:00:00,-58.83178182990241
2013-01-15 20:00:00,-5.0044626554583544
2013-01-16 20:00:00,93.19255507329426
2013-01-17 20:00:00,191.76217335197032
2013-01-18 20:00:00,252.81775844339677
2013-01-19 20:00:00,269.45040999850755
2013-01-20 20:00:00,263.6201683372665
2013-01-21 20:00:00,263.07754950831185
2013-01-22 20:00:00,280.0977671521574
2013-01-23 20:00:00,308.900335473751
2013-01-24 20:00:00,338.26063365739617
2013-01-25 20:00:00,362.3313555432072
2013-01-26 20:00:00,378.620357668413
2013-01-27 20:00:00,379.16206236482935
2013-01-28 20:00:00,349.7091712963795
2013-01-29 20:00:00,282.40536880750267
2013-01-30 20:00:00,190.07850559077423
2013-01-31 20:00:00,104.56563197925898
2013-02-01 20:00:00,55.389965500084514
2013-02-02 20:00:00,45.814289260917775
2013-02-03 20:00:00,49.3189198991094
2013-02-04 20:00:00,32.75124625328431
2013-02-05 20:00:00,-12.623573962518918
2013-02-06 20:00:00,-60.11812008429976
2013-02-07 20:00:00,-67.93699588422237
2013-02-08 20:00:00,-14.109676708246155
2013-02-09 20:00:00,84.08734101864573
2013-02-10 20:00:00,182.6569592969286
2013-02-11 20:00:00,243.71254438989018
2013-02-12 20:00:00,260.34519594384454
2013-02-13 20:00:00,254.51495428208565
2013-02-14 20:00:00,253.97233545336786
2013-02-15 20:00:00,270.99255309787645
2013-02-16 20:00:00,299.7951214181269
2013-02-17 20:00:00,329.1554196014464
2013-02-18 20:00:00,353.22614148797004
2013-02-19 20:00:00,369.5151436135792
2013-02-20 20:00:00,370.0568483108775
2013-02-21 20:00:00,340.6039572438552
2013-02-22 20:00:00,273.3001547563686
2013-02-23 20:00:00,180.97329154007073
2012-11-24 20:00:00,42.80023193359375
2012-11-25 20:00:00,36.16276550292969
2012-11-26 20:00:00,73.60298156738281
2012-11-27 20:00:00,15.195785522460938
2012-11-28 20:00:00,42.02342224121094
2012-11-29 20:00:00,-7.6274871826171875
2012-11-30 20:00:00,67.62061309814453
2012-12-01 20:00:00,17.57391357421875
2012-12-02 20:00:00,43.158050537109375
2012-12-03 20:00:00,110.15040588378906
2012-12-04 20:00:00,172.6273651123047
2012-12-05 20:00:00,224.09027099609375
2012-12-06 20:00:00,203.78526306152344
2012-12-07 20:00:00,169.12745666503906
2012-12-08 20:00:00,205.21485900878906
2012-12-09 20:00:00,244.90721130371094
2012-12-10 20:00:00,286.4608154296875
2012-12-11 20:00:00,327.951416015625
2012-12-12 20:00:00,321.6998596191406
2012-12-13 20:00:00,355.0221252441406
2012-12-14 20:00:00,322.392578125
2012-12-15 20:00:00,307.98956298828125
2012-12-16 20:00:00,219.39089965820312
2012-12-17 20:00:00,148.0880889892578
2012-12-18 20:00:00,92.94607543945312
2012-12-19 20:00:00,34.337738037109375
2012-12-20 20:00:00,42.29689025878906
2012-12-21 20:00:00,8.293853759765625
2012-12-22 20:00:00,-68.06416320800781
2012-12-23 20:00:00,26.466690063476562
2012-12-24 20:00:00,25.337677001953125
2012-12-25 20:00:00,63.331642150878906
2012-12-26 20:00:00,96.30540466308594
2012-12-27 20:00:00,182.35037231445312
2012-12-28 20:00:00,214.03604125976562
2012-12-29 20:00:00,217.6693878173828
2012-12-30 20:00:00,255.31329345703125
2012-12-31 20:00:00,214.3721160888672
2013-01-01 20:00:00,171.09234619140625
2013-01-02 20:00:00,234.55491638183594
2013-01-03 20:00:00,301.6156005859375
2013-01-04 20:00:00,269.3108215332031
2013-01-05 20:00:00,308.31951904296875
2013-01-06 20:00:00,330.2291259765625
2013-01-07 20:00:00,372.8861083984375
2013-01-08 20:00:00,321.7542724609375
2013-01-09 20:00:00,261.9640808105469
2013-01-10 20:00:00,191.9969024658203
2013-01-11 20:00:00,86.14398193359375
2013-01-12 20:00:00,67.43205261230469
2013-01-13 20:00:00,-19.889907836914062
2013-01-14 20:00:00,-42.37098693847656
2013-01-15 20:00:00,-32.243072509765625
2013-01-16 20:00:00,-53.187408447265625
2013-01-17 20:00:00,-9.1185302734375
2013-01-18 20:00:00,45.32850646972656
2013-01-19 20:00:00,114.6247329711914
2013-01-20 20:00:00,159.03472900390625
2013-01-21 20:00:00,249.56143188476562
2013-01-22 20:00:00,288.60845947265625
2013-01-23 20:00:00,293.77294921875
2013-01-24 20:00:00,238.54161071777344
2013-01-25 20:00:00,172.63714599609375
2013-01-26 20:00:00,207.9367218017578
2013-01-27 20:00:00,226.18740844726562
2013-01-28 20:00:00,281.12322998046875
2013-01-29 20:00:00,280.2064514160156
2013-01-30 20:00:00,331.1776123046875
2013-01-31 20:00:00,356.68145751953125
2013-02-01 20:00:00,344.51513671875
2013-02-02 20:00:00,266.4171447753906
2013-02-03 20:00:00,179.03115844726562
2013-02-04 20:00:00,109.34811401367188
2013-02-05 20:00:00,69.72482299804688
2013-02-06 20:00:00,69.72209167480469
2013-02-07 20:00:00,-45.70137023925781
2013-02-08 20:00:00,-81.181640625
2013-02-09 20:00:00,-16.404281616210938
2013-02-10 20:00:00,-9.23724365234375
2013-02-11 20:00:00,36.67216491699219
2013-02-12 20:00:00,123.9585189819336
2013-02-13 20:00:00,185.48085021972656
2013-02-14 20:00:00,297.58355712890625
2013-02-15 20:00:00,367.41229248046875
2013-02-16 20:00:00,328.5301208496094
2013-02-17 20:00:00,207.74156188964844
2013-02-18 20:00:00,131.08950805664062
2013-02-19 20:00:00,186.02484130859375
2013-02-20 20:00:00,262.5045166015625
2013-02-21 20:00:00,221.7431182861328
2013-02-22 20:00:00,269.27386474609375
2013-02-23 20:00:00,312.6083984375
2013-02-24 20:00:00,403.25982666015625
2013-02-25 20:00:00,365.93145751953125
2013-02-26 20:00:00,251.78408813476562
2013-02-27 20:00:00,174.0144805908203
2012-11-28 20:00:00,173.39160470913484
2012-11-29 20:00:00,130.0970799388341
2012-11-30 20:00:00,119.21097225535213
2012-12-01 20:00:00,123.55214790122899
2012-12-02 20:00:00,117.13904720648536
2012-12-03 20:00:00,90.12998906829034
2012-12-04 20:00:00,60.22508257126921
2012-12-05 20:00:00,59.10438790682238
2012-12-06 20:00:00,104.75871958835015
2012-12-07 20:00:00,183.71157624337224
2012-12-08 20:00:00,258.7897333183439
2012-12-09 20:00:00,295.84357933344677
2012-12-10 20:00:00,286.97734335574063
2012-12-11 20:00:00,252.31748779202877
2012-12-12 20:00:00,221.8644474711752
2012-12-13 20:00:00,214.9096185494202
2012-12-14 20:00:00,233.03594986969998
2012-12-15 20:00:00,267.48379726755746
2012-12-16 20:00:00,308.8656301861057
2012-12-17 20:00:00,348.86435954998444
2012-12-18 20:00:00,375.8738746099051
2012-12-19 20:00:00,374.93392875603877
2012-12-20 20:00:00,337.2153129831204
2012-12-21 20:00:00,271.3944052653216
2012-12-22 20:00:00,203.38088359718665
2012-12-23 20:00:00,160.08635882780408
2012-12-24 20:00:00,149.20025114480853
2012-12-25 20:00:00,153.5414267892142
2012-12-26 20:00:00,147.12832609562224
2012-12-27 20:00:00,120.1192679559866
2012-12-28 20:00:00,90.21436145913736
2012-12-29 20:00:00,89.09366679486433
2012-12-30 20:00:00,134.747998478476
2012-12-31 20:00:00,213.70085512897464
2013-01-01 20:00:00,288.7790122048831
2013-01-02 20:00:00,325.83285822159615
2013-01-03 20:00:00,316.966622245679
2013-01-04 20:00:00,282.3067666823767
2013-01-05 20:00:00,251.85372636086458
2013-01-06 20:00:00,244.89889743805387
2013-01-07 20:00:00,263.02522875749355
2013-01-08 20:00:00,297.4730761549102
2013-01-09 20:00:00,338.85490907334423
2013-01-10 20:00:00,378.853638439689
2013-01-11 20:00:00,405.8631534981907
2013-01-12 20:00:00,404.92320764397095
2013-01-13 20:00:00,367.20459187288645
2013-01-14 20:00:00,301.38368415266643
2013-01-15 20:00:00,233.37016248523844
2013-01-16 20:00:00,190.0756377167741
2013-01-17 20:00:00,179.18953003426503
2013-01-18 20:00:00,183.53070567837412
2013-01-19 20:00:00,177.11760498395807
2013-01-20 20:00:00,150.10854684599025
2013-01-21 20:00:00,120.20364034946783
2013-01-22 20:00:00,119.0829456837485
2013-01-23 20:00:00,164.73727736860184
2013-01-24 20:00:00,243.69013401975204
2013-01-25 20:00:00,318.76829109284415
2013-01-26 20:00:00,355.8221371109203
2013-01-27 20:00:00,346.95590113386146
2013-01-28 20:00:00,312.29604557001096
2013-01-29 20:00:00,281.8430052487361
2013-01-30 20:00:00,274.8881763266899
2013-01-31 20:00:00,293.0145076469757
2013-02-01 20:00:00,327.4623550426464
2013-02-02 20:00:00,368.84418796101215
2013-02-03 20:00:00,408.8429173271749
2013-02-04 20:00:00,435.85243238706613
2013-02-05 20:00:00,434.912486533608
2013-02-06 20:00:00,397.1938707639301
2013-02-07 20:00:00,331.37296304438007
2013-02-08 20:00:00,263.35944137644384
2013-02-09 20:00:00,220.0649166066877
2013-02-10 20:00:00,209.17880892311064
2013-02-11 20:00:00,213.51998456715927
2013-02-12 20:00:00,207.10688387229396
2013-02-13 20:00:00,180.0978257361902
2013-02-14 20:00:00,150.19291923733596
2013-02-15 20:00:00,149.07222457263256
2013-02-16 20:00:00,194.72655625792677
2013-02-17 20:00:00,273.6794129105294
2013-02-18 20:00:00,348.75756998326756
2013-02-19 20:00:00,385.8114160002445
2013-02-20 20:00:00,376.94518002284497
2013-02-21 20:00:00,342.28532445995245
2013-02-22 20:00:00,311.8322841366077
2013-02-23 20:00:00,304.87745521532594
2013-02-24 20:00:00,323.0037865364579
2013-02-25 20:00:00,357.45163393269
2013-02-26 20:00:00,398.83346685114236
2013-02-27 20:00:00,438.83219621687954
2013-02-28 20:00:00,465.84171127674244
2013-03-01 20:00:00,464.9017654215403
2013-03-02 20:00:00,427.1831496512339
2013-03-03 20:00:00,361.36224193172495
2012-12-02 21:00:00,92.61476135253906
2012-12-03 21:00:00,95.10597229003906
2012-12-04 21:00:00,130.04315185546875
2012-12-05 21:00:00,64.36988830566406
2012-12-06 21:00:00,121.62532806396484
2012-12-07 21:00:00,67.16921997070312
2012-12-08 21:00:00,40.2412109375
2012-12-09 21:00:00,15.680343627929688
2012-12-10 21:00:00,55.54820251464844
2012-12-11 21:00:00,144.25323486328125
2012-12-12 21:00:00,246.06423950195312
2012-12-13 21:00:00,259.2321472167969
2012-12-14 21:00:00,241.59983825683594
2012-12-15 21:00:00,250.123779296875
2012-12-16 21:00:00,305.16851806640625
2012-12-17 21:00:00,348.3273010253906
2012-12-18 21:00:00,343.6690979003906
2012-12-19 21:00:00,385.6098937988281
2012-12-20 21:00:00,422.525390625
2012-12-21 21:00:00,418.4940185546875
2012-12-22 21:00:00,393.53216552734375
2012-12-23 21:00:00,351.1771545410156
2012-12-24 21:00:00,218.91835021972656
2012-12-25 21:00:00,150.24057006835938
2012-12-26 21:00:00,129.1719970703125
2012-12-27 21:00:00,108.63259887695312
2012-12-28 21:00:00,71.22886657714844
2012-12-29 21:00:00,32.07139587402344
2012-12-30 21:00:00,48.28941345214844
2012-12-31 21:00:00,73.76835632324219
2013-01-01 21:00:00,48.469757080078125
2013-01-02 21:00:00,50.785369873046875
2013-01-03 21:00:00,116.6953353881836
2013-01-04 21:00:00,183.96694946289062
2013-01-05 21:00:00,237.34730529785156
2013-01-06 21:00:00,248.00369262695312
2013-01-07 21:00:00,260.451171875
2013-01-08 21:00:00,257.0673522949219
2013-01-09 21:00:00,276.317626953125
2013-01-10 21:00:00,336.83526611328125
2013-01-11 21:00:00,348.5862121582031
2013-01-12 21:00:00,321.0256652832031
2013-01-13 21:00:00,379.00592041015625
2013-01-14 21:00:00,433.930419921875
2013-01-15 21:00:00,426.1536865234375
2013-01-16 21:00:00,391.93011474609375
2013-01-17 21:00:00,284.97308349609375
2013-01-18 21:00:00,205.45819091796875
2013-01-19 21:00:00,137.66445922851562
2013-01-20 21:00:00,132.54229736328125
2013-01-21 21:00:00,-0.64300537109375
2013-01-22 21:00:00,9.912521362304688
2013-01-23 21:00:00,30.307708740234375
2013-01-24 21:00:00,-5.959320068359375
2013-01-25 21:00:00,52.91355895996094
2013-01-26 21:00:00,70.59394836425781
2013-01-27 21:00:00,125.01455688476562
2013-01-28 21:00:00,230.41439819335938
2013-01-29 21:00:00,350.500732421875
2013-01-30 21:00:00,327.7674255371094
2013-01-31 21:00:00,285.16278076171875
2013-02-01 21:00:00,284.4859619140625
2013-02-02 21:00:00,231.89096069335938
2013-02-03 21:00:00,214.91726684570312
2013-02-04 21:00:00,268.5488586425781
2013-02-05 21:00:00,287.9147644042969
2013-02-06 21:00:00,360.25872802734375
2013-02-07 21:00:00,440.607177734375
2013-02-08 21:00:00,436.2488708496094
2013-02-09 21:00:00,413.71954345703125
2013-02-10 21:00:00,335.971435546875
2013-02-11 21:00:00,255.67385864257812
2013-02-12 21:00:00,232.34156799316406
2013-02-13 21:00:00,98.5141372680664
2013-02-14 21:00:00,45.96617126464844
2013-02-15 21:00:00,-52.55609130859375
2013-02-16 21:00:00,-10.805374145507812
2013-02-17 21:00:00,18.720779418945312
2013-02-18 21:00:00,6.7801666259765625
2013-02-19 21:00:00,64.65151977539062
2013-02-20 21:00:00,151.08013916015625
2013-02-21 21:00:00,323.0528564453125
2013-02-22 21:00:00,369.56500244140625
2013-02-23 21:00:00,376.714599609375
2013-02-24 21:00:00,303.82421875
2013-02-25 21:00:00,240.4497833251953
2013-02-26 21:00:00,168.642578125
2013-02-27 21:00:00,192.09384155273438
2013-02-28 21:00:00,223.81822204589844
2013-03-01 21:00:00,254.64004516601562
2013-03-02 21:00:00,339.4706115722656
2013-03-03 21:00:00,449.2781677246094
2013-03-04 21:00:00,489.24749755859375
2013-03-05 21:00:00,399.99737548828125
2013-03-06 21:00:00,307.4980773925781
2013-03-07 21:00:00,243.97377014160156
2012-12-06 21:00:00,142.4501953125
2012-12-07 21:00:00,72.35310363769531
2012-12-08 21:00:00,9.536727905273438
2012-12-09 21:00:00,-17.456863403320312
2012-12-10 21:00:00,-10.388580322265625
2012-12-11 21:00:00,-15.882644653320312
2012-12-12 21:00:00,62.19938659667969
2012-12-13 21:00:00,93.08207702636719
2012-12-14 21:00:00,210.1133270263672
2012-12-15 21:00:00,444.2225341796875
2012-12-16 21:00:00,582.000244140625
2012-12-17 21:00:00,317.7801818847656
2012-12-18 21:00:00,125.11927032470703
2012-12-19 21:00:00,173.66976928710938
2012-12-20 21:00:00,208.13827514648438
2012-12-21 21:00:00,206.73712158203125
2012-12-22 21:00:00,211.85519409179688
2012-12-23 21:00:00,269.2440490722656
2012-12-24 21:00:00,421.7680969238281
2012-12-25 21:00:00,573.087890625
2012-12-26 21:00:00,562.857421875
2012-12-27 21:00:00,387.2933349609375
2012-12-28 21:00:00,268.5951843261719
2012-12-29 21:00:00,219.40777587890625
2012-12-30 21:00:00,177.03321838378906
2012-12-31 21:00:00,106.04734802246094
2013-01-01 21:00:00,57.529449462890625
2013-01-02 21:00:00,19.14300537109375
2013-01-03 21:00:00,-7.93023681640625
2013-01-04 21:00:00,-3.5571746826171875
2013-01-05 21:00:00,26.631500244140625
2013-01-06 21:00:00,63.98146057128906
2013-01-07 21:00:00,132.3330535888672
2013-01-08 21:00:00,317.9702453613281
2013-01-09 21:00:00,462.29705810546875
2013-01-10 21:00:00,290.0621337890625
2013-01-11 21:00:00,173.93829345703125
2013-01-12 21:00:00,208.2282257080078
2013-01-13 21:00:00,261.98358154296875
2013-01-14 21:00:00,280.8857727050781
2013-01-15 21:00:00,305.7471008300781
2013-01-16 21:00:00,356.0773010253906
2013-01-17 21:00:00,453.8223876953125
2013-01-18 21:00:00,560.7313232421875
2013-01-19 21:00:00,451.56683349609375
2013-01-20 21:00:00,338.8356018066406
2013-01-21 21:00:00,225.49191284179688
2013-01-22 21:00:00,160.73280334472656
2013-01-23 21:00:00,162.41845703125
2013-01-24 21:00:00,157.9459686279297
2013-01-25 21:00:00,124.70748138427734
2013-01-26 21:00:00,78.93855285644531
2013-01-27 21:00:00,40.25996398925781
2013-01-28 21:00:00,-6.11444091796875
2013-01-29 21:00:00,-0.774169921875
2013-01-30 21:00:00,-5.31512451171875
2013-01-31 21:00:00,2.129150390625
2013-02-01 21:00:00,112.63908386230469
2013-02-02 21:00:00,224.97947692871094
2013-02-03 21:00:00,230.73814392089844
2013-02-04 21:00:00,278.3796081542969
2013-02-05 21:00:00,367.4449462890625
2013-02-06 21:00:00,456.06781005859375
2013-02-07 21:00:00,461.29351806640625
2013-02-08 21:00:00,424.7265930175781
2013-02-09 21:00:00,433.09490966796875
2013-02-10 21:00:00,410.9713134765625
2013-02-11 21:00:00,418.3692626953125
2013-02-12 21:00:00,338.6294250488281
2013-02-13 21:00:00,269.86614990234375
2013-02-14 21:00:00,210.3621063232422
2013-02-15 21:00:00,173.75897216796875
2013-02-16 21:00:00,162.18289184570312
2013-02-17 21:00:00,153.42514038085938
2013-02-18 21:00:00,151.51544189453125
2013-02-19 21:00:00,119.66891479492188
2013-02-20 21:00:00,49.08625793457031
2013-02-21 21:00:00,10.958038330078125
2013-02-22 21:00:00,26.401229858398438
2013-02-23 21:00:00,31.988937377929688
2013-02-24 21:00:00,26.754608154296875
2013-02-25 21:00:00,125.97720336914062
2013-02-26 21:00:00,228.52627563476562
2013-02-27 21:00:00,226.0558624267578
2013-02-28 21:00:00,284.32952880859375
2013-03-01 21:00:00,397.852783203125
2013-03-02 21:00:00,447.7865905761719
2013-03-03 21:00:00,443.13067626953125
2013-03-04 21:00:00,434.7338562011719
2013-03-05 21:00:00,406.6534423828125
2013-03-06 21:00:00,396.7888488769531
2013-03-07 21:00:00,400.6161193847656
2013-03-08 21:00:00,337.4308776855469
2013-03-09 21:00:00,279.2691345214844
2013-03-10 21:00:00,201.61810302734375
2013-03-11 21:00:00,161.9859619140625
2012-12-10 21:00:00,80.75704193115234
2012-12-11 21:00:00,76.09937286376953
2012-12-12 21:00:00,67.31060791015625
2012-12-13 21:00:00,35.86647033691406
2012-12-14 21:00:00,29.519790649414062
2012-12-15 21:00:00,22.067642211914062
2012-12-16 21:00:00,35.43382263183594
2012-12-17 21:00:00,38.29071044921875
2012-12-18 21:00:00,133.33383178710938
2012-12-19 21:00:00,211.70565795898438
2012-12-20 21:00:00,284.28271484375
2012-12-21 21:00:00,224.4794921875
2012-12-22 21:00:00,205.52923583984375
2012-12-23 21:00:00,207.8846435546875
2012-12-24 21:00:00,189.2076416015625
2012-12-25 21:00:00,184.70521545410156
2012-12-26 21:00:00,133.29580688476562
2012-12-27 21:00:00,170.38690185546875
2012-12-28 21:00:00,332.1129455566406
2012-12-29 21:00:00,438.6187744140625
2012-12-30 21:00:00,435.920654296875
2012-12-31 21:00:00,346.2961730957031
2013-01-01 21:00:00,242.25985717773438
2013-01-02 21:00:00,163.42774963378906
2013-01-03 21:00:00,104.9644775390625
2013-01-04 21:00:00,67.17314147949219
2013-01-05 21:00:00,51.377899169921875
2013-01-06 21:00:00,24.641372680664062
2013-01-07 21:00:00,20.236160278320312
2013-01-08 21:00:00,23.255233764648438
2013-01-09 21:00:00,20.679397583007812
2013-01-10 21:00:00,91.63756561279297
2013-01-11 21:00:00,195.2134552001953
2013-01-12 21:00:00,346.89093017578125
2013-01-13 21:00:00,376.5045471191406
2013-01-14 21:00:00,226.009033203125
2013-01-15 21:00:00,140.3658447265625
2013-01-16 21:00:00,155.2914276123047
2013-01-17 21:00:00,149.72329711914062
2013-01-18 21:00:00,120.98604583740234
2013-01-19 21:00:00,126.78897857666016
2013-01-20 21:00:00,152.25814819335938
2013-01-21 21:00:00,323.0738525390625
2013-01-22 21:00:00,495.051025390625
2013-01-23 21:00:00,485.3006591796875
2013-01-24 21:00:00,340.4451904296875
2013-01-25 21:00:00,257.01971435546875
2013-01-26 21:00:00,198.65615844726562
2013-01-27 21:00:00,138.89752197265625
2013-01-28 21:00:00,97.97881317138672
2013-01-29 21:00:00,50.47062683105469
2013-01-30 21:00:00,39.25578308105469
2013-01-31 21:00:00,30.253646850585938
2013-02-01 21:00:00,50.23518371582031
2013-02-02 21:00:00,67.44657897949219
2013-02-03 21:00:00,104.0094223022461
2013-02-04 21:00:00,216.40255737304688
2013-02-05 21:00:00,372.1052551269531
2013-02-06 21:00:00,412.7674560546875
2013-02-07 21:00:00,224.76779174804688
2013-02-08 21:00:00,128.18685913085938
2013-02-09 21:00:00,132.88333129882812
2013-02-10 21:00:00,160.37100219726562
2013-02-11 21:00:00,150.67636108398438
2013-02-12 21:00:00,142.25213623046875
2013-02-13 21:00:00,198.82415771484375
2013-02-14 21:00:00,304.7796936035156
2013-02-15 21:00:00,467.93267822265625
2013-02-16 21:00:00,465.1861572265625
2013-02-17 21:00:00,321.72821044921875
2013-02-18 21:00:00,234.18898010253906
2013-02-19 21:00:00,205.40994262695312
2013-02-20 21:00:00,157.91122436523438
2013-02-21 21:00:00,105.14794921875
2013-02-22 21:00:00,69.28511047363281
2013-02-23 21:00:00,81.45501708984375
2013-02-24 21:00:00,47.506439208984375
2013-02-25 21:00:00,54.21672058105469
2013-02-26 21:00:00,79.47702026367188
2013-02-27 21:00:00,121.47322845458984
2013-02-28 21:00:00,230.0701904296875
2013-03-01 21:00:00,379.283935546875
2013-03-02 21:00:00,429.234130859375
2013-03-03 21:00:00,225.36126708984375
2013-03-04 21:00:00,108.78633117675781
2013-03-05 21:00:00,146.89671325683594
2013-03-06 21:00:00,175.15213012695312
2013-03-07 21:00:00,186.18069458007812
2013-03-08 21:00:00,206.34693908691406
2013-03-09 21:00:00,232.69635009765625
2013-03-10 21:00:00,339.54364013671875
2013-03-11 21:00:00,493.392822265625
2013-03-12 21:00:00,460.95721435546875
2013-03-13 21:00:00,320.66015625
2013-03-14 21:00:00,251.8101806640625
2013-03-15 21:00:00,202.82354736328125
2012-12-14 21:00:00,126.56095123291016
2012-12-15 21:00:00,82.92666625976562
2012-12-16 21:00:00,18.348861694335938
2012-12-17 21:00:00,-27.404006958007812
2012-12-18 21:00:00,46.074127197265625
2012-12-19 21:00:00,31.023269653320312
2012-12-20 21:00:00,15.533538818359375
2012-12-21 21:00:00,79.91793823242188
2012-12-22 21:00:00,126.0116958618164
2012-12-23 21:00:00,263.60906982421875
2012-12-24 21:00:00,333.87054443359375
2012-12-25 21:00:00,296.168212890625
2012-12-26 21:00:00,246.29791259765625
2012-12-27 21:00:00,252.07907104492188
2012-12-28 21:00:00,278.5065612792969
2012-12-29 21:00:00,307.742431640625
2012-12-30 21:00:00,285.41162109375
2012-12-31 21:00:00,339.39752197265625
2013-01-01 21:00:00,445.92333984375
2013-01-02 21:00:00,468.345947265625
2013-01-03 21:00:00,419.3327331542969
2013-01-04 21:00:00,346.66888427734375
2013-01-05 21:00:00,221.63568115234375
2013-01-06 21:00:00,167.12820434570312
2013-01-07 21:00:00,155.51541137695312
2013-01-08 21:00:00,107.65545654296875
2013-01-09 21:00:00,64.89767456054688
2013-01-10 21:00:00,13.359664916992188
2013-01-11 21:00:00,13.20281982421875
2013-01-12 21:00:00,7.9374847412109375
2013-01-13 21:00:00,40.24067687988281
2013-01-14 21:00:00,54.33251953125
2013-01-15 21:00:00,142.54080200195312
2013-01-16 21:00:00,215.21591186523438
2013-01-17 21:00:00,310.5934753417969
2013-01-18 21:00:00,277.11956787109375
2013-01-19 21:00:00,271.8325500488281
2013-01-20 21:00:00,256.55120849609375
2013-01-21 21:00:00,269.67181396484375
2013-01-22 21:00:00,366.93035888671875
2013-01-23 21:00:00,362.20172119140625
2013-01-24 21:00:00,315.7110290527344
2013-01-25 21:00:00,430.696533203125
2013-01-26 21:00:00,454.0111083984375
2013-01-27 21:00:00,383.10986328125
2013-01-28 21:00:00,323.00225830078125
2013-01-29 21:00:00,226.48818969726562
2013-01-30 21:00:00,154.3604736328125
2013-01-31 21:00:00,143.72117614746094
2013-02-01 21:00:00,93.2608642578125
2013-02-02 21:00:00,32.502777099609375
2013-02-03 21:00:00,-0.685455322265625
2013-02-04 21:00:00,1.342041015625
2013-02-05 21:00:00,1.5622100830078125
2013-02-06 21:00:00,17.241165161132812
2013-02-07 21:00:00,75.79902648925781
2013-02-08 21:00:00,131.80801391601562
2013-02-09 21:00:00,274.79669189453125
2013-02-10 21:00:00,329.96331787109375
2013-02-11 21:00:00,291.0486145019531
2013-02-12 21:00:00,208.46531677246094
2013-02-13 21:00:00,295.4972839355469
2013-02-14 21:00:00,274.9067077636719
2013-02-15 21:00:00,282.7218017578125
2013-02-16 21:00:00,318.7118835449219
2013-02-17 21:00:00,322.2705078125
2013-02-18 21:00:00,410.359619140625
2013-02-19 21:00:00,467.47760009765625
2013-02-20 21:00:00,419.0875244140625
2013-02-21 21:00:00,313.926025390625
2013-02-22 21:00:00,251.620361328125
2013-02-23 21:00:00,211.05291748046875
2013-02-24 21:00:00,148.41348266601562
2013-02-25 21:00:00,95.85800170898438
2013-02-26 21:00:00,-16.746917724609375
2013-02-27 21:00:00,-22.207366943359375
2013-02-28 21:00:00,9.609237670898438
2013-03-01 21:00:00,1.4139862060546875
2013-03-02 21:00:00,5.179107666015625
2013-03-03 21:00:00,102.53013610839844
2013-03-04 21:00:00,189.76869201660156
2013-03-05 21:00:00,318.708251953125
2013-03-06 21:00:00,358.43231201171875
2013-03-07 21:00:00,297.0364990234375
2013-03-08 21:00:00,227.9382781982422
2013-03-09 21:00:00,207.05076599121094
2013-03-10 21:00:00,208.51409912109375
2013-03-11 21:00:00,267.01837158203125
2013-03-12 21:00:00,272.7403869628906
2013-03-13 21:00:00,301.75970458984375
2013-03-14 21:00:00,442.838134765625
2013-03-15 21:00:00,485.06500244140625
2013-03-16 21:00:00,490.6982116699219
2013-03-17 21:00:00,328.3567810058594
2013-03-18 21:00:00,224.94309997558594
2013-03-19 21:00:00,191.5445556640625
2012-12-18 21:00:00,95.28826141357422
2012-12-19 21:00:00,35.15570068359375
2012-12-20 21:00:00,-36.87498474121094
2012-12-21 21:00:00,-50.58042907714844
2012-12-22 21:00:00,-20.727294921875
2012-12-23 21:00:00,17.192916870117188
2012-12-24 21:00:00,81.61583709716797
2012-12-25 21:00:00,127.73989868164062
2012-12-26 21:00:00,181.6837158203125
2012-12-27 21:00:00,242.71080017089844
2012-12-28 21:00:00,319.2477722167969
2012-12-29 21:00:00,268.0940246582031
2012-12-30 21:00:00,193.55242919921875
2012-12-31 21:00:00,158.99537658691406
2013-01-01 21:00:00,182.34951782226562
2013-01-02 21:00:00,217.35462951660156
2013-01-03 21:00:00,247.03848266601562
2013-01-04 21:00:00,308.983154296875
2013-01-05 21:00:00,364.1622314453125
2013-01-06 21:00:00,440.27362060546875
2013-01-07 21:00:00,381.29949951171875
2013-01-08 21:00:00,326.20953369140625
2013-01-09 21:00:00,217.70606994628906
2013-01-10 21:00:00,159.43984985351562
2013-01-11 21:00:00,149.53712463378906
2013-01-12 21:00:00,37.612213134765625
2013-01-13 21:00:00,-16.849029541015625
2013-01-14 21:00:00,-64.8487548828125
2013-01-15 21:00:00,-77.9976806640625
2013-01-16 21:00:00,29.965713500976562
2013-01-17 21:00:00,87.29106140136719
2013-01-18 21:00:00,137.70938110351562
2013-01-19 21:00:00,185.5867462158203
2013-01-20 21:00:00,297.60308837890625
2013-01-21 21:00:00,290.11871337890625
2013-01-22 21:00:00,232.5819549560547
2013-01-23 21:00:00,253.77508544921875
2013-01-24 21:00:00,199.9662322998047
2013-01-25 21:00:00,212.4085693359375
2013-01-26 21:00:00,267.7634582519531
2013-01-27 21:00:00,278.810546875
2013-01-28 21:00:00,286.936279296875
2013-01-29 21:00:00,340.47027587890625
2013-01-30 21:00:00,405.37506103515625
2013-01-31 21:00:00,363.540283203125
2013-02-01 21:00:00,293.7789611816406
2013-02-02 21:00:00,192.73382568359375
2013-02-03 21:00:00,178.24276733398438
2013-02-04 21:00:00,121.92391967773438
2013-02-05 21:00:00,39.808074951171875
2013-02-06 21:00:00,-13.59503173828125
2013-02-07 21:00:00,-40.21345520019531
2013-02-08 21:00:00,-50.395660400390625
2013-02-09 21:00:00,-10.27069091796875
2013-02-10 21:00:00,55.589385986328125
2013-02-11 21:00:00,96.40222930908203
2013-02-12 21:00:00,209.67372131347656
2013-02-13 21:00:00,306.42059326171875
2013-02-14 21:00:00,302.39801025390625
2013-02-15 21:00:00,279.9618225097656
2013-02-16 21:00:00,229.61399841308594
2013-02-17 21:00:00,241.73876953125
2013-02-18 21:00:00,232.1208038330078
2013-02-19 21:00:00,289.25848388671875
2013-02-20 21:00:00,291.9874267578125
2013-02-21 21:00:00,326.8013610839844
2013-02-22 21:00:00,352.262939453125
2013-02-23 21:00:00,387.5046081542969
2013-02-24 21:00:00,363.0494384765625
2013-02-25 21:00:00,277.7427062988281
2013-02-26 21:00:00,208.60523986816406
2013-02-27 21:00:00,202.6692352294922
2013-02-28 21:00:00,103.55428314208984
2013-03-01 21:00:00,55.33099365234375
2013-03-02 21:00:00,41.841278076171875
2013-03-03 21:00:00,-3.4447784423828125
2013-03-04 21:00:00,-33.951995849609375
2013-03-05 21:00:00,35.99678039550781
2013-03-06 21:00:00,20.181625366210938
2013-03-07 21:00:00,94.42681121826172
2013-03-08 21:00:00,199.28427124023438
2013-03-09 21:00:00,233.23170471191406
2013-03-10 21:00:00,308.2886657714844
2013-03-11 21:00:00,291.7186584472656
2013-03-12 21:00:00,268.4706115722656
2013-03-13 21:00:00,249.17083740234375
2013-03-14 21:00:00,241.5944366455078
2013-03-15 21:00:00,303.1775817871094
2013-03-16 21:00:00,320.6343994140625
2013-03-17 21:00:00,298.7059326171875
2013-03-18 21:00:00,371.8100280761719
2013-03-19 21:00:00,372.73382568359375
2013-03-20 21:00:00,381.8382263183594
2013-03-21 21:00:00,269.7195739746094
2013-03-22 21:00:00,185.80224609375
2013-03-23 21:00:00,149.4906005859375
2012-12-22 21:00:00,34.99578857421875
2012-12-23 21:00:00,48.93058776855469
2012-12-24 21:00:00,-4.850921630859375
2012-12-25 21:00:00,-39.84895324707031
2012-12-26 21:00:00,42.77806091308594
2012-12-27 21:00:00,45.19709777832031
2012-12-28 21:00:00,51.43804931640625
2012-12-29 21:00:00,64.82057189941406
2012-12-30 21:00:00,113.50003814697266
2012-12-31 21:00:00,234.10110473632812
2013-01-01 21:00:00,279.04766845703125
2013-01-02 21:00:00,239.89674377441406
2013-01-03 21:00:00,207.77442932128906
2013-01-04 21:00:00,204.77908325195312
2013-01-05 21:00:00,275.36248779296875
2013-01-06 21:00:00,287.67913818359375
2013-01-07 21:00:00,289.9820251464844
2013-01-08 21:00:00,324.09942626953125
2013-01-09 21:00:00,393.1144714355469
2013-01-10 21:00:00,383.42376708984375
2013-01-11 21:00:00,321.51593017578125
2013-01-12 21:00:00,251.1538848876953
2013-01-13 21:00:00,117.4048843383789
2013-01-14 21:00:00,81.98699951171875
2013-01-15 21:00:00,78.63224792480469
2013-01-16 21:00:00,55.45567321777344
2013-01-17 21:00:00,21.865386962890625
2013-01-18 21:00:00,-20.152114868164062
2013-01-19 21:00:00,15.17919921875
2013-01-20 21:00:00,29.605758666992188
2013-01-21 21:00:00,58.61717224121094
2013-01-22 21:00:00,79.6613540649414
2013-01-23 21:00:00,166.9528045654297
2013-01-24 21:00:00,219.86289978027344
2013-01-25 21:00:00,252.01422119140625
2013-01-26 21:00:00,240.6969757080078
2013-01-27 21:00:00,240.67752075195312
2013-01-28 21:00:00,217.87274169921875
2013-01-29 21:00:00,250.47515869140625
2013-01-30 21:00:00,329.4775390625
2013-01-31 21:00:00,317.5009460449219
2013-02-01 21:00:00,291.7209167480469
2013-02-02 21:00:00,369.2477722167969
2013-02-03 21:00:00,392.6069030761719
2013-02-04 21:00:00,303.7404479980469
2013-02-05 21:00:00,247.1260986328125
2013-02-06 21:00:00,132.85768127441406
2013-02-07 21:00:00,69.66020965576172
2013-02-08 21:00:00,72.00139617919922
2013-02-09 21:00:00,46.72758483886719
2013-02-10 21:00:00,-17.141250610351562
2013-02-11 21:00:00,-32.799835205078125
2013-02-12 21:00:00,-8.423690795898438
2013-02-13 21:00:00,27.420867919921875
2013-02-14 21:00:00,36.45640563964844
2013-02-15 21:00:00,111.57039642333984
2013-02-16 21:00:00,149.63917541503906
2013-02-17 21:00:00,272.34063720703125
2013-02-18 21:00:00,297.25701904296875
2013-02-19 21:00:00,267.7347717285156
2013-02-20 21:00:00,183.737548828125
2013-02-21 21:00:00,260.2438659667969
2013-02-22 21:00:00,258.8503723144531
2013-02-23 21:00:00,252.6475067138672
2013-02-24 21:00:00,288.0489196777344
2013-02-25 21:00:00,315.41241455078125
2013-02-26 21:00:00,383.7867126464844
2013-02-27 21:00:00,404.99798583984375
2013-02-28 21:00:00,349.44287109375
2013-03-01 21:00:00,227.24053955078125
2013-03-02 21:00:00,169.1840057373047
2013-03-03 21:00:00,129.9912872314453
2013-03-04 21:00:00,91.49881744384766
2013-03-05 21:00:00,52.555999755859375
2013-03-06 21:00:00,-38.68534851074219
2013-03-07 21:00:00,-31.160324096679688
2013-03-08 21:00:00,14.647964477539062
2013-03-09 21:00:00,9.0433349609375
2013-03-10 21:00:00,19.937255859375
2013-03-11 21:00:00,110.28473663330078
2013-03-12 21:00:00,209.1707305908203
2013-03-13 21:00:00,312.5426330566406
2013-03-14 21:00:00,351.1495361328125
2013-03-15 21:00:00,292.8167724609375
2013-03-16 21:00:00,205.6939239501953
2013-03-17 21:00:00,201.8199462890625
2013-03-18 21:00:00,202.44155883789062
2013-03-19 21:00:00,245.9281005859375
2013-03-20 21:00:00,252.3281707763672
2013-03-21 21:00:00,272.0456237792969
2013-03-22 21:00:00,396.0660095214844
2013-03-23 21:00:00,414.24700927734375
2013-03-24 21:00:00,417.7047424316406
2013-03-25 21:00:00,278.4920959472656
2013-03-26 21:00:00,159.68043518066406
2013-03-27 21:00:00,113.71637725830078
2012-12-26 23:00:00,7.646358489990234
2012-12-27 23:00:00,3.5686302185058594
2012-12-28 23:00:00,-1.657012939453125
2012-12-29 23:00:00,-8.621654510498047
2012-12-30 23:00:00,4.293373107910156
2012-12-31 23:00:00,15.549388885498047
2013-01-01 23:00:00,36.94476318359375
2013-01-02 23:00:00,62.19293975830078
2013-01-03 23:00:00,71.99203491210938
2013-01-04 23:00:00,77.41390228271484
2013-01-05 23:00:00,66.4285659790039
2013-01-06 23:00:00,62.117679595947266
2013-01-07 23:00:00,53.19755554199219
2013-01-08 23:00:00,48.746070861816406
2013-01-09 23:00:00,58.40178298950195
2013-01-10 23:00:00,85.63603210449219
2013-01-11 23:00:00,118.62615966796875
2013-01-12 23:00:00,151.8909149169922
2013-01-13 23:00:00,147.67193603515625
2013-01-14 23:00:00,121.65884399414062
2013-01-15 23:00:00,91.73096466064453
2013-01-16 23:00:00,70.50745391845703
2013-01-17 23:00:00,47.35166931152344
2013-01-18 23:00:00,23.273235321044922
2013-01-19 23:00:00,11.187641143798828
2013-01-20 23:00:00,2.1362838745117188
2013-01-21 23:00:00,-4.387653350830078
2013-01-22 23:00:00,-9.287250518798828
2013-01-23 23:00:00,-4.295665740966797
2013-01-24 23:00:00,14.955059051513672
2013-01-25 23:00:00,39.565467834472656
2013-01-26 23:00:00,77.62362670898438
2013-01-27 23:00:00,89.20281219482422
2013-01-28 23:00:00,79.553955078125
2013-01-29 23:00:00,62.36576461791992
2013-01-30 23:00:00,58.6861686706543
2013-01-31 23:00:00,50.6468505859375
2013-02-01 23:00:00,46.02066421508789
2013-02-02 23:00:00,55.06733322143555
2013-02-03 23:00:00,68.30223083496094
2013-02-04 23:00:00,99.09783935546875
2013-02-05 23:00:00,132.2674102783203
2013-02-06 23:00:00,155.1417236328125
2013-02-07 23:00:00,133.59144592285156
2013-02-08 23:00:00,90.31352996826172
2013-02-09 23:00:00,69.52945709228516
2013-02-10 23:00:00,44.415771484375
2013-02-11 23:00:00,22.355010986328125
2013-02-12 23:00:00,9.927059173583984
2013-02-13 23:00:00,3.4363021850585938
2013-02-14 23:00:00,-1.3991546630859375
2013-02-15 23:00:00,-3.5595169067382812
2013-02-16 23:00:00,0.3842658996582031
2013-02-17 23:00:00,3.922687530517578
2013-02-18 23:00:00,28.342626571655273
2013-02-19 23:00:00,60.03938293457031
2013-02-20 23:00:00,93.07575988769531
2013-02-21 23:00:00,70.65744018554688
2013-02-22 23:00:00,43.94797134399414
2013-02-23 23:00:00,45.10943603515625
2013-02-24 23:00:00,47.584312438964844
2013-02-25 23:00:00,54.102169036865234
2013-02-26 23:00:00,65.00859069824219
2013-02-27 23:00:00,84.49504089355469
2013-02-28 23:00:00,120.45182800292969
2013-03-01 23:00:00,154.61549377441406
2013-03-02 23:00:00,156.2924346923828
2013-03-03 23:00:00,115.54727172851562
2013-03-04 23:00:00,86.75861358642578
2013-03-05 23:00:00,66.69123840332031
2013-03-06 23:00:00,45.08179473876953
2013-03-07 23:00:00,26.503204345703125
2013-03-08 23:00:00,16.513141632080078
2013-03-09 23:00:00,9.631568908691406
2013-03-10 23:00:00,7.010078430175781
2013-03-11 23:00:00,3.2884559631347656
2013-03-12 23:00:00,11.467761993408203
2013-03-13 23:00:00,20.743549346923828
2013-03-14 23:00:00,37.231346130371094
2013-03-15 23:00:00,48.222877502441406
2013-03-16 23:00:00,38.54963684082031
2013-03-17 23:00:00,34.09147262573242
2013-03-18 23:00:00,31.948806762695312
2013-03-19 23:00:00,41.389102935791016
2013-03-20 23:00:00,57.185001373291016
2013-03-21 23:00:00,57.79274368286133
2013-03-22 23:00:00,80.59799194335938
2013-03-23 23:00:00,106.83901977539062
2013-03-24 23:00:00,128.73577880859375
2013-03-25 23:00:00,146.37118530273438
2013-03-26 23:00:00,120.47370910644531
2013-03-27 23:00:00,92.97900390625
2013-03-28 23:00:00,73.34099578857422
2013-03-29 23:00:00,52.07785415649414
2013-03-30 23:00:00,34.369384765625
2013-03-31 23:00:00,15.809722900390625
2012-12-30 23:00:00,-4.800346374511719
2012-12-31 23:00:00,-14.658958435058594
2013-01-01 23:00:00,-8.241500854492188
2013-01-02 23:00:00,4.048439025878906
2013-01-03 23:00:00,12.476234436035156
2013-01-04 23:00:00,28.847652435302734
2013-01-05 23:00:00,87.2540283203125
2013-01-06 23:00:00,96.02874755859375
2013-01-07 23:00:00,126.02418518066406
2013-01-08 23:00:00,97.61504364013672
2013-01-09 23:00:00,81.36920166015625
2013-01-10 23:00:00,82.76741027832031
2013-01-11 23:00:00,77.30242156982422
2013-01-12 23:00:00,77.8757095336914
2013-01-13 23:00:00,87.98052978515625
2013-01-14 23:00:00,146.4573974609375
2013-01-15 23:00:00,185.98101806640625
2013-01-16 23:00:00,176.9410400390625
2013-01-17 23:00:00,141.9915771484375
2013-01-18 23:00:00,112.24272155761719
2013-01-19 23:00:00,86.32305145263672
2013-01-20 23:00:00,63.02157974243164
2013-01-21 23:00:00,50.874027252197266
2013-01-22 23:00:00,22.527359008789062
2013-01-23 23:00:00,9.01131820678711
2013-01-24 23:00:00,0.46825408935546875
2013-01-25 23:00:00,-10.213569641113281
2013-01-26 23:00:00,-13.532386779785156
2013-01-27 23:00:00,-7.972381591796875
2013-01-28 23:00:00,29.692413330078125
2013-01-29 23:00:00,76.32624053955078
2013-01-30 23:00:00,141.51451110839844
2013-01-31 23:00:00,131.672119140625
2013-02-01 23:00:00,116.43245697021484
2013-02-02 23:00:00,93.72149658203125
2013-02-03 23:00:00,99.06915283203125
2013-02-04 23:00:00,99.2368392944336
2013-02-05 23:00:00,71.16088104248047
2013-02-06 23:00:00,74.6485824584961
2013-02-07 23:00:00,117.35407257080078
2013-02-08 23:00:00,154.09860229492188
2013-02-09 23:00:00,166.24630737304688
2013-02-10 23:00:00,140.93109130859375
2013-02-11 23:00:00,117.65367126464844
2013-02-12 23:00:00,100.58477783203125
2013-02-13 23:00:00,68.08756256103516
2013-02-14 23:00:00,44.02494812011719
2013-02-15 23:00:00,20.015979766845703
