time_stamp,predicted_ans
2024-11-12 00:00:00,-0.17175674438476562
2024-11-12 00:15:00,-0.293249249458313
2024-11-12 00:30:00,-0.43257975578308105
2024-11-12 00:45:00,-0.5664368867874146
2024-11-12 01:00:00,-0.7145995497703552
2024-11-12 01:15:00,-0.8453742265701294
2024-11-12 01:30:00,-0.9884006381034851
2024-11-12 01:45:00,-1.140309453010559
2024-11-12 02:00:00,-1.2917580604553223
2024-11-12 02:15:00,-1.4649107456207275
2024-11-12 02:30:00,-1.6221647262573242
2024-11-12 02:45:00,-1.7956905364990234
2024-11-12 03:00:00,-1.9892237186431885
2024-11-12 03:15:00,-2.146805763244629
2024-11-12 03:30:00,-2.3198142051696777
2024-11-12 03:45:00,-2.4906835556030273
2024-11-12 04:00:00,-2.6150355339050293
2024-11-12 04:15:00,-2.7517967224121094
2024-11-12 04:30:00,-2.8722732067108154
2024-11-12 04:45:00,-2.834024429321289
2024-11-12 05:00:00,-2.8030543327331543
2024-11-12 05:15:00,-2.7067604064941406
2024-11-12 05:30:00,-2.5959839820861816
2024-11-12 05:45:00,-2.356395721435547
2024-11-12 06:00:00,-2.0667755603790283
2024-11-12 06:15:00,-1.6439437866210938
2024-11-12 06:30:00,-1.2578387260437012
2024-11-12 06:45:00,-0.7935708165168762
2024-11-12 07:00:00,-0.2553958296775818
2024-11-12 07:15:00,0.30985236167907715
2024-11-12 07:30:00,0.8942023515701294
2024-11-12 07:45:00,1.4909703731536865
2024-11-12 08:00:00,2.0977425575256348
2024-11-12 08:15:00,2.70818829536438
2024-11-12 08:30:00,3.369262218475342
2024-11-12 08:45:00,4.029343605041504
2024-11-12 09:00:00,4.608712673187256
2024-11-12 09:15:00,5.166602611541748
2024-11-12 09:30:00,5.693173885345459
2024-11-12 09:45:00,6.135525703430176
2024-11-12 10:00:00,6.583308219909668
2024-11-12 10:15:00,6.9699835777282715
2024-11-12 10:30:00,7.268232822418213
2024-11-12 10:45:00,7.492453575134277
2024-11-12 11:00:00,7.700058937072754
2024-11-12 11:15:00,7.81456184387207
2024-11-12 11:30:00,7.887385368347168
2024-11-12 11:45:00,7.970462322235107
2024-11-12 12:00:00,8.009754180908203
2024-11-12 12:15:00,7.983544826507568
2024-11-12 12:30:00,7.869590759277344
2024-11-12 12:45:00,7.6458330154418945
2024-11-12 13:00:00,7.412175178527832
2024-11-12 13:15:00,7.101180553436279
2024-11-12 13:30:00,6.718625068664551
2024-11-12 13:45:00,6.247432708740234
2024-11-12 14:00:00,5.826384544372559
2024-11-12 14:15:00,5.31404447555542
2024-11-12 14:30:00,4.8663859367370605
2024-11-12 14:45:00,4.3338446617126465
2024-11-12 15:00:00,3.734368085861206
2024-11-12 15:15:00,3.1440417766571045
2024-11-12 15:30:00,2.6031785011291504
2024-11-12 15:45:00,2.0485899448394775
2024-11-12 16:00:00,1.4838111400604248
2024-11-12 16:15:00,0.8820322155952454
2024-11-12 16:30:00,0.30178940296173096
2024-11-12 16:45:00,-0.22742408514022827
2024-11-12 17:00:00,-0.682407557964325
2024-11-12 17:15:00,-1.1928446292877197
2024-11-12 17:30:00,-1.6172285079956055
2024-11-12 17:45:00,-1.9841678142547607
2024-11-12 18:00:00,-2.278887987136841
2024-11-12 18:15:00,-2.509286642074585
2024-11-12 18:30:00,-2.6858911514282227
2024-11-12 18:45:00,-2.8482437133789062
2024-11-12 19:00:00,-2.9510109424591064
2024-11-12 19:15:00,-2.994560480117798
2024-11-12 19:30:00,-3.018852710723877
2024-11-12 19:45:00,-2.9984323978424072
2024-11-12 20:00:00,-2.9638144969940186
2024-11-12 20:15:00,-2.909593343734741
2024-11-12 20:30:00,-2.7888996601104736
2024-11-12 20:45:00,-2.6762027740478516
2024-11-12 21:00:00,-2.5147736072540283
2024-11-12 21:15:00,-2.3077826499938965
2024-11-12 21:30:00,-2.1694068908691406
2024-11-12 21:45:00,-1.9629580974578857
2024-11-12 22:00:00,-1.832282304763794
2024-11-12 22:15:00,-1.6845245361328125
2024-11-12 22:30:00,-1.6108160018920898
2024-11-12 22:45:00,-1.5020396709442139
2024-11-12 23:00:00,-1.4525678157806396
2024-11-12 23:15:00,-1.455691933631897
2024-11-12 23:30:00,-1.4720211029052734
2024-11-12 23:45:00,-1.5144997835159302
2024-11-13 00:00:00,-0.06803871210522275
2024-11-13 00:15:00,-0.0660752693488473
2024-11-13 00:30:00,-0.06411182659247185
2024-11-13 00:45:00,-0.06214838383609639
2024-11-13 01:00:00,-0.06018494107972093
2024-11-13 01:15:00,-0.05822149832334548
2024-11-13 01:30:00,-0.05625805556697002
2024-11-13 01:45:00,-0.05429461281059457
2024-11-13 02:00:00,-0.05233117005421911
2024-11-13 02:15:00,-0.050367727297843654
2024-11-13 02:30:00,-0.048404284541468195
2024-11-13 02:45:00,-0.046440841785092744
2024-11-13 03:00:00,-0.04447739902871729
2024-11-13 03:15:00,-0.042513956272341835
2024-11-13 03:30:00,-0.04055051351596638
2024-11-13 03:45:00,-0.03858707075959092
2024-11-13 04:00:00,-0.03662362800321547
2024-11-13 04:15:00,-0.03466018524684001
2024-11-13 04:30:00,-0.03269674249046456
2024-11-13 04:45:00,-0.0307332997340891
2024-11-13 05:00:00,-0.028769856977713643
2024-11-13 05:15:00,-0.02680641422133819
2024-11-13 05:30:00,-0.024842971464962733
2024-11-13 05:45:00,-0.022879528708587275
2024-11-13 06:00:00,-0.020916085952211824
2024-11-13 06:15:00,-0.018952643195836366
2024-11-13 06:30:00,-0.016989200439460915
2024-11-13 06:45:00,-0.015025757683085457
2024-11-13 07:00:00,-0.013062314926709999
2024-11-13 07:15:00,-0.011098872170334548
2024-11-13 07:30:00,-0.00913542941395909
2024-11-13 07:45:00,-0.0071719866575836455
2024-11-13 08:00:00,-0.0052085439012081874
2024-11-13 08:15:00,-0.0032451011448327294
2024-11-13 08:30:00,-0.0012816583884572713
2024-11-13 08:45:00,0.0006817843679181868
2024-11-13 09:00:00,0.002645227124293631
2024-11-13 09:15:00,0.004608669880669089
2024-11-13 09:30:00,0.006572112637044547
2024-11-13 09:45:00,0.008535555393420005
2024-11-13 10:00:00,0.010498998149795463
2024-11-13 10:15:00,0.012462440906170907
2024-11-13 10:30:00,0.014425883662546365
2024-11-13 10:45:00,0.016389326418921824
2024-11-13 11:00:00,0.01835276917529728
2024-11-13 11:15:00,0.02031621193167274
2024-11-13 11:30:00,0.022279654688048184
2024-11-13 11:45:00,0.024243097444423642
2024-11-13 12:00:00,0.0262065402007991
2024-11-13 12:15:00,0.028169982957174558
2024-11-13 12:30:00,0.030133425713550016
2024-11-13 12:45:00,0.032096868469925474
2024-11-13 13:00:00,0.03406031122630092
2024-11-13 13:15:00,0.036023753982676376
2024-11-13 13:30:00,0.037987196739051834
2024-11-13 13:45:00,0.03995063949542729
2024-11-13 14:00:00,0.04191408225180275
2024-11-13 14:15:00,0.043877525008178195
2024-11-13 14:30:00,0.04584096776455365
2024-11-13 14:45:00,0.04780441052092911
2024-11-13 15:00:00,0.04976785327730457
2024-11-13 15:15:00,0.05173129603368003
2024-11-13 15:30:00,0.05369473879005547
2024-11-13 15:45:00,0.05565818154643094
2024-11-13 16:00:00,0.057621624302806415
2024-11-13 16:15:00,0.05958506705918186
2024-11-13 16:30:00,0.061548509815557303
2024-11-13 16:45:00,0.06351195257193278
2024-11-13 17:00:00,0.06547539532830822
2024-11-13 17:15:00,0.06743883808468369
2024-11-13 17:30:00,0.06940228084105914
2024-11-13 17:45:00,0.07136572359743458
2024-11-13 18:00:00,0.07332916635381005
2024-11-13 18:15:00,0.0752926091101855
2024-11-13 18:30:00,0.07725605186656097
2024-11-13 18:45:00,0.07921949462293641
2024-11-13 19:00:00,0.08118293737931186
2024-11-13 19:15:00,0.08314638013568733
2024-11-13 19:30:00,0.08510982289206277
2024-11-13 19:45:00,0.08707326564843824
2024-11-13 20:00:00,0.08903670840481369
2024-11-13 20:15:00,0.09100015116118913
2024-11-13 20:30:00,0.0929635939175646
2024-11-13 20:45:00,0.09492703667394005
2024-11-13 21:00:00,0.09689047943031552
2024-11-13 21:15:00,0.09885392218669097
2024-11-13 21:30:00,0.10081736494306641
2024-11-13 21:45:00,0.10278080769944188
2024-11-13 22:00:00,0.10474425045581733
2024-11-13 22:15:00,0.1067076932121928
2024-11-13 22:30:00,0.10867113596856824
2024-11-13 22:45:00,0.11063457872494371
2024-11-13 23:00:00,0.11259802148131916
2024-11-13 23:15:00,0.1145614642376946
2024-11-13 23:30:00,0.11652490699407007
2024-11-13 23:45:00,0.11848834975044552
2024-11-14 00:00:00,0.04199337959289551
2024-11-14 00:15:00,0.15587446093559265
2024-11-14 00:30:00,0.22249433398246765
2024-11-14 00:45:00,0.049447596073150635
2024-11-14 01:00:00,0.07193133234977722
2024-11-14 01:15:00,0.27569037675857544
2024-11-14 01:30:00,0.34107938408851624
2024-11-14 01:45:00,0.3825061023235321
2024-11-14 02:00:00,0.3376733660697937
2024-11-14 02:15:00,0.46738359332084656
2024-11-14 02:30:00,0.46188923716545105
2024-11-14 02:45:00,0.216740220785141
2024-11-14 03:00:00,0.35588520765304565
2024-11-14 03:15:00,0.4046051800251007
2024-11-14 03:30:00,0.4143880605697632
2024-11-14 03:45:00,0.42605113983154297
2024-11-14 04:00:00,0.358411967754364
2024-11-14 04:15:00,0.5521519184112549
2024-11-14 04:30:00,0.5041325092315674
2024-11-14 04:45:00,0.5739547610282898
2024-11-14 05:00:00,0.666228175163269
2024-11-14 05:15:00,0.5333044528961182
2024-11-14 05:30:00,0.7237752676010132
2024-11-14 05:45:00,0.7331424951553345
2024-11-14 06:00:00,0.7329274415969849
2024-11-14 06:15:00,0.8542846441268921
2024-11-14 06:30:00,0.8773966431617737
2024-11-14 06:45:00,0.8826236724853516
2024-11-14 07:00:00,1.0571496486663818
2024-11-14 07:15:00,1.009541392326355
2024-11-14 07:30:00,1.1819937229156494
2024-11-14 07:45:00,1.1943491697311401
2024-11-14 08:00:00,1.2381770610809326
2024-11-14 08:15:00,1.2982009649276733
2024-11-14 08:30:00,1.3720054626464844
2024-11-14 08:45:00,1.5191841125488281
2024-11-14 09:00:00,1.5323185920715332
2024-11-14 09:15:00,1.7291254997253418
2024-11-14 09:30:00,1.8566856384277344
2024-11-14 09:45:00,1.9290233850479126
2024-11-14 10:00:00,2.05627179145813
2024-11-14 10:15:00,2.26522159576416
2024-11-14 10:30:00,2.2888808250427246
2024-11-14 10:45:00,2.4988455772399902
2024-11-14 11:00:00,2.5607097148895264
2024-11-14 11:15:00,2.37077260017395
2024-11-14 11:30:00,2.530585527420044
2024-11-14 11:45:00,2.6165363788604736
2024-11-14 12:00:00,2.6745529174804688
2024-11-14 12:15:00,2.6379146575927734
2024-11-14 12:30:00,2.668705463409424
2024-11-14 12:45:00,2.6886768341064453
2024-11-14 13:00:00,2.5020225048065186
2024-11-14 13:15:00,2.4108657836914062
2024-11-14 13:30:00,2.529123306274414
2024-11-14 13:45:00,2.272233724594116
2024-11-14 14:00:00,2.121030569076538
2024-11-14 14:15:00,2.120286703109741
2024-11-14 14:30:00,2.0117413997650146
2024-11-14 14:45:00,1.9274338483810425
2024-11-14 15:00:00,1.9176064729690552
2024-11-14 15:15:00,1.8880484104156494
2024-11-14 15:30:00,1.7419651746749878
2024-11-14 15:45:00,1.6392126083374023
2024-11-14 16:00:00,1.5065761804580688
2024-11-14 16:15:00,1.363473892211914
2024-11-14 16:30:00,1.3448681831359863
2024-11-14 16:45:00,1.4162161350250244
2024-11-14 17:00:00,1.2400602102279663
2024-11-14 17:15:00,1.1857061386108398
2024-11-14 17:30:00,1.084459900856018
2024-11-14 17:45:00,0.8474990725517273
2024-11-14 18:00:00,0.814125657081604
2024-11-14 18:15:00,0.7652584314346313
2024-11-14 18:30:00,0.5683805346488953
2024-11-14 18:45:00,0.4100026786327362
2024-11-14 19:00:00,0.5209871530532837
2024-11-14 19:15:00,0.36139535903930664
2024-11-14 19:30:00,0.04879063367843628
2024-11-14 19:45:00,0.10812771320343018
2024-11-14 20:00:00,-0.0028581619262695312
2024-11-14 20:15:00,0.1126038134098053
2024-11-14 20:30:00,0.14477476477622986
2024-11-14 20:45:00,0.050532251596450806
2024-11-14 21:00:00,0.03451120853424072
2024-11-14 21:15:00,0.03323334455490112
2024-11-14 21:30:00,-0.007621198892593384
2024-11-14 21:45:00,-0.0740678608417511
2024-11-14 22:00:00,-0.04126664996147156
2024-11-14 22:15:00,0.011028975248336792
2024-11-14 22:30:00,-0.03669598698616028
2024-11-14 22:45:00,0.07218050956726074
2024-11-14 23:00:00,-0.09465041756629944
2024-11-14 23:15:00,0.17530670762062073
2024-11-14 23:30:00,-0.045386701822280884
2024-11-14 23:45:00,0.06598052382469177
2024-11-15 00:00:00,0.654573917388916
2024-11-15 00:15:00,1.319119930267334
2024-11-15 00:30:00,0.5948529243469238
2024-11-15 00:45:00,0.3361992835998535
2024-11-15 01:00:00,0.3062310218811035
2024-11-15 01:15:00,0.9874863624572754
2024-11-15 01:30:00,1.053579330444336
2024-11-15 01:45:00,0.9936470985412598
2024-11-15 02:00:00,0.5603957176208496
2024-11-15 02:15:00,0.8933901786804199
2024-11-15 02:30:00,1.1685888767242432
2024-11-15 02:45:00,1.2923576831817627
2024-11-15 03:00:00,1.3782145977020264
2024-11-15 03:15:00,0.9730291366577148
2024-11-15 03:30:00,2.296612501144409
2024-11-15 03:45:00,1.5954182147979736
2024-11-15 04:00:00,1.173682689666748
2024-11-15 04:15:00,2.430513381958008
2024-11-15 04:30:00,1.4558343887329102
2024-11-15 04:45:00,2.2712740898132324
2024-11-15 05:00:00,1.5934829711914062
2024-11-15 05:15:00,2.1299824714660645
2024-11-15 05:30:00,1.678377389907837
2024-11-15 05:45:00,1.9342763423919678
2024-11-15 06:00:00,2.4824142456054688
2024-11-15 06:15:00,3.1358516216278076
2024-11-15 06:30:00,2.746790885925293
2024-11-15 06:45:00,3.567126750946045
2024-11-15 07:00:00,3.2172746658325195
2024-11-15 07:15:00,4.81643009185791
2024-11-15 07:30:00,4.995537757873535
2024-11-15 07:45:00,5.278287410736084
2024-11-15 08:00:00,7.070080757141113
2024-11-15 08:15:00,7.973839282989502
2024-11-15 08:30:00,8.939252853393555
2024-11-15 08:45:00,10.58854866027832
2024-11-15 09:00:00,11.323049545288086
2024-11-15 09:15:00,12.373693466186523
2024-11-15 09:30:00,12.748083114624023
2024-11-15 09:45:00,14.494638442993164
2024-11-15 10:00:00,14.731586456298828
2024-11-15 10:15:00,15.39533805847168
2024-11-15 10:30:00,16.052425384521484
2024-11-15 10:45:00,17.064350128173828
2024-11-15 11:00:00,17.903499603271484
2024-11-15 11:15:00,16.65319061279297
2024-11-15 11:30:00,16.43212890625
2024-11-15 11:45:00,17.521259307861328
2024-11-15 12:00:00,17.429935455322266
2024-11-15 12:15:00,17.729581832885742
2024-11-15 12:30:00,17.598636627197266
2024-11-15 12:45:00,17.624704360961914
2024-11-15 13:00:00,16.5253849029541
2024-11-15 13:15:00,16.22408676147461
2024-11-15 13:30:00,16.170936584472656
2024-11-15 13:45:00,15.973886489868164
2024-11-15 14:00:00,15.681169509887695
2024-11-15 14:15:00,15.074531555175781
2024-11-15 14:30:00,14.859813690185547
2024-11-15 14:45:00,14.524690628051758
2024-11-15 15:00:00,14.505970001220703
2024-11-15 15:15:00,13.72128677368164
2024-11-15 15:30:00,13.196783065795898
2024-11-15 15:45:00,12.462665557861328
2024-11-15 16:00:00,11.40268325805664
2024-11-15 16:15:00,10.456050872802734
2024-11-15 16:30:00,10.001590728759766
2024-11-15 16:45:00,8.822901725769043
2024-11-15 17:00:00,7.572645664215088
2024-11-15 17:15:00,6.496265888214111
2024-11-15 17:30:00,6.768010139465332
2024-11-15 17:45:00,4.479349136352539
2024-11-15 18:00:00,4.518438816070557
2024-11-15 18:15:00,3.941681146621704
2024-11-15 18:30:00,2.292600631713867
2024-11-15 18:45:00,1.6800923347473145
2024-11-15 19:00:00,1.4213027954101562
2024-11-15 19:15:00,0.8229122161865234
2024-11-15 19:30:00,-0.15068340301513672
2024-11-15 19:45:00,0.315185546875
2024-11-15 20:00:00,-0.18396329879760742
2024-11-15 20:15:00,-0.626676082611084
2024-11-15 20:30:00,-0.04019737243652344
2024-11-15 20:45:00,-0.46521520614624023
2024-11-15 21:00:00,-0.4409341812133789
2024-11-15 21:15:00,-0.38611268997192383
2024-11-15 21:30:00,-0.2844529151916504
2024-11-15 21:45:00,-0.8256340026855469
2024-11-15 22:00:00,-0.5688371658325195
2024-11-15 22:15:00,0.2329115867614746
2024-11-15 22:30:00,0.06810522079467773
2024-11-15 22:45:00,-0.07459497451782227
2024-11-15 23:00:00,0.4141864776611328
2024-11-15 23:15:00,-0.032624244689941406
2024-11-15 23:30:00,-0.4403243064880371
2024-11-15 23:45:00,0.030272483825683594
2024-11-16 00:00:00,-0.8738842010498047
2024-11-16 00:15:00,-0.9136242866516113
2024-11-16 00:30:00,-1.0524897575378418
2024-11-16 00:45:00,-1.2444300651550293
2024-11-16 01:00:00,-1.2389955520629883
2024-11-16 01:15:00,-1.5578699111938477
2024-11-16 01:30:00,-1.6191978454589844
2024-11-16 01:45:00,-1.473301887512207
2024-11-16 02:00:00,-1.582611083984375
2024-11-16 02:15:00,-1.4695496559143066
2024-11-16 02:30:00,-1.2088322639465332
2024-11-16 02:45:00,-1.4480719566345215
2024-11-16 03:00:00,-1.2241487503051758
2024-11-16 03:15:00,-0.924555778503418
2024-11-16 03:30:00,-1.3867831230163574
2024-11-16 03:45:00,-1.031984806060791
2024-11-16 04:00:00,-0.8363175392150879
2024-11-16 04:15:00,-1.3050365447998047
2024-11-16 04:30:00,-1.278346061706543
2024-11-16 04:45:00,-0.9905591011047363
2024-11-16 05:00:00,-0.8116717338562012
2024-11-16 05:15:00,-0.3103818893432617
2024-11-16 05:30:00,0.2227931022644043
2024-11-16 05:45:00,0.30892324447631836
2024-11-16 06:00:00,1.2396135330200195
2024-11-16 06:15:00,1.667694091796875
2024-11-16 06:30:00,2.86590313911438
2024-11-16 06:45:00,3.7064852714538574
2024-11-16 07:00:00,4.772200584411621
2024-11-16 07:15:00,6.122938632965088
2024-11-16 07:30:00,6.98298454284668
2024-11-16 07:45:00,8.261474609375
2024-11-16 08:00:00,8.937341690063477
2024-11-16 08:15:00,10.329055786132812
2024-11-16 08:30:00,10.603431701660156
2024-11-16 08:45:00,12.61160659790039
2024-11-16 09:00:00,13.399982452392578
2024-11-16 09:15:00,14.278230667114258
2024-11-16 09:30:00,14.86684513092041
2024-11-16 09:45:00,15.344058990478516
2024-11-16 10:00:00,16.048198699951172
2024-11-16 10:15:00,16.31549072265625
2024-11-16 10:30:00,16.38605499267578
2024-11-16 10:45:00,16.82708740234375
2024-11-16 11:00:00,16.706096649169922
2024-11-16 11:15:00,16.468990325927734
2024-11-16 11:30:00,17.07528305053711
2024-11-16 11:45:00,16.287700653076172
2024-11-16 12:00:00,16.680648803710938
2024-11-16 12:15:00,16.147945404052734
2024-11-16 12:30:00,15.972881317138672
2024-11-16 12:45:00,15.400304794311523
2024-11-16 13:00:00,14.903308868408203
2024-11-16 13:15:00,14.703229904174805
2024-11-16 13:30:00,14.052397727966309
2024-11-16 13:45:00,13.5272798538208
2024-11-16 14:00:00,13.187067031860352
2024-11-16 14:15:00,12.176794052124023
2024-11-16 14:30:00,11.509836196899414
2024-11-16 14:45:00,10.499067306518555
2024-11-16 15:00:00,9.732172012329102
2024-11-16 15:15:00,9.119050979614258
2024-11-16 15:30:00,8.277608871459961
2024-11-16 15:45:00,7.156083106994629
2024-11-16 16:00:00,6.204038619995117
2024-11-16 16:15:00,6.028568267822266
2024-11-16 16:30:00,4.873326778411865
2024-11-16 16:45:00,3.914842367172241
2024-11-16 17:00:00,3.3643698692321777
2024-11-16 17:15:00,2.0615360736846924
2024-11-16 17:30:00,1.5908043384552002
2024-11-16 17:45:00,0.6903467178344727
2024-11-16 18:00:00,-0.14174747467041016
2024-11-16 18:15:00,0.04542207717895508
2024-11-16 18:30:00,-0.6706447601318359
2024-11-16 18:45:00,-0.5696854591369629
2024-11-16 19:00:00,-0.5833063125610352
2024-11-16 19:15:00,-0.9147100448608398
2024-11-16 19:30:00,-0.9686870574951172
2024-11-16 19:45:00,-1.3095321655273438
2024-11-16 20:00:00,-0.9665980339050293
2024-11-16 20:15:00,-1.053609848022461
2024-11-16 20:30:00,-0.9188156127929688
2024-11-16 20:45:00,-1.3375730514526367
2024-11-16 21:00:00,-1.282872200012207
2024-11-16 21:15:00,-1.407505989074707
2024-11-16 21:30:00,-1.3936576843261719
2024-11-16 21:45:00,-1.2985401153564453
2024-11-16 22:00:00,-1.3526177406311035
2024-11-16 22:15:00,-1.099654197692871
2024-11-16 22:30:00,-0.5694208145141602
2024-11-16 22:45:00,-0.9022994041442871
2024-11-16 23:00:00,-0.9554862976074219
2024-11-16 23:15:00,-0.877873420715332
2024-11-16 23:30:00,-1.2348532676696777
2024-11-16 23:45:00,-0.8919997215270996
2024-11-17 00:00:00,0.02863478660583496
2024-11-17 00:15:00,-0.07232189178466797
2024-11-17 00:30:00,-0.20188522338867188
2024-11-17 00:45:00,-0.3450140953063965
2024-11-17 01:00:00,-0.5066146850585938
2024-11-17 01:15:00,-0.6867210865020752
2024-11-17 01:30:00,-0.9007850885391235
2024-11-17 01:45:00,-1.115387201309204
2024-11-17 02:00:00,-1.3445782661437988
2024-11-17 02:15:00,-1.5924432277679443
2024-11-17 02:30:00,-1.8688318729400635
2024-11-17 02:45:00,-2.166888952255249
2024-11-17 03:00:00,-2.5215773582458496
2024-11-17 03:15:00,-2.8745040893554688
2024-11-17 03:30:00,-3.2780356407165527
2024-11-17 03:45:00,-3.6802895069122314
2024-11-17 04:00:00,-4.014750003814697
2024-11-17 04:15:00,-4.36365270614624
2024-11-17 04:30:00,-4.721026420593262
2024-11-17 04:45:00,-4.8783392906188965
2024-11-17 05:00:00,-5.0298333168029785
2024-11-17 05:15:00,-5.085812568664551
2024-11-17 05:30:00,-5.128100395202637
2024-11-17 05:45:00,-5.0106964111328125
2024-11-17 06:00:00,-4.835507392883301
2024-11-17 06:15:00,-4.474400997161865
2024-11-17 06:30:00,-4.071887493133545
2024-11-17 06:45:00,-3.5727195739746094
2024-11-17 07:00:00,-2.963294506072998
2024-11-17 07:15:00,-2.2626702785491943
2024-11-17 07:30:00,-1.481093406677246
2024-11-17 07:45:00,-0.6050779819488525
2024-11-17 08:00:00,0.37340033054351807
2024-11-17 08:15:00,1.382872462272644
2024-11-17 08:30:00,2.4339256286621094
2024-11-17 08:45:00,3.4929370880126953
2024-11-17 09:00:00,4.504400253295898
2024-11-17 09:15:00,5.475365161895752
2024-11-17 09:30:00,6.421343803405762
2024-11-17 09:45:00,7.31610631942749
2024-11-17 10:00:00,8.212467193603516
2024-11-17 10:15:00,9.064149856567383
2024-11-17 10:30:00,9.851542472839355
2024-11-17 10:45:00,10.544610977172852
2024-11-17 11:00:00,11.203182220458984
2024-11-17 11:15:00,11.769142150878906
2024-11-17 11:30:00,12.25210189819336
2024-11-17 11:45:00,12.681180000305176
2024-11-17 12:00:00,13.02959156036377
2024-11-17 12:15:00,13.25761890411377
2024-11-17 12:30:00,13.307306289672852
2024-11-17 12:45:00,13.163002014160156
2024-11-17 13:00:00,12.95903205871582
2024-11-17 13:15:00,12.68100357055664
2024-11-17 13:30:00,12.319867134094238
2024-11-17 13:45:00,11.819310188293457
2024-11-17 14:00:00,11.303736686706543
2024-11-17 14:15:00,10.621292114257812
2024-11-17 14:30:00,9.989763259887695
2024-11-17 14:45:00,9.266084671020508
2024-11-17 15:00:00,8.437159538269043
2024-11-17 15:15:00,7.55126953125
2024-11-17 15:30:00,6.610363006591797
2024-11-17 15:45:00,5.663113594055176
2024-11-17 16:00:00,4.674524307250977
2024-11-17 16:15:00,3.677074909210205
2024-11-17 16:30:00,2.679656982421875
2024-11-17 16:45:00,1.7375112771987915
2024-11-17 17:00:00,0.8744289875030518
2024-11-17 17:15:00,0.014267563819885254
2024-11-17 17:30:00,-0.7944004535675049
2024-11-17 17:45:00,-1.5122867822647095
2024-11-17 18:00:00,-2.167447090148926
2024-11-17 18:15:00,-2.7335753440856934
2024-11-17 18:30:00,-3.229877233505249
2024-11-17 18:45:00,-3.6757631301879883
2024-11-17 19:00:00,-4.073229789733887
2024-11-17 19:15:00,-4.3995561599731445
2024-11-17 19:30:00,-4.686741828918457
2024-11-17 19:45:00,-4.884985446929932
2024-11-17 20:00:00,-5.03594970703125
2024-11-17 20:15:00,-5.137943267822266
2024-11-17 20:30:00,-5.083738327026367
2024-11-17 20:45:00,-4.998380661010742
2024-11-17 21:00:00,-4.7980146408081055
2024-11-17 21:15:00,-4.490723609924316
2024-11-17 21:30:00,-4.266533374786377
2024-11-17 21:45:00,-3.878535270690918
2024-11-17 22:00:00,-3.5686395168304443
2024-11-17 22:15:00,-3.2239670753479004
2024-11-17 22:30:00,-2.960111379623413
2024-11-17 22:45:00,-2.667759418487549
2024-11-17 23:00:00,-2.440322160720825
2024-11-17 23:15:00,-2.2848734855651855
2024-11-17 23:30:00,-2.1749305725097656
2024-11-17 23:45:00,-2.122976779937744
2024-11-18 00:00:00,0.2726478576660156
2024-11-18 00:15:00,0.33918046951293945
2024-11-18 00:30:00,0.339724063873291
2024-11-18 00:45:00,-0.08996438980102539
2024-11-18 01:00:00,-0.13790607452392578
2024-11-18 01:15:00,0.6533584594726562
2024-11-18 01:30:00,0.6347079277038574
2024-11-18 01:45:00,0.28006410598754883
2024-11-18 02:00:00,0.2059187889099121
2024-11-18 02:15:00,-0.005422115325927734
2024-11-18 02:30:00,0.6291656494140625
2024-11-18 02:45:00,0.545325756072998
2024-11-18 03:00:00,0.9363536834716797
2024-11-18 03:15:00,0.8604121208190918
2024-11-18 03:30:00,1.744572639465332
2024-11-18 03:45:00,1.2573137283325195
2024-11-18 04:00:00,0.6451482772827148
2024-11-18 04:15:00,1.709752082824707
2024-11-18 04:30:00,1.2443370819091797
2024-11-18 04:45:00,1.5867948532104492
2024-11-18 05:00:00,1.838548183441162
2024-11-18 05:15:00,1.7718424797058105
2024-11-18 05:30:00,1.9993772506713867
2024-11-18 05:45:00,2.108365058898926
2024-11-18 06:00:00,2.0559873580932617
2024-11-18 06:15:00,3.3896446228027344
2024-11-18 06:30:00,3.054314613342285
2024-11-18 06:45:00,3.88230299949646
2024-11-18 07:00:00,4.624977111816406
2024-11-18 07:15:00,5.3808393478393555
2024-11-18 07:30:00,6.867946624755859
2024-11-18 07:45:00,7.855261325836182
2024-11-18 08:00:00,8.80384349822998
2024-11-18 08:15:00,9.661294937133789
2024-11-18 08:30:00,11.169645309448242
2024-11-18 08:45:00,12.349653244018555
2024-11-18 09:00:00,13.609861373901367
2024-11-18 09:15:00,14.161407470703125
2024-11-18 09:30:00,15.42642593383789
2024-11-18 09:45:00,16.792858123779297
2024-11-18 10:00:00,17.14983558654785
2024-11-18 10:15:00,18.475078582763672
2024-11-18 10:30:00,18.31947135925293
2024-11-18 10:45:00,19.409366607666016
2024-11-18 11:00:00,19.333908081054688
2024-11-18 11:15:00,18.62261199951172
2024-11-18 11:30:00,18.350933074951172
2024-11-18 11:45:00,18.67279815673828
2024-11-18 12:00:00,18.602283477783203
2024-11-18 12:15:00,18.259235382080078
2024-11-18 12:30:00,18.195030212402344
2024-11-18 12:45:00,17.883085250854492
2024-11-18 13:00:00,17.77752685546875
2024-11-18 13:15:00,17.218915939331055
2024-11-18 13:30:00,16.767498016357422
2024-11-18 13:45:00,16.445621490478516
2024-11-18 14:00:00,15.856451034545898
2024-11-18 14:15:00,15.260055541992188
2024-11-18 14:30:00,14.66059684753418
2024-11-18 14:45:00,13.190500259399414
2024-11-18 15:00:00,13.365865707397461
2024-11-18 15:15:00,12.914266586303711
2024-11-18 15:30:00,11.906091690063477
2024-11-18 15:45:00,10.929555892944336
2024-11-18 16:00:00,9.846918106079102
2024-11-18 16:15:00,9.100440979003906
2024-11-18 16:30:00,7.331124305725098
2024-11-18 16:45:00,6.406646728515625
2024-11-18 17:00:00,6.263660430908203
2024-11-18 17:15:00,4.613831996917725
2024-11-18 17:30:00,4.006213188171387
2024-11-18 17:45:00,2.7305545806884766
2024-11-18 18:00:00,2.3600053787231445
2024-11-18 18:15:00,1.971877098083496
2024-11-18 18:30:00,1.2502679824829102
2024-11-18 18:45:00,0.5525975227355957
2024-11-18 19:00:00,0.4040093421936035
2024-11-18 19:15:00,0.12872791290283203
2024-11-18 19:30:00,-0.5068783760070801
2024-11-18 19:45:00,-0.3588094711303711
2024-11-18 20:00:00,-0.6605329513549805
2024-11-18 20:15:00,-0.35793542861938477
2024-11-18 20:30:00,-0.8238639831542969
2024-11-18 20:45:00,-0.7168540954589844
2024-11-18 21:00:00,-0.35756397247314453
2024-11-18 21:15:00,-0.4131460189819336
2024-11-18 21:30:00,-0.5388426780700684
2024-11-18 21:45:00,-0.8742880821228027
2024-11-18 22:00:00,0.1112833023071289
2024-11-18 22:15:00,-0.46808719635009766
2024-11-18 22:30:00,-0.36962127685546875
2024-11-18 22:45:00,-0.1292862892150879
2024-11-18 23:00:00,0.11147403717041016
2024-11-18 23:15:00,0.10077142715454102
2024-11-18 23:30:00,-0.5501060485839844
2024-11-18 23:45:00,-0.3980393409729004
2024-11-19 00:00:00,0.5170059204101562
2024-11-19 00:15:00,0.4861164093017578
2024-11-19 00:30:00,0.6716914176940918
2024-11-19 00:45:00,0.4105968475341797
2024-11-19 01:00:00,-0.2555556297302246
2024-11-19 01:15:00,0.9945406913757324
2024-11-19 01:30:00,0.996178150177002
2024-11-19 01:45:00,0.6307134628295898
2024-11-19 02:00:00,0.4567451477050781
2024-11-19 02:15:00,0.7199854850769043
2024-11-19 02:30:00,1.1857609748840332
2024-11-19 02:45:00,0.8322839736938477
2024-11-19 03:00:00,1.4292640686035156
2024-11-19 03:15:00,1.6124706268310547
2024-11-19 03:30:00,2.202118396759033
2024-11-19 03:45:00,1.1409878730773926
2024-11-19 04:00:00,1.1417064666748047
2024-11-19 04:15:00,2.5768566131591797
2024-11-19 04:30:00,1.900559902191162
2024-11-19 04:45:00,2.455578088760376
2024-11-19 05:00:00,3.197756767272949
2024-11-19 05:15:00,2.7356536388397217
2024-11-19 05:30:00,3.3766930103302
2024-11-19 05:45:00,3.4572908878326416
2024-11-19 06:00:00,3.2821104526519775
2024-11-19 06:15:00,4.966235160827637
2024-11-19 06:30:00,4.390189170837402
2024-11-19 06:45:00,5.489706039428711
2024-11-19 07:00:00,6.261935234069824
2024-11-19 07:15:00,6.7458815574646
2024-11-19 07:30:00,7.907280445098877
2024-11-19 07:45:00,8.815390586853027
2024-11-19 08:00:00,9.266130447387695
2024-11-19 08:15:00,10.110681533813477
2024-11-19 08:30:00,11.551680564880371
2024-11-19 08:45:00,12.557557106018066
2024-11-19 09:00:00,13.545418739318848
2024-11-19 09:15:00,14.717046737670898
2024-11-19 09:30:00,16.297462463378906
2024-11-19 09:45:00,17.079368591308594
2024-11-19 10:00:00,17.262645721435547
2024-11-19 10:15:00,18.615610122680664
2024-11-19 10:30:00,18.151914596557617
2024-11-19 10:45:00,19.302490234375
2024-11-19 11:00:00,19.38616943359375
2024-11-19 11:15:00,18.33452033996582
2024-11-19 11:30:00,18.248239517211914
2024-11-19 11:45:00,17.92108917236328
2024-11-19 12:00:00,17.897754669189453
2024-11-19 12:15:00,17.26856803894043
2024-11-19 12:30:00,16.975521087646484
2024-11-19 12:45:00,16.870746612548828
2024-11-19 13:00:00,16.648895263671875
2024-11-19 13:15:00,15.62930965423584
2024-11-19 13:30:00,15.146857261657715
2024-11-19 13:45:00,14.574441909790039
2024-11-19 14:00:00,13.675016403198242
2024-11-19 14:15:00,13.510608673095703
2024-11-19 14:30:00,12.373004913330078
2024-11-19 14:45:00,11.555093765258789
2024-11-19 15:00:00,11.612142562866211
2024-11-19 15:15:00,11.498573303222656
2024-11-19 15:30:00,10.261327743530273
2024-11-19 15:45:00,9.316292762756348
2024-11-19 16:00:00,8.16524600982666
2024-11-19 16:15:00,7.971734046936035
2024-11-19 16:30:00,6.633632659912109
2024-11-19 16:45:00,5.676931381225586
2024-11-19 17:00:00,5.987804412841797
2024-11-19 17:15:00,4.32570743560791
2024-11-19 17:30:00,3.7914507389068604
2024-11-19 17:45:00,2.6752054691314697
2024-11-19 18:00:00,2.3341076374053955
2024-11-19 18:15:00,2.3630194664001465
2024-11-19 18:30:00,1.4761896133422852
2024-11-19 18:45:00,0.6959123611450195
2024-11-19 19:00:00,0.967775821685791
2024-11-19 19:15:00,0.7323603630065918
2024-11-19 19:30:00,-0.09735488891601562
2024-11-19 19:45:00,-0.06866884231567383
2024-11-19 20:00:00,-0.2714347839355469
2024-11-19 20:15:00,0.015809059143066406
2024-11-19 20:30:00,0.0496063232421875
2024-11-19 20:45:00,-0.16217613220214844
2024-11-19 21:00:00,0.12852239608764648
2024-11-19 21:15:00,0.2504854202270508
2024-11-19 21:30:00,-0.09664535522460938
2024-11-19 21:45:00,-0.12345170974731445
2024-11-19 22:00:00,0.6333465576171875
2024-11-19 22:15:00,0.23289775848388672
2024-11-19 22:30:00,0.11902761459350586
2024-11-19 22:45:00,0.5652947425842285
2024-11-19 23:00:00,0.3824429512023926
2024-11-19 23:15:00,0.578763484954834
2024-11-19 23:30:00,-0.05672264099121094
2024-11-19 23:45:00,0.3077402114868164
2024-11-20 00:00:00,0.40493345260620117
2024-11-20 00:15:00,0.2343219518661499
2024-11-20 00:30:00,0.019901514053344727
2024-11-20 00:45:00,-0.2379765510559082
2024-11-20 01:00:00,-0.5351691246032715
2024-11-20 01:15:00,-0.8617678880691528
2024-11-20 01:30:00,-1.2282673120498657
2024-11-20 01:45:00,-1.6120688915252686
2024-11-20 02:00:00,-2.000136613845825
2024-11-20 02:15:00,-2.432302951812744
2024-11-20 02:30:00,-2.835231065750122
2024-11-20 02:45:00,-3.232924461364746
2024-11-20 03:00:00,-3.6377816200256348
2024-11-20 03:15:00,-3.9515910148620605
2024-11-20 03:30:00,-4.293224334716797
2024-11-20 03:45:00,-4.585577011108398
2024-11-20 04:00:00,-4.7368669509887695
2024-11-20 04:15:00,-4.8675689697265625
2024-11-20 04:30:00,-4.962924957275391
2024-11-20 04:45:00,-4.868760585784912
2024-11-20 05:00:00,-4.777950286865234
2024-11-20 05:15:00,-4.594653129577637
2024-11-20 05:30:00,-4.370086669921875
2024-11-20 05:45:00,-4.01352596282959
2024-11-20 06:00:00,-3.6346209049224854
2024-11-20 06:15:00,-3.1205670833587646
2024-11-20 06:30:00,-2.5710880756378174
2024-11-20 06:45:00,-1.9134881496429443
2024-11-20 07:00:00,-1.1673510074615479
2024-11-20 07:15:00,-0.32906484603881836
2024-11-20 07:30:00,0.5429489612579346
2024-11-20 07:45:00,1.4560909271240234
2024-11-20 08:00:00,2.434143304824829
2024-11-20 08:15:00,3.425187110900879
2024-11-20 08:30:00,4.41389274597168
2024-11-20 08:45:00,5.401793479919434
2024-11-20 09:00:00,6.359097480773926
2024-11-20 09:15:00,7.316526889801025
2024-11-20 09:30:00,8.241238594055176
2024-11-20 09:45:00,9.094847679138184
2024-11-20 10:00:00,9.955878257751465
2024-11-20 10:15:00,10.77108097076416
2024-11-20 10:30:00,11.484363555908203
2024-11-20 10:45:00,12.068273544311523
2024-11-20 11:00:00,12.594124794006348
2024-11-20 11:15:00,12.953629493713379
2024-11-20 11:30:00,13.141593933105469
2024-11-20 11:45:00,13.259626388549805
2024-11-20 12:00:00,13.253316879272461
2024-11-20 12:15:00,13.141339302062988
2024-11-20 12:30:00,12.884160041809082
2024-11-20 12:45:00,12.501123428344727
2024-11-20 13:00:00,12.017430305480957
2024-11-20 13:15:00,11.447305679321289
2024-11-20 13:30:00,10.807872772216797
2024-11-20 13:45:00,10.086983680725098
2024-11-20 14:00:00,9.360346794128418
2024-11-20 14:15:00,8.545385360717773
2024-11-20 14:30:00,7.727051258087158
2024-11-20 14:45:00,6.8356428146362305
2024-11-20 15:00:00,5.883180141448975
2024-11-20 15:15:00,4.945633888244629
2024-11-20 15:30:00,4.01430606842041
2024-11-20 15:45:00,3.0898091793060303
2024-11-20 16:00:00,2.1861352920532227
2024-11-20 16:15:00,1.3305156230926514
2024-11-20 16:30:00,0.5130525827407837
2024-11-20 16:45:00,-0.2526437044143677
2024-11-20 17:00:00,-0.9583328366279602
2024-11-20 17:15:00,-1.6572120189666748
2024-11-20 17:30:00,-2.268146276473999
2024-11-20 17:45:00,-2.817662477493286
2024-11-20 18:00:00,-3.3471221923828125
2024-11-20 18:15:00,-3.8224828243255615
2024-11-20 18:30:00,-4.221741199493408
2024-11-20 18:45:00,-4.580204963684082
2024-11-20 19:00:00,-4.857721328735352
2024-11-20 19:15:00,-5.049325466156006
2024-11-20 19:30:00,-5.175563812255859
2024-11-20 19:45:00,-5.200623512268066
2024-11-20 20:00:00,-5.181157112121582
2024-11-20 20:15:00,-5.103560924530029
2024-11-20 20:30:00,-4.8886637687683105
2024-11-20 20:45:00,-4.656814098358154
2024-11-20 21:00:00,-4.338307857513428
2024-11-20 21:15:00,-3.9323253631591797
2024-11-20 21:30:00,-3.619147300720215
2024-11-20 21:45:00,-3.2114548683166504
2024-11-20 22:00:00,-2.876556158065796
2024-11-20 22:15:00,-2.535928249359131
2024-11-20 22:30:00,-2.2733492851257324
2024-11-20 22:45:00,-2.0142602920532227
2024-11-20 23:00:00,-1.826877474784851
2024-11-20 23:15:00,-1.6993882656097412
2024-11-20 23:30:00,-1.6244207620620728
2024-11-20 23:45:00,-1.611401081085205
2024-11-21 00:00:00,0.13541316986083984
2024-11-21 00:15:00,0.03247499465942383
2024-11-21 00:30:00,0.07945394515991211
2024-11-21 00:45:00,0.14553546905517578
2024-11-21 01:00:00,0.12189912796020508
2024-11-21 01:15:00,-0.0029768943786621094
2024-11-21 01:30:00,-0.3460507392883301
2024-11-21 01:45:00,0.37895917892456055
2024-11-21 02:00:00,-1.002171516418457
2024-11-21 02:15:00,-0.3368077278137207
2024-11-21 02:30:00,-1.3773193359375
2024-11-21 02:45:00,-1.4769363403320312
2024-11-21 03:00:00,-0.9252557754516602
2024-11-21 03:15:00,-1.8575725555419922
2024-11-21 03:30:00,-1.1150593757629395
2024-11-21 03:45:00,-2.2203798294067383
2024-11-21 04:00:00,-1.3740506172180176
2024-11-21 04:15:00,-1.4969615936279297
2024-11-21 04:30:00,-1.8960609436035156
2024-11-21 04:45:00,-1.2433409690856934
2024-11-21 05:00:00,-2.056243896484375
2024-11-21 05:15:00,-1.0112643241882324
2024-11-21 05:30:00,-0.10505437850952148
2024-11-21 05:45:00,-0.5276370048522949
2024-11-21 06:00:00,0.17659425735473633
2024-11-21 06:15:00,1.2597169876098633
2024-11-21 06:30:00,2.2072606086730957
2024-11-21 06:45:00,2.316685676574707
2024-11-21 07:00:00,3.595942735671997
2024-11-21 07:15:00,4.702037811279297
2024-11-21 07:30:00,6.106034278869629
2024-11-21 07:45:00,6.670930862426758
2024-11-21 08:00:00,8.924137115478516
2024-11-21 08:15:00,10.18541145324707
2024-11-21 08:30:00,11.161972999572754
2024-11-21 08:45:00,12.504714965820312
2024-11-21 09:00:00,13.887441635131836
2024-11-21 09:15:00,15.333349227905273
2024-11-21 09:30:00,16.0877685546875
2024-11-21 09:45:00,16.45608901977539
2024-11-21 10:00:00,17.92746353149414
2024-11-21 10:15:00,18.516124725341797
2024-11-21 10:30:00,19.615550994873047
2024-11-21 10:45:00,19.915000915527344
2024-11-21 11:00:00,20.64864730834961
2024-11-21 11:15:00,20.641071319580078
2024-11-21 11:30:00,21.534143447875977
2024-11-21 11:45:00,21.721721649169922
2024-11-21 12:00:00,21.76953887939453
2024-11-21 12:15:00,20.68025779724121
2024-11-21 12:30:00,21.44672966003418
2024-11-21 12:45:00,20.930923461914062
2024-11-21 13:00:00,19.85918426513672
2024-11-21 13:15:00,19.628252029418945
2024-11-21 13:30:00,19.35813331604004
2024-11-21 13:45:00,18.253787994384766
2024-11-21 14:00:00,18.017799377441406
2024-11-21 14:15:00,16.357067108154297
2024-11-21 14:30:00,15.281183242797852
2024-11-21 14:45:00,14.81937313079834
2024-11-21 15:00:00,14.078727722167969
2024-11-21 15:15:00,12.717609405517578
2024-11-21 15:30:00,11.415606498718262
2024-11-21 15:45:00,10.643540382385254
2024-11-21 16:00:00,8.706029891967773
2024-11-21 16:15:00,7.900547027587891
2024-11-21 16:30:00,6.453335762023926
2024-11-21 16:45:00,5.44608736038208
2024-11-21 17:00:00,5.453130722045898
2024-11-21 17:15:00,3.8446390628814697
2024-11-21 17:30:00,3.2500436305999756
2024-11-21 17:45:00,1.942854881286621
2024-11-21 18:00:00,1.688185214996338
2024-11-21 18:15:00,0.4442863464355469
2024-11-21 18:30:00,0.05459785461425781
2024-11-21 18:45:00,-0.35361671447753906
2024-11-21 19:00:00,-0.8296332359313965
2024-11-21 19:15:00,-1.6874866485595703
2024-11-21 19:30:00,-0.9826793670654297
2024-11-21 19:45:00,-2.027952194213867
2024-11-21 20:00:00,-2.166192054748535
2024-11-21 20:15:00,-1.7750968933105469
2024-11-21 20:30:00,-1.5663366317749023
2024-11-21 20:45:00,-1.3236546516418457
2024-11-21 21:00:00,-1.586517333984375
2024-11-21 21:15:00,-1.8167295455932617
2024-11-21 21:30:00,-2.0375308990478516
2024-11-21 21:45:00,-1.188845157623291
2024-11-21 22:00:00,-1.0695195198059082
2024-11-21 22:15:00,-1.3270330429077148
2024-11-21 22:30:00,-0.5835323333740234
2024-11-21 22:45:00,-0.9528884887695312
2024-11-21 23:00:00,0.3628201484680176
2024-11-21 23:15:00,-0.45603132247924805
2024-11-21 23:30:00,-0.2514219284057617
2024-11-21 23:45:00,-1.0718021392822266
2024-11-22 00:00:00,0.11879634857177734
2024-11-22 00:15:00,0.007889747619628906
2024-11-22 00:30:00,0.2551112174987793
2024-11-22 00:45:00,0.0803537368774414
2024-11-22 01:00:00,0.3398456573486328
2024-11-22 01:15:00,0.005806922912597656
2024-11-22 01:30:00,-0.2970161437988281
2024-11-22 01:45:00,0.5691514015197754
2024-11-22 02:00:00,-0.9238381385803223
2024-11-22 02:15:00,-0.16683673858642578
2024-11-22 02:30:00,-1.1675682067871094
2024-11-22 02:45:00,-1.297093391418457
2024-11-22 03:00:00,-0.8049778938293457
2024-11-22 03:15:00,-1.8132953643798828
2024-11-22 03:30:00,-1.004626750946045
2024-11-22 03:45:00,-1.8188467025756836
2024-11-22 04:00:00,-1.1089296340942383
2024-11-22 04:15:00,-1.1695828437805176
2024-11-22 04:30:00,-1.6115121841430664
2024-11-22 04:45:00,-1.1929268836975098
2024-11-22 05:00:00,-1.8855504989624023
2024-11-22 05:15:00,-0.9126925468444824
2024-11-22 05:30:00,-0.047556400299072266
2024-11-22 05:45:00,-0.2564377784729004
2024-11-22 06:00:00,0.4011268615722656
2024-11-22 06:15:00,1.277529239654541
2024-11-22 06:30:00,2.174327850341797
2024-11-22 06:45:00,2.248094081878662
2024-11-22 07:00:00,3.725482225418091
2024-11-22 07:15:00,4.788861274719238
2024-11-22 07:30:00,6.380857467651367
2024-11-22 07:45:00,6.720523834228516
2024-11-22 08:00:00,8.965539932250977
2024-11-22 08:15:00,10.296900749206543
2024-11-22 08:30:00,11.250486373901367
2024-11-22 08:45:00,12.682438850402832
2024-11-22 09:00:00,13.629737854003906
2024-11-22 09:15:00,15.061092376708984
2024-11-22 09:30:00,15.924959182739258
2024-11-22 09:45:00,16.394004821777344
2024-11-22 10:00:00,17.783985137939453
2024-11-22 10:15:00,18.128551483154297
2024-11-22 10:30:00,19.292518615722656
2024-11-22 10:45:00,19.532808303833008
2024-11-22 11:00:00,20.435958862304688
2024-11-22 11:15:00,20.24199676513672
2024-11-22 11:30:00,21.176555633544922
2024-11-22 11:45:00,21.383251190185547
2024-11-22 12:00:00,21.513534545898438
2024-11-22 12:15:00,20.26494598388672
2024-11-22 12:30:00,21.067276000976562
2024-11-22 12:45:00,20.775909423828125
2024-11-22 13:00:00,19.837268829345703
2024-11-22 13:15:00,19.30017852783203
2024-11-22 13:30:00,19.392066955566406
2024-11-22 13:45:00,18.1080322265625
2024-11-22 14:00:00,18.00896453857422
2024-11-22 14:15:00,16.304157257080078
2024-11-22 14:30:00,15.440889358520508
2024-11-22 14:45:00,14.919187545776367
2024-11-22 15:00:00,14.287919998168945
2024-11-22 15:15:00,13.023418426513672
2024-11-22 15:30:00,11.572282791137695
2024-11-22 15:45:00,10.725751876831055
2024-11-22 16:00:00,8.946483612060547
2024-11-22 16:15:00,8.423068046569824
2024-11-22 16:30:00,6.65366792678833
2024-11-22 16:45:00,5.5781660079956055
2024-11-22 17:00:00,5.589890003204346
2024-11-22 17:15:00,4.480955600738525
2024-11-22 17:30:00,3.547361135482788
2024-11-22 17:45:00,2.1633009910583496
2024-11-22 18:00:00,1.9106464385986328
2024-11-22 18:15:00,0.5505986213684082
2024-11-22 18:30:00,0.46698808670043945
2024-11-22 18:45:00,-0.0650324821472168
2024-11-22 19:00:00,-0.5628705024719238
2024-11-22 19:15:00,-1.330092430114746
2024-11-22 19:30:00,-0.6192636489868164
2024-11-22 19:45:00,-1.8673477172851562
2024-11-22 20:00:00,-1.7612428665161133
2024-11-22 20:15:00,-1.4608955383300781
2024-11-22 20:30:00,-1.3075671195983887
2024-11-22 20:45:00,-0.9930448532104492
2024-11-22 21:00:00,-1.1953859329223633
2024-11-22 21:15:00,-1.5834770202636719
2024-11-22 21:30:00,-1.883758544921875
2024-11-22 21:45:00,-1.0263257026672363
2024-11-22 22:00:00,-0.8811235427856445
2024-11-22 22:15:00,-1.101731300354004
2024-11-22 22:30:00,-0.6465306282043457
2024-11-22 22:45:00,-0.7400112152099609
2024-11-22 23:00:00,0.5411992073059082
2024-11-22 23:15:00,-0.3870830535888672
2024-11-22 23:30:00,-0.044363975524902344
2024-11-22 23:45:00,-1.0367865562438965
2024-11-23 00:00:00,0.22171688079833984
2024-11-23 00:15:00,0.35834407806396484
2024-11-23 00:30:00,0.5515174865722656
2024-11-23 00:45:00,0.0715036392211914
2024-11-23 01:00:00,-0.23394393920898438
2024-11-23 01:15:00,0.8082966804504395
2024-11-23 01:30:00,0.7272090911865234
2024-11-23 01:45:00,0.2764124870300293
2024-11-23 02:00:00,0.17294073104858398
2024-11-23 02:15:00,0.19771671295166016
2024-11-23 02:30:00,0.5671334266662598
2024-11-23 02:45:00,0.4950985908508301
2024-11-23 03:00:00,0.8750576972961426
2024-11-23 03:15:00,0.8116531372070312
2024-11-23 03:30:00,1.7730531692504883
2024-11-23 03:45:00,1.0930252075195312
2024-11-23 04:00:00,0.5975117683410645
2024-11-23 04:15:00,1.8362932205200195
2024-11-23 04:30:00,1.1179571151733398
2024-11-23 04:45:00,1.609830379486084
2024-11-23 05:00:00,1.8046355247497559
2024-11-23 05:15:00,1.7289304733276367
2024-11-23 05:30:00,1.78759765625
2024-11-23 05:45:00,1.9053583145141602
2024-11-23 06:00:00,1.7876615524291992
2024-11-23 06:15:00,3.0751020908355713
2024-11-23 06:30:00,2.5816733837127686
2024-11-23 06:45:00,3.5266401767730713
2024-11-23 07:00:00,4.2488179206848145
2024-11-23 07:15:00,4.874433517456055
2024-11-23 07:30:00,6.35008430480957
2024-11-23 07:45:00,6.93333101272583
2024-11-23 08:00:00,7.749871730804443
2024-11-23 08:15:00,8.606874465942383
2024-11-23 08:30:00,10.208761215209961
2024-11-23 08:45:00,11.196557998657227
2024-11-23 09:00:00,12.49931526184082
2024-11-23 09:15:00,13.154448509216309
2024-11-23 09:30:00,14.460131645202637
2024-11-23 09:45:00,15.766073226928711
2024-11-23 10:00:00,16.082860946655273
2024-11-23 10:15:00,17.39202117919922
2024-11-23 10:30:00,17.32536506652832
2024-11-23 10:45:00,18.340978622436523
2024-11-23 11:00:00,18.640003204345703
2024-11-23 11:15:00,17.868247985839844
2024-11-23 11:30:00,17.485599517822266
2024-11-23 11:45:00,17.926429748535156
2024-11-23 12:00:00,17.64232635498047
2024-11-23 12:15:00,17.338775634765625
2024-11-23 12:30:00,17.000946044921875
2024-11-23 12:45:00,17.048336029052734
2024-11-23 13:00:00,16.890371322631836
2024-11-23 13:15:00,16.145172119140625
2024-11-23 13:30:00,15.869904518127441
2024-11-23 13:45:00,15.455772399902344
2024-11-23 14:00:00,14.859823226928711
2024-11-23 14:15:00,14.55737590789795
2024-11-23 14:30:00,13.91220474243164
2024-11-23 14:45:00,12.736013412475586
2024-11-23 15:00:00,12.836522102355957
2024-11-23 15:15:00,12.538406372070312
2024-11-23 15:30:00,11.667173385620117
2024-11-23 15:45:00,10.608121871948242
2024-11-23 16:00:00,9.710893630981445
2024-11-23 16:15:00,9.055816650390625
2024-11-23 16:30:00,7.448852062225342
2024-11-23 16:45:00,6.724034309387207
2024-11-23 17:00:00,6.24233341217041
2024-11-23 17:15:00,4.718846321105957
2024-11-23 17:30:00,4.187774181365967
2024-11-23 17:45:00,2.821265697479248
2024-11-23 18:00:00,2.555306911468506
2024-11-23 18:15:00,2.362159252166748
2024-11-23 18:30:00,1.738968849182129
2024-11-23 18:45:00,0.7307791709899902
2024-11-23 19:00:00,0.5762887001037598
2024-11-23 19:15:00,0.44032955169677734
2024-11-23 19:30:00,-0.25566816329956055
2024-11-23 19:45:00,-0.1512446403503418
2024-11-23 20:00:00,-0.44489049911499023
2024-11-23 20:15:00,-0.13377714157104492
2024-11-23 20:30:00,-0.5002450942993164
2024-11-23 20:45:00,-0.43912172317504883
2024-11-23 21:00:00,-0.21281766891479492
2024-11-23 21:15:00,-0.07243585586547852
2024-11-23 21:30:00,-0.4269866943359375
2024-11-23 21:45:00,-0.657130241394043
2024-11-23 22:00:00,0.26721620559692383
2024-11-23 22:15:00,0.0711507797241211
2024-11-23 22:30:00,-0.1274127960205078
2024-11-23 22:45:00,0.26419639587402344
2024-11-23 23:00:00,0.3534383773803711
2024-11-23 23:15:00,0.49234867095947266
2024-11-23 23:30:00,-0.18904876708984375
2024-11-23 23:45:00,0.06089305877685547
2024-11-24 00:00:00,0.0
2024-11-24 00:15:00,0.0
2024-11-24 00:30:00,0.0
2024-11-24 00:45:00,0.0
2024-11-24 01:00:00,0.0
2024-11-24 01:15:00,0.0
2024-11-24 01:30:00,0.0
2024-11-24 01:45:00,0.0
2024-11-24 02:00:00,0.0
2024-11-24 02:15:00,0.0
2024-11-24 02:30:00,0.0
2024-11-24 02:45:00,0.0
2024-11-24 03:00:00,0.0
2024-11-24 03:15:00,0.0
2024-11-24 03:30:00,0.0
2024-11-24 03:45:00,0.0
2024-11-24 04:00:00,0.0
2024-11-24 04:15:00,0.0
2024-11-24 04:30:00,0.0
2024-11-24 04:45:00,0.0
2024-11-24 05:00:00,0.0
2024-11-24 05:15:00,0.0
2024-11-24 05:30:00,0.0
2024-11-24 05:45:00,0.0
2024-11-24 06:00:00,0.0
2024-11-24 06:15:00,0.0
2024-11-24 06:30:00,0.0
2024-11-24 06:45:00,0.0
2024-11-24 07:00:00,0.0
2024-11-24 07:15:00,0.0
2024-11-24 07:30:00,0.0
2024-11-24 07:45:00,0.0
2024-11-24 08:00:00,0.0
2024-11-24 08:15:00,0.0
2024-11-24 08:30:00,0.0
2024-11-24 08:45:00,0.0
2024-11-24 09:00:00,0.0
2024-11-24 09:15:00,0.0
2024-11-24 09:30:00,0.0
2024-11-24 09:45:00,0.0
2024-11-24 10:00:00,0.0
2024-11-24 10:15:00,0.0
2024-11-24 10:30:00,0.0
2024-11-24 10:45:00,0.0
2024-11-24 11:00:00,0.0
2024-11-24 11:15:00,0.0
2024-11-24 11:30:00,0.0
2024-11-24 11:45:00,0.0
2024-11-24 12:00:00,0.0
2024-11-24 12:15:00,0.0
2024-11-24 12:30:00,0.0
2024-11-24 12:45:00,0.0
2024-11-24 13:00:00,0.0
2024-11-24 13:15:00,0.0
2024-11-24 13:30:00,0.0
2024-11-24 13:45:00,0.0
2024-11-24 14:00:00,0.0
2024-11-24 14:15:00,0.0
2024-11-24 14:30:00,0.0
2024-11-24 14:45:00,0.0
2024-11-24 15:00:00,0.0
2024-11-24 15:15:00,0.0
2024-11-24 15:30:00,0.0
2024-11-24 15:45:00,0.0
2024-11-24 16:00:00,0.0
2024-11-24 16:15:00,0.0
2024-11-24 16:30:00,0.0
2024-11-24 16:45:00,0.0
2024-11-24 17:00:00,0.0
2024-11-24 17:15:00,0.0
2024-11-24 17:30:00,0.0
2024-11-24 17:45:00,0.0
2024-11-24 18:00:00,0.0
2024-11-24 18:15:00,0.0
2024-11-24 18:30:00,0.0
2024-11-24 18:45:00,0.0
2024-11-24 19:00:00,0.0
2024-11-24 19:15:00,0.0
2024-11-24 19:30:00,0.0
2024-11-24 19:45:00,0.0
2024-11-24 20:00:00,0.0
2024-11-24 20:15:00,0.0
2024-11-24 20:30:00,0.0
2024-11-24 20:45:00,0.0
2024-11-24 21:00:00,0.0
2024-11-24 21:15:00,0.0
2024-11-24 21:30:00,0.0
2024-11-24 21:45:00,0.0
2024-11-24 22:00:00,0.0
2024-11-24 22:15:00,0.0
2024-11-24 22:30:00,0.0
2024-11-24 22:45:00,0.0
2024-11-24 23:00:00,0.0
2024-11-24 23:15:00,0.0
2024-11-24 23:30:00,0.0
2024-11-24 23:45:00,0.0
2024-11-25 00:00:00,0.0
2024-11-25 00:15:00,0.0
2024-11-25 00:30:00,0.0
2024-11-25 00:45:00,0.0
2024-11-25 01:00:00,0.0
2024-11-25 01:15:00,0.0
2024-11-25 01:30:00,0.0
2024-11-25 01:45:00,0.0
2024-11-25 02:00:00,0.0
2024-11-25 02:15:00,0.0
2024-11-25 02:30:00,0.0
2024-11-25 02:45:00,0.0
2024-11-25 03:00:00,0.0
2024-11-25 03:15:00,0.0
2024-11-25 03:30:00,0.0
2024-11-25 03:45:00,0.0
2024-11-25 04:00:00,0.0
2024-11-25 04:15:00,0.0
2024-11-25 04:30:00,0.0
2024-11-25 04:45:00,0.0
2024-11-25 05:00:00,0.0
2024-11-25 05:15:00,0.0
2024-11-25 05:30:00,0.0
2024-11-25 05:45:00,0.0
2024-11-25 06:00:00,0.0
2024-11-25 06:15:00,0.0
2024-11-25 06:30:00,0.0
2024-11-25 06:45:00,0.0
2024-11-25 07:00:00,0.0
2024-11-25 07:15:00,0.0
2024-11-25 07:30:00,0.0
2024-11-25 07:45:00,0.0
2024-11-25 08:00:00,0.0
2024-11-25 08:15:00,0.0
2024-11-25 08:30:00,0.0
2024-11-25 08:45:00,0.0
2024-11-25 09:00:00,0.0
2024-11-25 09:15:00,0.0
2024-11-25 09:30:00,0.0
2024-11-25 09:45:00,0.0
2024-11-25 10:00:00,0.0
2024-11-25 10:15:00,0.0
2024-11-25 10:30:00,0.0
2024-11-25 10:45:00,0.0
2024-11-25 11:00:00,0.0
2024-11-25 11:15:00,0.0
2024-11-25 11:30:00,0.0
2024-11-25 11:45:00,0.0
2024-11-25 12:00:00,0.0
2024-11-25 12:15:00,0.0
2024-11-25 12:30:00,0.0
2024-11-25 12:45:00,0.0
2024-11-25 13:00:00,0.0
2024-11-25 13:15:00,0.0
2024-11-25 13:30:00,0.0
2024-11-25 13:45:00,0.0
2024-11-25 14:00:00,0.0
2024-11-25 14:15:00,0.0
2024-11-25 14:30:00,0.0
2024-11-25 14:45:00,0.0
2024-11-25 15:00:00,0.0
2024-11-25 15:15:00,0.0
2024-11-25 15:30:00,0.0
2024-11-25 15:45:00,0.0
2024-11-25 16:00:00,0.0
2024-11-25 16:15:00,0.0
2024-11-25 16:30:00,0.0
2024-11-25 16:45:00,0.0
2024-11-25 17:00:00,0.0
2024-11-25 17:15:00,0.0
2024-11-25 17:30:00,0.0
2024-11-25 17:45:00,0.0
2024-11-25 18:00:00,0.0
2024-11-25 18:15:00,0.0
2024-11-25 18:30:00,0.0
2024-11-25 18:45:00,0.0
2024-11-25 19:00:00,0.0
2024-11-25 19:15:00,0.0
2024-11-25 19:30:00,0.0
2024-11-25 19:45:00,0.0
2024-11-25 20:00:00,0.0
2024-11-25 20:15:00,0.0
2024-11-25 20:30:00,0.0
2024-11-25 20:45:00,0.0
2024-11-25 21:00:00,0.0
2024-11-25 21:15:00,0.0
2024-11-25 21:30:00,0.0
2024-11-25 21:45:00,0.0
2024-11-25 22:00:00,0.0
2024-11-25 22:15:00,0.0
2024-11-25 22:30:00,0.0
2024-11-25 22:45:00,0.0
2024-11-25 23:00:00,0.0
2024-11-25 23:15:00,0.0
2024-11-25 23:30:00,0.0
2024-11-25 23:45:00,0.0
2024-11-26 00:00:00,0.2241307497024536
2024-11-26 00:15:00,0.9904899001121521
2024-11-26 00:30:00,1.1811273097991943
2024-11-26 00:45:00,1.3525396585464478
2024-11-26 01:00:00,1.114809513092041
2024-11-26 01:15:00,1.2254855632781982
2024-11-26 01:30:00,1.1437567472457886
2024-11-26 01:45:00,2.5384480953216553
2024-11-26 02:00:00,0.9846872687339783
2024-11-26 02:15:00,1.0827631950378418
2024-11-26 02:30:00,1.261297345161438
2024-11-26 02:45:00,1.5823930501937866
2024-11-26 03:00:00,2.43904709815979
2024-11-26 03:15:00,2.4597787857055664
2024-11-26 03:30:00,2.784865140914917
2024-11-26 03:45:00,2.3107144832611084
2024-11-26 04:00:00,2.6507983207702637
2024-11-26 04:15:00,2.6581201553344727
2024-11-26 04:30:00,4.270671367645264
2024-11-26 04:45:00,4.1259870529174805
2024-11-26 05:00:00,3.0299715995788574
2024-11-26 05:15:00,4.319130897521973
2024-11-26 05:30:00,3.3770852088928223
2024-11-26 05:45:00,4.71814489364624
2024-11-26 06:00:00,5.7454118728637695
2024-11-26 06:15:00,5.985372066497803
2024-11-26 06:30:00,6.802987575531006
2024-11-26 06:45:00,6.723459243774414
2024-11-26 07:00:00,7.014856815338135
2024-11-26 07:15:00,8.154128074645996
2024-11-26 07:30:00,7.560483455657959
2024-11-26 07:45:00,8.560694694519043
2024-11-26 08:00:00,9.985565185546875
2024-11-26 08:15:00,9.426074981689453
2024-11-26 08:30:00,9.7029390335083
2024-11-26 08:45:00,10.568185806274414
2024-11-26 09:00:00,10.745859146118164
2024-11-26 09:15:00,11.462931632995605
2024-11-26 09:30:00,12.051508903503418
2024-11-26 09:45:00,12.975412368774414
2024-11-26 10:00:00,12.951136589050293
2024-11-26 10:15:00,13.223825454711914
2024-11-26 10:30:00,13.191052436828613
2024-11-26 10:45:00,13.338112831115723
2024-11-26 11:00:00,13.886971473693848
2024-11-26 11:15:00,14.799551963806152
2024-11-26 11:30:00,14.277539253234863
2024-11-26 11:45:00,14.320828437805176
2024-11-26 12:00:00,14.979826927185059
2024-11-26 12:15:00,15.543191909790039
2024-11-26 12:30:00,15.324200630187988
2024-11-26 12:45:00,15.195540428161621
2024-11-26 13:00:00,14.902215957641602
2024-11-26 13:15:00,14.6476411819458
2024-11-26 13:30:00,15.463090896606445
2024-11-26 13:45:00,13.481093406677246
2024-11-26 14:00:00,14.694965362548828
2024-11-26 14:15:00,12.804722785949707
2024-11-26 14:30:00,12.766496658325195
2024-11-26 14:45:00,13.844438552856445
2024-11-26 15:00:00,12.762862205505371
2024-11-26 15:15:00,11.851634979248047
2024-11-26 15:30:00,11.745447158813477
2024-11-26 15:45:00,11.400049209594727
2024-11-26 16:00:00,10.757318496704102
2024-11-26 16:15:00,10.36955738067627
2024-11-26 16:30:00,9.478921890258789
2024-11-26 16:45:00,9.842801094055176
2024-11-26 17:00:00,7.931308269500732
2024-11-26 17:15:00,8.90650749206543
2024-11-26 17:30:00,7.755464553833008
2024-11-26 17:45:00,6.6753058433532715
2024-11-26 18:00:00,7.492912769317627
2024-11-26 18:15:00,5.438581466674805
2024-11-26 18:30:00,6.471310138702393
2024-11-26 18:45:00,6.8519721031188965
2024-11-26 19:00:00,6.017599582672119
2024-11-26 19:15:00,6.387047290802002
2024-11-26 19:30:00,5.163020133972168
2024-11-26 19:45:00,6.0645551681518555
2024-11-26 20:00:00,5.269503593444824
2024-11-26 20:15:00,5.149328231811523
2024-11-26 20:30:00,4.788502216339111
2024-11-26 20:45:00,4.1588521003723145
2024-11-26 21:00:00,3.648282527923584
2024-11-26 21:15:00,4.486839771270752
2024-11-26 21:30:00,4.157643795013428
2024-11-26 21:45:00,4.096435070037842
2024-11-26 22:00:00,3.0544934272766113
2024-11-26 22:15:00,2.7228755950927734
2024-11-26 22:30:00,3.087022066116333
2024-11-26 22:45:00,3.694890260696411
2024-11-26 23:00:00,2.5510313510894775
2024-11-26 23:15:00,2.656761646270752
2024-11-26 23:30:00,2.8522109985351562
2024-11-26 23:45:00,2.268810987472534
2024-11-27 00:00:00,0.6618454456329346
2024-11-27 00:15:00,0.747948408126831
2024-11-27 00:30:00,0.6053268909454346
2024-11-27 00:45:00,1.0209496021270752
2024-11-27 01:00:00,0.37786364555358887
2024-11-27 01:15:00,1.309084415435791
2024-11-27 01:30:00,1.5963116884231567
2024-11-27 01:45:00,1.043260097503662
2024-11-27 02:00:00,1.6143193244934082
2024-11-27 02:15:00,1.8612580299377441
2024-11-27 02:30:00,1.8818275928497314
2024-11-27 02:45:00,1.7492268085479736
2024-11-27 03:00:00,1.6072269678115845
2024-11-27 03:15:00,1.9087016582489014
2024-11-27 03:30:00,2.4138078689575195
2024-11-27 03:45:00,2.1535565853118896
2024-11-27 04:00:00,1.7687299251556396
2024-11-27 04:15:00,1.9942493438720703
2024-11-27 04:30:00,2.204272985458374
2024-11-27 04:45:00,2.753838062286377
2024-11-27 05:00:00,3.246948480606079
2024-11-27 05:15:00,2.595886468887329
2024-11-27 05:30:00,2.742525815963745
2024-11-27 05:45:00,4.071728229522705
2024-11-27 06:00:00,3.3910512924194336
2024-11-27 06:15:00,4.5036940574646
2024-11-27 06:30:00,4.895081520080566
2024-11-27 06:45:00,5.744929313659668
2024-11-27 07:00:00,5.640227794647217
2024-11-27 07:15:00,6.734866142272949
2024-11-27 07:30:00,7.495820045471191
2024-11-27 07:45:00,8.185760498046875
2024-11-27 08:00:00,9.23428726196289
2024-11-27 08:15:00,9.493448257446289
2024-11-27 08:30:00,10.186434745788574
2024-11-27 08:45:00,10.885275840759277
2024-11-27 09:00:00,11.283206939697266
2024-11-27 09:15:00,11.849468231201172
2024-11-27 09:30:00,12.444878578186035
2024-11-27 09:45:00,13.342974662780762
2024-11-27 10:00:00,13.14320182800293
2024-11-27 10:15:00,13.210442543029785
2024-11-27 10:30:00,13.336954116821289
2024-11-27 10:45:00,13.175555229187012
2024-11-27 11:00:00,13.24481201171875
2024-11-27 11:15:00,12.468904495239258
2024-11-27 11:30:00,12.393324851989746
2024-11-27 11:45:00,12.323832511901855
2024-11-27 12:00:00,12.080841064453125
2024-11-27 12:15:00,12.314675331115723
2024-11-27 12:30:00,12.156575202941895
2024-11-27 12:45:00,11.559431076049805
2024-11-27 13:00:00,11.560462951660156
2024-11-27 13:15:00,11.76593017578125
2024-11-27 13:30:00,11.434835433959961
2024-11-27 13:45:00,10.854872703552246
2024-11-27 14:00:00,10.835254669189453
2024-11-27 14:15:00,10.913089752197266
2024-11-27 14:30:00,9.649860382080078
2024-11-27 14:45:00,9.385808944702148
2024-11-27 15:00:00,9.168830871582031
2024-11-27 15:15:00,8.748395919799805
2024-11-27 15:30:00,7.85866641998291
2024-11-27 15:45:00,8.02127456665039
2024-11-27 16:00:00,6.735276222229004
2024-11-27 16:15:00,6.288036346435547
2024-11-27 16:30:00,5.63869571685791
2024-11-27 16:45:00,4.389964580535889
2024-11-27 17:00:00,4.276544094085693
2024-11-27 17:15:00,3.610405921936035
2024-11-27 17:30:00,2.802686929702759
2024-11-27 17:45:00,2.2066025733947754
2024-11-27 18:00:00,2.070986747741699
2024-11-27 18:15:00,2.186091899871826
2024-11-27 18:30:00,0.9361846446990967
2024-11-27 18:45:00,0.6696295738220215
2024-11-27 19:00:00,1.300933837890625
2024-11-27 19:15:00,0.7175779342651367
2024-11-27 19:30:00,0.08646059036254883
2024-11-27 19:45:00,0.46199703216552734
2024-11-27 20:00:00,0.015133380889892578
2024-11-27 20:15:00,0.05549311637878418
2024-11-27 20:30:00,-0.0029077529907226562
2024-11-27 20:45:00,-0.500579833984375
2024-11-27 21:00:00,-0.5839149951934814
2024-11-27 21:15:00,-0.1266801357269287
2024-11-27 21:30:00,-0.7986512184143066
2024-11-27 21:45:00,-1.5190472602844238
2024-11-27 22:00:00,-0.31528258323669434
2024-11-27 22:15:00,-1.3736910820007324
2024-11-27 22:30:00,-1.46500825881958
2024-11-27 22:45:00,-1.25689697265625
2024-11-27 23:00:00,-1.2697720527648926
2024-11-27 23:15:00,-1.0140323638916016
2024-11-27 23:30:00,-1.9611949920654297
2024-11-27 23:45:00,-2.2053065299987793
2024-11-28 00:00:00,0.0
2024-11-28 00:15:00,0.0
2024-11-28 00:30:00,0.0
2024-11-28 00:45:00,0.0
2024-11-28 01:00:00,0.0
2024-11-28 01:15:00,0.0
2024-11-28 01:30:00,0.0
2024-11-28 01:45:00,0.0
2024-11-28 02:00:00,0.0
2024-11-28 02:15:00,0.0
2024-11-28 02:30:00,0.0
2024-11-28 02:45:00,0.0
2024-11-28 03:00:00,0.0
2024-11-28 03:15:00,0.0
2024-11-28 03:30:00,0.0
2024-11-28 03:45:00,0.0
2024-11-28 04:00:00,0.0
2024-11-28 04:15:00,0.0
2024-11-28 04:30:00,0.0
2024-11-28 04:45:00,0.0
2024-11-28 05:00:00,0.0
2024-11-28 05:15:00,0.0
2024-11-28 05:30:00,0.0
2024-11-28 05:45:00,0.0
2024-11-28 06:00:00,0.0
2024-11-28 06:15:00,0.0
2024-11-28 06:30:00,0.0
2024-11-28 06:45:00,0.0
2024-11-28 07:00:00,0.0
2024-11-28 07:15:00,0.0
2024-11-28 07:30:00,0.0
2024-11-28 07:45:00,0.0
2024-11-28 08:00:00,0.0
2024-11-28 08:15:00,0.0
2024-11-28 08:30:00,0.0
2024-11-28 08:45:00,0.0
2024-11-28 09:00:00,0.0
2024-11-28 09:15:00,0.0
2024-11-28 09:30:00,0.0
2024-11-28 09:45:00,0.0
2024-11-28 10:00:00,0.0
2024-11-28 10:15:00,0.0
2024-11-28 10:30:00,0.0
2024-11-28 10:45:00,0.0
2024-11-28 11:00:00,0.0
2024-11-28 11:15:00,0.0
2024-11-28 11:30:00,0.0
2024-11-28 11:45:00,0.0
2024-11-28 12:00:00,0.0
2024-11-28 12:15:00,0.0
2024-11-28 12:30:00,0.0
2024-11-28 12:45:00,0.0
2024-11-28 13:00:00,0.0
2024-11-28 13:15:00,0.0
2024-11-28 13:30:00,0.0
2024-11-28 13:45:00,0.0
2024-11-28 14:00:00,0.0
2024-11-28 14:15:00,0.0
2024-11-28 14:30:00,0.0
2024-11-28 14:45:00,0.0
2024-11-28 15:00:00,0.0
2024-11-28 15:15:00,0.0
2024-11-28 15:30:00,0.0
2024-11-28 15:45:00,0.0
2024-11-28 16:00:00,0.0
2024-11-28 16:15:00,0.0
2024-11-28 16:30:00,0.0
2024-11-28 16:45:00,0.0
2024-11-28 17:00:00,0.0
2024-11-28 17:15:00,0.0
2024-11-28 17:30:00,0.0
2024-11-28 17:45:00,0.0
2024-11-28 18:00:00,0.0
2024-11-28 18:15:00,0.0
2024-11-28 18:30:00,0.0
2024-11-28 18:45:00,0.0
2024-11-28 19:00:00,0.0
2024-11-28 19:15:00,0.0
2024-11-28 19:30:00,0.0
2024-11-28 19:45:00,0.0
2024-11-28 20:00:00,0.0
2024-11-28 20:15:00,0.0
2024-11-28 20:30:00,0.0
2024-11-28 20:45:00,0.0
2024-11-28 21:00:00,0.0
2024-11-28 21:15:00,0.0
2024-11-28 21:30:00,0.0
2024-11-28 21:45:00,0.0
2024-11-28 22:00:00,0.0
2024-11-28 22:15:00,0.0
2024-11-28 22:30:00,0.0
2024-11-28 22:45:00,0.0
2024-11-28 23:00:00,0.0
2024-11-28 23:15:00,0.0
2024-11-28 23:30:00,0.0
2024-11-28 23:45:00,0.0
2024-11-29 00:00:00,5.5498247146606445
2024-11-29 00:15:00,5.899712562561035
2024-11-29 00:30:00,6.920414924621582
2024-11-29 00:45:00,7.586823463439941
2024-11-29 01:00:00,7.353819370269775
2024-11-29 01:15:00,7.89589786529541
2024-11-29 01:30:00,8.684686660766602
2024-11-29 01:45:00,9.46310806274414
2024-11-29 02:00:00,10.531782150268555
2024-11-29 02:15:00,11.13133716583252
2024-11-29 02:30:00,11.726349830627441
2024-11-29 02:45:00,12.489371299743652
2024-11-29 03:00:00,13.056926727294922
2024-11-29 03:15:00,13.285636901855469
2024-11-29 03:30:00,13.622889518737793
2024-11-29 03:45:00,13.806259155273438
2024-11-29 04:00:00,14.609447479248047
2024-11-29 04:15:00,14.272936820983887
2024-11-29 04:30:00,14.014415740966797
2024-11-29 04:45:00,14.901140213012695
2024-11-29 05:00:00,13.114421844482422
2024-11-29 05:15:00,14.138572692871094
2024-11-29 05:30:00,15.310901641845703
2024-11-29 05:45:00,14.741034507751465
2024-11-29 06:00:00,16.792232513427734
2024-11-29 06:15:00,17.021480560302734
2024-11-29 06:30:00,16.66299057006836
2024-11-29 06:45:00,14.966263771057129
2024-11-29 07:00:00,14.013922691345215
2024-11-29 07:15:00,16.821407318115234
2024-11-29 07:30:00,15.854297637939453
2024-11-29 07:45:00,14.947983741760254
2024-11-29 08:00:00,15.79584789276123
2024-11-29 08:15:00,17.539297103881836
2024-11-29 08:30:00,15.76678466796875
2024-11-29 08:45:00,18.602144241333008
2024-11-29 09:00:00,17.02080535888672
2024-11-29 09:15:00,17.163822174072266
2024-11-29 09:30:00,17.205181121826172
2024-11-29 09:45:00,16.837024688720703
2024-11-29 10:00:00,15.870589256286621
2024-11-29 10:15:00,16.220428466796875
2024-11-29 10:30:00,15.532669067382812
2024-11-29 10:45:00,15.351692199707031
2024-11-29 11:00:00,16.529953002929688
2024-11-29 11:15:00,15.29595947265625
2024-11-29 11:30:00,14.317553520202637
2024-11-29 11:45:00,14.432703971862793
2024-11-29 12:00:00,13.546677589416504
2024-11-29 12:15:00,14.00988483428955
2024-11-29 12:30:00,12.24294376373291
2024-11-29 12:45:00,12.11086654663086
2024-11-29 13:00:00,9.612981796264648
2024-11-29 13:15:00,11.035082817077637
2024-11-29 13:30:00,10.982404708862305
2024-11-29 13:45:00,10.46033763885498
2024-11-29 14:00:00,11.253279685974121
2024-11-29 14:15:00,10.754915237426758
2024-11-29 14:30:00,10.039466857910156
2024-11-29 14:45:00,9.39849853515625
2024-11-29 15:00:00,10.257692337036133
2024-11-29 15:15:00,10.010960578918457
2024-11-29 15:30:00,10.734040260314941
2024-11-29 15:45:00,9.264851570129395
2024-11-29 16:00:00,10.202499389648438
2024-11-29 16:15:00,9.172464370727539
2024-11-29 16:30:00,10.712128639221191
2024-11-29 16:45:00,8.768280982971191
2024-11-29 17:00:00,7.867381572723389
2024-11-29 17:15:00,8.901204109191895
2024-11-29 17:30:00,8.769893646240234
2024-11-29 17:45:00,7.644316673278809
2024-11-29 18:00:00,6.459917068481445
2024-11-29 18:15:00,8.145606994628906
2024-11-29 18:30:00,8.293758392333984
2024-11-29 18:45:00,7.815060138702393
2024-11-29 19:00:00,5.04698371887207
2024-11-29 19:15:00,5.848119735717773
2024-11-29 19:30:00,5.847775459289551
2024-11-29 19:45:00,7.246734619140625
2024-11-29 20:00:00,6.373130798339844
2024-11-29 20:15:00,5.788656234741211
2024-11-29 20:30:00,6.328166961669922
2024-11-29 20:45:00,6.941226959228516
2024-11-29 21:00:00,5.440906047821045
2024-11-29 21:15:00,6.65358304977417
2024-11-29 21:30:00,5.321475028991699
2024-11-29 21:45:00,5.756330966949463
2024-11-29 22:00:00,7.243438243865967
2024-11-29 22:15:00,6.122339248657227
2024-11-29 22:30:00,6.77011775970459
2024-11-29 22:45:00,6.696868419647217
2024-11-29 23:00:00,4.813920021057129
2024-11-29 23:15:00,9.255672454833984
2024-11-29 23:30:00,7.289933681488037
2024-11-29 23:45:00,6.329826831817627
2024-11-30 00:00:00,0.32608747482299805
2024-11-30 00:15:00,-0.31522274017333984
2024-11-30 00:30:00,0.4904766082763672
2024-11-30 00:45:00,-0.47956228256225586
2024-11-30 01:00:00,-0.23560333251953125
2024-11-30 01:15:00,0.317171573638916
2024-11-30 01:30:00,0.6433172225952148
2024-11-30 01:45:00,0.04435443878173828
2024-11-30 02:00:00,0.7417201995849609
2024-11-30 02:15:00,0.3073263168334961
2024-11-30 02:30:00,0.7453722953796387
2024-11-30 02:45:00,0.35430288314819336
2024-11-30 03:00:00,1.057018756866455
2024-11-30 03:15:00,0.9780421257019043
2024-11-30 03:30:00,1.4979403018951416
2024-11-30 03:45:00,0.8432826995849609
2024-11-30 04:00:00,0.717106819152832
2024-11-30 04:15:00,1.705937147140503
2024-11-30 04:30:00,1.7282860279083252
2024-11-30 04:45:00,1.9550261497497559
2024-11-30 05:00:00,1.541182518005371
2024-11-30 05:15:00,1.4603838920593262
2024-11-30 05:30:00,2.2730050086975098
2024-11-30 05:45:00,2.2792534828186035
2024-11-30 06:00:00,1.5384011268615723
2024-11-30 06:15:00,2.9699573516845703
2024-11-30 06:30:00,2.4643383026123047
2024-11-30 06:45:00,3.4531002044677734
2024-11-30 07:00:00,4.294370174407959
2024-11-30 07:15:00,5.048696041107178
2024-11-30 07:30:00,6.43172025680542
2024-11-30 07:45:00,7.227944374084473
2024-11-30 08:00:00,6.581651210784912
2024-11-30 08:15:00,8.046184539794922
2024-11-30 08:30:00,8.859206199645996
2024-11-30 08:45:00,10.249980926513672
2024-11-30 09:00:00,10.766263961791992
2024-11-30 09:15:00,11.99068832397461
2024-11-30 09:30:00,13.547029495239258
2024-11-30 09:45:00,14.246744155883789
2024-11-30 10:00:00,14.095643997192383
2024-11-30 10:15:00,15.552274703979492
2024-11-30 10:30:00,15.034770965576172
2024-11-30 10:45:00,15.909004211425781
2024-11-30 11:00:00,16.169601440429688
2024-11-30 11:15:00,15.106266021728516
2024-11-30 11:30:00,15.820566177368164
2024-11-30 11:45:00,15.658164978027344
2024-11-30 12:00:00,15.572469711303711
2024-11-30 12:15:00,15.192428588867188
2024-11-30 12:30:00,15.453699111938477
2024-11-30 12:45:00,14.981517791748047
2024-11-30 13:00:00,16.0622615814209
2024-11-30 13:15:00,14.74755859375
2024-11-30 13:30:00,14.175901412963867
2024-11-30 13:45:00,14.028871536254883
2024-11-30 14:00:00,13.340133666992188
2024-11-30 14:15:00,12.64944076538086
2024-11-30 14:30:00,11.755083084106445
2024-11-30 14:45:00,10.675445556640625
2024-11-30 15:00:00,11.260801315307617
2024-11-30 15:15:00,10.273351669311523
2024-11-30 15:30:00,9.553803443908691
2024-11-30 15:45:00,9.053925514221191
2024-11-30 16:00:00,7.708214282989502
2024-11-30 16:15:00,7.845155715942383
2024-11-30 16:30:00,5.81563138961792
2024-11-30 16:45:00,5.259837627410889
2024-11-30 17:00:00,5.469545364379883
2024-11-30 17:15:00,3.914268970489502
2024-11-30 17:30:00,3.542916774749756
2024-11-30 17:45:00,2.5265884399414062
2024-11-30 18:00:00,1.7722265720367432
2024-11-30 18:15:00,1.9127521514892578
2024-11-30 18:30:00,0.584935188293457
2024-11-30 18:45:00,0.44214582443237305
2024-11-30 19:00:00,0.7337932586669922
2024-11-30 19:15:00,0.3954310417175293
2024-11-30 19:30:00,-0.33011817932128906
2024-11-30 19:45:00,-0.7389202117919922
2024-11-30 20:00:00,-0.4033517837524414
2024-11-30 20:15:00,-0.7842602729797363
2024-11-30 20:30:00,-0.48418331146240234
2024-11-30 20:45:00,-0.7089314460754395
2024-11-30 21:00:00,-0.11177444458007812
2024-11-30 21:15:00,-0.2783055305480957
2024-11-30 21:30:00,-0.08817148208618164
2024-11-30 21:45:00,-0.6413278579711914
2024-11-30 22:00:00,-0.05846881866455078
2024-11-30 22:15:00,-0.2053537368774414
2024-11-30 22:30:00,-0.2013254165649414
2024-11-30 22:45:00,-0.275327205657959
2024-11-30 23:00:00,-0.08103132247924805
2024-11-30 23:15:00,-0.31204795837402344
2024-11-30 23:30:00,-0.4072575569152832
2024-11-30 23:45:00,-0.4237637519836426
2024-12-01 00:00:00,0.0
2024-12-01 00:15:00,0.0
2024-12-01 00:30:00,0.0
2024-12-01 00:45:00,0.0
2024-12-01 01:00:00,0.0
2024-12-01 01:15:00,0.0
2024-12-01 01:30:00,0.0
2024-12-01 01:45:00,0.0
2024-12-01 02:00:00,0.0
2024-12-01 02:15:00,0.0
2024-12-01 02:30:00,0.0
2024-12-01 02:45:00,0.0
2024-12-01 03:00:00,0.0
2024-12-01 03:15:00,0.0
2024-12-01 03:30:00,0.0
2024-12-01 03:45:00,0.0
2024-12-01 04:00:00,0.0
2024-12-01 04:15:00,0.0
2024-12-01 04:30:00,0.0
2024-12-01 04:45:00,0.0
2024-12-01 05:00:00,0.0
2024-12-01 05:15:00,0.0
2024-12-01 05:30:00,0.0
2024-12-01 05:45:00,0.0
2024-12-01 06:00:00,0.0
2024-12-01 06:15:00,0.0
2024-12-01 06:30:00,0.0
2024-12-01 06:45:00,0.0
2024-12-01 07:00:00,0.0
2024-12-01 07:15:00,0.0
2024-12-01 07:30:00,0.0
2024-12-01 07:45:00,0.0
2024-12-01 08:00:00,0.0
2024-12-01 08:15:00,0.0
2024-12-01 08:30:00,0.0
2024-12-01 08:45:00,0.0
2024-12-01 09:00:00,0.0
2024-12-01 09:15:00,0.0
2024-12-01 09:30:00,0.0
2024-12-01 09:45:00,0.0
2024-12-01 10:00:00,0.0
2024-12-01 10:15:00,0.0
2024-12-01 10:30:00,0.0
2024-12-01 10:45:00,0.0
2024-12-01 11:00:00,0.0
2024-12-01 11:15:00,0.0
2024-12-01 11:30:00,0.0
2024-12-01 11:45:00,0.0
2024-12-01 12:00:00,0.0
2024-12-01 12:15:00,0.0
2024-12-01 12:30:00,0.0
2024-12-01 12:45:00,0.0
2024-12-01 13:00:00,0.0
2024-12-01 13:15:00,0.0
2024-12-01 13:30:00,0.0
2024-12-01 13:45:00,0.0
2024-12-01 14:00:00,0.0
2024-12-01 14:15:00,0.0
2024-12-01 14:30:00,0.0
2024-12-01 14:45:00,0.0
2024-12-01 15:00:00,0.0
2024-12-01 15:15:00,0.0
2024-12-01 15:30:00,0.0
2024-12-01 15:45:00,0.0
2024-12-01 16:00:00,0.0
2024-12-01 16:15:00,0.0
2024-12-01 16:30:00,0.0
2024-12-01 16:45:00,0.0
2024-12-01 17:00:00,0.0
2024-12-01 17:15:00,0.0
2024-12-01 17:30:00,0.0
2024-12-01 17:45:00,0.0
2024-12-01 18:00:00,0.0
2024-12-01 18:15:00,0.0
2024-12-01 18:30:00,0.0
2024-12-01 18:45:00,0.0
2024-12-01 19:00:00,0.0
2024-12-01 19:15:00,0.0
2024-12-01 19:30:00,0.0
2024-12-01 19:45:00,0.0
2024-12-01 20:00:00,0.0
2024-12-01 20:15:00,0.0
2024-12-01 20:30:00,0.0
2024-12-01 20:45:00,0.0
2024-12-01 21:00:00,0.0
2024-12-01 21:15:00,0.0
2024-12-01 21:30:00,0.0
2024-12-01 21:45:00,0.0
2024-12-01 22:00:00,0.0
2024-12-01 22:15:00,0.0
2024-12-01 22:30:00,0.0
2024-12-01 22:45:00,0.0
2024-12-01 23:00:00,0.0
2024-12-01 23:15:00,0.0
2024-12-01 23:30:00,0.0
2024-12-01 23:45:00,0.0
2024-12-02 00:00:00,-0.022256851196289062
2024-12-02 00:15:00,0.18229389190673828
2024-12-02 00:30:00,0.2946000099182129
2024-12-02 00:45:00,-0.07097578048706055
2024-12-02 01:00:00,-0.41920995712280273
2024-12-02 01:15:00,0.6319770812988281
2024-12-02 01:30:00,0.7013802528381348
2024-12-02 01:45:00,0.338623046875
2024-12-02 02:00:00,0.48898792266845703
2024-12-02 02:15:00,0.5028390884399414
2024-12-02 02:30:00,1.21636962890625
2024-12-02 02:45:00,1.204559326171875
2024-12-02 03:00:00,1.4043283462524414
2024-12-02 03:15:00,1.4831962585449219
2024-12-02 03:30:00,2.659740447998047
2024-12-02 03:45:00,1.9069881439208984
2024-12-02 04:00:00,1.6166296005249023
2024-12-02 04:15:00,2.73403263092041
2024-12-02 04:30:00,2.1847517490386963
2024-12-02 04:45:00,2.767704963684082
2024-12-02 05:00:00,2.9844818115234375
2024-12-02 05:15:00,2.7927000522613525
2024-12-02 05:30:00,2.689714193344116
2024-12-02 05:45:00,3.123572587966919
2024-12-02 06:00:00,3.1312763690948486
2024-12-02 06:15:00,4.335968971252441
2024-12-02 06:30:00,4.146039962768555
2024-12-02 06:45:00,4.973500728607178
2024-12-02 07:00:00,5.171060562133789
2024-12-02 07:15:00,5.9447197914123535
2024-12-02 07:30:00,7.1482038497924805
2024-12-02 07:45:00,7.613288402557373
2024-12-02 08:00:00,8.791034698486328
2024-12-02 08:15:00,9.623159408569336
2024-12-02 08:30:00,10.982654571533203
2024-12-02 08:45:00,11.766145706176758
2024-12-02 09:00:00,13.107372283935547
2024-12-02 09:15:00,13.638410568237305
2024-12-02 09:30:00,14.709186553955078
2024-12-02 09:45:00,15.937423706054688
2024-12-02 10:00:00,16.384456634521484
2024-12-02 10:15:00,17.377548217773438
2024-12-02 10:30:00,17.359418869018555
2024-12-02 10:45:00,18.055709838867188
2024-12-02 11:00:00,18.215795516967773
2024-12-02 11:15:00,17.5268497467041
2024-12-02 11:30:00,16.853601455688477
2024-12-02 11:45:00,17.374189376831055
2024-12-02 12:00:00,17.05582046508789
2024-12-02 12:15:00,16.727279663085938
2024-12-02 12:30:00,16.439064025878906
2024-12-02 12:45:00,16.289390563964844
2024-12-02 13:00:00,16.167818069458008
2024-12-02 13:15:00,15.205902099609375
2024-12-02 13:30:00,15.262491226196289
2024-12-02 13:45:00,14.775522232055664
2024-12-02 14:00:00,14.130126953125
2024-12-02 14:15:00,14.069658279418945
2024-12-02 14:30:00,13.138819694519043
2024-12-02 14:45:00,12.368444442749023
2024-12-02 15:00:00,12.189676284790039
2024-12-02 15:15:00,12.299727439880371
2024-12-02 15:30:00,11.398653030395508
2024-12-02 15:45:00,10.344097137451172
2024-12-02 16:00:00,9.443710327148438
2024-12-02 16:15:00,8.90959644317627
2024-12-02 16:30:00,7.349157810211182
2024-12-02 16:45:00,6.146880149841309
2024-12-02 17:00:00,6.083424091339111
2024-12-02 17:15:00,4.474686622619629
2024-12-02 17:30:00,4.076577186584473
2024-12-02 17:45:00,2.849384069442749
2024-12-02 18:00:00,2.5107152462005615
2024-12-02 18:15:00,2.36271071434021
2024-12-02 18:30:00,1.8264970779418945
2024-12-02 18:45:00,0.6663212776184082
2024-12-02 19:00:00,0.6844296455383301
2024-12-02 19:15:00,0.23165225982666016
2024-12-02 19:30:00,-0.46916675567626953
2024-12-02 19:45:00,-0.12190675735473633
2024-12-02 20:00:00,-0.7298188209533691
2024-12-02 20:15:00,-0.2404780387878418
2024-12-02 20:30:00,-0.7498202323913574
2024-12-02 20:45:00,-0.9167842864990234
2024-12-02 21:00:00,-0.5889959335327148
2024-12-02 21:15:00,-0.7128357887268066
2024-12-02 21:30:00,-1.0834922790527344
2024-12-02 21:45:00,-1.177663803100586
2024-12-02 22:00:00,-0.0503087043762207
2024-12-02 22:15:00,-0.8001337051391602
2024-12-02 22:30:00,-0.622215747833252
2024-12-02 22:45:00,-0.30391359329223633
2024-12-02 23:00:00,-0.2533249855041504
2024-12-02 23:15:00,0.010619163513183594
2024-12-02 23:30:00,-0.8355445861816406
2024-12-02 23:45:00,-0.7516212463378906
2024-12-03 00:00:00,0.5118699073791504
2024-12-03 00:15:00,-0.03701353073120117
2024-12-03 00:30:00,0.24704694747924805
2024-12-03 00:45:00,0.33388853073120117
2024-12-03 01:00:00,0.4756431579589844
2024-12-03 01:15:00,0.11274242401123047
2024-12-03 01:30:00,-0.022140026092529297
2024-12-03 01:45:00,0.7802376747131348
2024-12-03 02:00:00,-0.6002569198608398
2024-12-03 02:15:00,0.19916868209838867
2024-12-03 02:30:00,-0.6477184295654297
2024-12-03 02:45:00,-0.9228525161743164
2024-12-03 03:00:00,-0.46376895904541016
2024-12-03 03:15:00,-1.0826416015625
2024-12-03 03:30:00,-0.3436298370361328
2024-12-03 03:45:00,-0.7219352722167969
2024-12-03 04:00:00,-0.33674144744873047
2024-12-03 04:15:00,-0.36963558197021484
2024-12-03 04:30:00,-0.9313397407531738
2024-12-03 04:45:00,-0.6459736824035645
2024-12-03 05:00:00,-1.1909518241882324
2024-12-03 05:15:00,-0.6564149856567383
2024-12-03 05:30:00,0.595395565032959
2024-12-03 05:45:00,0.21734857559204102
2024-12-03 06:00:00,0.5249752998352051
2024-12-03 06:15:00,1.4262571334838867
2024-12-03 06:30:00,1.9028127193450928
2024-12-03 06:45:00,1.954617977142334
2024-12-03 07:00:00,3.3031859397888184
2024-12-03 07:15:00,4.2764387130737305
2024-12-03 07:30:00,5.903625011444092
2024-12-03 07:45:00,5.485293865203857
2024-12-03 08:00:00,7.608621597290039
2024-12-03 08:15:00,8.830489158630371
2024-12-03 08:30:00,9.623523712158203
2024-12-03 08:45:00,11.287975311279297
2024-12-03 09:00:00,11.632434844970703
2024-12-03 09:15:00,12.839128494262695
2024-12-03 09:30:00,13.691448211669922
2024-12-03 09:45:00,14.294659614562988
2024-12-03 10:00:00,15.421897888183594
2024-12-03 10:15:00,15.262296676635742
2024-12-03 10:30:00,16.50234603881836
2024-12-03 10:45:00,16.454795837402344
2024-12-03 11:00:00,17.67724609375
2024-12-03 11:15:00,16.98227310180664
2024-12-03 11:30:00,18.027828216552734
2024-12-03 11:45:00,18.507953643798828
2024-12-03 12:00:00,18.615421295166016
2024-12-03 12:15:00,17.437496185302734
2024-12-03 12:30:00,18.4281005859375
2024-12-03 12:45:00,17.776519775390625
2024-12-03 13:00:00,17.112770080566406
2024-12-03 13:15:00,16.730728149414062
2024-12-03 13:30:00,16.868202209472656
2024-12-03 13:45:00,15.514603614807129
2024-12-03 14:00:00,15.751910209655762
2024-12-03 14:15:00,14.186403274536133
2024-12-03 14:30:00,13.564191818237305
2024-12-03 14:45:00,13.023521423339844
2024-12-03 15:00:00,12.483346939086914
2024-12-03 15:15:00,11.637002944946289
2024-12-03 15:30:00,10.171426773071289
2024-12-03 15:45:00,9.560420989990234
2024-12-03 16:00:00,7.973602294921875
2024-12-03 16:15:00,7.478667259216309
2024-12-03 16:30:00,5.781467437744141
2024-12-03 16:45:00,4.51892614364624
2024-12-03 17:00:00,5.135919094085693
2024-12-03 17:15:00,4.521141052246094
2024-12-03 17:30:00,3.1067752838134766
2024-12-03 17:45:00,2.159184217453003
2024-12-03 18:00:00,1.7113642692565918
2024-12-03 18:15:00,0.34551429748535156
2024-12-03 18:30:00,0.37009429931640625
2024-12-03 18:45:00,-0.1475086212158203
2024-12-03 19:00:00,-0.7125701904296875
2024-12-03 19:15:00,-1.272355079650879
2024-12-03 19:30:00,-0.5339865684509277
2024-12-03 19:45:00,-1.9381403923034668
2024-12-03 20:00:00,-1.5667171478271484
2024-12-03 20:15:00,-1.5537137985229492
2024-12-03 20:30:00,-1.1637334823608398
2024-12-03 20:45:00,-1.3082222938537598
2024-12-03 21:00:00,-1.2561049461364746
2024-12-03 21:15:00,-1.672144889831543
2024-12-03 21:30:00,-1.940096378326416
2024-12-03 21:45:00,-1.1988162994384766
2024-12-03 22:00:00,-0.9298534393310547
2024-12-03 22:15:00,-1.3764667510986328
2024-12-03 22:30:00,-0.9734559059143066
2024-12-03 22:45:00,-0.8746337890625
2024-12-03 23:00:00,0.2631497383117676
2024-12-03 23:15:00,-0.6961126327514648
2024-12-03 23:30:00,-0.2757124900817871
2024-12-03 23:45:00,-0.9131307601928711
2024-12-04 00:00:00,0.2866840362548828
2024-12-04 00:15:00,0.40836429595947266
2024-12-04 00:30:00,0.550900936126709
2024-12-04 00:45:00,-0.21001434326171875
2024-12-04 01:00:00,-0.36420154571533203
2024-12-04 01:15:00,0.8785786628723145
2024-12-04 01:30:00,0.687807559967041
2024-12-04 01:45:00,0.3845639228820801
2024-12-04 02:00:00,0.2519688606262207
2024-12-04 02:15:00,0.2558112144470215
2024-12-04 02:30:00,0.8071384429931641
2024-12-04 02:45:00,0.7172946929931641
2024-12-04 03:00:00,1.1181983947753906
2024-12-04 03:15:00,1.0728392601013184
2024-12-04 03:30:00,2.181023120880127
2024-12-04 03:45:00,1.4017705917358398
2024-12-04 04:00:00,0.8630161285400391
2024-12-04 04:15:00,2.2253317832946777
2024-12-04 04:30:00,1.5064268112182617
2024-12-04 04:45:00,2.1439361572265625
2024-12-04 05:00:00,2.3784632682800293
2024-12-04 05:15:00,2.315084457397461
2024-12-04 05:30:00,2.317084789276123
2024-12-04 05:45:00,2.381113052368164
2024-12-04 06:00:00,2.4685168266296387
2024-12-04 06:15:00,3.781313896179199
2024-12-04 06:30:00,3.2880191802978516
2024-12-04 06:45:00,4.167868614196777
2024-12-04 07:00:00,4.746763706207275
2024-12-04 07:15:00,5.624197959899902
2024-12-04 07:30:00,6.922562122344971
2024-12-04 07:45:00,7.5278706550598145
2024-12-04 08:00:00,8.51192569732666
2024-12-04 08:15:00,9.271720886230469
2024-12-04 08:30:00,11.047113418579102
2024-12-04 08:45:00,12.074069023132324
2024-12-04 09:00:00,13.585203170776367
2024-12-04 09:15:00,14.31686782836914
2024-12-04 09:30:00,15.789036750793457
2024-12-04 09:45:00,17.14437484741211
2024-12-04 10:00:00,17.66714096069336
2024-12-04 10:15:00,19.077205657958984
2024-12-04 10:30:00,19.130647659301758
2024-12-04 10:45:00,20.41952133178711
2024-12-04 11:00:00,20.788414001464844
2024-12-04 11:15:00,19.844261169433594
2024-12-04 11:30:00,19.63909149169922
2024-12-04 11:45:00,20.209762573242188
2024-12-04 12:00:00,19.832218170166016
2024-12-04 12:15:00,19.821762084960938
2024-12-04 12:30:00,19.31000328063965
2024-12-04 12:45:00,19.369976043701172
2024-12-04 13:00:00,18.993549346923828
2024-12-04 13:15:00,18.185060501098633
2024-12-04 13:30:00,17.896060943603516
2024-12-04 13:45:00,17.198223114013672
2024-12-04 14:00:00,16.47972297668457
2024-12-04 14:15:00,16.149276733398438
2024-12-04 14:30:00,15.530030250549316
2024-12-04 14:45:00,14.23590087890625
2024-12-04 15:00:00,14.366308212280273
2024-12-04 15:15:00,13.983918190002441
2024-12-04 15:30:00,13.046792984008789
2024-12-04 15:45:00,12.034136772155762
2024-12-04 16:00:00,11.003904342651367
2024-12-04 16:15:00,10.221421241760254
2024-12-04 16:30:00,8.634156227111816
2024-12-04 16:45:00,7.624088764190674
2024-12-04 17:00:00,7.408654689788818
2024-12-04 17:15:00,5.843703746795654
2024-12-04 17:30:00,5.390768051147461
2024-12-04 17:45:00,3.876530885696411
2024-12-04 18:00:00,3.422888994216919
2024-12-04 18:15:00,3.0672616958618164
2024-12-04 18:30:00,2.184907913208008
2024-12-04 18:45:00,1.1833524703979492
2024-12-04 19:00:00,0.9144020080566406
2024-12-04 19:15:00,0.5107512474060059
2024-12-04 19:30:00,-0.3531479835510254
2024-12-04 19:45:00,-0.2582554817199707
2024-12-04 20:00:00,-0.6457352638244629
2024-12-04 20:15:00,-0.373626708984375
2024-12-04 20:30:00,-0.7250986099243164
2024-12-04 20:45:00,-0.7954630851745605
2024-12-04 21:00:00,-0.4082355499267578
2024-12-04 21:15:00,-0.30242061614990234
2024-12-04 21:30:00,-0.5505237579345703
2024-12-04 21:45:00,-0.6238827705383301
2024-12-04 22:00:00,0.3975028991699219
2024-12-04 22:15:00,-0.06124067306518555
2024-12-04 22:30:00,0.08146858215332031
2024-12-04 22:45:00,0.3665127754211426
2024-12-04 23:00:00,0.43184804916381836
2024-12-04 23:15:00,0.6424684524536133
2024-12-04 23:30:00,-0.19006872177124023
2024-12-04 23:45:00,-0.04664897918701172
2024-12-05 00:00:00,-0.04600156326706867
2024-12-05 00:15:00,-0.04200356408095908
2024-12-05 00:30:00,-0.038005564894849506
2024-12-05 00:45:00,-0.03400756570873992
2024-12-05 01:00:00,-0.03000956652263034
2024-12-05 01:15:00,-0.02601156733652076
2024-12-05 01:30:00,-0.022013568150411177
2024-12-05 01:45:00,-0.018015568964301593
2024-12-05 02:00:00,-0.014017569778192011
2024-12-05 02:15:00,-0.01001957059208243
2024-12-05 02:30:00,-0.006021571405972849
2024-12-05 02:45:00,-0.0020235722198632677
2024-12-05 03:00:00,0.0019744269662463135
2024-12-05 03:15:00,0.005972426152355895
2024-12-05 03:30:00,0.009970425338465476
2024-12-05 03:45:00,0.013968424524575057
2024-12-05 04:00:00,0.01796642371068463
2024-12-05 04:15:00,0.02196442289679422
2024-12-05 04:30:00,0.025962422082903794
2024-12-05 04:45:00,0.029960421269013382
2024-12-05 05:00:00,0.033958420455122956
2024-12-05 05:15:00,0.037956419641232544
2024-12-05 05:30:00,0.04195441882734212
2024-12-05 05:45:00,0.04595241801345171
2024-12-05 06:00:00,0.04995041719956128
2024-12-05 06:15:00,0.05394841638567087
2024-12-05 06:30:00,0.057946415571780444
2024-12-05 06:45:00,0.06194441475789003
2024-12-05 07:00:00,0.0659424139439996
2024-12-05 07:15:00,0.0699404131301092
2024-12-05 07:30:00,0.07393841231621877
2024-12-05 07:45:00,0.07793641150232836
2024-12-05 08:00:00,0.08193441068843793
2024-12-05 08:15:00,0.0859324098745475
2024-12-05 08:30:00,0.08993040906065711
2024-12-05 08:45:00,0.09392840824676668
2024-12-05 09:00:00,0.09792640743287626
2024-12-05 09:15:00,0.10192440661898583
2024-12-05 09:30:00,0.10592240580509543
2024-12-05 09:45:00,0.109920404991205
2024-12-05 10:00:00,0.11391840417731458
2024-12-05 10:15:00,0.11791640336342415
2024-12-05 10:30:00,0.12191440254953376
2024-12-05 10:45:00,0.12591240173564333
2024-12-05 11:00:00,0.1299104009217529
2024-12-05 11:15:00,0.13390840010786248
2024-12-05 11:30:00,0.13790639929397208
2024-12-05 11:45:00,0.14190439848008166
2024-12-05 12:00:00,0.14590239766619123
2024-12-05 12:15:00,0.1499003968523008
2024-12-05 12:30:00,0.1538983960384104
2024-12-05 12:45:00,0.15789639522451998
2024-12-05 13:00:00,0.16189439441062956
2024-12-05 13:15:00,0.16589239359673913
2024-12-05 13:30:00,0.16989039278284873
2024-12-05 13:45:00,0.1738883919689583
2024-12-05 14:00:00,0.17788639115506788
2024-12-05 14:15:00,0.18188439034117745
2024-12-05 14:30:00,0.18588238952728706
2024-12-05 14:45:00,0.18988038871339663
2024-12-05 15:00:00,0.1938783878995062
2024-12-05 15:15:00,0.19787638708561578
2024-12-05 15:30:00,0.20187438627172538
2024-12-05 15:45:00,0.20587238545783493
2024-12-05 16:00:00,0.20987038464394453
2024-12-05 16:15:00,0.21386838383005408
2024-12-05 16:30:00,0.21786638301616368
2024-12-05 16:45:00,0.22186438220227322
2024-12-05 17:00:00,0.22586238138838283
2024-12-05 17:15:00,0.22986038057449243
2024-12-05 17:30:00,0.23385837976060198
2024-12-05 17:45:00,0.23785637894671158
2024-12-05 18:00:00,0.24185437813282118
2024-12-05 18:15:00,0.24585237731893073
2024-12-05 18:30:00,0.24985037650504033
2024-12-05 18:45:00,0.2538483756911499
2024-12-05 19:00:00,0.2578463748772595
2024-12-05 19:15:00,0.2618443740633691
2024-12-05 19:30:00,0.2658423732494786
2024-12-05 19:45:00,0.2698403724355882
2024-12-05 20:00:00,0.27383837162169783
2024-12-05 20:15:00,0.2778363708078074
2024-12-05 20:30:00,0.281834369993917
2024-12-05 20:45:00,0.2858323691800265
2024-12-05 21:00:00,0.2898303683661361
2024-12-05 21:15:00,0.29382836755224573
2024-12-05 21:30:00,0.2978263667383553
2024-12-05 21:45:00,0.3018243659244649
2024-12-05 22:00:00,0.3058223651105745
2024-12-05 22:15:00,0.309820364296684
2024-12-05 22:30:00,0.3138183634827936
2024-12-05 22:45:00,0.3178163626689032
2024-12-05 23:00:00,0.3218143618550128
2024-12-05 23:15:00,0.3258123610411224
2024-12-05 23:30:00,0.3298103602272319
2024-12-05 23:45:00,0.3338083594133415
2024-12-06 00:00:00,-0.27666330337524414
2024-12-06 00:15:00,-0.285886287689209
2024-12-06 00:30:00,-0.36181020736694336
2024-12-06 00:45:00,-0.44677209854125977
2024-12-06 01:00:00,-0.4849252700805664
2024-12-06 01:15:00,-0.36086225509643555
2024-12-06 01:30:00,-0.10226583480834961
2024-12-06 01:45:00,0.29306960105895996
2024-12-06 02:00:00,-0.15998315811157227
2024-12-06 02:15:00,-0.448366641998291
2024-12-06 02:30:00,0.03533577919006348
2024-12-06 02:45:00,0.36023950576782227
2024-12-06 03:00:00,0.3306286334991455
2024-12-06 03:15:00,0.7909917831420898
2024-12-06 03:30:00,0.7178504467010498
2024-12-06 03:45:00,0.9932553768157959
2024-12-06 04:00:00,1.1865415573120117
2024-12-06 04:15:00,1.9108836650848389
2024-12-06 04:30:00,2.4904565811157227
2024-12-06 04:45:00,2.736650228500366
2024-12-06 05:00:00,1.6839933395385742
2024-12-06 05:15:00,1.923408031463623
2024-12-06 05:30:00,2.415925979614258
2024-12-06 05:45:00,2.817432403564453
2024-12-06 06:00:00,2.694565773010254
2024-12-06 06:15:00,3.904637575149536
2024-12-06 06:30:00,4.033629417419434
2024-12-06 06:45:00,4.58457612991333
2024-12-06 07:00:00,5.483327865600586
2024-12-06 07:15:00,6.158073425292969
2024-12-06 07:30:00,7.1701436042785645
2024-12-06 07:45:00,8.060595512390137
2024-12-06 08:00:00,9.705184936523438
2024-12-06 08:15:00,9.399805068969727
2024-12-06 08:30:00,10.540426254272461
2024-12-06 08:45:00,12.446554183959961
2024-12-06 09:00:00,12.090957641601562
2024-12-06 09:15:00,12.915423393249512
2024-12-06 09:30:00,13.678654670715332
2024-12-06 09:45:00,15.265127182006836
2024-12-06 10:00:00,16.032527923583984
2024-12-06 10:15:00,16.431968688964844
2024-12-06 10:30:00,16.417797088623047
2024-12-06 10:45:00,17.447898864746094
2024-12-06 11:00:00,17.375654220581055
2024-12-06 11:15:00,16.5959415435791
2024-12-06 11:30:00,17.315658569335938
2024-12-06 11:45:00,17.226131439208984
2024-12-06 12:00:00,17.69927215576172
2024-12-06 12:15:00,17.521835327148438
2024-12-06 12:30:00,18.079978942871094
2024-12-06 12:45:00,16.976110458374023
2024-12-06 13:00:00,17.092254638671875
2024-12-06 13:15:00,16.182416915893555
2024-12-06 13:30:00,16.438613891601562
2024-12-06 13:45:00,15.505311012268066
2024-12-06 14:00:00,15.732272148132324
2024-12-06 14:15:00,13.308067321777344
2024-12-06 14:30:00,14.156588554382324
2024-12-06 14:45:00,13.030497550964355
2024-12-06 15:00:00,12.266241073608398
2024-12-06 15:15:00,11.298233032226562
2024-12-06 15:30:00,11.011241912841797
2024-12-06 15:45:00,10.330709457397461
2024-12-06 16:00:00,9.583362579345703
2024-12-06 16:15:00,8.336540222167969
2024-12-06 16:30:00,6.937681674957275
2024-12-06 16:45:00,7.317291259765625
2024-12-06 17:00:00,5.753528594970703
2024-12-06 17:15:00,4.9124860763549805
2024-12-06 17:30:00,3.942993402481079
2024-12-06 17:45:00,2.914543628692627
2024-12-06 18:00:00,2.8208189010620117
2024-12-06 18:15:00,1.0840754508972168
2024-12-06 18:30:00,0.9333863258361816
2024-12-06 18:45:00,0.5555193424224854
2024-12-06 19:00:00,1.4578218460083008
2024-12-06 19:15:00,1.1331732273101807
2024-12-06 19:30:00,-0.4048442840576172
2024-12-06 19:45:00,-0.28757762908935547
2024-12-06 20:00:00,-0.4788169860839844
2024-12-06 20:15:00,0.6662728786468506
2024-12-06 20:30:00,0.40488243103027344
2024-12-06 20:45:00,-0.007712364196777344
2024-12-06 21:00:00,-0.33057212829589844
2024-12-06 21:15:00,-0.4822263717651367
2024-12-06 21:30:00,-0.7264933586120605
2024-12-06 21:45:00,-0.6208004951477051
2024-12-06 22:00:00,-0.28947019577026367
2024-12-06 22:15:00,-1.0468955039978027
2024-12-06 22:30:00,-1.1074390411376953
2024-12-06 22:45:00,-0.5865602493286133
2024-12-06 23:00:00,-0.6976451873779297
2024-12-06 23:15:00,-0.20717906951904297
2024-12-06 23:30:00,-1.229515552520752
2024-12-06 23:45:00,-0.3276839256286621
2024-12-07 00:00:00,0.6746844053268433
2024-12-07 00:15:00,0.7939419150352478
2024-12-07 00:30:00,0.9234786629676819
2024-12-07 00:45:00,1.1100560426712036
2024-12-07 01:00:00,1.2822235822677612
2024-12-07 01:15:00,1.3876012563705444
2024-12-07 01:30:00,1.5072486400604248
2024-12-07 01:45:00,1.6244882345199585
2024-12-07 02:00:00,1.7345774173736572
2024-12-07 02:15:00,1.8315247297286987
2024-12-07 02:30:00,1.972060203552246
2024-12-07 02:45:00,1.9382984638214111
2024-12-07 03:00:00,1.8957663774490356
2024-12-07 03:15:00,1.8887678384780884
2024-12-07 03:30:00,1.9802067279815674
2024-12-07 03:45:00,2.097210168838501
2024-12-07 04:00:00,2.237027406692505
2024-12-07 04:15:00,2.380568027496338
2024-12-07 04:30:00,2.5382778644561768
2024-12-07 04:45:00,2.697178840637207
2024-12-07 05:00:00,2.8290114402770996
2024-12-07 05:15:00,2.928515911102295
2024-12-07 05:30:00,3.0944504737854004
2024-12-07 05:45:00,3.1554672718048096
2024-12-07 06:00:00,3.1233315467834473
2024-12-07 06:15:00,3.121204376220703
2024-12-07 06:30:00,3.194958209991455
2024-12-07 06:45:00,3.2104387283325195
2024-12-07 07:00:00,3.213669538497925
2024-12-07 07:15:00,3.2293386459350586
2024-12-07 07:30:00,3.2565207481384277
2024-12-07 07:45:00,3.1223292350769043
2024-12-07 08:00:00,3.1483638286590576
2024-12-07 08:15:00,3.236624240875244
2024-12-07 08:30:00,3.2583351135253906
2024-12-07 08:45:00,3.2899646759033203
2024-12-07 09:00:00,3.343905210494995
2024-12-07 09:15:00,3.342663526535034
2024-12-07 09:30:00,3.4216485023498535
2024-12-07 09:45:00,3.3989789485931396
2024-12-07 10:00:00,3.3610050678253174
2024-12-07 10:15:00,3.285550832748413
2024-12-07 10:30:00,3.276306629180908
2024-12-07 10:45:00,3.3436717987060547
2024-12-07 11:00:00,3.3020339012145996
2024-12-07 11:15:00,3.26873779296875
2024-12-07 11:30:00,3.2621893882751465
2024-12-07 11:45:00,3.1791188716888428
2024-12-07 12:00:00,2.9317193031311035
2024-12-07 12:15:00,2.8657519817352295
2024-12-07 12:30:00,2.820608377456665
2024-12-07 12:45:00,2.758962631225586
2024-12-07 13:00:00,2.7192296981811523
2024-12-07 13:15:00,2.7103495597839355
2024-12-07 13:30:00,2.657804489135742
2024-12-07 13:45:00,2.5630924701690674
2024-12-07 14:00:00,2.556805372238159
2024-12-07 14:15:00,2.6035728454589844
2024-12-07 14:30:00,2.5772085189819336
2024-12-07 14:45:00,2.509702205657959
2024-12-07 15:00:00,2.4611623287200928
2024-12-07 15:15:00,2.4148762226104736
2024-12-07 15:30:00,2.4211525917053223
2024-12-07 15:45:00,2.4594316482543945
2024-12-07 16:00:00,2.467585563659668
2024-12-07 16:15:00,2.4199490547180176
2024-12-07 16:30:00,2.2944960594177246
2024-12-07 16:45:00,2.2345950603485107
2024-12-07 17:00:00,2.1873066425323486
2024-12-07 17:15:00,2.106566905975342
2024-12-07 17:30:00,2.0369820594787598
2024-12-07 17:45:00,2.0189778804779053
2024-12-07 18:00:00,2.034982204437256
2024-12-07 18:15:00,2.0665318965911865
2024-12-07 18:30:00,2.1182117462158203
2024-12-07 18:45:00,2.180832624435425
2024-12-07 19:00:00,2.250338554382324
2024-12-07 19:15:00,2.2051291465759277
2024-12-07 19:30:00,2.0668587684631348
2024-12-07 19:45:00,1.8842164278030396
2024-12-07 20:00:00,1.6786881685256958
2024-12-07 20:15:00,1.490809440612793
2024-12-07 20:30:00,1.2611223459243774
2024-12-07 20:45:00,0.8390285968780518
2024-12-07 21:00:00,0.4220231771469116
2024-12-07 21:15:00,-0.14253288507461548
2024-12-07 21:30:00,-0.12839490175247192
2024-12-07 21:45:00,-0.2794273793697357
2024-12-07 22:00:00,-0.5299392938613892
2024-12-07 22:15:00,-0.7988071441650391
2024-12-07 22:30:00,-1.0619882345199585
2024-12-07 22:45:00,-1.321086049079895
2024-12-07 23:00:00,-1.5788577795028687
2024-12-07 23:15:00,-1.8325284719467163
2024-12-07 23:30:00,-2.003054618835449
2024-12-07 23:45:00,-2.2269814014434814
2024-12-08 00:00:00,-0.06480353489818484
2024-12-08 00:15:00,-0.05961091417110943
2024-12-08 00:30:00,-0.05441829344403403
2024-12-08 00:45:00,-0.04922567271695862
2024-12-08 01:00:00,-0.044033051989883214
2024-12-08 01:15:00,-0.03884043126280781
2024-12-08 01:30:00,-0.0336478105357324
2024-12-08 01:45:00,-0.028455189808656994
2024-12-08 02:00:00,-0.023262569081581586
2024-12-08 02:15:00,-0.018069948354506177
2024-12-08 02:30:00,-0.012877327627430775
2024-12-08 02:45:00,-0.007684706900355366
2024-12-08 03:00:00,-0.0024920861732799643
2024-12-08 03:15:00,0.0027005345537954445
2024-12-08 03:30:00,0.007893155280870853
2024-12-08 03:45:00,0.013085776007946262
2024-12-08 04:00:00,0.01827839673502167
2024-12-08 04:15:00,0.02347101746209708
2024-12-08 04:30:00,0.02866363818917249
2024-12-08 04:45:00,0.0338562589162479
2024-12-08 05:00:00,0.03904887964332329
2024-12-08 05:15:00,0.0442415003703987
2024-12-08 05:30:00,0.04943412109747411
2024-12-08 05:45:00,0.05462674182454952
2024-12-08 06:00:00,0.05981936255162493
2024-12-08 06:15:00,0.06501198327870034
2024-12-08 06:30:00,0.07020460400577574
2024-12-08 06:45:00,0.07539722473285115
2024-12-08 07:00:00,0.08058984545992656
2024-12-08 07:15:00,0.08578246618700197
2024-12-08 07:30:00,0.09097508691407738
2024-12-08 07:45:00,0.09616770764115279
2024-12-08 08:00:00,0.10136032836822817
2024-12-08 08:15:00,0.10655294909530358
2024-12-08 08:30:00,0.11174556982237899
2024-12-08 08:45:00,0.1169381905494544
2024-12-08 09:00:00,0.1221308112765298
2024-12-08 09:15:00,0.1273234320036052
2024-12-08 09:30:00,0.13251605273068062
2024-12-08 09:45:00,0.13770867345775603
2024-12-08 10:00:00,0.14290129418483144
2024-12-08 10:15:00,0.14809391491190685
2024-12-08 10:30:00,0.15328653563898226
2024-12-08 10:45:00,0.15847915636605767
2024-12-08 11:00:00,0.16367177709313308
2024-12-08 11:15:00,0.16886439782020848
2024-12-08 11:30:00,0.1740570185472839
2024-12-08 11:45:00,0.1792496392743593
2024-12-08 12:00:00,0.1844422600014347
2024-12-08 12:15:00,0.1896348807285101
2024-12-08 12:30:00,0.19482750145558553
2024-12-08 12:45:00,0.2000201221826609
2024-12-08 13:00:00,0.20521274290973635
2024-12-08 13:15:00,0.21040536363681173
2024-12-08 13:30:00,0.21559798436388716
2024-12-08 13:45:00,0.22079060509096254
2024-12-08 14:00:00,0.22598322581803792
2024-12-08 14:15:00,0.23117584654511336
2024-12-08 14:30:00,0.23636846727218874
2024-12-08 14:45:00,0.24156108799926418
2024-12-08 15:00:00,0.24675370872633956
2024-12-08 15:15:00,0.251946329453415
2024-12-08 15:30:00,0.2571389501804904
2024-12-08 15:45:00,0.26233157090756576
2024-12-08 16:00:00,0.2675241916346412
2024-12-08 16:15:00,0.2727168123617166
2024-12-08 16:30:00,0.27790943308879196
2024-12-08 16:45:00,0.2831020538158674
2024-12-08 17:00:00,0.2882946745429428
2024-12-08 17:15:00,0.2934872952700182
2024-12-08 17:30:00,0.2986799159970936
2024-12-08 17:45:00,0.30387253672416903
2024-12-08 18:00:00,0.3090651574512444
2024-12-08 18:15:00,0.31425777817831985
2024-12-08 18:30:00,0.3194503989053952
2024-12-08 18:45:00,0.32464301963247066
2024-12-08 19:00:00,0.32983564035954605
2024-12-08 19:15:00,0.3350282610866215
2024-12-08 19:30:00,0.34022088181369686
2024-12-08 19:45:00,0.3454135025407723
2024-12-08 20:00:00,0.3506061232678477
2024-12-08 20:15:00,0.3557987439949231
2024-12-08 20:30:00,0.3609913647219985
2024-12-08 20:45:00,0.3661839854490739
2024-12-08 21:00:00,0.3713766061761493
2024-12-08 21:15:00,0.3765692269032247
2024-12-08 21:30:00,0.38176184763030013
2024-12-08 21:45:00,0.3869544683573755
2024-12-08 22:00:00,0.39214708908445095
2024-12-08 22:15:00,0.39733970981152633
2024-12-08 22:30:00,0.40253233053860177
2024-12-08 22:45:00,0.40772495126567715
2024-12-08 23:00:00,0.4129175719927526
2024-12-08 23:15:00,0.41811019271982797
2024-12-08 23:30:00,0.4233028134469034
2024-12-08 23:45:00,0.4284954341739788
2024-12-09 00:00:00,-0.0747966473960944
2024-12-09 00:15:00,-0.06959385303906783
2024-12-09 00:30:00,-0.06439105868204126
2024-12-09 00:45:00,-0.059188264325014686
2024-12-09 01:00:00,-0.05398546996798812
2024-12-09 01:15:00,-0.04878267561096155
2024-12-09 01:30:00,-0.043579881253934985
2024-12-09 01:45:00,-0.03837708689690841
2024-12-09 02:00:00,-0.03317429253988184
2024-12-09 02:15:00,-0.027971498182855277
2024-12-09 02:30:00,-0.022768703825828705
2024-12-09 02:45:00,-0.017565909468802134
2024-12-09 03:00:00,-0.012363115111775569
2024-12-09 03:15:00,-0.007160320754748997
2024-12-09 03:30:00,-0.0019575263977224255
2024-12-09 03:45:00,0.003245267959304146
2024-12-09 04:00:00,0.008448062316330718
2024-12-09 04:15:00,0.01365085667335729
2024-12-09 04:30:00,0.01885365103038386
2024-12-09 04:45:00,0.02405644538741042
2024-12-09 05:00:00,0.02925923974443699
2024-12-09 05:15:00,0.03446203410146356
2024-12-09 05:30:00,0.039664828458490134
2024-12-09 05:45:00,0.044867622815516706
2024-12-09 06:00:00,0.05007041717254328
2024-12-09 06:15:00,0.055273211529569835
2024-12-09 06:30:00,0.06047600588659642
2024-12-09 06:45:00,0.06567880024362298
2024-12-09 07:00:00,0.07088159460064954
2024-12-09 07:15:00,0.07608438895767612
2024-12-09 07:30:00,0.08128718331470268
2024-12-09 07:45:00,0.08648997767172927
2024-12-09 08:00:00,0.09169277202875582
2024-12-09 08:15:00,0.09689556638578238
2024-12-09 08:30:00,0.10209836074280897
2024-12-09 08:45:00,0.10730115509983552
2024-12-09 09:00:00,0.11250394945686211
2024-12-09 09:15:00,0.11770674381388867
2024-12-09 09:30:00,0.12290953817091523
2024-12-09 09:45:00,0.1281123325279418
2024-12-09 10:00:00,0.13331512688496838
2024-12-09 10:15:00,0.13851792124199497
2024-12-09 10:30:00,0.1437207155990215
2024-12-09 10:45:00,0.14892350995604808
2024-12-09 11:00:00,0.15412630431307467
2024-12-09 11:15:00,0.1593290986701012
2024-12-09 11:30:00,0.16453189302712778
2024-12-09 11:45:00,0.16973468738415437
2024-12-09 12:00:00,0.17493748174118096
2024-12-09 12:15:00,0.18014027609820749
2024-12-09 12:30:00,0.18534307045523407
2024-12-09 12:45:00,0.19054586481226066
2024-12-09 13:00:00,0.19574865916928724
2024-12-09 13:15:00,0.20095145352631377
2024-12-09 13:30:00,0.20615424788334036
2024-12-09 13:45:00,0.21135704224036694
2024-12-09 14:00:00,0.21655983659739347
2024-12-09 14:15:00,0.22176263095442006
2024-12-09 14:30:00,0.22696542531144664
2024-12-09 14:45:00,0.23216821966847317
2024-12-09 15:00:00,0.23737101402549976
2024-12-09 15:15:00,0.24257380838252635
2024-12-09 15:30:00,0.24777660273955293
2024-12-09 15:45:00,0.25297939709657946
2024-12-09 16:00:00,0.258182191453606
2024-12-09 16:15:00,0.2633849858106326
2024-12-09 16:30:00,0.26858778016765916
2024-12-09 16:45:00,0.2737905745246857
2024-12-09 17:00:00,0.2789933688817123
2024-12-09 17:15:00,0.28419616323873886
2024-12-09 17:30:00,0.28939895759576545
2024-12-09 17:45:00,0.294601751952792
2024-12-09 18:00:00,0.29980454630981856
2024-12-09 18:15:00,0.30500734066684515
2024-12-09 18:30:00,0.3102101350238717
2024-12-09 18:45:00,0.31541292938089827
2024-12-09 19:00:00,0.32061572373792485
2024-12-09 19:15:00,0.3258185180949514
2024-12-09 19:30:00,0.33102131245197797
2024-12-09 19:45:00,0.33622410680900455
2024-12-09 20:00:00,0.34142690116603114
2024-12-09 20:15:00,0.34662969552305767
2024-12-09 20:30:00,0.35183248988008425
2024-12-09 20:45:00,0.35703528423711084
2024-12-09 21:00:00,0.36223807859413737
2024-12-09 21:15:00,0.36744087295116395
2024-12-09 21:30:00,0.37264366730819054
2024-12-09 21:45:00,0.3778464616652171
2024-12-09 22:00:00,0.38304925602224366
2024-12-09 22:15:00,0.38825205037927024
2024-12-09 22:30:00,0.3934548447362968
2024-12-09 22:45:00,0.39865763909332336
2024-12-09 23:00:00,0.40386043345034994
2024-12-09 23:15:00,0.40906322780737653
2024-12-09 23:30:00,0.41426602216440306
2024-12-09 23:45:00,0.41946881652142964
2024-12-10 00:00:00,-0.09531373646766769
2024-12-10 00:15:00,-0.09062905117195422
2024-12-10 00:30:00,-0.08594436587624074
2024-12-10 00:45:00,-0.08125968058052727
2024-12-10 01:00:00,-0.07657499528481379
2024-12-10 01:15:00,-0.07189030998910032
2024-12-10 01:30:00,-0.06720562469338684
2024-12-10 01:45:00,-0.06252093939767336
2024-12-10 02:00:00,-0.057836254101959896
2024-12-10 02:15:00,-0.05315156880624642
2024-12-10 02:30:00,-0.048466883510532945
2024-12-10 02:45:00,-0.04378219821481947
2024-12-10 03:00:00,-0.039097512919105994
2024-12-10 03:15:00,-0.034412827623392525
2024-12-10 03:30:00,-0.02972814232767905
2024-12-10 03:45:00,-0.025043457031965574
2024-12-10 04:00:00,-0.0203587717362521
2024-12-10 04:15:00,-0.015674086440538623
2024-12-10 04:30:00,-0.010989401144825148
2024-12-10 04:45:00,-0.006304715849111672
2024-12-10 05:00:00,-0.0016200305533981968
2024-12-10 05:15:00,0.0030646547423152787
2024-12-10 05:30:00,0.007749340038028754
2024-12-10 05:45:00,0.01243402533374223
2024-12-10 06:00:00,0.017118710629455705
2024-12-10 06:15:00,0.02180339592516918
2024-12-10 06:30:00,0.026488081220882642
2024-12-10 06:45:00,0.031172766516596118
2024-12-10 07:00:00,0.03585745181230959
2024-12-10 07:15:00,0.04054213710802307
2024-12-10 07:30:00,0.045226822403736544
2024-12-10 07:45:00,0.04991150769945002
2024-12-10 08:00:00,0.054596192995163495
2024-12-10 08:15:00,0.05928087829087697
2024-12-10 08:30:00,0.06396556358659045
2024-12-10 08:45:00,0.06865024888230392
2024-12-10 09:00:00,0.0733349341780174
2024-12-10 09:15:00,0.07801961947373087
2024-12-10 09:30:00,0.08270430476944435
2024-12-10 09:45:00,0.08738899006515782
2024-12-10 10:00:00,0.0920736753608713
2024-12-10 10:15:00,0.09675836065658477
2024-12-10 10:30:00,0.10144304595229825
2024-12-10 10:45:00,0.10612773124801173
2024-12-10 11:00:00,0.1108124165437252
2024-12-10 11:15:00,0.11549710183943868
2024-12-10 11:30:00,0.12018178713515215
2024-12-10 11:45:00,0.12486647243086563
2024-12-10 12:00:00,0.1295511577265791
2024-12-10 12:15:00,0.13423584302229258
2024-12-10 12:30:00,0.13892052831800603
2024-12-10 12:45:00,0.1436052136137195
2024-12-10 13:00:00,0.14828989890943298
2024-12-10 13:15:00,0.15297458420514645
2024-12-10 13:30:00,0.15765926950085993
2024-12-10 13:45:00,0.1623439547965734
2024-12-10 14:00:00,0.16702864009228688
2024-12-10 14:15:00,0.17171332538800035
2024-12-10 14:30:00,0.17639801068371383
2024-12-10 14:45:00,0.1810826959794273
2024-12-10 15:00:00,0.18576738127514078
2024-12-10 15:15:00,0.19045206657085426
2024-12-10 15:30:00,0.19513675186656773
2024-12-10 15:45:00,0.19982143716228115
2024-12-10 16:00:00,0.20450612245799463
2024-12-10 16:15:00,0.2091908077537081
2024-12-10 16:30:00,0.21387549304942158
2024-12-10 16:45:00,0.21856017834513505
2024-12-10 17:00:00,0.22324486364084853
2024-12-10 17:15:00,0.227929548936562
2024-12-10 17:30:00,0.23261423423227548
2024-12-10 17:45:00,0.23729891952798896
2024-12-10 18:00:00,0.24198360482370243
2024-12-10 18:15:00,0.2466682901194159
2024-12-10 18:30:00,0.25135297541512935
2024-12-10 18:45:00,0.2560376607108429
2024-12-10 19:00:00,0.2607223460065563
2024-12-10 19:15:00,0.26540703130226984
2024-12-10 19:30:00,0.27009171659798326
2024-12-10 19:45:00,0.2747764018936968
2024-12-10 20:00:00,0.2794610871894102
2024-12-10 20:15:00,0.28414577248512374
2024-12-10 20:30:00,0.28883045778083716
2024-12-10 20:45:00,0.2935151430765507
2024-12-10 21:00:00,0.2981998283722641
2024-12-10 21:15:00,0.30288451366797764
2024-12-10 21:30:00,0.30756919896369106
2024-12-10 21:45:00,0.3122538842594046
2024-12-10 22:00:00,0.316938569555118
2024-12-10 22:15:00,0.32162325485083154
2024-12-10 22:30:00,0.32630794014654496
2024-12-10 22:45:00,0.3309926254422585
2024-12-10 23:00:00,0.3356773107379719
2024-12-10 23:15:00,0.34036199603368544
2024-12-10 23:30:00,0.34504668132939886
2024-12-10 23:45:00,0.3497313666251124
2024-12-11 00:00:00,0.1861896514892578
2024-12-11 00:15:00,0.34186291694641113
2024-12-11 00:30:00,0.6303937435150146
2024-12-11 00:45:00,0.03476452827453613
2024-12-11 01:00:00,0.13356399536132812
2024-12-11 01:15:00,0.9659065008163452
2024-12-11 01:30:00,0.7065889835357666
2024-12-11 01:45:00,0.8539860248565674
2024-12-11 02:00:00,0.6481447219848633
2024-12-11 02:15:00,0.9955265522003174
2024-12-11 02:30:00,1.2425957918167114
2024-12-11 02:45:00,0.922091007232666
2024-12-11 03:00:00,1.3010462522506714
2024-12-11 03:15:00,1.3826632499694824
2024-12-11 03:30:00,1.664502501487732
2024-12-11 03:45:00,1.4577503204345703
2024-12-11 04:00:00,1.2452499866485596
2024-12-11 04:15:00,1.7805767059326172
2024-12-11 04:30:00,1.4469000101089478
2024-12-11 04:45:00,1.9603545665740967
2024-12-11 05:00:00,1.9879376888275146
2024-12-11 05:15:00,1.9545762538909912
2024-12-11 05:30:00,1.9180796146392822
2024-12-11 05:45:00,2.2561020851135254
2024-12-11 06:00:00,2.545499801635742
2024-12-11 06:15:00,3.174602746963501
2024-12-11 06:30:00,2.9959352016448975
2024-12-11 06:45:00,3.3117294311523438
2024-12-11 07:00:00,3.3825435638427734
2024-12-11 07:15:00,3.756287097930908
2024-12-11 07:30:00,4.217367172241211
2024-12-11 07:45:00,4.315179824829102
2024-12-11 08:00:00,4.765949249267578
2024-12-11 08:15:00,5.172024726867676
2024-12-11 08:30:00,5.667609691619873
2024-12-11 08:45:00,6.20165491104126
2024-12-11 09:00:00,6.794238090515137
2024-12-11 09:15:00,7.1784443855285645
2024-12-11 09:30:00,8.04410457611084
2024-12-11 09:45:00,8.457687377929688
2024-12-11 10:00:00,8.687938690185547
2024-12-11 10:15:00,9.198545455932617
2024-12-11 10:30:00,9.417924880981445
2024-12-11 10:45:00,9.960418701171875
2024-12-11 11:00:00,10.185617446899414
2024-12-11 11:15:00,9.78946304321289
2024-12-11 11:30:00,9.739827156066895
2024-12-11 11:45:00,10.03828239440918
2024-12-11 12:00:00,9.909540176391602
2024-12-11 12:15:00,9.982587814331055
2024-12-11 12:30:00,9.825342178344727
2024-12-11 12:45:00,9.88615894317627
2024-12-11 13:00:00,9.488224983215332
2024-12-11 13:15:00,9.085563659667969
2024-12-11 13:30:00,9.128253936767578
2024-12-11 13:45:00,8.583139419555664
2024-12-11 14:00:00,8.10672378540039
2024-12-11 14:15:00,8.04587459564209
2024-12-11 14:30:00,7.629986763000488
2024-12-11 14:45:00,7.085032939910889
2024-12-11 15:00:00,7.146790027618408
2024-12-11 15:15:00,6.905308246612549
2024-12-11 15:30:00,6.663793563842773
2024-12-11 15:45:00,6.327757835388184
2024-12-11 16:00:00,5.578447341918945
2024-12-11 16:15:00,5.328720569610596
2024-12-11 16:30:00,4.890619277954102
2024-12-11 16:45:00,4.429844856262207
2024-12-11 17:00:00,4.287913799285889
2024-12-11 17:15:00,3.7612838745117188
2024-12-11 17:30:00,3.563882350921631
2024-12-11 17:45:00,2.8178775310516357
2024-12-11 18:00:00,2.7660064697265625
2024-12-11 18:15:00,2.509242534637451
2024-12-11 18:30:00,1.6127363443374634
2024-12-11 18:45:00,1.4024637937545776
2024-12-11 19:00:00,1.329026222229004
2024-12-11 19:15:00,0.802803635597229
2024-12-11 19:30:00,0.24635648727416992
2024-12-11 19:45:00,0.22895097732543945
2024-12-11 20:00:00,0.11115550994873047
2024-12-11 20:15:00,0.050174713134765625
2024-12-11 20:30:00,0.26479101181030273
2024-12-11 20:45:00,-0.01511836051940918
2024-12-11 21:00:00,0.12534451484680176
2024-12-11 21:15:00,0.12704253196716309
2024-12-11 21:30:00,-0.06307244300842285
2024-12-11 21:45:00,-0.0837862491607666
2024-12-11 22:00:00,0.24732232093811035
2024-12-11 22:15:00,0.4946472644805908
2024-12-11 22:30:00,0.3361964225769043
2024-12-11 22:45:00,0.3766021728515625
2024-12-11 23:00:00,0.3367798328399658
2024-12-11 23:15:00,0.3914520740509033
2024-12-11 23:30:00,0.08202385902404785
2024-12-11 23:45:00,0.4034597873687744
2024-12-12 00:00:00,0.18302154541015625
2024-12-12 00:15:00,0.08666777610778809
2024-12-12 00:30:00,-0.04842734336853027
2024-12-12 00:45:00,-0.20910882949829102
2024-12-12 01:00:00,-0.40363287925720215
2024-12-12 01:15:00,-0.6366996765136719
2024-12-12 01:30:00,-0.9217132329940796
2024-12-12 01:45:00,-1.230481505393982
2024-12-12 02:00:00,-1.5638078451156616
2024-12-12 02:15:00,-1.9455398321151733
2024-12-12 02:30:00,-2.330315589904785
2024-12-12 02:45:00,-2.729692220687866
2024-12-12 03:00:00,-3.1492390632629395
2024-12-12 03:15:00,-3.5180015563964844
2024-12-12 03:30:00,-3.912153959274292
2024-12-12 03:45:00,-4.280765056610107
2024-12-12 04:00:00,-4.542998313903809
2024-12-12 04:15:00,-4.790143013000488
2024-12-12 04:30:00,-5.010446548461914
2024-12-12 04:45:00,-5.033946990966797
2024-12-12 05:00:00,-5.0557708740234375
2024-12-12 05:15:00,-4.96998405456543
2024-12-12 05:30:00,-4.833454132080078
2024-12-12 05:45:00,-4.527541637420654
2024-12-12 06:00:00,-4.182111740112305
2024-12-12 06:15:00,-3.6614017486572266
2024-12-12 06:30:00,-3.104979991912842
2024-12-12 06:45:00,-2.418208360671997
2024-12-12 07:00:00,-1.6393077373504639
2024-12-12 07:15:00,-0.7918306589126587
2024-12-12 07:30:00,0.08033609390258789
2024-12-12 07:45:00,0.9899299144744873
2024-12-12 08:00:00,1.9535413980484009
2024-12-12 08:15:00,2.9288277626037598
2024-12-12 08:30:00,3.9267940521240234
2024-12-12 08:45:00,4.9398932456970215
2024-12-12 09:00:00,5.918040752410889
2024-12-12 09:15:00,6.898812770843506
2024-12-12 09:30:00,7.854160785675049
2024-12-12 09:45:00,8.754682540893555
2024-12-12 10:00:00,9.657380104064941
2024-12-12 10:15:00,10.51675796508789
2024-12-12 10:30:00,11.26797866821289
2024-12-12 10:45:00,11.897619247436523
2024-12-12 11:00:00,12.453202247619629
2024-12-12 11:15:00,12.880184173583984
2024-12-12 11:30:00,13.175620079040527
2024-12-12 11:45:00,13.428634643554688
2024-12-12 12:00:00,13.597455978393555
2024-12-12 12:15:00,13.666187286376953
2024-12-12 12:30:00,13.593918800354004
2024-12-12 12:45:00,13.371999740600586
2024-12-12 13:00:00,13.0603609085083
2024-12-12 13:15:00,12.620820045471191
2024-12-12 13:30:00,12.082550048828125
2024-12-12 13:45:00,11.413333892822266
2024-12-12 14:00:00,10.736374855041504
2024-12-12 14:15:00,9.908270835876465
2024-12-12 14:30:00,9.07436752319336
2024-12-12 14:45:00,8.156302452087402
2024-12-12 15:00:00,7.182345390319824
2024-12-12 15:15:00,6.2171173095703125
2024-12-12 15:30:00,5.245700359344482
2024-12-12 15:45:00,4.270618438720703
2024-12-12 16:00:00,3.3038647174835205
2024-12-12 16:15:00,2.3542065620422363
2024-12-12 16:30:00,1.4247474670410156
2024-12-12 16:45:00,0.5508670806884766
2024-12-12 17:00:00,-0.2607811689376831
2024-12-12 17:15:00,-1.0769693851470947
2024-12-12 17:30:00,-1.8054203987121582
2024-12-12 17:45:00,-2.453486442565918
2024-12-12 18:00:00,-3.0611231327056885
2024-12-12 18:15:00,-3.587040662765503
2024-12-12 18:30:00,-4.016924858093262
2024-12-12 18:45:00,-4.391418933868408
2024-12-12 19:00:00,-4.6952714920043945
2024-12-12 19:15:00,-4.915457248687744
2024-12-12 19:30:00,-5.074847221374512
2024-12-12 19:45:00,-5.143892288208008
2024-12-12 20:00:00,-5.173216819763184
2024-12-12 20:15:00,-5.164170265197754
2024-12-12 20:30:00,-5.033214569091797
2024-12-12 20:45:00,-4.880993843078613
2024-12-12 21:00:00,-4.644549369812012
2024-12-12 21:15:00,-4.329829692840576
2024-12-12 21:30:00,-4.09785270690918
2024-12-12 21:45:00,-3.7503767013549805
2024-12-12 22:00:00,-3.4714386463165283
2024-12-12 22:15:00,-3.163487195968628
2024-12-12 22:30:00,-2.9358654022216797
2024-12-12 22:45:00,-2.6698646545410156
2024-12-12 23:00:00,-2.463468074798584
2024-12-12 23:15:00,-2.309499740600586
2024-12-12 23:30:00,-2.183715343475342
2024-12-12 23:45:00,-2.1107587814331055
2024-12-13 00:00:00,-0.6565951108932495
2024-12-13 00:15:00,-0.686210036277771
2024-12-13 00:30:00,-0.6471978425979614
2024-12-13 00:45:00,-0.700654149055481
2024-12-13 01:00:00,-0.705595850944519
2024-12-13 01:15:00,-0.772659420967102
2024-12-13 01:30:00,-0.7000058889389038
2024-12-13 01:45:00,-0.7017251253128052
2024-12-13 02:00:00,-0.6923304796218872
2024-12-13 02:15:00,-0.6514724493026733
2024-12-13 02:30:00,-0.5108217000961304
2024-12-13 02:45:00,-0.6107944250106812
2024-12-13 03:00:00,-0.5874723196029663
2024-12-13 03:15:00,-0.600110650062561
2024-12-13 03:30:00,-0.6896265745162964
2024-12-13 03:45:00,-0.5371149778366089
2024-12-13 04:00:00,-0.6525465250015259
2024-12-13 04:15:00,-0.7169746160507202
2024-12-13 04:30:00,-0.7721787691116333
2024-12-13 04:45:00,-0.7326217889785767
2024-12-13 05:00:00,-0.5577346086502075
2024-12-13 05:15:00,-0.5930215120315552
2024-12-13 05:30:00,-0.3895533084869385
2024-12-13 05:45:00,-0.390963077545166
2024-12-13 06:00:00,-0.14222371578216553
2024-12-13 06:15:00,0.0002576112747192383
2024-12-13 06:30:00,0.2632615566253662
2024-12-13 06:45:00,0.5146728754043579
2024-12-13 07:00:00,0.8689374923706055
2024-12-13 07:15:00,1.0967185497283936
2024-12-13 07:30:00,1.2604217529296875
2024-12-13 07:45:00,1.6872286796569824
2024-12-13 08:00:00,1.430936336517334
2024-12-13 08:15:00,2.0105478763580322
2024-12-13 08:30:00,2.4061238765716553
2024-12-13 08:45:00,3.1378331184387207
2024-12-13 09:00:00,3.4147720336914062
2024-12-13 09:15:00,3.861893653869629
2024-12-13 09:30:00,4.109757900238037
2024-12-13 09:45:00,4.336228370666504
2024-12-13 10:00:00,4.51293420791626
2024-12-13 10:15:00,4.784198760986328
2024-12-13 10:30:00,4.7818803787231445
2024-12-13 10:45:00,4.848267078399658
2024-12-13 11:00:00,4.806673049926758
2024-12-13 11:15:00,4.799985408782959
2024-12-13 11:30:00,4.966770648956299
2024-12-13 11:45:00,4.8999223709106445
2024-12-13 12:00:00,5.499033451080322
2024-12-13 12:15:00,5.3107194900512695
2024-12-13 12:30:00,5.325619220733643
2024-12-13 12:45:00,5.101230144500732
2024-12-13 13:00:00,5.101985454559326
2024-12-13 13:15:00,4.875065326690674
2024-12-13 13:30:00,4.625197410583496
2024-12-13 13:45:00,4.5728678703308105
2024-12-13 14:00:00,4.360485553741455
2024-12-13 14:15:00,4.015897750854492
2024-12-13 14:30:00,3.8991832733154297
2024-12-13 14:45:00,3.560633659362793
2024-12-13 15:00:00,3.2475132942199707
2024-12-13 15:15:00,3.1182026863098145
2024-12-13 15:30:00,2.70114803314209
2024-12-13 15:45:00,2.5297067165374756
2024-12-13 16:00:00,2.792318344116211
2024-12-13 16:15:00,2.3856589794158936
2024-12-13 16:30:00,1.9520742893218994
2024-12-13 16:45:00,1.610939383506775
2024-12-13 17:00:00,1.3840261697769165
2024-12-13 17:15:00,0.9462237358093262
2024-12-13 17:30:00,0.8094300031661987
2024-12-13 17:45:00,0.3723365068435669
2024-12-13 18:00:00,0.022387981414794922
2024-12-13 18:15:00,0.05239737033843994
2024-12-13 18:30:00,-0.21541869640350342
2024-12-13 18:45:00,-0.22234892845153809
2024-12-13 19:00:00,-0.3141885995864868
2024-12-13 19:15:00,-0.40857386589050293
2024-12-13 19:30:00,-0.5351909399032593
2024-12-13 19:45:00,-0.6670705080032349
2024-12-13 20:00:00,-0.6776293516159058
2024-12-13 20:15:00,-0.6443160772323608
2024-12-13 20:30:00,-0.6181870698928833
2024-12-13 20:45:00,-0.7210994958877563
2024-12-13 21:00:00,-0.7748910188674927
2024-12-13 21:15:00,-0.7485262155532837
2024-12-13 21:30:00,-0.7440217733383179
2024-12-13 21:45:00,-0.6912051439285278
2024-12-13 22:00:00,-0.6930443048477173
2024-12-13 22:15:00,-0.6394482851028442
2024-12-13 22:30:00,-0.4551500082015991
2024-12-13 22:45:00,-0.582091212272644
2024-12-13 23:00:00,-0.5813995599746704
2024-12-13 23:15:00,-0.6103988885879517
2024-12-13 23:30:00,-0.764957070350647
2024-12-13 23:45:00,-0.5607537031173706
2024-12-14 00:00:00,-0.7023330926895142
2024-12-14 00:15:00,-0.8106046915054321
2024-12-14 00:30:00,-0.9098333120346069
2024-12-14 00:45:00,-0.9681681394577026
2024-12-14 01:00:00,-1.015046238899231
2024-12-14 01:15:00,-1.0325912237167358
2024-12-14 01:30:00,-1.055489420890808
2024-12-14 01:45:00,-1.075363278388977
2024-12-14 02:00:00,-1.1023435592651367
2024-12-14 02:15:00,-1.1727213859558105
2024-12-14 02:30:00,-1.2757723331451416
2024-12-14 02:45:00,-1.4093167781829834
2024-12-14 03:00:00,-1.5895090103149414
2024-12-14 03:15:00,-1.7833213806152344
2024-12-14 03:30:00,-2.01265811920166
2024-12-14 03:45:00,-2.268754720687866
2024-12-14 04:00:00,-2.502389907836914
2024-12-14 04:15:00,-2.7416694164276123
2024-12-14 04:30:00,-2.980144739151001
2024-12-14 04:45:00,-3.114513874053955
2024-12-14 05:00:00,-3.244056224822998
2024-12-14 05:15:00,-3.3018574714660645
2024-12-14 05:30:00,-3.299791097640991
2024-12-14 05:45:00,-3.16265869140625
2024-12-14 06:00:00,-2.9554061889648438
2024-12-14 06:15:00,-2.594816207885742
2024-12-14 06:30:00,-2.200137138366699
2024-12-14 06:45:00,-1.6614657640457153
2024-12-14 07:00:00,-1.0151718854904175
2024-12-14 07:15:00,-0.34225761890411377
2024-12-14 07:30:00,0.36263859272003174
2024-12-14 07:45:00,1.100388765335083
2024-12-14 08:00:00,1.825015902519226
2024-12-14 08:15:00,2.523585557937622
2024-12-14 08:30:00,3.2471632957458496
2024-12-14 08:45:00,3.9450600147247314
2024-12-14 09:00:00,4.548605442047119
2024-12-14 09:15:00,5.166567802429199
2024-12-14 09:30:00,5.735161304473877
2024-12-14 09:45:00,6.222912311553955
2024-12-14 10:00:00,6.750438213348389
2024-12-14 10:15:00,7.228931427001953
2024-12-14 10:30:00,7.612231731414795
2024-12-14 10:45:00,7.908367156982422
2024-12-14 11:00:00,8.171974182128906
2024-12-14 11:15:00,8.35744857788086
2024-12-14 11:30:00,8.477794647216797
2024-12-14 11:45:00,8.60488510131836
2024-12-14 12:00:00,8.71206283569336
2024-12-14 12:15:00,8.79298210144043
2024-12-14 12:30:00,8.840531349182129
2024-12-14 12:45:00,8.799036979675293
2024-12-14 13:00:00,8.748425483703613
2024-12-14 13:15:00,8.601907730102539
2024-12-14 13:30:00,8.382052421569824
2024-12-14 13:45:00,8.069443702697754
2024-12-14 14:00:00,7.762906551361084
2024-12-14 14:15:00,7.296565532684326
2024-12-14 14:30:00,6.832813262939453
2024-12-14 14:45:00,6.278566360473633
2024-12-14 15:00:00,5.644237995147705
2024-12-14 15:15:00,4.990002632141113
2024-12-14 15:30:00,4.326634407043457
2024-12-14 15:45:00,3.617550849914551
2024-12-14 16:00:00,2.9341089725494385
2024-12-14 16:15:00,2.2220566272735596
2024-12-14 16:30:00,1.522334337234497
2024-12-14 16:45:00,0.836216926574707
2024-12-14 17:00:00,0.2232879400253296
2024-12-14 17:15:00,-0.4576159119606018
2024-12-14 17:30:00,-1.011200189590454
2024-12-14 17:45:00,-1.5050783157348633
2024-12-14 18:00:00,-1.960965871810913
2024-12-14 18:15:00,-2.347012996673584
2024-12-14 18:30:00,-2.62890362739563
2024-12-14 18:45:00,-2.865767240524292
2024-12-14 19:00:00,-3.027881145477295
2024-12-14 19:15:00,-3.127565860748291
2024-12-14 19:30:00,-3.182265281677246
2024-12-14 19:45:00,-3.174004077911377
2024-12-14 20:00:00,-3.1389758586883545
2024-12-14 20:15:00,-3.0913891792297363
2024-12-14 20:30:00,-2.983224630355835
2024-12-14 20:45:00,-2.8734681606292725
2024-12-14 21:00:00,-2.725355386734009
2024-12-14 21:15:00,-2.5610713958740234
2024-12-14 21:30:00,-2.4550609588623047
2024-12-14 21:45:00,-2.325867176055908
2024-12-14 22:00:00,-2.250514507293701
2024-12-14 22:15:00,-2.1823551654815674
2024-12-14 22:30:00,-2.1878955364227295
2024-12-14 22:45:00,-2.1740474700927734
2024-12-14 23:00:00,-2.1990342140197754
2024-12-14 23:15:00,-2.2684898376464844
2024-12-14 23:30:00,-2.320962429046631
2024-12-14 23:45:00,-2.3849966526031494
2024-12-15 00:00:00,0.0
2024-12-15 00:15:00,0.0
2024-12-15 00:30:00,0.0
2024-12-15 00:45:00,0.0
2024-12-15 01:00:00,0.0
2024-12-15 01:15:00,0.0
2024-12-15 01:30:00,0.0
2024-12-15 01:45:00,0.0
2024-12-15 02:00:00,0.0
2024-12-15 02:15:00,0.0
2024-12-15 02:30:00,0.0
2024-12-15 02:45:00,0.0
2024-12-15 03:00:00,0.0
2024-12-15 03:15:00,0.0
2024-12-15 03:30:00,0.0
2024-12-15 03:45:00,0.0
2024-12-15 04:00:00,0.0
2024-12-15 04:15:00,0.0
2024-12-15 04:30:00,0.0
2024-12-15 04:45:00,0.0
2024-12-15 05:00:00,0.0
2024-12-15 05:15:00,0.0
2024-12-15 05:30:00,0.0
2024-12-15 05:45:00,0.0
2024-12-15 06:00:00,0.0
2024-12-15 06:15:00,0.0
2024-12-15 06:30:00,0.0
2024-12-15 06:45:00,0.0
2024-12-15 07:00:00,0.0
2024-12-15 07:15:00,0.0
2024-12-15 07:30:00,0.0
2024-12-15 07:45:00,0.0
2024-12-15 08:00:00,0.0
2024-12-15 08:15:00,0.0
2024-12-15 08:30:00,0.0
2024-12-15 08:45:00,0.0
2024-12-15 09:00:00,0.0
2024-12-15 09:15:00,0.0
2024-12-15 09:30:00,0.0
2024-12-15 09:45:00,0.0
2024-12-15 10:00:00,0.0
2024-12-15 10:15:00,0.0
2024-12-15 10:30:00,0.0
2024-12-15 10:45:00,0.0
2024-12-15 11:00:00,0.0
2024-12-15 11:15:00,0.0
2024-12-15 11:30:00,0.0
2024-12-15 11:45:00,0.0
2024-12-15 12:00:00,0.0
2024-12-15 12:15:00,0.0
2024-12-15 12:30:00,0.0
2024-12-15 12:45:00,0.0
2024-12-15 13:00:00,0.0
2024-12-15 13:15:00,0.0
2024-12-15 13:30:00,0.0
2024-12-15 13:45:00,0.0
2024-12-15 14:00:00,0.0
2024-12-15 14:15:00,0.0
2024-12-15 14:30:00,0.0
2024-12-15 14:45:00,0.0
2024-12-15 15:00:00,0.0
2024-12-15 15:15:00,0.0
2024-12-15 15:30:00,0.0
2024-12-15 15:45:00,0.0
2024-12-15 16:00:00,0.0
2024-12-15 16:15:00,0.0
2024-12-15 16:30:00,0.0
2024-12-15 16:45:00,0.0
2024-12-15 17:00:00,0.0
2024-12-15 17:15:00,0.0
2024-12-15 17:30:00,0.0
2024-12-15 17:45:00,0.0
2024-12-15 18:00:00,0.0
2024-12-15 18:15:00,0.0
2024-12-15 18:30:00,0.0
2024-12-15 18:45:00,0.0
2024-12-15 19:00:00,0.0
2024-12-15 19:15:00,0.0
2024-12-15 19:30:00,0.0
2024-12-15 19:45:00,0.0
2024-12-15 20:00:00,0.0
2024-12-15 20:15:00,0.0
2024-12-15 20:30:00,0.0
2024-12-15 20:45:00,0.0
2024-12-15 21:00:00,0.0
2024-12-15 21:15:00,0.0
2024-12-15 21:30:00,0.0
2024-12-15 21:45:00,0.0
2024-12-15 22:00:00,0.0
2024-12-15 22:15:00,0.0
2024-12-15 22:30:00,0.0
2024-12-15 22:45:00,0.0
2024-12-15 23:00:00,0.0
2024-12-15 23:15:00,0.0
2024-12-15 23:30:00,0.0
2024-12-15 23:45:00,0.0
2024-12-16 00:00:00,0.0
2024-12-16 00:15:00,0.0
2024-12-16 00:30:00,0.0
2024-12-16 00:45:00,0.0
2024-12-16 01:00:00,0.0
2024-12-16 01:15:00,0.0
2024-12-16 01:30:00,0.0
2024-12-16 01:45:00,0.0
2024-12-16 02:00:00,0.0
2024-12-16 02:15:00,0.0
2024-12-16 02:30:00,0.0
2024-12-16 02:45:00,0.0
2024-12-16 03:00:00,0.0
2024-12-16 03:15:00,0.0
2024-12-16 03:30:00,0.0
2024-12-16 03:45:00,0.0
2024-12-16 04:00:00,0.0
2024-12-16 04:15:00,0.0
2024-12-16 04:30:00,0.0
2024-12-16 04:45:00,0.0
2024-12-16 05:00:00,0.0
2024-12-16 05:15:00,0.0
2024-12-16 05:30:00,0.0
2024-12-16 05:45:00,0.0
2024-12-16 06:00:00,0.0
2024-12-16 06:15:00,0.0
2024-12-16 06:30:00,0.0
2024-12-16 06:45:00,0.0
2024-12-16 07:00:00,0.0
2024-12-16 07:15:00,0.0
2024-12-16 07:30:00,0.0
2024-12-16 07:45:00,0.0
2024-12-16 08:00:00,0.0
2024-12-16 08:15:00,0.0
2024-12-16 08:30:00,0.0
2024-12-16 08:45:00,0.0
2024-12-16 09:00:00,0.0
2024-12-16 09:15:00,0.0
2024-12-16 09:30:00,0.0
2024-12-16 09:45:00,0.0
2024-12-16 10:00:00,0.0
2024-12-16 10:15:00,0.0
2024-12-16 10:30:00,0.0
2024-12-16 10:45:00,0.0
2024-12-16 11:00:00,0.0
2024-12-16 11:15:00,0.0
2024-12-16 11:30:00,0.0
2024-12-16 11:45:00,0.0
2024-12-16 12:00:00,0.0
2024-12-16 12:15:00,0.0
2024-12-16 12:30:00,0.0
2024-12-16 12:45:00,0.0
2024-12-16 13:00:00,0.0
2024-12-16 13:15:00,0.0
2024-12-16 13:30:00,0.0
2024-12-16 13:45:00,0.0
2024-12-16 14:00:00,0.0
2024-12-16 14:15:00,0.0
2024-12-16 14:30:00,0.0
2024-12-16 14:45:00,0.0
2024-12-16 15:00:00,0.0
2024-12-16 15:15:00,0.0
2024-12-16 15:30:00,0.0
2024-12-16 15:45:00,0.0
2024-12-16 16:00:00,0.0
2024-12-16 16:15:00,0.0
2024-12-16 16:30:00,0.0
2024-12-16 16:45:00,0.0
2024-12-16 17:00:00,0.0
2024-12-16 17:15:00,0.0
2024-12-16 17:30:00,0.0
2024-12-16 17:45:00,0.0
2024-12-16 18:00:00,0.0
2024-12-16 18:15:00,0.0
2024-12-16 18:30:00,0.0
2024-12-16 18:45:00,0.0
2024-12-16 19:00:00,0.0
2024-12-16 19:15:00,0.0
2024-12-16 19:30:00,0.0
2024-12-16 19:45:00,0.0
2024-12-16 20:00:00,0.0
2024-12-16 20:15:00,0.0
2024-12-16 20:30:00,0.0
2024-12-16 20:45:00,0.0
2024-12-16 21:00:00,0.0
2024-12-16 21:15:00,0.0
2024-12-16 21:30:00,0.0
2024-12-16 21:45:00,0.0
2024-12-16 22:00:00,0.0
2024-12-16 22:15:00,0.0
2024-12-16 22:30:00,0.0
2024-12-16 22:45:00,0.0
2024-12-16 23:00:00,0.0
2024-12-16 23:15:00,0.0
2024-12-16 23:30:00,0.0
2024-12-16 23:45:00,0.0
2024-12-17 00:00:00,-1.3669633865356445
2024-12-17 00:15:00,-1.4153361320495605
2024-12-17 00:30:00,-1.4109172821044922
2024-12-17 00:45:00,-1.5940918922424316
2024-12-17 01:00:00,-1.5330824851989746
2024-12-17 01:15:00,-1.831932544708252
2024-12-17 01:30:00,-1.6907148361206055
2024-12-17 01:45:00,-1.6764535903930664
2024-12-17 02:00:00,-1.7978272438049316
2024-12-17 02:15:00,-1.8272862434387207
2024-12-17 02:30:00,-1.2998428344726562
2024-12-17 02:45:00,-1.7200055122375488
2024-12-17 03:00:00,-1.4758734703063965
2024-12-17 03:15:00,-1.4999117851257324
2024-12-17 03:30:00,-1.6645441055297852
2024-12-17 03:45:00,-1.432833194732666
2024-12-17 04:00:00,-1.363785743713379
2024-12-17 04:15:00,-1.56398344039917
2024-12-17 04:30:00,-1.7156524658203125
2024-12-17 04:45:00,-1.5469107627868652
2024-12-17 05:00:00,-1.4589262008666992
2024-12-17 05:15:00,-1.3143744468688965
2024-12-17 05:30:00,-0.7233185768127441
2024-12-17 05:45:00,-0.7053780555725098
2024-12-17 06:00:00,0.2548708915710449
2024-12-17 06:15:00,0.3998255729675293
2024-12-17 06:30:00,1.6805496215820312
2024-12-17 06:45:00,2.519207715988159
2024-12-17 07:00:00,3.6731691360473633
2024-12-17 07:15:00,4.773409843444824
2024-12-17 07:30:00,5.454026699066162
2024-12-17 07:45:00,6.901955604553223
2024-12-17 08:00:00,7.6821746826171875
2024-12-17 08:15:00,9.226598739624023
2024-12-17 08:30:00,10.108312606811523
2024-12-17 08:45:00,12.46543025970459
2024-12-17 09:00:00,13.773338317871094
2024-12-17 09:15:00,14.874773025512695
2024-12-17 09:30:00,15.855472564697266
2024-12-17 09:45:00,16.506946563720703
2024-12-17 10:00:00,17.417875289916992
2024-12-17 10:15:00,17.98297691345215
2024-12-17 10:30:00,18.41698455810547
2024-12-17 10:45:00,18.75079345703125
2024-12-17 11:00:00,18.684640884399414
2024-12-17 11:15:00,18.685842514038086
2024-12-17 11:30:00,19.0272159576416
2024-12-17 11:45:00,19.47589683532715
2024-12-17 12:00:00,20.279367446899414
2024-12-17 12:15:00,19.758081436157227
2024-12-17 12:30:00,19.530813217163086
2024-12-17 12:45:00,18.712581634521484
2024-12-17 13:00:00,18.648637771606445
2024-12-17 13:15:00,18.053789138793945
2024-12-17 13:30:00,17.33469581604004
2024-12-17 13:45:00,17.145103454589844
2024-12-17 14:00:00,16.599044799804688
2024-12-17 14:15:00,15.688711166381836
2024-12-17 14:30:00,15.223186492919922
2024-12-17 14:45:00,14.005998611450195
2024-12-17 15:00:00,13.203636169433594
2024-12-17 15:15:00,12.399321556091309
2024-12-17 15:30:00,11.223358154296875
2024-12-17 15:45:00,10.130477905273438
2024-12-17 16:00:00,10.203030586242676
2024-12-17 16:15:00,8.865655899047852
2024-12-17 16:30:00,7.427162170410156
2024-12-17 16:45:00,6.374928951263428
2024-12-17 17:00:00,5.599235534667969
2024-12-17 17:15:00,3.9130990505218506
2024-12-17 17:30:00,3.40407657623291
2024-12-17 17:45:00,2.0968103408813477
2024-12-17 18:00:00,1.078528881072998
2024-12-17 18:15:00,1.0434174537658691
2024-12-17 18:30:00,0.16630220413208008
2024-12-17 18:45:00,-0.036191463470458984
2024-12-17 19:00:00,-0.09210968017578125
2024-12-17 19:15:00,-0.7534351348876953
2024-12-17 19:30:00,-1.2264900207519531
2024-12-17 19:45:00,-1.4539275169372559
2024-12-17 20:00:00,-1.6387991905212402
2024-12-17 20:15:00,-1.427215576171875
2024-12-17 20:30:00,-1.1892948150634766
2024-12-17 20:45:00,-1.6502490043640137
2024-12-17 21:00:00,-1.630781650543213
2024-12-17 21:15:00,-1.6373343467712402
2024-12-17 21:30:00,-1.616931438446045
2024-12-17 21:45:00,-1.566755771636963
2024-12-17 22:00:00,-1.633969783782959
2024-12-17 22:15:00,-1.4231743812561035
2024-12-17 22:30:00,-0.8846659660339355
2024-12-17 22:45:00,-1.2393126487731934
2024-12-17 23:00:00,-1.2482800483703613
2024-12-17 23:15:00,-1.1149730682373047
2024-12-17 23:30:00,-1.5454139709472656
2024-12-17 23:45:00,-0.9396147727966309
2024-12-18 00:00:00,-0.6486477851867676
2024-12-18 00:15:00,0.2047443389892578
2024-12-18 00:30:00,0.5059738159179688
2024-12-18 00:45:00,0.32409048080444336
2024-12-18 01:00:00,0.056850433349609375
2024-12-18 01:15:00,1.0733180046081543
2024-12-18 01:30:00,0.5062131881713867
2024-12-18 01:45:00,0.023131847381591797
2024-12-18 02:00:00,0.42894458770751953
2024-12-18 02:15:00,0.2230830192565918
2024-12-18 02:30:00,0.23160123825073242
2024-12-18 02:45:00,1.1770730018615723
2024-12-18 03:00:00,1.4334874153137207
2024-12-18 03:15:00,0.8807706832885742
2024-12-18 03:30:00,2.9645333290100098
2024-12-18 03:45:00,2.225969076156616
2024-12-18 04:00:00,1.6471266746520996
2024-12-18 04:15:00,2.9924581050872803
2024-12-18 04:30:00,2.3418450355529785
2024-12-18 04:45:00,2.7564332485198975
2024-12-18 05:00:00,2.098930835723877
2024-12-18 05:15:00,2.5937345027923584
2024-12-18 05:30:00,1.7190051078796387
2024-12-18 05:45:00,3.0662524700164795
2024-12-18 06:00:00,3.1460366249084473
2024-12-18 06:15:00,3.6059117317199707
2024-12-18 06:30:00,3.0979721546173096
2024-12-18 06:45:00,4.290902137756348
2024-12-18 07:00:00,4.338380813598633
2024-12-18 07:15:00,5.461345672607422
2024-12-18 07:30:00,6.029439449310303
2024-12-18 07:45:00,6.994122505187988
2024-12-18 08:00:00,7.926578998565674
2024-12-18 08:15:00,8.17199420928955
2024-12-18 08:30:00,10.122682571411133
2024-12-18 08:45:00,10.827629089355469
2024-12-18 09:00:00,12.495434761047363
2024-12-18 09:15:00,13.517032623291016
2024-12-18 09:30:00,13.653494834899902
2024-12-18 09:45:00,15.379837036132812
2024-12-18 10:00:00,15.516948699951172
2024-12-18 10:15:00,17.202905654907227
2024-12-18 10:30:00,16.79702377319336
2024-12-18 10:45:00,18.07773208618164
2024-12-18 11:00:00,18.77369499206543
2024-12-18 11:15:00,17.316307067871094
2024-12-18 11:30:00,17.010358810424805
2024-12-18 11:45:00,18.312711715698242
2024-12-18 12:00:00,18.36382484436035
2024-12-18 12:15:00,17.811214447021484
2024-12-18 12:30:00,18.109621047973633
2024-12-18 12:45:00,18.249813079833984
2024-12-18 13:00:00,17.807531356811523
2024-12-18 13:15:00,17.736003875732422
2024-12-18 13:30:00,17.73099708557129
2024-12-18 13:45:00,17.529447555541992
2024-12-18 14:00:00,17.466693878173828
2024-12-18 14:15:00,16.052165985107422
2024-12-18 14:30:00,16.414276123046875
2024-12-18 14:45:00,15.599040985107422
2024-12-18 15:00:00,15.295578002929688
2024-12-18 15:15:00,14.943681716918945
2024-12-18 15:30:00,14.449483871459961
2024-12-18 15:45:00,13.708793640136719
2024-12-18 16:00:00,13.079296112060547
2024-12-18 16:15:00,12.544012069702148
2024-12-18 16:30:00,10.575639724731445
2024-12-18 16:45:00,9.459859848022461
2024-12-18 17:00:00,8.782713890075684
2024-12-18 17:15:00,7.353032112121582
2024-12-18 17:30:00,7.068138599395752
2024-12-18 17:45:00,5.515578746795654
2024-12-18 18:00:00,5.498985290527344
2024-12-18 18:15:00,4.665745735168457
2024-12-18 18:30:00,3.3738198280334473
2024-12-18 18:45:00,2.55085825920105
2024-12-18 19:00:00,2.0574140548706055
2024-12-18 19:15:00,1.3058443069458008
2024-12-18 19:30:00,1.1158275604248047
2024-12-18 19:45:00,0.8619465827941895
2024-12-18 20:00:00,0.48178863525390625
2024-12-18 20:15:00,0.9492335319519043
2024-12-18 20:30:00,0.029566287994384766
2024-12-18 20:45:00,0.11815547943115234
2024-12-18 21:00:00,0.029456615447998047
2024-12-18 21:15:00,-0.11833000183105469
2024-12-18 21:30:00,0.17586231231689453
2024-12-18 21:45:00,-0.20332670211791992
2024-12-18 22:00:00,0.7087149620056152
2024-12-18 22:15:00,0.42632341384887695
2024-12-18 22:30:00,0.24593687057495117
2024-12-18 22:45:00,0.10041379928588867
2024-12-18 23:00:00,0.9519071578979492
2024-12-18 23:15:00,1.2875633239746094
2024-12-18 23:30:00,0.4792442321777344
2024-12-18 23:45:00,-0.026592731475830078
2024-12-19 00:00:00,0.24986505508422852
2024-12-19 00:15:00,0.26210975646972656
2024-12-19 00:30:00,0.13372325897216797
2024-12-19 00:45:00,0.25733280181884766
2024-12-19 01:00:00,0.33172607421875
2024-12-19 01:15:00,0.10030937194824219
2024-12-19 01:30:00,-0.15156269073486328
2024-12-19 01:45:00,0.42608165740966797
2024-12-19 02:00:00,-0.6874895095825195
2024-12-19 02:15:00,-0.17933177947998047
2024-12-19 02:30:00,-1.0905299186706543
2024-12-19 02:45:00,-1.2288293838500977
2024-12-19 03:00:00,-0.8825592994689941
2024-12-19 03:15:00,-1.5917320251464844
2024-12-19 03:30:00,-0.8976888656616211
2024-12-19 03:45:00,-1.9672060012817383
2024-12-19 04:00:00,-1.2397141456604004
2024-12-19 04:15:00,-1.320206642150879
2024-12-19 04:30:00,-1.6785974502563477
2024-12-19 04:45:00,-1.126091480255127
2024-12-19 05:00:00,-1.7860374450683594
2024-12-19 05:15:00,-0.878502368927002
2024-12-19 05:30:00,-0.010380744934082031
2024-12-19 05:45:00,-0.47211694717407227
2024-12-19 06:00:00,0.3526177406311035
2024-12-19 06:15:00,1.3780579566955566
2024-12-19 06:30:00,2.2047033309936523
2024-12-19 06:45:00,2.3105435371398926
2024-12-19 07:00:00,3.5718562602996826
2024-12-19 07:15:00,4.751589775085449
2024-12-19 07:30:00,6.27515172958374
2024-12-19 07:45:00,6.719952583312988
2024-12-19 08:00:00,8.860713958740234
2024-12-19 08:15:00,10.322776794433594
2024-12-19 08:30:00,11.156951904296875
2024-12-19 08:45:00,12.513036727905273
2024-12-19 09:00:00,13.951615333557129
2024-12-19 09:15:00,15.374709129333496
2024-12-19 09:30:00,16.310550689697266
2024-12-19 09:45:00,16.524520874023438
2024-12-19 10:00:00,18.009958267211914
2024-12-19 10:15:00,18.61390495300293
2024-12-19 10:30:00,19.853309631347656
2024-12-19 10:45:00,20.212554931640625
2024-12-19 11:00:00,20.906757354736328
2024-12-19 11:15:00,20.958267211914062
2024-12-19 11:30:00,21.85906219482422
2024-12-19 11:45:00,22.215625762939453
2024-12-19 12:00:00,22.08698272705078
2024-12-19 12:15:00,21.08687400817871
2024-12-19 12:30:00,21.803668975830078
2024-12-19 12:45:00,21.388477325439453
2024-12-19 13:00:00,20.209253311157227
2024-12-19 13:15:00,20.089780807495117
2024-12-19 13:30:00,19.84191131591797
2024-12-19 13:45:00,18.698638916015625
2024-12-19 14:00:00,18.45384979248047
2024-12-19 14:15:00,16.8865966796875
2024-12-19 14:30:00,15.83936595916748
2024-12-19 14:45:00,15.319405555725098
2024-12-19 15:00:00,14.613218307495117
2024-12-19 15:15:00,13.16362476348877
2024-12-19 15:30:00,11.763830184936523
2024-12-19 15:45:00,11.011388778686523
2024-12-19 16:00:00,9.125869750976562
2024-12-19 16:15:00,8.460264205932617
2024-12-19 16:30:00,6.974849224090576
2024-12-19 16:45:00,5.751968860626221
2024-12-19 17:00:00,5.635906219482422
2024-12-19 17:15:00,4.078102111816406
2024-12-19 17:30:00,3.398064613342285
2024-12-19 17:45:00,2.1773200035095215
2024-12-19 18:00:00,1.7296390533447266
2024-12-19 18:15:00,0.661959171295166
2024-12-19 18:30:00,0.10747814178466797
2024-12-19 18:45:00,-0.13871002197265625
2024-12-19 19:00:00,-0.7405076026916504
2024-12-19 19:15:00,-1.5948553085327148
2024-12-19 19:30:00,-0.9588179588317871
2024-12-19 19:45:00,-2.0751543045043945
2024-12-19 20:00:00,-2.1489744186401367
2024-12-19 20:15:00,-1.840658187866211
2024-12-19 20:30:00,-1.538853645324707
2024-12-19 20:45:00,-1.3134355545043945
2024-12-19 21:00:00,-1.6977968215942383
2024-12-19 21:15:00,-1.7781848907470703
2024-12-19 21:30:00,-1.9077024459838867
2024-12-19 21:45:00,-1.0803141593933105
2024-12-19 22:00:00,-1.010775089263916
2024-12-19 22:15:00,-1.3081235885620117
2024-12-19 22:30:00,-0.47916316986083984
2024-12-19 22:45:00,-0.8231005668640137
2024-12-19 23:00:00,0.30941247940063477
2024-12-19 23:15:00,-0.35845041275024414
2024-12-19 23:30:00,-0.11770200729370117
2024-12-19 23:45:00,-0.9882206916809082
2024-12-20 00:00:00,0.558911144733429
2024-12-20 00:15:00,0.504391074180603
2024-12-20 00:30:00,0.5622931122779846
2024-12-20 00:45:00,0.5981330275535583
2024-12-20 01:00:00,0.6941283941268921
2024-12-20 01:15:00,0.7846487760543823
2024-12-20 01:30:00,0.958651065826416
2024-12-20 01:45:00,1.008055329322815
2024-12-20 02:00:00,1.0096564292907715
2024-12-20 02:15:00,1.0844945907592773
2024-12-20 02:30:00,1.1048634052276611
2024-12-20 02:45:00,1.0507097244262695
2024-12-20 03:00:00,1.0024542808532715
2024-12-20 03:15:00,0.9580703973770142
2024-12-20 03:30:00,0.9450217485427856
2024-12-20 03:45:00,0.9373366832733154
2024-12-20 04:00:00,0.8936789035797119
2024-12-20 04:15:00,0.8373261094093323
2024-12-20 04:30:00,0.861138105392456
2024-12-20 04:45:00,0.9582122564315796
2024-12-20 05:00:00,0.9945756793022156
2024-12-20 05:15:00,0.9826951622962952
2024-12-20 05:30:00,0.9856824278831482
2024-12-20 05:45:00,1.0145989656448364
2024-12-20 06:00:00,1.0724539756774902
2024-12-20 06:15:00,1.1685351133346558
2024-12-20 06:30:00,1.23062002658844
2024-12-20 06:45:00,1.1770238876342773
2024-12-20 07:00:00,1.2141414880752563
2024-12-20 07:15:00,1.2197145223617554
2024-12-20 07:30:00,1.1246598958969116
2024-12-20 07:45:00,0.9770188927650452
2024-12-20 08:00:00,0.8641701340675354
2024-12-20 08:15:00,0.8402157425880432
2024-12-20 08:30:00,0.8393453359603882
2024-12-20 08:45:00,0.8277863264083862
2024-12-20 09:00:00,0.9069667458534241
2024-12-20 09:15:00,1.1837843656539917
2024-12-20 09:30:00,1.2710775136947632
2024-12-20 09:45:00,1.3774652481079102
2024-12-20 10:00:00,1.4257376194000244
2024-12-20 10:15:00,1.4917083978652954
2024-12-20 10:30:00,1.6065328121185303
2024-12-20 10:45:00,1.7233158349990845
2024-12-20 11:00:00,1.6256996393203735
2024-12-20 11:15:00,1.5936380624771118
2024-12-20 11:30:00,1.4873026609420776
2024-12-20 11:45:00,1.461799144744873
2024-12-20 12:00:00,1.36572265625
2024-12-20 12:15:00,1.2976405620574951
2024-12-20 12:30:00,1.2725733518600464
2024-12-20 12:45:00,1.2204699516296387
2024-12-20 13:00:00,1.202378511428833
2024-12-20 13:15:00,1.1942464113235474
2024-12-20 13:30:00,1.125532627105713
2024-12-20 13:45:00,1.0956182479858398
2024-12-20 14:00:00,1.240574598312378
2024-12-20 14:15:00,1.2235236167907715
2024-12-20 14:30:00,1.1833549737930298
2024-12-20 14:45:00,1.1813997030258179
2024-12-20 15:00:00,1.1588447093963623
2024-12-20 15:15:00,1.1001691818237305
2024-12-20 15:30:00,0.9520854949951172
2024-12-20 15:45:00,0.7104409337043762
2024-12-20 16:00:00,0.5643673539161682
2024-12-20 16:15:00,0.5352839827537537
2024-12-20 16:30:00,0.45550796389579773
2024-12-20 16:45:00,0.349403977394104
2024-12-20 17:00:00,0.28109174966812134
2024-12-20 17:15:00,0.28313958644866943
2024-12-20 17:30:00,0.34570449590682983
2024-12-20 17:45:00,0.4390637278556824
2024-12-20 18:00:00,0.44405800104141235
2024-12-20 18:15:00,0.39167702198028564
2024-12-20 18:30:00,0.3593883514404297
2024-12-20 18:45:00,0.3314295709133148
2024-12-20 19:00:00,0.28521835803985596
2024-12-20 19:15:00,0.23205088078975677
2024-12-20 19:30:00,0.25006332993507385
2024-12-20 19:45:00,0.3406902551651001
2024-12-20 20:00:00,0.3266066312789917
2024-12-20 20:15:00,0.18271690607070923
2024-12-20 20:30:00,0.19204722344875336
2024-12-20 20:45:00,0.13321459293365479
2024-12-20 21:00:00,0.05644369125366211
2024-12-20 21:15:00,-0.019983842968940735
2024-12-20 21:30:00,-0.06542402505874634
2024-12-20 21:45:00,-0.06268702447414398
2024-12-20 22:00:00,0.0046540796756744385
2024-12-20 22:15:00,0.09000465273857117
2024-12-20 22:30:00,0.12049442529678345
2024-12-20 22:45:00,0.12414413690567017
2024-12-20 23:00:00,0.16382940113544464
2024-12-20 23:15:00,0.26389390230178833
2024-12-20 23:30:00,0.3149069845676422
2024-12-20 23:45:00,1.4312496185302734
2024-12-21 00:00:00,0.0
2024-12-21 00:15:00,0.0
2024-12-21 00:30:00,0.0
2024-12-21 00:45:00,0.0
2024-12-21 01:00:00,0.0
2024-12-21 01:15:00,0.0
2024-12-21 01:30:00,0.0
2024-12-21 01:45:00,0.0
2024-12-21 02:00:00,0.0
2024-12-21 02:15:00,0.0
2024-12-21 02:30:00,0.0
2024-12-21 02:45:00,0.0
2024-12-21 03:00:00,0.0
2024-12-21 03:15:00,0.0
2024-12-21 03:30:00,0.0
2024-12-21 03:45:00,0.0
2024-12-21 04:00:00,0.0
2024-12-21 04:15:00,0.0
2024-12-21 04:30:00,0.0
2024-12-21 04:45:00,0.0
2024-12-21 05:00:00,0.0
2024-12-21 05:15:00,0.0
2024-12-21 05:30:00,0.0
2024-12-21 05:45:00,0.0
2024-12-21 06:00:00,0.0
2024-12-21 06:15:00,0.0
2024-12-21 06:30:00,0.0
2024-12-21 06:45:00,0.0
2024-12-21 07:00:00,0.0
2024-12-21 07:15:00,0.0
2024-12-21 07:30:00,0.0
2024-12-21 07:45:00,0.0
2024-12-21 08:00:00,0.0
2024-12-21 08:15:00,0.0
2024-12-21 08:30:00,0.0
2024-12-21 08:45:00,0.0
2024-12-21 09:00:00,0.0
2024-12-21 09:15:00,0.0
2024-12-21 09:30:00,0.0
2024-12-21 09:45:00,0.0
2024-12-21 10:00:00,0.0
2024-12-21 10:15:00,0.0
2024-12-21 10:30:00,0.0
2024-12-21 10:45:00,0.0
2024-12-21 11:00:00,0.0
2024-12-21 11:15:00,0.0
2024-12-21 11:30:00,0.0
2024-12-21 11:45:00,0.0
2024-12-21 12:00:00,0.0
2024-12-21 12:15:00,0.0
2024-12-21 12:30:00,0.0
2024-12-21 12:45:00,0.0
2024-12-21 13:00:00,0.0
2024-12-21 13:15:00,0.0
2024-12-21 13:30:00,0.0
2024-12-21 13:45:00,0.0
2024-12-21 14:00:00,0.0
2024-12-21 14:15:00,0.0
2024-12-21 14:30:00,0.0
2024-12-21 14:45:00,0.0
2024-12-21 15:00:00,0.0
2024-12-21 15:15:00,0.0
2024-12-21 15:30:00,0.0
2024-12-21 15:45:00,0.0
2024-12-21 16:00:00,0.0
2024-12-21 16:15:00,0.0
2024-12-21 16:30:00,0.0
2024-12-21 16:45:00,0.0
2024-12-21 17:00:00,0.0
2024-12-21 17:15:00,0.0
2024-12-21 17:30:00,0.0
2024-12-21 17:45:00,0.0
2024-12-21 18:00:00,0.0
2024-12-21 18:15:00,0.0
2024-12-21 18:30:00,0.0
2024-12-21 18:45:00,0.0
2024-12-21 19:00:00,0.0
2024-12-21 19:15:00,0.0
2024-12-21 19:30:00,0.0
2024-12-21 19:45:00,0.0
2024-12-21 20:00:00,0.0
2024-12-21 20:15:00,0.0
2024-12-21 20:30:00,0.0
2024-12-21 20:45:00,0.0
2024-12-21 21:00:00,0.0
2024-12-21 21:15:00,0.0
2024-12-21 21:30:00,0.0
2024-12-21 21:45:00,0.0
2024-12-21 22:00:00,0.0
2024-12-21 22:15:00,0.0
2024-12-21 22:30:00,0.0
2024-12-21 22:45:00,0.0
2024-12-21 23:00:00,0.0
2024-12-21 23:15:00,0.0
2024-12-21 23:30:00,0.0
2024-12-21 23:45:00,0.0
2024-12-22 00:00:00,-0.7099349498748779
2024-12-22 00:15:00,-0.011523246765136719
2024-12-22 00:30:00,-0.14714550971984863
2024-12-22 00:45:00,0.010334491729736328
2024-12-22 01:00:00,-0.15875959396362305
2024-12-22 01:15:00,-0.04435920715332031
2024-12-22 01:30:00,1.2754062414169312
2024-12-22 01:45:00,0.5673363208770752
2024-12-22 02:00:00,0.7589406967163086
2024-12-22 02:15:00,1.4508205652236938
2024-12-22 02:30:00,1.4232943058013916
2024-12-22 02:45:00,1.9215965270996094
2024-12-22 03:00:00,1.2113239765167236
2024-12-22 03:15:00,1.810654878616333
2024-12-22 03:30:00,2.1821365356445312
2024-12-22 03:45:00,3.1336724758148193
2024-12-22 04:00:00,2.1235733032226562
2024-12-22 04:15:00,2.8643388748168945
2024-12-22 04:30:00,3.6466658115386963
2024-12-22 04:45:00,2.7685256004333496
2024-12-22 05:00:00,2.255403757095337
2024-12-22 05:15:00,2.9013614654541016
2024-12-22 05:30:00,2.547337532043457
2024-12-22 05:45:00,4.664278984069824
2024-12-22 06:00:00,4.260076999664307
2024-12-22 06:15:00,4.762780666351318
2024-12-22 06:30:00,5.076103687286377
2024-12-22 06:45:00,6.034885406494141
2024-12-22 07:00:00,4.843677520751953
2024-12-22 07:15:00,7.253375053405762
2024-12-22 07:30:00,8.217694282531738
2024-12-22 07:45:00,8.774954795837402
2024-12-22 08:00:00,11.28126049041748
2024-12-22 08:15:00,11.30584716796875
2024-12-22 08:30:00,12.551819801330566
2024-12-22 08:45:00,12.522367477416992
2024-12-22 09:00:00,14.673266410827637
2024-12-22 09:15:00,14.442665100097656
2024-12-22 09:30:00,15.06588077545166
2024-12-22 09:45:00,16.12918472290039
2024-12-22 10:00:00,15.445052146911621
2024-12-22 10:15:00,16.747920989990234
2024-12-22 10:30:00,16.835988998413086
2024-12-22 10:45:00,15.651391983032227
2024-12-22 11:00:00,16.08860969543457
2024-12-22 11:15:00,15.457058906555176
2024-12-22 11:30:00,14.545890808105469
2024-12-22 11:45:00,15.49575424194336
2024-12-22 12:00:00,15.171188354492188
2024-12-22 12:15:00,14.151795387268066
2024-12-22 12:30:00,14.161394119262695
2024-12-22 12:45:00,14.17810344696045
2024-12-22 13:00:00,14.060227394104004
2024-12-22 13:15:00,14.61679458618164
2024-12-22 13:30:00,15.680975914001465
2024-12-22 13:45:00,14.624340057373047
2024-12-22 14:00:00,16.234813690185547
2024-12-22 14:15:00,16.62310028076172
2024-12-22 14:30:00,15.500092506408691
2024-12-22 14:45:00,15.87134838104248
2024-12-22 15:00:00,15.957627296447754
2024-12-22 15:15:00,15.944819450378418
2024-12-22 15:30:00,14.804728507995605
2024-12-22 15:45:00,14.324846267700195
2024-12-22 16:00:00,13.758923530578613
2024-12-22 16:15:00,12.480403900146484
2024-12-22 16:30:00,11.66471004486084
2024-12-22 16:45:00,9.93272876739502
2024-12-22 17:00:00,9.32382869720459
2024-12-22 17:15:00,8.871739387512207
2024-12-22 17:30:00,7.275094985961914
2024-12-22 17:45:00,6.35231351852417
2024-12-22 18:00:00,5.975072860717773
2024-12-22 18:15:00,5.082237720489502
2024-12-22 18:30:00,5.71348762512207
2024-12-22 18:45:00,4.3199052810668945
2024-12-22 19:00:00,4.614038944244385
2024-12-22 19:15:00,4.203476905822754
2024-12-22 19:30:00,3.882214069366455
2024-12-22 19:45:00,4.545592308044434
2024-12-22 20:00:00,4.475557327270508
2024-12-22 20:15:00,3.8835325241088867
2024-12-22 20:30:00,3.22662615776062
2024-12-22 20:45:00,3.684201240539551
2024-12-22 21:00:00,2.5928993225097656
2024-12-22 21:15:00,2.8401265144348145
2024-12-22 21:30:00,1.9353415966033936
2024-12-22 21:45:00,-0.13203716278076172
2024-12-22 22:00:00,0.811037540435791
2024-12-22 22:15:00,0.7988319396972656
2024-12-22 22:30:00,-0.41810154914855957
2024-12-22 22:45:00,0.03993964195251465
2024-12-22 23:00:00,-0.4656219482421875
2024-12-22 23:15:00,1.020677089691162
2024-12-22 23:30:00,-0.22373032569885254
2024-12-22 23:45:00,-1.998511552810669
2024-12-23 00:00:00,0.018235206604003906
2024-12-23 00:15:00,0.17656183242797852
2024-12-23 00:30:00,-0.08792543411254883
2024-12-23 00:45:00,0.060034751892089844
2024-12-23 01:00:00,0.5455389022827148
2024-12-23 01:15:00,-0.03118896484375
2024-12-23 01:30:00,-0.14064598083496094
2024-12-23 01:45:00,0.5514521598815918
2024-12-23 02:00:00,-0.7524256706237793
2024-12-23 02:15:00,-0.10705709457397461
2024-12-23 02:30:00,-1.0006632804870605
2024-12-23 02:45:00,-1.333892822265625
2024-12-23 03:00:00,-0.773491382598877
2024-12-23 03:15:00,-1.7722458839416504
2024-12-23 03:30:00,-0.7593626976013184
2024-12-23 03:45:00,-1.892899990081787
2024-12-23 04:00:00,-1.076509952545166
2024-12-23 04:15:00,-1.3474345207214355
2024-12-23 04:30:00,-1.7864680290222168
2024-12-23 04:45:00,-1.2147245407104492
2024-12-23 05:00:00,-1.9824280738830566
2024-12-23 05:15:00,-0.9423007965087891
2024-12-23 05:30:00,-0.3078799247741699
2024-12-23 05:45:00,-0.7296786308288574
2024-12-23 06:00:00,-0.019777297973632812
2024-12-23 06:15:00,0.9340534210205078
2024-12-23 06:30:00,1.6879863739013672
2024-12-23 06:45:00,1.7652220726013184
2024-12-23 07:00:00,2.8164680004119873
2024-12-23 07:15:00,4.350019454956055
2024-12-23 07:30:00,5.854715824127197
2024-12-23 07:45:00,6.215794563293457
2024-12-23 08:00:00,8.417835235595703
2024-12-23 08:15:00,9.910776138305664
2024-12-23 08:30:00,10.593416213989258
2024-12-23 08:45:00,12.105786323547363
2024-12-23 09:00:00,13.312644004821777
2024-12-23 09:15:00,14.650392532348633
2024-12-23 09:30:00,16.08961296081543
2024-12-23 09:45:00,15.929428100585938
2024-12-23 10:00:00,17.45623207092285
2024-12-23 10:15:00,18.070541381835938
2024-12-23 10:30:00,19.351829528808594
2024-12-23 10:45:00,19.84764289855957
2024-12-23 11:00:00,20.451784133911133
2024-12-23 11:15:00,20.355018615722656
2024-12-23 11:30:00,21.302648544311523
2024-12-23 11:45:00,22.001094818115234
2024-12-23 12:00:00,21.82830238342285
2024-12-23 12:15:00,20.481712341308594
2024-12-23 12:30:00,21.540203094482422
2024-12-23 12:45:00,21.16451072692871
2024-12-23 13:00:00,19.956560134887695
2024-12-23 13:15:00,19.829580307006836
2024-12-23 13:30:00,19.798114776611328
2024-12-23 13:45:00,18.438133239746094
2024-12-23 14:00:00,18.44304847717285
2024-12-23 14:15:00,16.7852783203125
2024-12-23 14:30:00,15.707330703735352
2024-12-23 14:45:00,15.262212753295898
2024-12-23 15:00:00,14.752908706665039
2024-12-23 15:15:00,13.162708282470703
2024-12-23 15:30:00,11.823089599609375
2024-12-23 15:45:00,10.990386962890625
2024-12-23 16:00:00,9.000645637512207
2024-12-23 16:15:00,8.418240547180176
2024-12-23 16:30:00,6.7782464027404785
2024-12-23 16:45:00,5.715117931365967
2024-12-23 17:00:00,5.719943046569824
2024-12-23 17:15:00,4.010343551635742
2024-12-23 17:30:00,3.2680535316467285
2024-12-23 17:45:00,2.1297593116760254
2024-12-23 18:00:00,1.5978922843933105
2024-12-23 18:15:00,0.5237994194030762
2024-12-23 18:30:00,0.01721811294555664
2024-12-23 18:45:00,-0.43016910552978516
2024-12-23 19:00:00,-1.091257095336914
2024-12-23 19:15:00,-1.8404431343078613
2024-12-23 19:30:00,-1.1382160186767578
2024-12-23 19:45:00,-2.48203706741333
2024-12-23 20:00:00,-2.5645813941955566
2024-12-23 20:15:00,-1.9305434226989746
2024-12-23 20:30:00,-1.8843894004821777
2024-12-23 20:45:00,-1.8278021812438965
2024-12-23 21:00:00,-1.9579157829284668
2024-12-23 21:15:00,-2.1514363288879395
2024-12-23 21:30:00,-2.217451572418213
2024-12-23 21:45:00,-0.9758062362670898
2024-12-23 22:00:00,-1.350785255432129
2024-12-23 22:15:00,-1.3557839393615723
2024-12-23 22:30:00,-0.7065486907958984
2024-12-23 22:45:00,-0.814051628112793
2024-12-23 23:00:00,0.40577125549316406
2024-12-23 23:15:00,-0.33041954040527344
2024-12-23 23:30:00,-0.3079719543457031
2024-12-23 23:45:00,-1.2485294342041016
2024-12-24 00:00:00,0.3479633331298828
2024-12-24 00:15:00,0.1985149383544922
2024-12-24 00:30:00,0.05440187454223633
2024-12-24 00:45:00,0.2956066131591797
2024-12-24 01:00:00,0.2359476089477539
2024-12-24 01:15:00,0.06384420394897461
2024-12-24 01:30:00,0.0430607795715332
2024-12-24 01:45:00,0.5277891159057617
2024-12-24 02:00:00,-0.6825037002563477
2024-12-24 02:15:00,-0.14461565017700195
2024-12-24 02:30:00,-1.0497002601623535
2024-12-24 02:45:00,-1.3787341117858887
2024-12-24 03:00:00,-0.8977799415588379
2024-12-24 03:15:00,-1.5039377212524414
2024-12-24 03:30:00,-0.7626123428344727
2024-12-24 03:45:00,-1.877981185913086
2024-12-24 04:00:00,-1.0342020988464355
2024-12-24 04:15:00,-1.1388325691223145
2024-12-24 04:30:00,-1.6243791580200195
2024-12-24 04:45:00,-0.965667724609375
2024-12-24 05:00:00,-1.7555103302001953
2024-12-24 05:15:00,-0.90087890625
2024-12-24 05:30:00,0.03283071517944336
2024-12-24 05:45:00,-0.6376166343688965
2024-12-24 06:00:00,0.06595420837402344
2024-12-24 06:15:00,1.1528940200805664
2024-12-24 06:30:00,1.7341313362121582
2024-12-24 06:45:00,1.9391632080078125
2024-12-24 07:00:00,3.037024974822998
2024-12-24 07:15:00,4.423120498657227
2024-12-24 07:30:00,5.904438018798828
2024-12-24 07:45:00,6.001234531402588
2024-12-24 08:00:00,8.237446784973145
2024-12-24 08:15:00,9.741073608398438
2024-12-24 08:30:00,10.59541130065918
2024-12-24 08:45:00,12.01976203918457
2024-12-24 09:00:00,13.370887756347656
2024-12-24 09:15:00,14.72355842590332
2024-12-24 09:30:00,15.841485023498535
2024-12-24 09:45:00,15.82012939453125
2024-12-24 10:00:00,17.3757266998291
2024-12-24 10:15:00,17.984426498413086
2024-12-24 10:30:00,19.038917541503906
2024-12-24 10:45:00,19.54549789428711
2024-12-24 11:00:00,20.322086334228516
2024-12-24 11:15:00,20.179279327392578
2024-12-24 11:30:00,20.990276336669922
2024-12-24 11:45:00,21.71885108947754
2024-12-24 12:00:00,21.48467254638672
2024-12-24 12:15:00,20.296920776367188
2024-12-24 12:30:00,21.436965942382812
2024-12-24 12:45:00,20.645156860351562
2024-12-24 13:00:00,19.581993103027344
2024-12-24 13:15:00,19.55002212524414
2024-12-24 13:30:00,19.453943252563477
2024-12-24 13:45:00,18.093631744384766
2024-12-24 14:00:00,18.15552520751953
2024-12-24 14:15:00,16.345726013183594
2024-12-24 14:30:00,15.334041595458984
2024-12-24 14:45:00,14.846953392028809
2024-12-24 15:00:00,14.292047500610352
2024-12-24 15:15:00,12.783184051513672
2024-12-24 15:30:00,11.595392227172852
2024-12-24 15:45:00,10.745879173278809
2024-12-24 16:00:00,8.89659309387207
2024-12-24 16:15:00,8.10214614868164
2024-12-24 16:30:00,6.678219795227051
2024-12-24 16:45:00,5.43532133102417
2024-12-24 17:00:00,5.5633392333984375
2024-12-24 17:15:00,3.837885856628418
2024-12-24 17:30:00,3.056422472000122
2024-12-24 17:45:00,2.039060592651367
2024-12-24 18:00:00,1.5163822174072266
2024-12-24 18:15:00,0.43674755096435547
2024-12-24 18:30:00,-0.2586541175842285
2024-12-24 18:45:00,-0.5012168884277344
2024-12-24 19:00:00,-1.1725225448608398
2024-12-24 19:15:00,-1.9286069869995117
2024-12-24 19:30:00,-1.1636748313903809
2024-12-24 19:45:00,-2.4362192153930664
2024-12-24 20:00:00,-2.5366859436035156
2024-12-24 20:15:00,-2.268416404724121
2024-12-24 20:30:00,-1.990706443786621
2024-12-24 20:45:00,-1.8303470611572266
2024-12-24 21:00:00,-1.9822492599487305
2024-12-24 21:15:00,-2.3085622787475586
2024-12-24 21:30:00,-2.118337631225586
2024-12-24 21:45:00,-1.2599058151245117
2024-12-24 22:00:00,-1.3660387992858887
2024-12-24 22:15:00,-1.4822559356689453
2024-12-24 22:30:00,-0.6491913795471191
2024-12-24 22:45:00,-0.994225025177002
2024-12-24 23:00:00,0.21951770782470703
2024-12-24 23:15:00,-0.5210409164428711
2024-12-24 23:30:00,-0.3759784698486328
2024-12-24 23:45:00,-1.1877098083496094
2024-12-25 00:00:00,0.4456801414489746
2024-12-25 00:15:00,0.7736821174621582
2024-12-25 00:30:00,0.8017196655273438
2024-12-25 00:45:00,-0.22045660018920898
2024-12-25 01:00:00,-0.048716068267822266
2024-12-25 01:15:00,0.9959025382995605
2024-12-25 01:30:00,1.1143674850463867
2024-12-25 01:45:00,0.9429349899291992
2024-12-25 02:00:00,0.6689786911010742
2024-12-25 02:15:00,1.1118688583374023
2024-12-25 02:30:00,1.4400386810302734
2024-12-25 02:45:00,1.1650371551513672
2024-12-25 03:00:00,0.928830623626709
2024-12-25 03:15:00,1.10945463180542
2024-12-25 03:30:00,1.6738228797912598
2024-12-25 03:45:00,1.3292977809906006
2024-12-25 04:00:00,0.6430835723876953
2024-12-25 04:15:00,1.8688979148864746
2024-12-25 04:30:00,0.8459172248840332
2024-12-25 04:45:00,1.741391897201538
2024-12-25 05:00:00,2.3588719367980957
2024-12-25 05:15:00,1.787750482559204
2024-12-25 05:30:00,1.7466237545013428
2024-12-25 05:45:00,1.9404261112213135
2024-12-25 06:00:00,2.1038098335266113
2024-12-25 06:15:00,3.0139317512512207
2024-12-25 06:30:00,3.2507901191711426
2024-12-25 06:45:00,3.424159526824951
2024-12-25 07:00:00,3.88844895362854
2024-12-25 07:15:00,4.639492511749268
2024-12-25 07:30:00,5.265559673309326
2024-12-25 07:45:00,5.258367538452148
2024-12-25 08:00:00,6.054055213928223
2024-12-25 08:15:00,6.877782344818115
2024-12-25 08:30:00,8.039819717407227
2024-12-25 08:45:00,8.917962074279785
2024-12-25 09:00:00,9.729945182800293
2024-12-25 09:15:00,11.121654510498047
2024-12-25 09:30:00,12.040531158447266
2024-12-25 09:45:00,13.278083801269531
2024-12-25 10:00:00,14.068471908569336
2024-12-25 10:15:00,14.903482437133789
2024-12-25 10:30:00,15.385618209838867
2024-12-25 10:45:00,16.523563385009766
2024-12-25 11:00:00,17.17769432067871
2024-12-25 11:15:00,16.465373992919922
2024-12-25 11:30:00,16.3207950592041
2024-12-25 11:45:00,17.616941452026367
2024-12-25 12:00:00,17.52012062072754
2024-12-25 12:15:00,17.75808334350586
2024-12-25 12:30:00,17.15200424194336
2024-12-25 12:45:00,17.316104888916016
2024-12-25 13:00:00,16.362520217895508
2024-12-25 13:15:00,16.28828239440918
2024-12-25 13:30:00,16.439037322998047
2024-12-25 13:45:00,15.355195999145508
2024-12-25 14:00:00,15.144660949707031
2024-12-25 14:15:00,14.393716812133789
2024-12-25 14:30:00,14.193307876586914
2024-12-25 14:45:00,13.287675857543945
2024-12-25 15:00:00,12.918435096740723
2024-12-25 15:15:00,12.354822158813477
2024-12-25 15:30:00,12.379449844360352
2024-12-25 15:45:00,11.239151000976562
2024-12-25 16:00:00,10.638668060302734
2024-12-25 16:15:00,10.002309799194336
2024-12-25 16:30:00,9.062420845031738
2024-12-25 16:45:00,8.69832992553711
2024-12-25 17:00:00,7.826030731201172
2024-12-25 17:15:00,7.028332710266113
2024-12-25 17:30:00,6.75870418548584
2024-12-25 17:45:00,4.789603233337402
2024-12-25 18:00:00,4.769133567810059
2024-12-25 18:15:00,4.523777008056641
2024-12-25 18:30:00,3.002885103225708
2024-12-25 18:45:00,2.3745784759521484
2024-12-25 19:00:00,1.8206968307495117
2024-12-25 19:15:00,1.2757458686828613
2024-12-25 19:30:00,0.2802410125732422
2024-12-25 19:45:00,0.5667285919189453
2024-12-25 20:00:00,0.09497451782226562
2024-12-25 20:15:00,0.39961719512939453
2024-12-25 20:30:00,0.23372268676757812
2024-12-25 20:45:00,-0.39707040786743164
2024-12-25 21:00:00,-0.4100308418273926
2024-12-25 21:15:00,-0.033926963806152344
2024-12-25 21:30:00,-0.0924224853515625
2024-12-25 21:45:00,-0.6812806129455566
2024-12-25 22:00:00,-0.014168262481689453
2024-12-25 22:15:00,0.7654142379760742
2024-12-25 22:30:00,0.7167177200317383
2024-12-25 22:45:00,0.40986061096191406
2024-12-25 23:00:00,0.43199968338012695
2024-12-25 23:15:00,0.8413810729980469
2024-12-25 23:30:00,0.02718830108642578
2024-12-25 23:45:00,0.31705379486083984
2024-12-26 00:00:00,0.7526683807373047
2024-12-26 00:15:00,0.7129230499267578
2024-12-26 00:30:00,0.32120847702026367
2024-12-26 00:45:00,0.7158584594726562
2024-12-26 01:00:00,-0.055052757263183594
2024-12-26 01:15:00,0.3077526092529297
2024-12-26 01:30:00,0.6765000820159912
2024-12-26 01:45:00,0.1961226463317871
2024-12-26 02:00:00,0.7317354679107666
2024-12-26 02:15:00,0.8554126024246216
2024-12-26 02:30:00,0.9470707178115845
2024-12-26 02:45:00,0.9970710277557373
2024-12-26 03:00:00,0.905872106552124
2024-12-26 03:15:00,0.44220876693725586
2024-12-26 03:30:00,1.2942111492156982
2024-12-26 03:45:00,1.1530885696411133
2024-12-26 04:00:00,1.136019229888916
2024-12-26 04:15:00,1.262012243270874
2024-12-26 04:30:00,1.3902126550674438
2024-12-26 04:45:00,0.828476071357727
2024-12-26 05:00:00,0.9501198530197144
2024-12-26 05:15:00,1.1673903465270996
2024-12-26 05:30:00,0.6777167320251465
2024-12-26 05:45:00,1.31500244140625
2024-12-26 06:00:00,1.273108959197998
2024-12-26 06:15:00,1.4383193254470825
2024-12-26 06:30:00,1.8611869812011719
2024-12-26 06:45:00,2.678213119506836
2024-12-26 07:00:00,2.093735694885254
2024-12-26 07:15:00,3.576017141342163
2024-12-26 07:30:00,3.8498361110687256
2024-12-26 07:45:00,4.684746742248535
2024-12-26 08:00:00,5.842583656311035
2024-12-26 08:15:00,6.338400363922119
2024-12-26 08:30:00,7.647305488586426
2024-12-26 08:45:00,8.506790161132812
2024-12-26 09:00:00,9.429895401000977
2024-12-26 09:15:00,10.040127754211426
2024-12-26 09:30:00,10.175963401794434
2024-12-26 09:45:00,11.233583450317383
2024-12-26 10:00:00,10.831829071044922
2024-12-26 10:15:00,11.249346733093262
2024-12-26 10:30:00,11.631162643432617
2024-12-26 10:45:00,12.420614242553711
2024-12-26 11:00:00,12.417886734008789
2024-12-26 11:15:00,11.25722599029541
2024-12-26 11:30:00,11.516363143920898
2024-12-26 11:45:00,11.750861167907715
2024-12-26 12:00:00,11.422822952270508
2024-12-26 12:15:00,11.837769508361816
2024-12-26 12:30:00,11.219198226928711
2024-12-26 12:45:00,11.523406982421875
2024-12-26 13:00:00,11.275572776794434
2024-12-26 13:15:00,11.501106262207031
2024-12-26 13:30:00,11.926231384277344
2024-12-26 13:45:00,11.2650728225708
2024-12-26 14:00:00,11.959319114685059
2024-12-26 14:15:00,11.992448806762695
2024-12-26 14:30:00,11.393036842346191
2024-12-26 14:45:00,11.169377326965332
2024-12-26 15:00:00,10.91856861114502
2024-12-26 15:15:00,10.437745094299316
2024-12-26 15:30:00,9.14063549041748
2024-12-26 15:45:00,9.690711975097656
2024-12-26 16:00:00,8.889654159545898
2024-12-26 16:15:00,7.952580451965332
2024-12-26 16:30:00,8.142187118530273
2024-12-26 16:45:00,6.5318989753723145
2024-12-26 17:00:00,6.155097961425781
2024-12-26 17:15:00,5.12831974029541
2024-12-26 17:30:00,4.533633708953857
2024-12-26 17:45:00,3.714503288269043
2024-12-26 18:00:00,3.0491812229156494
2024-12-26 18:15:00,2.864420175552368
2024-12-26 18:30:00,1.8987541198730469
2024-12-26 18:45:00,1.1405543088912964
2024-12-26 19:00:00,1.344299077987671
2024-12-26 19:15:00,0.7850466966629028
2024-12-26 19:30:00,0.5610702037811279
2024-12-26 19:45:00,0.6614706516265869
2024-12-26 20:00:00,0.6435048580169678
2024-12-26 20:15:00,0.6139678955078125
2024-12-26 20:30:00,0.019600391387939453
2024-12-26 20:45:00,0.258807897567749
2024-12-26 21:00:00,-0.5154762268066406
2024-12-26 21:15:00,0.4320354461669922
2024-12-26 21:30:00,-0.014754295349121094
2024-12-26 21:45:00,-0.8043625354766846
2024-12-26 22:00:00,-0.4980287551879883
2024-12-26 22:15:00,-1.1383256912231445
2024-12-26 22:30:00,-0.7854328155517578
2024-12-26 22:45:00,-1.0510826110839844
2024-12-26 23:00:00,-1.0919809341430664
2024-12-26 23:15:00,-0.5038433074951172
2024-12-26 23:30:00,-1.5537517070770264
2024-12-26 23:45:00,-1.5572645664215088
2024-12-27 00:00:00,0.0
2024-12-27 00:15:00,0.0
2024-12-27 00:30:00,0.0
2024-12-27 00:45:00,0.0
2024-12-27 01:00:00,0.0
2024-12-27 01:15:00,0.0
2024-12-27 01:30:00,0.0
2024-12-27 01:45:00,0.0
2024-12-27 02:00:00,0.0
2024-12-27 02:15:00,0.0
2024-12-27 02:30:00,0.0
2024-12-27 02:45:00,0.0
2024-12-27 03:00:00,0.0
2024-12-27 03:15:00,0.0
2024-12-27 03:30:00,0.0
2024-12-27 03:45:00,0.0
2024-12-27 04:00:00,0.0
2024-12-27 04:15:00,0.0
2024-12-27 04:30:00,0.0
2024-12-27 04:45:00,0.0
2024-12-27 05:00:00,0.0
2024-12-27 05:15:00,0.0
2024-12-27 05:30:00,0.0
2024-12-27 05:45:00,0.0
2024-12-27 06:00:00,0.0
2024-12-27 06:15:00,0.0
2024-12-27 06:30:00,0.0
2024-12-27 06:45:00,0.0
2024-12-27 07:00:00,0.0
2024-12-27 07:15:00,0.0
2024-12-27 07:30:00,0.0
2024-12-27 07:45:00,0.0
2024-12-27 08:00:00,0.0
2024-12-27 08:15:00,0.0
2024-12-27 08:30:00,0.0
2024-12-27 08:45:00,0.0
2024-12-27 09:00:00,0.0
2024-12-27 09:15:00,0.0
2024-12-27 09:30:00,0.0
2024-12-27 09:45:00,0.0
2024-12-27 10:00:00,0.0
2024-12-27 10:15:00,0.0
2024-12-27 10:30:00,0.0
2024-12-27 10:45:00,0.0
2024-12-27 11:00:00,0.0
2024-12-27 11:15:00,0.0
2024-12-27 11:30:00,0.0
2024-12-27 11:45:00,0.0
2024-12-27 12:00:00,0.0
2024-12-27 12:15:00,0.0
2024-12-27 12:30:00,0.0
2024-12-27 12:45:00,0.0
2024-12-27 13:00:00,0.0
2024-12-27 13:15:00,0.0
2024-12-27 13:30:00,0.0
2024-12-27 13:45:00,0.0
2024-12-27 14:00:00,0.0
2024-12-27 14:15:00,0.0
2024-12-27 14:30:00,0.0
2024-12-27 14:45:00,0.0
2024-12-27 15:00:00,0.0
2024-12-27 15:15:00,0.0
2024-12-27 15:30:00,0.0
2024-12-27 15:45:00,0.0
2024-12-27 16:00:00,0.0
2024-12-27 16:15:00,0.0
2024-12-27 16:30:00,0.0
2024-12-27 16:45:00,0.0
2024-12-27 17:00:00,0.0
2024-12-27 17:15:00,0.0
2024-12-27 17:30:00,0.0
2024-12-27 17:45:00,0.0
2024-12-27 18:00:00,0.0
2024-12-27 18:15:00,0.0
2024-12-27 18:30:00,0.0
2024-12-27 18:45:00,0.0
2024-12-27 19:00:00,0.0
2024-12-27 19:15:00,0.0
2024-12-27 19:30:00,0.0
2024-12-27 19:45:00,0.0
2024-12-27 20:00:00,0.0
2024-12-27 20:15:00,0.0
2024-12-27 20:30:00,0.0
2024-12-27 20:45:00,0.0
2024-12-27 21:00:00,0.0
2024-12-27 21:15:00,0.0
2024-12-27 21:30:00,0.0
2024-12-27 21:45:00,0.0
2024-12-27 22:00:00,0.0
2024-12-27 22:15:00,0.0
2024-12-27 22:30:00,0.0
2024-12-27 22:45:00,0.0
2024-12-27 23:00:00,0.0
2024-12-27 23:15:00,0.0
2024-12-27 23:30:00,0.0
2024-12-27 23:45:00,0.0
2024-12-28 00:00:00,0.0
2024-12-28 00:15:00,0.0
2024-12-28 00:30:00,0.0
2024-12-28 00:45:00,0.0
2024-12-28 01:00:00,0.0
2024-12-28 01:15:00,0.0
2024-12-28 01:30:00,0.0
2024-12-28 01:45:00,0.0
2024-12-28 02:00:00,0.0
2024-12-28 02:15:00,0.0
2024-12-28 02:30:00,0.0
2024-12-28 02:45:00,0.0
2024-12-28 03:00:00,0.0
2024-12-28 03:15:00,0.0
2024-12-28 03:30:00,0.0
2024-12-28 03:45:00,0.0
2024-12-28 04:00:00,0.0
2024-12-28 04:15:00,0.0
2024-12-28 04:30:00,0.0
2024-12-28 04:45:00,0.0
2024-12-28 05:00:00,0.0
2024-12-28 05:15:00,0.0
2024-12-28 05:30:00,0.0
2024-12-28 05:45:00,0.0
2024-12-28 06:00:00,0.0
2024-12-28 06:15:00,0.0
2024-12-28 06:30:00,0.0
2024-12-28 06:45:00,0.0
2024-12-28 07:00:00,0.0
2024-12-28 07:15:00,0.0
2024-12-28 07:30:00,0.0
2024-12-28 07:45:00,0.0
2024-12-28 08:00:00,0.0
2024-12-28 08:15:00,0.0
2024-12-28 08:30:00,0.0
2024-12-28 08:45:00,0.0
2024-12-28 09:00:00,0.0
2024-12-28 09:15:00,0.0
2024-12-28 09:30:00,0.0
2024-12-28 09:45:00,0.0
2024-12-28 10:00:00,0.0
2024-12-28 10:15:00,0.0
2024-12-28 10:30:00,0.0
2024-12-28 10:45:00,0.0
2024-12-28 11:00:00,0.0
2024-12-28 11:15:00,0.0
2024-12-28 11:30:00,0.0
2024-12-28 11:45:00,0.0
2024-12-28 12:00:00,0.0
2024-12-28 12:15:00,0.0
2024-12-28 12:30:00,0.0
2024-12-28 12:45:00,0.0
2024-12-28 13:00:00,0.0
2024-12-28 13:15:00,0.0
2024-12-28 13:30:00,0.0
2024-12-28 13:45:00,0.0
2024-12-28 14:00:00,0.0
2024-12-28 14:15:00,0.0
2024-12-28 14:30:00,0.0
2024-12-28 14:45:00,0.0
2024-12-28 15:00:00,0.0
2024-12-28 15:15:00,0.0
2024-12-28 15:30:00,0.0
2024-12-28 15:45:00,0.0
2024-12-28 16:00:00,0.0
2024-12-28 16:15:00,0.0
2024-12-28 16:30:00,0.0
2024-12-28 16:45:00,0.0
2024-12-28 17:00:00,0.0
2024-12-28 17:15:00,0.0
2024-12-28 17:30:00,0.0
2024-12-28 17:45:00,0.0
2024-12-28 18:00:00,0.0
2024-12-28 18:15:00,0.0
2024-12-28 18:30:00,0.0
2024-12-28 18:45:00,0.0
2024-12-28 19:00:00,0.0
2024-12-28 19:15:00,0.0
2024-12-28 19:30:00,0.0
2024-12-28 19:45:00,0.0
2024-12-28 20:00:00,0.0
2024-12-28 20:15:00,0.0
2024-12-28 20:30:00,0.0
2024-12-28 20:45:00,0.0
2024-12-28 21:00:00,0.0
2024-12-28 21:15:00,0.0
2024-12-28 21:30:00,0.0
2024-12-28 21:45:00,0.0
2024-12-28 22:00:00,0.0
2024-12-28 22:15:00,0.0
2024-12-28 22:30:00,0.0
2024-12-28 22:45:00,0.0
2024-12-28 23:00:00,0.0
2024-12-28 23:15:00,0.0
2024-12-28 23:30:00,0.0
2024-12-28 23:45:00,0.0
2024-12-29 00:00:00,0.8207581043243408
2024-12-29 00:15:00,0.7753647565841675
2024-12-29 00:30:00,0.35152363777160645
2024-12-29 00:45:00,0.4078562259674072
2024-12-29 01:00:00,-0.2909369468688965
2024-12-29 01:15:00,-0.029831886291503906
2024-12-29 01:30:00,0.7980587482452393
2024-12-29 01:45:00,0.001201629638671875
2024-12-29 02:00:00,0.7849909067153931
2024-12-29 02:15:00,0.656339168548584
2024-12-29 02:30:00,0.9364595413208008
2024-12-29 02:45:00,0.7585538625717163
2024-12-29 03:00:00,0.4469563961029053
2024-12-29 03:15:00,0.30881166458129883
2024-12-29 03:30:00,0.9144130945205688
2024-12-29 03:45:00,1.0853708982467651
2024-12-29 04:00:00,1.0553826093673706
2024-12-29 04:15:00,0.9780586957931519
2024-12-29 04:30:00,1.2293486595153809
2024-12-29 04:45:00,0.6015232801437378
2024-12-29 05:00:00,0.7774964570999146
2024-12-29 05:15:00,1.085064172744751
2024-12-29 05:30:00,0.459749698638916
2024-12-29 05:45:00,1.8579440116882324
2024-12-29 06:00:00,1.2459174394607544
2024-12-29 06:15:00,1.8858997821807861
2024-12-29 06:30:00,1.9365969896316528
2024-12-29 06:45:00,2.819267749786377
2024-12-29 07:00:00,2.5290775299072266
2024-12-29 07:15:00,3.7725605964660645
2024-12-29 07:30:00,4.449063301086426
2024-12-29 07:45:00,5.187002182006836
2024-12-29 08:00:00,6.54644775390625
2024-12-29 08:15:00,6.741321563720703
2024-12-29 08:30:00,8.031416893005371
2024-12-29 08:45:00,8.761697769165039
2024-12-29 09:00:00,9.861050605773926
2024-12-29 09:15:00,10.35490894317627
2024-12-29 09:30:00,10.572466850280762
2024-12-29 09:45:00,11.598187446594238
2024-12-29 10:00:00,10.857379913330078
2024-12-29 10:15:00,11.320093154907227
2024-12-29 10:30:00,11.464319229125977
2024-12-29 10:45:00,11.918533325195312
2024-12-29 11:00:00,11.894448280334473
2024-12-29 11:15:00,10.509085655212402
2024-12-29 11:30:00,10.923327445983887
2024-12-29 11:45:00,11.303864479064941
2024-12-29 12:00:00,10.866142272949219
2024-12-29 12:15:00,10.763045310974121
2024-12-29 12:30:00,10.367057800292969
2024-12-29 12:45:00,10.698091506958008
2024-12-29 13:00:00,10.595067977905273
2024-12-29 13:15:00,11.020503997802734
2024-12-29 13:30:00,11.42471694946289
2024-12-29 13:45:00,10.871129989624023
2024-12-29 14:00:00,11.85522174835205
2024-12-29 14:15:00,11.853840827941895
2024-12-29 14:30:00,11.543910026550293
2024-12-29 14:45:00,10.88050651550293
2024-12-29 15:00:00,10.812435150146484
2024-12-29 15:15:00,10.583390235900879
2024-12-29 15:30:00,9.281526565551758
2024-12-29 15:45:00,9.515909194946289
2024-12-29 16:00:00,8.774267196655273
2024-12-29 16:15:00,8.002567291259766
2024-12-29 16:30:00,8.100922584533691
2024-12-29 16:45:00,6.529752731323242
2024-12-29 17:00:00,6.073521614074707
2024-12-29 17:15:00,5.402928352355957
2024-12-29 17:30:00,4.491230010986328
2024-12-29 17:45:00,3.8756537437438965
2024-12-29 18:00:00,3.0707836151123047
2024-12-29 18:15:00,2.935826301574707
2024-12-29 18:30:00,2.43648624420166
2024-12-29 18:45:00,1.3917969465255737
2024-12-29 19:00:00,1.745542287826538
2024-12-29 19:15:00,1.0518312454223633
2024-12-29 19:30:00,1.1752533912658691
2024-12-29 19:45:00,1.2732622623443604
2024-12-29 20:00:00,1.2623387575149536
2024-12-29 20:15:00,1.2877602577209473
2024-12-29 20:30:00,0.46883082389831543
2024-12-29 20:45:00,0.4997389316558838
2024-12-29 21:00:00,0.18950605392456055
2024-12-29 21:15:00,0.6978912353515625
2024-12-29 21:30:00,0.235520601272583
2024-12-29 21:45:00,-0.8704252243041992
2024-12-29 22:00:00,-0.35383129119873047
2024-12-29 22:15:00,-1.0957632064819336
2024-12-29 22:30:00,-0.8955078125
2024-12-29 22:45:00,-1.2593662738800049
2024-12-29 23:00:00,-1.3857216835021973
2024-12-29 23:15:00,-0.5949101448059082
2024-12-29 23:30:00,-2.0567538738250732
2024-12-29 23:45:00,-2.294813394546509
2024-12-30 00:00:00,1.3904281854629517
2024-12-30 00:15:00,2.0357370376586914
2024-12-30 00:30:00,2.400073528289795
2024-12-30 00:45:00,2.5133297443389893
2024-12-30 01:00:00,2.514840602874756
2024-12-30 01:15:00,3.1903252601623535
2024-12-30 01:30:00,3.468280792236328
2024-12-30 01:45:00,3.5827407836914062
2024-12-30 02:00:00,4.495928764343262
2024-12-30 02:15:00,4.968584060668945
2024-12-30 02:30:00,4.966686248779297
2024-12-30 02:45:00,5.604654312133789
2024-12-30 03:00:00,5.5308074951171875
2024-12-30 03:15:00,6.12967586517334
2024-12-30 03:30:00,6.480445861816406
2024-12-30 03:45:00,6.819127082824707
2024-12-30 04:00:00,6.930184364318848
2024-12-30 04:15:00,6.839385032653809
2024-12-30 04:30:00,6.936093330383301
2024-12-30 04:45:00,7.192366600036621
2024-12-30 05:00:00,6.624018669128418
2024-12-30 05:15:00,6.563796043395996
2024-12-30 05:30:00,7.348999977111816
2024-12-30 05:45:00,7.016820907592773
2024-12-30 06:00:00,7.690699577331543
2024-12-30 06:15:00,8.131146430969238
2024-12-30 06:30:00,7.701841354370117
2024-12-30 06:45:00,6.834473609924316
2024-12-30 07:00:00,5.988992691040039
2024-12-30 07:15:00,7.231447219848633
2024-12-30 07:30:00,7.270026206970215
2024-12-30 07:45:00,6.47904109954834
2024-12-30 08:00:00,6.552699089050293
2024-12-30 08:15:00,7.41435432434082
2024-12-30 08:30:00,6.290617942810059
2024-12-30 08:45:00,7.164941787719727
2024-12-30 09:00:00,6.7809600830078125
2024-12-30 09:15:00,6.045905113220215
2024-12-30 09:30:00,6.561375617980957
2024-12-30 09:45:00,6.291341781616211
2024-12-30 10:00:00,6.029294013977051
2024-12-30 10:15:00,6.253270149230957
2024-12-30 10:30:00,5.66453742980957
2024-12-30 10:45:00,5.403372764587402
2024-12-30 11:00:00,5.701189994812012
2024-12-30 11:15:00,5.084786415100098
2024-12-30 11:30:00,5.3199310302734375
2024-12-30 11:45:00,5.083950996398926
2024-12-30 12:00:00,4.627840995788574
2024-12-30 12:15:00,4.661138534545898
2024-12-30 12:30:00,4.150761127471924
2024-12-30 12:45:00,4.036341667175293
2024-12-30 13:00:00,2.6381006240844727
2024-12-30 13:15:00,3.48559832572937
2024-12-30 13:30:00,3.1674716472625732
2024-12-30 13:45:00,3.1051762104034424
2024-12-30 14:00:00,3.248699188232422
2024-12-30 14:15:00,3.341186046600342
2024-12-30 14:30:00,2.895299196243286
2024-12-30 14:45:00,2.630667209625244
2024-12-30 15:00:00,2.9625084400177
2024-12-30 15:15:00,2.871114730834961
2024-12-30 15:30:00,3.6883678436279297
2024-12-30 15:45:00,2.629422664642334
2024-12-30 16:00:00,3.058391809463501
2024-12-30 16:15:00,2.607070207595825
2024-12-30 16:30:00,3.466477632522583
2024-12-30 16:45:00,2.690242290496826
2024-12-30 17:00:00,2.35005521774292
2024-12-30 17:15:00,2.45332670211792
2024-12-30 17:30:00,2.669320583343506
2024-12-30 17:45:00,2.5327272415161133
2024-12-30 18:00:00,1.8706122636795044
2024-12-30 18:15:00,2.3195691108703613
2024-12-30 18:30:00,2.512303352355957
2024-12-30 18:45:00,1.995673418045044
2024-12-30 19:00:00,1.117940902709961
2024-12-30 19:15:00,1.1542484760284424
2024-12-30 19:30:00,1.3192678689956665
2024-12-30 19:45:00,2.0364208221435547
2024-12-30 20:00:00,1.59181547164917
2024-12-30 20:15:00,1.2330923080444336
2024-12-30 20:30:00,1.5941026210784912
2024-12-30 20:45:00,1.7223529815673828
2024-12-30 21:00:00,1.2758044004440308
2024-12-30 21:15:00,1.255696415901184
2024-12-30 21:30:00,0.6204652786254883
2024-12-30 21:45:00,1.175466537475586
2024-12-30 22:00:00,2.045621633529663
2024-12-30 22:15:00,1.2266162633895874
2024-12-30 22:30:00,1.6507024765014648
2024-12-30 22:45:00,1.4288334846496582
2024-12-30 23:00:00,0.44331231713294983
2024-12-30 23:15:00,2.4275736808776855
2024-12-30 23:30:00,1.4272584915161133
2024-12-30 23:45:00,1.3296983242034912
2024-12-31 00:00:00,0.06208610534667969
2024-12-31 00:15:00,0.5557841658592224
2024-12-31 00:30:00,0.5867273211479187
2024-12-31 00:45:00,0.4212993383407593
2024-12-31 01:00:00,0.309944748878479
2024-12-31 01:15:00,0.7307325601577759
2024-12-31 01:30:00,0.610386848449707
2024-12-31 01:45:00,0.46397238969802856
2024-12-31 02:00:00,0.9134573936462402
2024-12-31 02:15:00,1.180748701095581
2024-12-31 02:30:00,0.5217291116714478
2024-12-31 02:45:00,1.2620481252670288
2024-12-31 03:00:00,0.7277965545654297
2024-12-31 03:15:00,0.9320100545883179
2024-12-31 03:30:00,1.4495675563812256
2024-12-31 03:45:00,1.7453691959381104
2024-12-31 04:00:00,1.597546935081482
2024-12-31 04:15:00,1.705887794494629
2024-12-31 04:30:00,2.0191662311553955
2024-12-31 04:45:00,1.3716650009155273
2024-12-31 05:00:00,1.6593449115753174
2024-12-31 05:15:00,1.77096688747406
2024-12-31 05:30:00,1.5523654222488403
2024-12-31 05:45:00,2.5851492881774902
2024-12-31 06:00:00,2.425140142440796
2024-12-31 06:15:00,2.629955291748047
2024-12-31 06:30:00,2.617612838745117
2024-12-31 06:45:00,2.90010929107666
2024-12-31 07:00:00,2.677216053009033
2024-12-31 07:15:00,3.8035969734191895
2024-12-31 07:30:00,4.564849853515625
2024-12-31 07:45:00,4.7215142250061035
2024-12-31 08:00:00,5.611797332763672
2024-12-31 08:15:00,5.641913414001465
2024-12-31 08:30:00,6.196044921875
2024-12-31 08:45:00,6.373026371002197
2024-12-31 09:00:00,7.025044918060303
2024-12-31 09:15:00,7.377475738525391
2024-12-31 09:30:00,7.7524309158325195
2024-12-31 09:45:00,7.693933010101318
2024-12-31 10:00:00,7.067746162414551
2024-12-31 10:15:00,7.058068752288818
2024-12-31 10:30:00,7.18440055847168
2024-12-31 10:45:00,7.141855239868164
2024-12-31 11:00:00,7.646123886108398
2024-12-31 11:15:00,6.907848834991455
2024-12-31 11:30:00,6.365554332733154
2024-12-31 11:45:00,6.451294422149658
2024-12-31 12:00:00,6.769762992858887
2024-12-31 12:15:00,5.524626731872559
2024-12-31 12:30:00,5.571726322174072
2024-12-31 12:45:00,5.8934831619262695
2024-12-31 13:00:00,5.603083610534668
2024-12-31 13:15:00,6.252786636352539
2024-12-31 13:30:00,6.482138633728027
2024-12-31 13:45:00,6.084877014160156
2024-12-31 14:00:00,6.636676788330078
2024-12-31 14:15:00,6.313581466674805
2024-12-31 14:30:00,6.037662506103516
2024-12-31 14:45:00,6.423497200012207
2024-12-31 15:00:00,6.277982234954834
2024-12-31 15:15:00,6.110025882720947
2024-12-31 15:30:00,5.751131057739258
2024-12-31 15:45:00,5.822050094604492
2024-12-31 16:00:00,5.7359619140625
2024-12-31 16:15:00,5.055685043334961
2024-12-31 16:30:00,5.331620216369629
2024-12-31 16:45:00,5.167831897735596
2024-12-31 17:00:00,4.833569049835205
2024-12-31 17:15:00,4.856653690338135
2024-12-31 17:30:00,3.6190195083618164
2024-12-31 17:45:00,4.00873327255249
2024-12-31 18:00:00,4.010451793670654
2024-12-31 18:15:00,3.6929140090942383
2024-12-31 18:30:00,3.079141855239868
2024-12-31 18:45:00,3.2269325256347656
2024-12-31 19:00:00,2.4231772422790527
2024-12-31 19:15:00,2.8477187156677246
2024-12-31 19:30:00,2.459780693054199
2024-12-31 19:45:00,3.4937987327575684
2024-12-31 20:00:00,2.7566747665405273
2024-12-31 20:15:00,2.2798233032226562
2024-12-31 20:30:00,3.0744810104370117
2024-12-31 20:45:00,2.737736940383911
2024-12-31 21:00:00,2.9084668159484863
2024-12-31 21:15:00,2.8336501121520996
2024-12-31 21:30:00,2.4288108348846436
2024-12-31 21:45:00,2.2634963989257812
2024-12-31 22:00:00,2.285188674926758
2024-12-31 22:15:00,1.6620399951934814
2024-12-31 22:30:00,2.374715805053711
2024-12-31 22:45:00,1.7078969478607178
2024-12-31 23:00:00,1.58011794090271
2024-12-31 23:15:00,1.5013041496276855
2024-12-31 23:30:00,1.499246597290039
2024-12-31 23:45:00,0.7190417051315308
