time_stamp,predicted_ans
2018-08-25 00:00:00,19.8927059173584
2018-08-25 01:00:00,19.204639434814453
2018-08-25 02:00:00,18.72465705871582
2018-08-25 03:00:00,18.012920379638672
2018-08-25 04:00:00,18.944074630737305
2018-08-25 05:00:00,18.478839874267578
2018-08-25 06:00:00,19.668079376220703
2018-08-25 07:00:00,19.942066192626953
2018-08-25 08:00:00,21.100337982177734
2018-08-25 09:00:00,22.265613555908203
2018-08-25 10:00:00,23.18932342529297
2018-08-25 11:00:00,23.971363067626953
2018-08-25 12:00:00,25.932415008544922
2018-08-25 13:00:00,26.394161224365234
2018-08-25 14:00:00,27.637033462524414
2018-08-25 15:00:00,28.327102661132812
2018-08-25 16:00:00,27.83271026611328
2018-08-25 17:00:00,27.324438095092773
2018-08-25 18:00:00,26.584505081176758
2018-08-25 19:00:00,25.4233341217041
2018-08-25 20:00:00,24.354990005493164
2018-08-25 21:00:00,23.04582405090332
2018-08-25 22:00:00,21.44392204284668
2018-08-25 23:00:00,20.073486328125
2018-08-26 00:00:00,19.111591339111328
2018-08-26 01:00:00,17.79404067993164
2018-08-26 02:00:00,16.977577209472656
2018-08-26 03:00:00,17.639434814453125
2018-08-26 04:00:00,17.342823028564453
2018-08-26 05:00:00,18.14523696899414
2018-08-26 06:00:00,18.690542221069336
2018-08-26 07:00:00,20.02841567993164
2018-08-26 08:00:00,20.463977813720703
2018-08-26 09:00:00,21.959270477294922
2018-08-26 10:00:00,22.982879638671875
2018-08-26 11:00:00,23.993349075317383
2018-08-26 12:00:00,25.211009979248047
2018-08-26 13:00:00,26.412588119506836
2018-08-26 14:00:00,26.82122039794922
2018-08-26 15:00:00,27.458389282226562
2018-08-26 16:00:00,27.04775619506836
2018-08-26 17:00:00,26.88457679748535
2018-08-26 18:00:00,26.06576919555664
2018-08-26 19:00:00,25.802780151367188
2018-08-26 20:00:00,23.976659774780273
2018-08-26 21:00:00,22.422393798828125
2018-08-26 22:00:00,21.454782485961914
2018-08-26 23:00:00,19.853364944458008
2018-08-27 00:00:00,18.768056869506836
2018-08-27 01:00:00,18.186935424804688
2018-08-27 02:00:00,17.446794509887695
2018-08-27 03:00:00,17.86089324951172
2018-08-27 04:00:00,18.26560401916504
2018-08-27 05:00:00,19.11514663696289
2018-08-27 06:00:00,19.170738220214844
2018-08-27 07:00:00,20.14931869506836
2018-08-27 08:00:00,20.931663513183594
2018-08-27 09:00:00,22.24250030517578
2018-08-27 10:00:00,23.293895721435547
2018-08-27 11:00:00,25.45751953125
2018-08-27 12:00:00,25.81927490234375
2018-08-27 13:00:00,26.151473999023438
2018-08-27 14:00:00,28.04975700378418
2018-08-27 15:00:00,28.852563858032227
2018-08-27 16:00:00,28.75725746154785
2018-08-27 17:00:00,27.73208999633789
2018-08-27 18:00:00,28.41777801513672
2018-08-27 19:00:00,26.702144622802734
2018-08-27 20:00:00,25.163772583007812
2018-08-27 21:00:00,24.16958236694336
2018-08-27 22:00:00,22.367717742919922
2018-08-27 23:00:00,21.615962982177734
2018-08-28 00:00:00,20.489303588867188
2018-08-28 01:00:00,19.51125717163086
2018-08-28 02:00:00,19.724781036376953
2018-08-28 03:00:00,19.850093841552734
2018-08-28 04:00:00,19.558021545410156
2018-08-28 05:00:00,20.528484344482422
2018-08-28 06:00:00,20.359128952026367
2018-08-28 07:00:00,22.152359008789062
2018-08-28 08:00:00,22.474468231201172
2018-08-28 09:00:00,23.52109146118164
2018-08-28 10:00:00,25.195589065551758
2018-08-28 11:00:00,26.512174606323242
2018-08-28 12:00:00,27.729509353637695
2018-08-28 13:00:00,28.122175216674805
2018-08-28 14:00:00,28.835824966430664
2018-08-28 15:00:00,29.880197525024414
2018-08-28 16:00:00,30.296756744384766
2018-08-28 17:00:00,29.235336303710938
2018-08-28 18:00:00,28.399677276611328
2018-08-28 19:00:00,27.23267364501953
2018-08-28 20:00:00,25.861095428466797
2018-08-28 21:00:00,25.078636169433594
2018-08-28 22:00:00,24.275341033935547
2018-08-28 23:00:00,22.05543327331543
2018-08-29 00:00:00,32.62851054846179
2018-08-29 01:00:00,30.461426655589385
2018-08-29 02:00:00,29.323616274399527
2018-08-29 03:00:00,29.48880788862736
2018-08-29 04:00:00,30.184882003459556
2018-08-29 05:00:00,30.56941314204834
2018-08-29 06:00:00,30.75944817911445
2018-08-29 07:00:00,31.748027388502937
2018-08-29 08:00:00,34.28024655647867
2018-08-29 09:00:00,37.92848903810484
2018-08-29 10:00:00,41.444588883085906
2018-08-29 11:00:00,44.10820349448609
2018-08-29 12:00:00,46.64285099551158
2018-08-29 13:00:00,50.58054476053183
2018-08-29 14:00:00,56.50174304282608
2018-08-29 15:00:00,62.835629445145784
2018-08-29 16:00:00,66.55583362566738
2018-08-29 17:00:00,65.38384971156987
2018-08-29 18:00:00,59.63719314448516
2018-08-29 19:00:00,52.076965025492576
2018-08-29 20:00:00,45.86471272621233
2018-08-29 21:00:00,42.39873180898233
2018-08-29 22:00:00,40.821284254140394
2018-08-29 23:00:00,39.395659196218794
2018-08-30 00:00:00,37.29018519205547
2018-08-30 01:00:00,35.123101299211136
2018-08-30 02:00:00,33.985290918026514
2018-08-30 03:00:00,34.1504825322727
2018-08-30 04:00:00,34.84655664712425
2018-08-30 05:00:00,35.231087785673424
2018-08-30 06:00:00,35.421122822818575
2018-08-30 07:00:00,36.409702032105606
2018-08-30 08:00:00,38.941921200209364
2018-08-30 09:00:00,42.59016368181846
2018-08-30 10:00:00,46.10626352677077
2018-08-30 11:00:00,48.7698781381602
2018-08-30 12:00:00,51.30452563926045
2018-08-30 13:00:00,55.242219404294175
2018-08-30 14:00:00,61.16341768624539
2018-08-30 15:00:00,67.49730408893319
2018-08-30 16:00:00,71.21750826936864
2018-08-30 17:00:00,70.04552435539374
2018-08-30 18:00:00,64.29886778800041
2018-08-30 19:00:00,56.73863966912954
2018-08-30 20:00:00,50.52638737007938
2018-08-30 21:00:00,47.060406452746584
2018-08-30 22:00:00,45.482958897817596
2018-08-30 23:00:00,44.057333839964286
2018-08-31 00:00:00,41.95185983582326
2018-08-31 01:00:00,39.784775942958156
2018-08-31 02:00:00,38.64696556165349
2018-08-31 03:00:00,38.8121571759254
2018-08-31 04:00:00,39.508231290776486
2018-08-31 05:00:00,39.89276242935645
2018-08-31 06:00:00,40.08279746652269
2018-08-31 07:00:00,41.0713766757148
2018-08-31 08:00:00,43.60359584389491
2018-08-31 09:00:00,47.25183832553207
2018-08-31 10:00:00,50.76793817058275
2018-08-31 11:00:00,53.431552781834306
2018-08-31 12:00:00,55.96620028296414
2018-08-31 13:00:00,59.90389404805653
2018-08-31 14:00:00,65.82509233005081
2018-08-31 15:00:00,72.15897873259878
2018-08-31 16:00:00,75.87918291306987
2018-08-31 17:00:00,74.70719899898329
2018-08-31 18:00:00,68.96054243151563
2018-08-31 19:00:00,61.40031431264469
2018-08-31 20:00:00,55.18806201369917
2018-08-31 21:00:00,51.7220810963901
2018-08-31 22:00:00,50.144633541367675
2018-08-31 23:00:00,48.719008483631626
2018-09-01 00:00:00,46.61353447946208
2018-09-01 01:00:00,44.446450586579914
2018-09-01 02:00:00,43.30864020534681
2018-09-01 03:00:00,43.47383181969254
2018-09-01 04:00:00,44.16990593444118
2018-09-01 05:00:00,44.554437073026435
2018-09-01 06:00:00,44.74447211018362
2018-09-01 07:00:00,45.73305131943928
2018-09-01 08:00:00,48.26527048744357
2018-09-01 09:00:00,51.91351296905998
2018-09-01 10:00:00,55.42961281413799
2018-09-01 11:00:00,58.09322742550841
2018-09-01 12:00:00,60.62787492652333
2018-09-01 13:00:00,64.56556869153731
2018-09-01 14:00:00,70.48676697372909
2018-09-01 15:00:00,76.82065337638619
2018-09-01 16:00:00,80.54085755668878
2018-09-01 17:00:00,79.36887364257282
2018-09-01 18:00:00,73.62221707503089
2018-09-01 19:00:00,66.06198895660792
2018-09-01 20:00:00,59.8497366572738
2018-09-01 21:00:00,56.383755739975655
2018-09-01 22:00:00,54.80630818504488
2018-09-01 23:00:00,53.38068312729897
2018-09-02 00:00:00,20.61142349243164
2018-09-02 01:00:00,19.805744171142578
2018-09-02 02:00:00,19.747108459472656
2018-09-02 03:00:00,18.941511154174805
2018-09-02 04:00:00,19.82102394104004
2018-09-02 05:00:00,19.98853302001953
2018-09-02 06:00:00,20.651470184326172
2018-09-02 07:00:00,21.99335289001465
2018-09-02 08:00:00,23.438549041748047
2018-09-02 09:00:00,26.144535064697266
2018-09-02 10:00:00,27.4273681640625
2018-09-02 11:00:00,31.45062255859375
2018-09-02 12:00:00,36.136383056640625
2018-09-02 13:00:00,38.06454086303711
2018-09-02 14:00:00,40.635528564453125
2018-09-02 15:00:00,43.39552688598633
2018-09-02 16:00:00,41.7427978515625
2018-09-02 17:00:00,41.16053009033203
2018-09-02 18:00:00,39.726104736328125
2018-09-02 19:00:00,36.36399841308594
2018-09-02 20:00:00,34.0845832824707
2018-09-02 21:00:00,30.671903610229492
2018-09-02 22:00:00,26.970687866210938
2018-09-02 23:00:00,24.95662498474121
2018-09-03 00:00:00,23.26791763305664
2018-09-03 01:00:00,22.20768928527832
2018-09-03 02:00:00,20.63576316833496
2018-09-03 03:00:00,21.321788787841797
2018-09-03 04:00:00,21.4927978515625
2018-09-03 05:00:00,21.488542556762695
2018-09-03 06:00:00,21.7052001953125
2018-09-03 07:00:00,23.59119987487793
2018-09-03 08:00:00,25.04214859008789
2018-09-03 09:00:00,27.30320167541504
2018-09-03 10:00:00,31.147193908691406
2018-09-03 11:00:00,33.282257080078125
2018-09-03 12:00:00,35.16403579711914
2018-09-03 13:00:00,39.37739562988281
2018-09-03 14:00:00,39.78681945800781
2018-09-03 15:00:00,42.88808059692383
2018-09-03 16:00:00,42.08586502075195
2018-09-03 17:00:00,40.5434684753418
2018-09-03 18:00:00,39.381168365478516
2018-09-03 19:00:00,36.603919982910156
2018-09-03 20:00:00,33.418800354003906
2018-09-03 21:00:00,30.73897933959961
2018-09-03 22:00:00,27.131223678588867
2018-09-03 23:00:00,23.7309627532959
2018-09-04 00:00:00,22.357574462890625
2018-09-04 01:00:00,21.593305587768555
2018-09-04 02:00:00,19.50981330871582
2018-09-04 03:00:00,19.999038696289062
2018-09-04 04:00:00,21.22604751586914
2018-09-04 05:00:00,22.457393646240234
2018-09-04 06:00:00,21.038597106933594
2018-09-04 07:00:00,22.377853393554688
2018-09-04 08:00:00,23.901859283447266
2018-09-04 09:00:00,27.427597045898438
2018-09-04 10:00:00,28.351993560791016
2018-09-04 11:00:00,33.32766342163086
2018-09-04 12:00:00,33.315284729003906
2018-09-04 13:00:00,36.087894439697266
2018-09-04 14:00:00,39.38279724121094
2018-09-04 15:00:00,41.43115234375
2018-09-04 16:00:00,41.72473907470703
2018-09-04 17:00:00,39.615806579589844
2018-09-04 18:00:00,39.13515090942383
2018-09-04 19:00:00,35.11104965209961
2018-09-04 20:00:00,31.602319717407227
2018-09-04 21:00:00,29.122560501098633
2018-09-04 22:00:00,26.11441993713379
2018-09-04 23:00:00,24.589332580566406
2018-09-05 00:00:00,22.845306396484375
2018-09-05 01:00:00,21.010591506958008
2018-09-05 02:00:00,21.261823654174805
2018-09-05 03:00:00,20.1773624420166
2018-09-05 04:00:00,20.307926177978516
2018-09-05 05:00:00,21.542509078979492
2018-09-05 06:00:00,20.9287052154541
2018-09-05 07:00:00,23.750778198242188
2018-09-05 08:00:00,24.28240203857422
2018-09-05 09:00:00,24.628137588500977
2018-09-05 10:00:00,29.23078155517578
2018-09-05 11:00:00,32.25369644165039
2018-09-05 12:00:00,33.06816101074219
2018-09-05 13:00:00,36.573726654052734
2018-09-05 14:00:00,39.9567985534668
2018-09-05 15:00:00,40.85517883300781
2018-09-05 16:00:00,40.523345947265625
2018-09-05 17:00:00,39.853050231933594
2018-09-05 18:00:00,36.77616500854492
2018-09-05 19:00:00,34.122684478759766
2018-09-05 20:00:00,30.939878463745117
2018-09-05 21:00:00,29.117406845092773
2018-09-05 22:00:00,26.836624145507812
2018-09-05 23:00:00,23.649600982666016
2018-09-06 00:00:00,25.194855132541736
2018-09-06 01:00:00,22.99148703562572
2018-09-06 02:00:00,22.065205989261827
2018-09-06 03:00:00,22.146088431727144
2018-09-06 04:00:00,22.38964723509877
2018-09-06 05:00:00,22.329212068749687
2018-09-06 06:00:00,22.408008107605973
2018-09-06 07:00:00,23.498538001956014
2018-09-06 08:00:00,25.937037090902326
2018-09-06 09:00:00,29.153065529507085
2018-09-06 10:00:00,32.35021647470257
2018-09-06 11:00:00,35.52647642030869
2018-09-06 12:00:00,39.65085960075289
2018-09-06 13:00:00,45.60003925295666
2018-09-06 14:00:00,52.77223338120006
2018-09-06 15:00:00,58.80195350411253
2018-09-06 16:00:00,60.90292642700116
2018-09-06 17:00:00,57.85279621771983
2018-09-06 18:00:00,50.94522333955587
2018-09-06 19:00:00,43.07248716094666
2018-09-06 20:00:00,36.718037400622904
2018-09-06 21:00:00,32.53976504441659
2018-09-06 22:00:00,29.59848011753453
2018-09-06 23:00:00,26.766826152443052
2018-09-07 00:00:00,23.88686417900539
2018-09-07 01:00:00,21.683496081938966
2018-09-07 02:00:00,20.757215035587564
2018-09-07 03:00:00,20.838097478073514
2018-09-07 04:00:00,21.081656281453345
2018-09-07 05:00:00,21.0212211151306
2018-09-07 06:00:00,21.100017153946453
2018-09-07 07:00:00,22.190547048244184
2018-09-07 08:00:00,24.629046137313065
2018-09-07 09:00:00,27.84507457590082
2018-09-07 10:00:00,31.042225520939862
2018-09-07 11:00:00,34.21848546670504
2018-09-07 12:00:00,38.34286864719609
2018-09-07 13:00:00,44.29204829945184
2018-09-07 14:00:00,51.46424242770853
2018-09-07 15:00:00,57.49396255048249
2018-09-07 16:00:00,59.594935473354425
2018-09-07 17:00:00,56.54480526397091
2018-09-07 18:00:00,49.63723238575673
2018-09-07 19:00:00,41.76449620716498
2018-09-07 20:00:00,35.4100464468982
2018-09-07 21:00:00,31.231774090744935
2018-09-07 22:00:00,28.290489163758703
2018-09-07 23:00:00,25.4588351987778
2018-09-08 00:00:00,22.578873225322354
2018-09-08 01:00:00,20.37550512825221
2018-09-08 02:00:00,19.44922408195768
2018-09-08 03:00:00,19.53010652450439
2018-09-08 04:00:00,19.77366532781639
2018-09-08 05:00:00,19.71323016149406
2018-09-08 06:00:00,19.792026200345838
2018-09-08 07:00:00,20.882556094656415
2018-09-08 08:00:00,23.321055183554705
2018-09-08 09:00:00,26.537083622129835
2018-09-08 10:00:00,29.734234567443732
2018-09-08 11:00:00,32.9104945129284
2018-09-08 12:00:00,37.03487769335945
2018-09-08 13:00:00,42.98405734554273
2018-09-08 14:00:00,50.15625147421699
2018-09-08 15:00:00,56.18597159666612
2018-09-08 16:00:00,58.28694451973149
2018-09-08 17:00:00,55.236814310221995
2018-09-08 18:00:00,48.32924143208005
2018-09-08 19:00:00,40.456505253813
2018-09-08 20:00:00,34.10205549317419
2018-09-08 21:00:00,29.923783137073276
2018-09-08 22:00:00,26.982498210105334
2018-09-08 23:00:00,24.150844245026462
2018-09-09 00:00:00,21.270882271639323
2018-09-09 01:00:00,19.067514174652537
2018-09-09 02:00:00,18.141233128283417
2018-09-09 03:00:00,18.22211557084917
2018-09-09 04:00:00,18.465674374179432
2018-09-09 05:00:00,18.405239207874974
2018-09-09 06:00:00,18.48403524662278
2018-09-09 07:00:00,19.574565141068646
2018-09-09 08:00:00,22.013064229964737
2018-09-09 09:00:00,25.229092668523574
2018-09-09 10:00:00,28.42624361382516
2018-09-09 11:00:00,31.602503559410845
2018-09-09 12:00:00,35.72688673980265
2018-09-09 13:00:00,41.67606639195083
2018-09-09 14:00:00,48.8482605202973
2018-09-09 15:00:00,54.877980643122186
2018-09-09 16:00:00,56.978953566084755
2018-09-09 17:00:00,53.92882335679127
2018-09-09 18:00:00,47.02125047874803
2018-09-09 19:00:00,39.14851430003132
2018-09-09 20:00:00,32.794064539736404
2018-09-09 21:00:00,28.61579218356213
2018-09-09 22:00:00,25.674507256571662
2018-09-09 23:00:00,22.842853291361212
2018-09-10 00:00:00,18.748924255371094
2018-09-10 01:00:00,17.70160675048828
2018-09-10 02:00:00,17.170669555664062
2018-09-10 03:00:00,17.199600219726562
2018-09-10 04:00:00,17.209381103515625
2018-09-10 05:00:00,17.689165115356445
2018-09-10 06:00:00,17.685049057006836
2018-09-10 07:00:00,17.360536575317383
2018-09-10 08:00:00,18.493024826049805
2018-09-10 09:00:00,20.15877342224121
2018-09-10 10:00:00,20.248252868652344
2018-09-10 11:00:00,21.148395538330078
2018-09-10 12:00:00,22.646255493164062
2018-09-10 13:00:00,23.161819458007812
2018-09-10 14:00:00,22.82763671875
2018-09-10 15:00:00,24.155405044555664
2018-09-10 16:00:00,24.730998992919922
2018-09-10 17:00:00,23.559907913208008
2018-09-10 18:00:00,23.421186447143555
2018-09-10 19:00:00,22.068490982055664
2018-09-10 20:00:00,22.48896598815918
2018-09-10 21:00:00,20.415721893310547
2018-09-10 22:00:00,19.638399124145508
2018-09-10 23:00:00,19.189184188842773
2018-09-11 00:00:00,18.357444763183594
2018-09-11 01:00:00,18.50853729248047
2018-09-11 02:00:00,17.36601448059082
2018-09-11 03:00:00,17.404273986816406
2018-09-11 04:00:00,17.17039680480957
2018-09-11 05:00:00,17.42264175415039
2018-09-11 06:00:00,18.44379997253418
2018-09-11 07:00:00,18.86731719970703
2018-09-11 08:00:00,19.39244842529297
2018-09-11 09:00:00,20.348047256469727
2018-09-11 10:00:00,21.83211326599121
2018-09-11 11:00:00,23.82240867614746
2018-09-11 12:00:00,25.20805549621582
2018-09-11 13:00:00,24.4288272857666
2018-09-11 14:00:00,26.835689544677734
2018-09-11 15:00:00,27.794893264770508
2018-09-11 16:00:00,25.97796630859375
2018-09-11 17:00:00,26.845958709716797
2018-09-11 18:00:00,26.305002212524414
2018-09-11 19:00:00,26.51348114013672
2018-09-11 20:00:00,24.036380767822266
2018-09-11 21:00:00,23.23357391357422
2018-09-11 22:00:00,21.570894241333008
2018-09-11 23:00:00,20.8576717376709
2018-09-12 00:00:00,18.94073486328125
2018-09-12 01:00:00,17.924104690551758
2018-09-12 02:00:00,17.442501068115234
2018-09-12 03:00:00,16.1533260345459
2018-09-12 04:00:00,17.01947021484375
2018-09-12 05:00:00,16.9487361907959
2018-09-12 06:00:00,17.7038631439209
2018-09-12 07:00:00,19.439502716064453
2018-09-12 08:00:00,20.878772735595703
2018-09-12 09:00:00,22.554529190063477
2018-09-12 10:00:00,23.73809814453125
2018-09-12 11:00:00,25.361026763916016
2018-09-12 12:00:00,27.654144287109375
2018-09-12 13:00:00,27.380979537963867
2018-09-12 14:00:00,27.975046157836914
2018-09-12 15:00:00,28.144975662231445
2018-09-12 16:00:00,28.779367446899414
2018-09-12 17:00:00,27.287494659423828
2018-09-12 18:00:00,27.53476905822754
2018-09-12 19:00:00,25.852840423583984
2018-09-12 20:00:00,24.60289764404297
2018-09-12 21:00:00,24.41487693786621
2018-09-12 22:00:00,22.222576141357422
2018-09-12 23:00:00,20.07256507873535
2018-09-13 00:00:00,18.54351043701172
2018-09-13 01:00:00,17.29578399658203
2018-09-13 02:00:00,17.115150451660156
2018-09-13 03:00:00,16.437028884887695
2018-09-13 04:00:00,16.34156036376953
2018-09-13 05:00:00,17.09153175354004
2018-09-13 06:00:00,17.983600616455078
2018-09-13 07:00:00,18.849140167236328
2018-09-13 08:00:00,19.8295955657959
2018-09-13 09:00:00,20.840309143066406
2018-09-13 10:00:00,22.876619338989258
2018-09-13 11:00:00,23.440189361572266
2018-09-13 12:00:00,26.52647590637207
2018-09-13 13:00:00,26.32087516784668
2018-09-13 14:00:00,25.828285217285156
2018-09-13 15:00:00,26.038158416748047
2018-09-13 16:00:00,26.53162956237793
2018-09-13 17:00:00,26.11928939819336
2018-09-13 18:00:00,24.48940658569336
2018-09-13 19:00:00,24.309450149536133
2018-09-13 20:00:00,23.591428756713867
2018-09-13 21:00:00,21.787425994873047
2018-09-13 22:00:00,21.724716186523438
2018-09-13 23:00:00,20.819122314453125
2018-09-14 00:00:00,21.561647415161133
2018-09-14 01:00:00,20.272716522216797
2018-09-14 02:00:00,19.05355453491211
2018-09-14 03:00:00,20.56151580810547
2018-09-14 04:00:00,21.83911895751953
2018-09-14 05:00:00,22.863746643066406
2018-09-14 06:00:00,25.535369873046875
2018-09-14 07:00:00,25.00946617126465
2018-09-14 08:00:00,29.47930335998535
2018-09-14 09:00:00,31.916471481323242
2018-09-14 10:00:00,34.73656463623047
2018-09-14 11:00:00,36.69532775878906
2018-09-14 12:00:00,40.35557556152344
2018-09-14 13:00:00,43.35658264160156
2018-09-14 14:00:00,46.452415466308594
2018-09-14 15:00:00,47.4970817565918
2018-09-14 16:00:00,46.926605224609375
2018-09-14 17:00:00,42.46000671386719
2018-09-14 18:00:00,40.8851432800293
2018-09-14 19:00:00,41.59392166137695
2018-09-14 20:00:00,40.1816520690918
2018-09-14 21:00:00,33.76528549194336
2018-09-14 22:00:00,28.7208194732666
2018-09-14 23:00:00,25.75489044189453
2018-09-15 00:00:00,25.905170440673828
2018-09-15 01:00:00,22.008739471435547
2018-09-15 02:00:00,23.34271812438965
2018-09-15 03:00:00,21.04283905029297
2018-09-15 04:00:00,20.798824310302734
2018-09-15 05:00:00,22.55646324157715
2018-09-15 06:00:00,24.408109664916992
2018-09-15 07:00:00,29.225984573364258
2018-09-15 08:00:00,29.332134246826172
2018-09-15 09:00:00,32.659889221191406
2018-09-15 10:00:00,36.65471649169922
2018-09-15 11:00:00,38.12678909301758
2018-09-15 12:00:00,41.455440521240234
2018-09-15 13:00:00,43.62018966674805
2018-09-15 14:00:00,47.404815673828125
2018-09-15 15:00:00,47.33936309814453
2018-09-15 16:00:00,45.724273681640625
2018-09-15 17:00:00,43.976524353027344
2018-09-15 18:00:00,40.97489929199219
2018-09-15 19:00:00,40.988887786865234
2018-09-15 20:00:00,41.45550537109375
2018-09-15 21:00:00,35.68779754638672
2018-09-15 22:00:00,31.040081024169922
2018-09-15 23:00:00,26.778806686401367
2018-09-16 00:00:00,24.145191192626953
2018-09-16 01:00:00,22.783960342407227
2018-09-16 02:00:00,23.019853591918945
2018-09-16 03:00:00,20.898178100585938
2018-09-16 04:00:00,22.226163864135742
2018-09-16 05:00:00,23.390090942382812
2018-09-16 06:00:00,27.748504638671875
2018-09-16 07:00:00,28.801267623901367
2018-09-16 08:00:00,29.81597328186035
2018-09-16 09:00:00,32.29511260986328
2018-09-16 10:00:00,33.65396499633789
2018-09-16 11:00:00,35.916255950927734
2018-09-16 12:00:00,37.03703308105469
2018-09-16 13:00:00,39.88186264038086
2018-09-16 14:00:00,43.431312561035156
2018-09-16 15:00:00,46.134544372558594
2018-09-16 16:00:00,46.756134033203125
2018-09-16 17:00:00,42.7387580871582
2018-09-16 18:00:00,40.52395248413086
2018-09-16 19:00:00,39.61381530761719
2018-09-16 20:00:00,39.88654327392578
2018-09-16 21:00:00,35.29334259033203
2018-09-16 22:00:00,28.907907485961914
2018-09-16 23:00:00,24.429279327392578
2018-09-17 00:00:00,21.136455535888672
2018-09-17 01:00:00,20.31422996520996
2018-09-17 02:00:00,17.908771514892578
2018-09-17 03:00:00,17.469228744506836
2018-09-17 04:00:00,18.9320011138916
2018-09-17 05:00:00,20.708816528320312
2018-09-17 06:00:00,25.563861846923828
2018-09-17 07:00:00,26.760326385498047
2018-09-17 08:00:00,30.69537925720215
2018-09-17 09:00:00,33.72744369506836
2018-09-17 10:00:00,35.17379379272461
2018-09-17 11:00:00,39.58443069458008
2018-09-17 12:00:00,39.5149040222168
2018-09-17 13:00:00,41.33723831176758
2018-09-17 14:00:00,45.99311065673828
2018-09-17 15:00:00,46.249847412109375
2018-09-17 16:00:00,46.99421310424805
2018-09-17 17:00:00,45.731143951416016
2018-09-17 18:00:00,43.29214859008789
2018-09-17 19:00:00,43.020137786865234
2018-09-17 20:00:00,45.009639739990234
2018-09-17 21:00:00,38.21364974975586
2018-09-17 22:00:00,32.0563850402832
2018-09-17 23:00:00,26.677093505859375
2018-09-18 00:00:00,28.61537742614746
2018-09-18 01:00:00,26.787586212158203
2018-09-18 02:00:00,26.34174346923828
2018-09-18 03:00:00,24.84976577758789
2018-09-18 04:00:00,26.30370330810547
2018-09-18 05:00:00,27.30026626586914
2018-09-18 06:00:00,30.116331100463867
2018-09-18 07:00:00,31.745033264160156
2018-09-18 08:00:00,35.54436111450195
2018-09-18 09:00:00,36.7231330871582
2018-09-18 10:00:00,42.27201843261719
2018-09-18 11:00:00,42.68098449707031
2018-09-18 12:00:00,49.894596099853516
2018-09-18 13:00:00,51.31573486328125
2018-09-18 14:00:00,55.61858367919922
2018-09-18 15:00:00,56.68872833251953
2018-09-18 16:00:00,57.4058723449707
2018-09-18 17:00:00,58.021324157714844
2018-09-18 18:00:00,53.097145080566406
2018-09-18 19:00:00,49.866416931152344
2018-09-18 20:00:00,45.40693664550781
2018-09-18 21:00:00,42.07663345336914
2018-09-18 22:00:00,35.580108642578125
2018-09-18 23:00:00,32.46638870239258
2018-09-19 00:00:00,28.160879135131836
2018-09-19 01:00:00,27.849346160888672
2018-09-19 02:00:00,25.956806182861328
2018-09-19 03:00:00,25.8890438079834
2018-09-19 04:00:00,25.30339813232422
2018-09-19 05:00:00,27.94728660583496
2018-09-19 06:00:00,28.219635009765625
2018-09-19 07:00:00,31.202011108398438
2018-09-19 08:00:00,31.92836570739746
2018-09-19 09:00:00,37.742347717285156
2018-09-19 10:00:00,39.34760284423828
2018-09-19 11:00:00,40.712806701660156
2018-09-19 12:00:00,46.22813034057617
2018-09-19 13:00:00,50.90192413330078
2018-09-19 14:00:00,50.438453674316406
2018-09-19 15:00:00,53.06861114501953
2018-09-19 16:00:00,52.01958465576172
2018-09-19 17:00:00,51.55967330932617
2018-09-19 18:00:00,49.84519577026367
2018-09-19 19:00:00,45.61735916137695
2018-09-19 20:00:00,41.43981170654297
2018-09-19 21:00:00,37.21888732910156
2018-09-19 22:00:00,31.76231575012207
2018-09-19 23:00:00,29.759920120239258
2018-09-20 00:00:00,24.514310836791992
2018-09-20 01:00:00,22.74601173400879
2018-09-20 02:00:00,20.725154876708984
2018-09-20 03:00:00,23.22775650024414
2018-09-20 04:00:00,21.765121459960938
2018-09-20 05:00:00,24.289554595947266
2018-09-20 06:00:00,24.469924926757812
2018-09-20 07:00:00,25.719030380249023
2018-09-20 08:00:00,29.029739379882812
2018-09-20 09:00:00,33.03351974487305
2018-09-20 10:00:00,33.72284698486328
2018-09-20 11:00:00,37.56214141845703
2018-09-20 12:00:00,39.142723083496094
2018-09-20 13:00:00,44.65753936767578
2018-09-20 14:00:00,45.36379623413086
2018-09-20 15:00:00,49.18798065185547
2018-09-20 16:00:00,49.144710540771484
2018-09-20 17:00:00,47.891136169433594
2018-09-20 18:00:00,46.17999267578125
2018-09-20 19:00:00,42.27978515625
2018-09-20 20:00:00,38.428714752197266
2018-09-20 21:00:00,32.46426010131836
2018-09-20 22:00:00,27.724613189697266
2018-09-20 23:00:00,28.69845199584961
2018-09-21 00:00:00,24.767900466918945
2018-09-21 01:00:00,21.44613265991211
2018-09-21 02:00:00,20.427705764770508
2018-09-21 03:00:00,21.137950897216797
2018-09-21 04:00:00,19.960628509521484
2018-09-21 05:00:00,22.829574584960938
2018-09-21 06:00:00,24.63602066040039
2018-09-21 07:00:00,26.802379608154297
2018-09-21 08:00:00,27.569965362548828
2018-09-21 09:00:00,30.10582160949707
2018-09-21 10:00:00,34.53193283081055
2018-09-21 11:00:00,37.9637336730957
2018-09-21 12:00:00,40.45048141479492
2018-09-21 13:00:00,42.343509674072266
2018-09-21 14:00:00,46.81238555908203
2018-09-21 15:00:00,47.810333251953125
2018-09-21 16:00:00,49.207366943359375
2018-09-21 17:00:00,48.244449615478516
2018-09-21 18:00:00,44.03501510620117
2018-09-21 19:00:00,42.041847229003906
2018-09-21 20:00:00,38.806270599365234
2018-09-21 21:00:00,33.64908981323242
2018-09-21 22:00:00,29.291872024536133
2018-09-21 23:00:00,27.604917526245117
2018-09-22 00:00:00,19.00096893310547
2018-09-22 01:00:00,17.398204803466797
2018-09-22 02:00:00,15.83499526977539
2018-09-22 03:00:00,13.188167572021484
2018-09-22 04:00:00,15.001264572143555
2018-09-22 05:00:00,15.240943908691406
2018-09-22 06:00:00,17.194292068481445
2018-09-22 07:00:00,16.40035057067871
2018-09-22 08:00:00,21.844654083251953
2018-09-22 09:00:00,24.77910614013672
2018-09-22 10:00:00,26.27674102783203
2018-09-22 11:00:00,30.76534080505371
2018-09-22 12:00:00,36.29728698730469
2018-09-22 13:00:00,39.3448371887207
2018-09-22 14:00:00,44.814056396484375
2018-09-22 15:00:00,47.19859313964844
2018-09-22 16:00:00,44.903221130371094
2018-09-22 17:00:00,43.30470657348633
2018-09-22 18:00:00,38.93013000488281
2018-09-22 19:00:00,34.534828186035156
2018-09-22 20:00:00,31.603271484375
2018-09-22 21:00:00,28.098041534423828
2018-09-22 22:00:00,22.724037170410156
2018-09-22 23:00:00,18.574525833129883
2018-09-23 00:00:00,18.405046463012695
2018-09-23 01:00:00,14.417110443115234
2018-09-23 02:00:00,12.984029769897461
2018-09-23 03:00:00,13.274681091308594
2018-09-23 04:00:00,13.171096801757812
2018-09-23 05:00:00,14.709718704223633
2018-09-23 06:00:00,17.62189483642578
2018-09-23 07:00:00,20.59538459777832
2018-09-23 08:00:00,19.27876091003418
2018-09-23 09:00:00,25.104358673095703
2018-09-23 10:00:00,27.019325256347656
2018-09-23 11:00:00,31.109716415405273
2018-09-23 12:00:00,33.707183837890625
2018-09-23 13:00:00,38.47381591796875
2018-09-23 14:00:00,42.09031677246094
2018-09-23 15:00:00,41.600181579589844
2018-09-23 16:00:00,41.9169921875
2018-09-23 17:00:00,39.362945556640625
2018-09-23 18:00:00,38.55400085449219
2018-09-23 19:00:00,35.746337890625
2018-09-23 20:00:00,30.712142944335938
2018-09-23 21:00:00,26.436906814575195
2018-09-23 22:00:00,24.473302841186523
2018-09-23 23:00:00,19.702396392822266
2018-09-24 00:00:00,15.806648254394531
2018-09-24 01:00:00,16.405330657958984
2018-09-24 02:00:00,14.240745544433594
2018-09-24 03:00:00,17.847749710083008
2018-09-24 04:00:00,17.023189544677734
2018-09-24 05:00:00,19.553327560424805
2018-09-24 06:00:00,18.280412673950195
2018-09-24 07:00:00,20.608091354370117
2018-09-24 08:00:00,20.514095306396484
2018-09-24 09:00:00,29.545133590698242
2018-09-24 10:00:00,29.793020248413086
2018-09-24 11:00:00,37.758148193359375
2018-09-24 12:00:00,40.01601028442383
2018-09-24 13:00:00,41.223655700683594
2018-09-24 14:00:00,49.1446418762207
2018-09-24 15:00:00,51.596527099609375
2018-09-24 16:00:00,52.48918533325195
2018-09-24 17:00:00,49.11056137084961
2018-09-24 18:00:00,48.82774353027344
2018-09-24 19:00:00,42.994415283203125
2018-09-24 20:00:00,36.7419548034668
2018-09-24 21:00:00,35.020172119140625
2018-09-24 22:00:00,30.312015533447266
2018-09-24 23:00:00,28.53131103515625
2018-09-25 00:00:00,26.12228775024414
2018-09-25 01:00:00,23.985858917236328
2018-09-25 02:00:00,26.672414779663086
2018-09-25 03:00:00,25.7889404296875
2018-09-25 04:00:00,26.63082504272461
2018-09-25 05:00:00,27.194454193115234
2018-09-25 06:00:00,27.020732879638672
2018-09-25 07:00:00,29.619735717773438
2018-09-25 08:00:00,30.8428897857666
2018-09-25 09:00:00,33.0282096862793
2018-09-25 10:00:00,39.49530792236328
2018-09-25 11:00:00,42.3053092956543
2018-09-25 12:00:00,46.062599182128906
2018-09-25 13:00:00,50.162322998046875
2018-09-25 14:00:00,52.77554702758789
2018-09-25 15:00:00,55.930511474609375
2018-09-25 16:00:00,56.90546417236328
2018-09-25 17:00:00,52.748348236083984
2018-09-25 18:00:00,47.41381072998047
2018-09-25 19:00:00,43.637451171875
2018-09-25 20:00:00,39.531150817871094
2018-09-25 21:00:00,37.19487380981445
2018-09-25 22:00:00,34.780784606933594
2018-09-25 23:00:00,27.439481735229492
2018-09-26 00:00:00,19.222671508789062
2018-09-26 01:00:00,17.43878936767578
2018-09-26 02:00:00,15.969917297363281
2018-09-26 03:00:00,15.989567756652832
2018-09-26 04:00:00,15.618851661682129
2018-09-26 05:00:00,17.847558975219727
2018-09-26 06:00:00,21.698640823364258
2018-09-26 07:00:00,24.36674690246582
2018-09-26 08:00:00,27.316307067871094
2018-09-26 09:00:00,29.20319938659668
2018-09-26 10:00:00,33.53813552856445
2018-09-26 11:00:00,35.76606369018555
2018-09-26 12:00:00,38.420074462890625
2018-09-26 13:00:00,38.53118133544922
2018-09-26 14:00:00,42.801246643066406
2018-09-26 15:00:00,43.613346099853516
2018-09-26 16:00:00,42.80818176269531
2018-09-26 17:00:00,43.52760314941406
2018-09-26 18:00:00,39.891597747802734
2018-09-26 19:00:00,39.47306823730469
2018-09-26 20:00:00,36.57552719116211
2018-09-26 21:00:00,31.873205184936523
2018-09-26 22:00:00,27.236560821533203
2018-09-26 23:00:00,23.454631805419922
2018-09-27 00:00:00,24.048612594604492
2018-09-27 01:00:00,22.017919540405273
2018-09-27 02:00:00,22.104562759399414
2018-09-27 03:00:00,20.09942626953125
2018-09-27 04:00:00,18.05545425415039
2018-09-27 05:00:00,18.042129516601562
2018-09-27 06:00:00,21.009519577026367
2018-09-27 07:00:00,24.153287887573242
2018-09-27 08:00:00,24.16683006286621
2018-09-27 09:00:00,27.376394271850586
2018-09-27 10:00:00,30.855201721191406
2018-09-27 11:00:00,33.80086898803711
2018-09-27 12:00:00,35.3413200378418
2018-09-27 13:00:00,37.38172149658203
2018-09-27 14:00:00,38.479278564453125
2018-09-27 15:00:00,39.22000503540039
2018-09-27 16:00:00,38.256961822509766
2018-09-27 17:00:00,37.007408142089844
2018-09-27 18:00:00,34.344764709472656
2018-09-27 19:00:00,35.256675720214844
2018-09-27 20:00:00,32.415199279785156
2018-09-27 21:00:00,29.224180221557617
2018-09-27 22:00:00,25.268688201904297
2018-09-27 23:00:00,23.83291244506836
2018-09-28 00:00:00,19.262420654296875
2018-09-28 01:00:00,17.011127471923828
2018-09-28 02:00:00,16.240673065185547
2018-09-28 03:00:00,14.474900245666504
2018-09-28 04:00:00,13.758264541625977
2018-09-28 05:00:00,12.277719497680664
2018-09-28 06:00:00,15.913368225097656
2018-09-28 07:00:00,18.446264266967773
2018-09-28 08:00:00,22.351259231567383
2018-09-28 09:00:00,23.7094669342041
2018-09-28 10:00:00,28.46691131591797
2018-09-28 11:00:00,30.743417739868164
2018-09-28 12:00:00,32.580909729003906
2018-09-28 13:00:00,34.08924865722656
2018-09-28 14:00:00,35.12596893310547
2018-09-28 15:00:00,35.75558853149414
2018-09-28 16:00:00,35.193817138671875
2018-09-28 17:00:00,34.20243453979492
2018-09-28 18:00:00,33.036224365234375
2018-09-28 19:00:00,33.493202209472656
2018-09-28 20:00:00,31.17721939086914
2018-09-28 21:00:00,28.514190673828125
2018-09-28 22:00:00,24.356117248535156
2018-09-28 23:00:00,20.4902400970459
2018-09-29 00:00:00,19.162246704101562
2018-09-29 01:00:00,15.616666793823242
2018-09-29 02:00:00,15.695555686950684
2018-09-29 03:00:00,14.40672492980957
2018-09-29 04:00:00,12.431943893432617
2018-09-29 05:00:00,14.380389213562012
2018-09-29 06:00:00,17.602876663208008
2018-09-29 07:00:00,21.742286682128906
2018-09-29 08:00:00,23.431659698486328
2018-09-29 09:00:00,25.526348114013672
2018-09-29 10:00:00,27.243412017822266
2018-09-29 11:00:00,26.395509719848633
2018-09-29 12:00:00,29.862991333007812
2018-09-29 13:00:00,29.039257049560547
2018-09-29 14:00:00,28.605525970458984
2018-09-29 15:00:00,31.250362396240234
2018-09-29 16:00:00,30.960460662841797
2018-09-29 17:00:00,30.417369842529297
2018-09-29 18:00:00,28.983943939208984
2018-09-29 19:00:00,28.531532287597656
2018-09-29 20:00:00,27.359600067138672
2018-09-29 21:00:00,21.983192443847656
2018-09-29 22:00:00,18.02977180480957
2018-09-29 23:00:00,14.271010398864746
2018-09-30 00:00:00,15.625388145446777
2018-09-30 01:00:00,13.164112091064453
2018-09-30 02:00:00,12.156624794006348
2018-09-30 03:00:00,13.544414520263672
2018-09-30 04:00:00,12.520318031311035
2018-09-30 05:00:00,13.851297378540039
2018-09-30 06:00:00,18.366641998291016
2018-09-30 07:00:00,20.805879592895508
2018-09-30 08:00:00,22.490510940551758
2018-09-30 09:00:00,24.480300903320312
2018-09-30 10:00:00,25.84621810913086
2018-09-30 11:00:00,24.807518005371094
2018-09-30 12:00:00,26.43917465209961
2018-09-30 13:00:00,26.46005630493164
2018-09-30 14:00:00,26.721027374267578
2018-09-30 15:00:00,27.194412231445312
2018-09-30 16:00:00,28.401763916015625
2018-09-30 17:00:00,28.736539840698242
2018-09-30 18:00:00,31.607433319091797
2018-09-30 19:00:00,33.2565803527832
2018-09-30 20:00:00,32.80772399902344
2018-09-30 21:00:00,28.483259201049805
2018-09-30 22:00:00,23.33846092224121
2018-09-30 23:00:00,19.139820098876953
2018-10-01 00:00:00,19.149560928344727
2018-10-01 01:00:00,17.13599395751953
2018-10-01 02:00:00,16.739696502685547
2018-10-01 03:00:00,16.11583709716797
2018-10-01 04:00:00,15.566762924194336
2018-10-01 05:00:00,18.377241134643555
2018-10-01 06:00:00,19.725872039794922
2018-10-01 07:00:00,23.986112594604492
2018-10-01 08:00:00,23.129962921142578
2018-10-01 09:00:00,25.114809036254883
2018-10-01 10:00:00,26.444856643676758
2018-10-01 11:00:00,25.766984939575195
2018-10-01 12:00:00,26.84981918334961
2018-10-01 13:00:00,27.811979293823242
2018-10-01 14:00:00,28.68324089050293
2018-10-01 15:00:00,30.26972198486328
2018-10-01 16:00:00,29.613069534301758
2018-10-01 17:00:00,29.586441040039062
2018-10-01 18:00:00,29.76951789855957
2018-10-01 19:00:00,33.43206787109375
2018-10-01 20:00:00,31.359642028808594
2018-10-01 21:00:00,24.788623809814453
2018-10-01 22:00:00,20.706317901611328
2018-10-01 23:00:00,16.739727020263672
2018-10-02 00:00:00,16.178091049194336
2018-10-02 01:00:00,16.12513542175293
2018-10-02 02:00:00,14.193105697631836
2018-10-02 03:00:00,12.771926879882812
2018-10-02 04:00:00,13.563125610351562
2018-10-02 05:00:00,15.241397857666016
2018-10-02 06:00:00,19.47441864013672
2018-10-02 07:00:00,20.487316131591797
2018-10-02 08:00:00,23.032651901245117
2018-10-02 09:00:00,24.01659393310547
2018-10-02 10:00:00,25.018997192382812
2018-10-02 11:00:00,25.142929077148438
2018-10-02 12:00:00,23.33005142211914
2018-10-02 13:00:00,26.57918357849121
2018-10-02 14:00:00,28.102558135986328
2018-10-02 15:00:00,29.093448638916016
2018-10-02 16:00:00,28.5375919342041
2018-10-02 17:00:00,26.457244873046875
2018-10-02 18:00:00,27.507659912109375
2018-10-02 19:00:00,29.577159881591797
2018-10-02 20:00:00,28.442481994628906
2018-10-02 21:00:00,22.560283660888672
2018-10-02 22:00:00,17.51763916015625
2018-10-02 23:00:00,14.48308277130127
2018-10-03 00:00:00,11.945627212524414
2018-10-03 01:00:00,12.825338363647461
2018-10-03 02:00:00,11.882267951965332
2018-10-03 03:00:00,11.96170711517334
2018-10-03 04:00:00,11.71420669555664
2018-10-03 05:00:00,13.234186172485352
2018-10-03 06:00:00,19.318941116333008
2018-10-03 07:00:00,20.543319702148438
2018-10-03 08:00:00,22.92556381225586
2018-10-03 09:00:00,25.81536102294922
2018-10-03 10:00:00,25.458621978759766
2018-10-03 11:00:00,26.747509002685547
2018-10-03 12:00:00,26.942283630371094
2018-10-03 13:00:00,28.51177978515625
2018-10-03 14:00:00,29.12565040588379
2018-10-03 15:00:00,29.833694458007812
2018-10-03 16:00:00,29.491313934326172
2018-10-03 17:00:00,27.780725479125977
2018-10-03 18:00:00,29.595191955566406
2018-10-03 19:00:00,32.3691520690918
2018-10-03 20:00:00,30.246442794799805
2018-10-03 21:00:00,23.962825775146484
2018-10-03 22:00:00,19.52703285217285
2018-10-03 23:00:00,16.828929901123047
2018-10-04 00:00:00,14.238121032714844
2018-10-04 01:00:00,13.039450645446777
2018-10-04 02:00:00,13.912349700927734
2018-10-04 03:00:00,13.62014102935791
2018-10-04 04:00:00,16.373422622680664
2018-10-04 05:00:00,17.911901473999023
2018-10-04 06:00:00,20.231029510498047
2018-10-04 07:00:00,21.642019271850586
2018-10-04 08:00:00,24.985776901245117
2018-10-04 09:00:00,25.461135864257812
2018-10-04 10:00:00,25.645551681518555
2018-10-04 11:00:00,27.364971160888672
2018-10-04 12:00:00,29.154754638671875
2018-10-04 13:00:00,32.81291198730469
2018-10-04 14:00:00,37.304901123046875
2018-10-04 15:00:00,41.08586120605469
2018-10-04 16:00:00,42.43318557739258
2018-10-04 17:00:00,41.682151794433594
2018-10-04 18:00:00,38.185176849365234
2018-10-04 19:00:00,41.59091567993164
2018-10-04 20:00:00,37.54969787597656
2018-10-04 21:00:00,32.595680236816406
2018-10-04 22:00:00,27.87433433532715
2018-10-04 23:00:00,22.870880126953125
2018-10-05 00:00:00,21.173751831054688
2018-10-05 01:00:00,19.278980255126953
2018-10-05 02:00:00,19.486597061157227
2018-10-05 03:00:00,17.62816619873047
2018-10-05 04:00:00,18.178287506103516
2018-10-05 05:00:00,20.076904296875
2018-10-05 06:00:00,21.226844787597656
2018-10-05 07:00:00,25.326196670532227
2018-10-05 08:00:00,25.764780044555664
2018-10-05 09:00:00,28.002355575561523
2018-10-05 10:00:00,29.847545623779297
2018-10-05 11:00:00,31.319711685180664
2018-10-05 12:00:00,32.59733200073242
2018-10-05 13:00:00,35.740787506103516
2018-10-05 14:00:00,38.947181701660156
2018-10-05 15:00:00,40.993324279785156
2018-10-05 16:00:00,41.16691589355469
2018-10-05 17:00:00,38.89484786987305
2018-10-05 18:00:00,38.125938415527344
2018-10-05 19:00:00,40.02030563354492
2018-10-05 20:00:00,40.43655014038086
2018-10-05 21:00:00,33.44716262817383
2018-10-05 22:00:00,30.34421157836914
2018-10-05 23:00:00,25.120519638061523
2018-10-06 00:00:00,20.879051208496094
2018-10-06 01:00:00,19.336135864257812
2018-10-06 02:00:00,19.78927993774414
2018-10-06 03:00:00,19.371129989624023
2018-10-06 04:00:00,20.03178596496582
2018-10-06 05:00:00,23.066511154174805
2018-10-06 06:00:00,27.048723220825195
2018-10-06 07:00:00,30.565309524536133
2018-10-06 08:00:00,31.127315521240234
2018-10-06 09:00:00,32.021881103515625
2018-10-06 10:00:00,35.294132232666016
2018-10-06 11:00:00,36.44458770751953
2018-10-06 12:00:00,37.425174713134766
2018-10-06 13:00:00,37.86553192138672
2018-10-06 14:00:00,41.62847900390625
2018-10-06 15:00:00,44.74945068359375
2018-10-06 16:00:00,45.85783386230469
2018-10-06 17:00:00,43.476600646972656
2018-10-06 18:00:00,42.16991424560547
2018-10-06 19:00:00,41.290348052978516
2018-10-06 20:00:00,39.804100036621094
2018-10-06 21:00:00,36.69587707519531
2018-10-06 22:00:00,31.248449325561523
2018-10-06 23:00:00,24.25265121459961
2018-10-07 00:00:00,21.211416244506836
2018-10-07 01:00:00,19.377567291259766
2018-10-07 02:00:00,17.996185302734375
2018-10-07 03:00:00,15.20630931854248
2018-10-07 04:00:00,16.763750076293945
2018-10-07 05:00:00,18.341880798339844
2018-10-07 06:00:00,19.917644500732422
2018-10-07 07:00:00,25.792707443237305
2018-10-07 08:00:00,27.967409133911133
2018-10-07 09:00:00,30.47188377380371
2018-10-07 10:00:00,33.028602600097656
2018-10-07 11:00:00,33.28689193725586
2018-10-07 12:00:00,33.894039154052734
2018-10-07 13:00:00,34.8790168762207
2018-10-07 14:00:00,39.236785888671875
2018-10-07 15:00:00,41.640953063964844
2018-10-07 16:00:00,42.507755279541016
2018-10-07 17:00:00,39.6186637878418
2018-10-07 18:00:00,39.48574447631836
2018-10-07 19:00:00,41.810638427734375
2018-10-07 20:00:00,39.751434326171875
2018-10-07 21:00:00,34.81499481201172
2018-10-07 22:00:00,30.465112686157227
2018-10-07 23:00:00,25.034530639648438
2018-10-08 00:00:00,19.84836196899414
2018-10-08 01:00:00,14.398603439331055
2018-10-08 02:00:00,12.967033386230469
2018-10-08 03:00:00,10.658066749572754
2018-10-08 04:00:00,9.45836353302002
2018-10-08 05:00:00,13.604288101196289
2018-10-08 06:00:00,13.890262603759766
2018-10-08 07:00:00,17.750951766967773
2018-10-08 08:00:00,21.216644287109375
2018-10-08 09:00:00,23.714744567871094
2018-10-08 10:00:00,26.768468856811523
2018-10-08 11:00:00,26.024681091308594
2018-10-08 12:00:00,27.159893035888672
2018-10-08 13:00:00,28.648757934570312
2018-10-08 14:00:00,27.349571228027344
2018-10-08 15:00:00,26.153213500976562
2018-10-08 16:00:00,28.2465877532959
2018-10-08 17:00:00,28.369220733642578
2018-10-08 18:00:00,30.009347915649414
2018-10-08 19:00:00,31.690074920654297
2018-10-08 20:00:00,31.692916870117188
2018-10-08 21:00:00,29.412525177001953
2018-10-08 22:00:00,27.62145233154297
2018-10-08 23:00:00,24.41682243347168
2018-10-09 00:00:00,19.665334701538086
2018-10-09 01:00:00,16.180538177490234
2018-10-09 02:00:00,14.597899436950684
2018-10-09 03:00:00,15.341320037841797
2018-10-09 04:00:00,12.056108474731445
2018-10-09 05:00:00,14.539754867553711
2018-10-09 06:00:00,17.442110061645508
2018-10-09 07:00:00,21.05712890625
2018-10-09 08:00:00,22.576494216918945
2018-10-09 09:00:00,25.38068389892578
2018-10-09 10:00:00,28.711097717285156
2018-10-09 11:00:00,30.037511825561523
2018-10-09 12:00:00,31.974241256713867
2018-10-09 13:00:00,32.222415924072266
2018-10-09 14:00:00,29.742996215820312
2018-10-09 15:00:00,30.152801513671875
2018-10-09 16:00:00,30.811439514160156
2018-10-09 17:00:00,30.615867614746094
2018-10-09 18:00:00,31.017776489257812
2018-10-09 19:00:00,32.8621826171875
2018-10-09 20:00:00,31.353843688964844
2018-10-09 21:00:00,30.958171844482422
2018-10-09 22:00:00,28.094051361083984
2018-10-09 23:00:00,26.040220260620117
2018-10-10 00:00:00,21.863584518432617
2018-10-10 01:00:00,20.71674919128418
2018-10-10 02:00:00,16.697858810424805
2018-10-10 03:00:00,14.426385879516602
2018-10-10 04:00:00,15.333100318908691
2018-10-10 05:00:00,15.620332717895508
2018-10-10 06:00:00,17.564247131347656
2018-10-10 07:00:00,19.82808494567871
2018-10-10 08:00:00,26.307109832763672
2018-10-10 09:00:00,26.629934310913086
2018-10-10 10:00:00,27.335302352905273
2018-10-10 11:00:00,31.218807220458984
2018-10-10 12:00:00,28.937353134155273
2018-10-10 13:00:00,29.529769897460938
2018-10-10 14:00:00,28.716861724853516
2018-10-10 15:00:00,28.684118270874023
2018-10-10 16:00:00,29.79306411743164
2018-10-10 17:00:00,28.764413833618164
2018-10-10 18:00:00,30.12773895263672
2018-10-10 19:00:00,31.650007247924805
2018-10-10 20:00:00,31.627906799316406
2018-10-10 21:00:00,28.31359100341797
2018-10-10 22:00:00,25.734590530395508
2018-10-10 23:00:00,23.870485305786133
2018-10-11 00:00:00,20.01020050048828
2018-10-11 01:00:00,15.417610168457031
2018-10-11 02:00:00,14.448488235473633
2018-10-11 03:00:00,11.976370811462402
2018-10-11 04:00:00,11.558965682983398
2018-10-11 05:00:00,13.6072416305542
2018-10-11 06:00:00,16.611568450927734
2018-10-11 07:00:00,20.187177658081055
2018-10-11 08:00:00,19.916805267333984
2018-10-11 09:00:00,22.20087432861328
2018-10-11 10:00:00,24.74448013305664
2018-10-11 11:00:00,26.675979614257812
2018-10-11 12:00:00,26.670425415039062
2018-10-11 13:00:00,25.446941375732422
2018-10-11 14:00:00,28.352209091186523
2018-10-11 15:00:00,28.55849838256836
2018-10-11 16:00:00,29.200538635253906
2018-10-11 17:00:00,29.245620727539062
2018-10-11 18:00:00,25.99011993408203
2018-10-11 19:00:00,25.86483383178711
2018-10-11 20:00:00,28.86697769165039
2018-10-11 21:00:00,24.79024314880371
2018-10-11 22:00:00,23.267101287841797
2018-10-11 23:00:00,22.342205047607422
2018-10-12 00:00:00,23.497520446777344
2018-10-12 01:00:00,19.40212631225586
2018-10-12 02:00:00,17.76761245727539
2018-10-12 03:00:00,16.882728576660156
2018-10-12 04:00:00,18.40731430053711
2018-10-12 05:00:00,22.95254898071289
2018-10-12 06:00:00,26.620616912841797
2018-10-12 07:00:00,29.07889747619629
2018-10-12 08:00:00,32.85170364379883
2018-10-12 09:00:00,33.924278259277344
2018-10-12 10:00:00,33.35929489135742
2018-10-12 11:00:00,34.4001579284668
2018-10-12 12:00:00,34.02235412597656
2018-10-12 13:00:00,33.89951705932617
2018-10-12 14:00:00,33.441650390625
2018-10-12 15:00:00,34.00779724121094
2018-10-12 16:00:00,35.2012825012207
2018-10-12 17:00:00,34.72292709350586
2018-10-12 18:00:00,35.780052185058594
2018-10-12 19:00:00,36.61653518676758
2018-10-12 20:00:00,34.64705276489258
2018-10-12 21:00:00,31.604206085205078
2018-10-12 22:00:00,29.29181671142578
2018-10-12 23:00:00,26.923301696777344
2018-10-13 00:00:00,24.918500900268555
2018-10-13 01:00:00,21.572776794433594
2018-10-13 02:00:00,19.391399383544922
2018-10-13 03:00:00,18.15475082397461
2018-10-13 04:00:00,20.011524200439453
2018-10-13 05:00:00,23.366313934326172
2018-10-13 06:00:00,26.828155517578125
2018-10-13 07:00:00,29.08167839050293
2018-10-13 08:00:00,31.056642532348633
2018-10-13 09:00:00,31.741973876953125
2018-10-13 10:00:00,33.18940734863281
2018-10-13 11:00:00,32.93400192260742
2018-10-13 12:00:00,34.211612701416016
2018-10-13 13:00:00,34.24605941772461
2018-10-13 14:00:00,36.116024017333984
2018-10-13 15:00:00,36.33060073852539
2018-10-13 16:00:00,36.10288619995117
2018-10-13 17:00:00,37.07440185546875
2018-10-13 18:00:00,37.458290100097656
2018-10-13 19:00:00,36.249324798583984
2018-10-13 20:00:00,35.265838623046875
2018-10-13 21:00:00,32.12480926513672
2018-10-13 22:00:00,27.49620819091797
2018-10-13 23:00:00,24.810142517089844
2018-10-14 00:00:00,23.854290008544922
2018-10-14 01:00:00,21.107696533203125
2018-10-14 02:00:00,20.318195343017578
2018-10-14 03:00:00,20.253280639648438
2018-10-14 04:00:00,21.491024017333984
2018-10-14 05:00:00,23.139272689819336
2018-10-14 06:00:00,26.962369918823242
2018-10-14 07:00:00,32.06687927246094
2018-10-14 08:00:00,33.22929382324219
2018-10-14 09:00:00,36.346458435058594
2018-10-14 10:00:00,36.986141204833984
2018-10-14 11:00:00,36.177268981933594
2018-10-14 12:00:00,36.826812744140625
2018-10-14 13:00:00,37.3374137878418
2018-10-14 14:00:00,37.041290283203125
2018-10-14 15:00:00,38.01569366455078
2018-10-14 16:00:00,38.754486083984375
2018-10-14 17:00:00,38.7636604309082
2018-10-14 18:00:00,38.44377517700195
2018-10-14 19:00:00,37.108665466308594
2018-10-14 20:00:00,36.26066970825195
2018-10-14 21:00:00,33.493709564208984
2018-10-14 22:00:00,29.44968605041504
2018-10-14 23:00:00,26.127290725708008
2018-10-15 00:00:00,23.616443634033203
2018-10-15 01:00:00,21.353946685791016
2018-10-15 02:00:00,19.56226348876953
2018-10-15 03:00:00,18.88756561279297
2018-10-15 04:00:00,19.85150146484375
2018-10-15 05:00:00,22.927581787109375
2018-10-15 06:00:00,26.712610244750977
2018-10-15 07:00:00,31.23999786376953
2018-10-15 08:00:00,33.52317810058594
2018-10-15 09:00:00,34.96733474731445
2018-10-15 10:00:00,36.686134338378906
2018-10-15 11:00:00,37.44389343261719
2018-10-15 12:00:00,38.85736846923828
2018-10-15 13:00:00,37.788665771484375
2018-10-15 14:00:00,39.61652374267578
2018-10-15 15:00:00,40.54560089111328
2018-10-15 16:00:00,40.66080093383789
2018-10-15 17:00:00,40.01235580444336
2018-10-15 18:00:00,40.3231086730957
2018-10-15 19:00:00,38.51470184326172
2018-10-15 20:00:00,38.39528274536133
2018-10-15 21:00:00,34.60354232788086
2018-10-15 22:00:00,31.73542594909668
2018-10-15 23:00:00,28.062889099121094
2018-10-16 00:00:00,34.21800418024543
2018-10-16 01:00:00,34.21800418024543
2018-10-16 02:00:00,34.21800418024543
2018-10-16 03:00:00,34.21800418024543
2018-10-16 04:00:00,34.21800418024543
2018-10-16 05:00:00,34.21800418024543
2018-10-16 06:00:00,34.21800418024543
2018-10-16 07:00:00,34.21800418024543
2018-10-16 08:00:00,34.21800418024543
2018-10-16 09:00:00,34.21800418024543
2018-10-16 10:00:00,34.21800418024543
2018-10-16 11:00:00,34.21800418024543
2018-10-16 12:00:00,34.21800418024543
2018-10-16 13:00:00,34.21800418024543
2018-10-16 14:00:00,34.21800418024543
2018-10-16 15:00:00,34.21800418024543
2018-10-16 16:00:00,34.21800418024543
2018-10-16 17:00:00,34.21800418024543
2018-10-16 18:00:00,34.21800418024543
2018-10-16 19:00:00,34.21800418024543
2018-10-16 20:00:00,34.21800418024543
2018-10-16 21:00:00,34.21800418024543
2018-10-16 22:00:00,34.21800418024543
2018-10-16 23:00:00,34.21800418024543
2018-10-17 00:00:00,34.21800418024543
2018-10-17 01:00:00,34.21800418024543
2018-10-17 02:00:00,34.21800418024543
2018-10-17 03:00:00,34.21800418024543
2018-10-17 04:00:00,34.21800418024543
2018-10-17 05:00:00,34.21800418024543
2018-10-17 06:00:00,34.21800418024543
2018-10-17 07:00:00,34.21800418024543
2018-10-17 08:00:00,34.21800418024543
2018-10-17 09:00:00,34.21800418024543
2018-10-17 10:00:00,34.21800418024543
2018-10-17 11:00:00,34.21800418024543
2018-10-17 12:00:00,34.21800418024543
2018-10-17 13:00:00,34.21800418024543
2018-10-17 14:00:00,34.21800418024543
2018-10-17 15:00:00,34.21800418024543
2018-10-17 16:00:00,34.21800418024543
2018-10-17 17:00:00,34.21800418024543
2018-10-17 18:00:00,34.21800418024543
2018-10-17 19:00:00,34.21800418024543
2018-10-17 20:00:00,34.21800418024543
2018-10-17 21:00:00,34.21800418024543
2018-10-17 22:00:00,34.21800418024543
2018-10-17 23:00:00,34.21800418024543
2018-10-18 00:00:00,34.21800418024543
2018-10-18 01:00:00,34.21800418024543
2018-10-18 02:00:00,34.21800418024543
2018-10-18 03:00:00,34.21800418024543
2018-10-18 04:00:00,34.21800418024543
2018-10-18 05:00:00,34.21800418024543
2018-10-18 06:00:00,34.21800418024543
2018-10-18 07:00:00,34.21800418024543
2018-10-18 08:00:00,34.21800418024543
2018-10-18 09:00:00,34.21800418024543
2018-10-18 10:00:00,34.21800418024543
2018-10-18 11:00:00,34.21800418024543
2018-10-18 12:00:00,34.21800418024543
2018-10-18 13:00:00,34.21800418024543
2018-10-18 14:00:00,34.21800418024543
2018-10-18 15:00:00,34.21800418024543
2018-10-18 16:00:00,34.21800418024543
2018-10-18 17:00:00,34.21800418024543
2018-10-18 18:00:00,34.21800418024543
2018-10-18 19:00:00,34.21800418024543
2018-10-18 20:00:00,34.21800418024543
2018-10-18 21:00:00,34.21800418024543
2018-10-18 22:00:00,34.21800418024543
2018-10-18 23:00:00,34.21800418024543
2018-10-19 00:00:00,34.21800418024543
2018-10-19 01:00:00,34.21800418024543
2018-10-19 02:00:00,34.21800418024543
2018-10-19 03:00:00,34.21800418024543
2018-10-19 04:00:00,34.21800418024543
2018-10-19 05:00:00,34.21800418024543
2018-10-19 06:00:00,34.21800418024543
2018-10-19 07:00:00,34.21800418024543
2018-10-19 08:00:00,34.21800418024543
2018-10-19 09:00:00,34.21800418024543
2018-10-19 10:00:00,34.21800418024543
2018-10-19 11:00:00,34.21800418024543
2018-10-19 12:00:00,34.21800418024543
2018-10-19 13:00:00,34.21800418024543
2018-10-19 14:00:00,34.21800418024543
2018-10-19 15:00:00,34.21800418024543
2018-10-19 16:00:00,34.21800418024543
2018-10-19 17:00:00,34.21800418024543
2018-10-19 18:00:00,34.21800418024543
2018-10-19 19:00:00,34.21800418024543
2018-10-19 20:00:00,34.21800418024543
2018-10-19 21:00:00,34.21800418024543
2018-10-19 22:00:00,34.21800418024543
2018-10-19 23:00:00,34.21800418024543
2018-10-20 00:00:00,20.07213592529297
2018-10-20 01:00:00,20.03667449951172
2018-10-20 02:00:00,19.977890014648438
2018-10-20 03:00:00,19.732254028320312
2018-10-20 04:00:00,20.05017852783203
2018-10-20 05:00:00,22.721435546875
2018-10-20 06:00:00,24.00659942626953
2018-10-20 07:00:00,27.142826080322266
2018-10-20 08:00:00,28.50602149963379
2018-10-20 09:00:00,29.30704689025879
2018-10-20 10:00:00,28.710819244384766
2018-10-20 11:00:00,26.923799514770508
2018-10-20 12:00:00,26.657421112060547
2018-10-20 13:00:00,25.448007583618164
2018-10-20 14:00:00,24.793537139892578
2018-10-20 15:00:00,25.72696876525879
2018-10-20 16:00:00,26.085506439208984
2018-10-20 17:00:00,27.163331985473633
2018-10-20 18:00:00,27.973665237426758
2018-10-20 19:00:00,26.693408966064453
2018-10-20 20:00:00,25.944499969482422
2018-10-20 21:00:00,23.699756622314453
2018-10-20 22:00:00,22.072925567626953
2018-10-20 23:00:00,21.52679443359375
2018-10-21 00:00:00,19.978242874145508
2018-10-21 01:00:00,20.321569442749023
2018-10-21 02:00:00,19.999589920043945
2018-10-21 03:00:00,19.820510864257812
2018-10-21 04:00:00,20.514293670654297
2018-10-21 05:00:00,22.513547897338867
2018-10-21 06:00:00,24.999019622802734
2018-10-21 07:00:00,27.1923885345459
2018-10-21 08:00:00,26.737850189208984
2018-10-21 09:00:00,27.531524658203125
2018-10-21 10:00:00,27.655786514282227
2018-10-21 11:00:00,26.56410789489746
2018-10-21 12:00:00,25.434051513671875
2018-10-21 13:00:00,24.46572494506836
2018-10-21 14:00:00,24.729198455810547
2018-10-21 15:00:00,24.335481643676758
2018-10-21 16:00:00,25.110916137695312
2018-10-21 17:00:00,26.034334182739258
2018-10-21 18:00:00,27.16987419128418
2018-10-21 19:00:00,28.483280181884766
2018-10-21 20:00:00,26.64702606201172
2018-10-21 21:00:00,24.174840927124023
2018-10-21 22:00:00,22.53569221496582
2018-10-21 23:00:00,21.439599990844727
2018-10-22 00:00:00,19.532360076904297
2018-10-22 01:00:00,19.453279495239258
2018-10-22 02:00:00,19.39112091064453
2018-10-22 03:00:00,19.563762664794922
2018-10-22 04:00:00,20.57558250427246
2018-10-22 05:00:00,22.67972183227539
2018-10-22 06:00:00,25.285741806030273
2018-10-22 07:00:00,28.22275161743164
2018-10-22 08:00:00,31.48711395263672
2018-10-22 09:00:00,31.31788444519043
2018-10-22 10:00:00,30.548152923583984
2018-10-22 11:00:00,30.96905517578125
2018-10-22 12:00:00,28.93182373046875
2018-10-22 13:00:00,28.57659339904785
2018-10-22 14:00:00,27.34628677368164
2018-10-22 15:00:00,28.528440475463867
2018-10-22 16:00:00,29.947919845581055
2018-10-22 17:00:00,32.07052230834961
2018-10-22 18:00:00,32.99174499511719
2018-10-22 19:00:00,32.30835723876953
2018-10-22 20:00:00,31.0723876953125
2018-10-22 21:00:00,27.808319091796875
2018-10-22 22:00:00,24.128538131713867
2018-10-22 23:00:00,21.55203628540039
2018-10-23 00:00:00,20.336380004882812
2018-10-23 01:00:00,19.391450881958008
2018-10-23 02:00:00,19.437211990356445
2018-10-23 03:00:00,20.143220901489258
2018-10-23 04:00:00,21.54206657409668
2018-10-23 05:00:00,24.446638107299805
2018-10-23 06:00:00,28.596250534057617
2018-10-23 07:00:00,32.168678283691406
2018-10-23 08:00:00,31.610992431640625
2018-10-23 09:00:00,33.12399673461914
2018-10-23 10:00:00,31.931655883789062
2018-10-23 11:00:00,30.2799129486084
2018-10-23 12:00:00,30.911680221557617
2018-10-23 13:00:00,28.4466495513916
2018-10-23 14:00:00,28.139036178588867
2018-10-23 15:00:00,29.347667694091797
2018-10-23 16:00:00,30.008256912231445
2018-10-23 17:00:00,31.904603958129883
2018-10-23 18:00:00,31.723617553710938
2018-10-23 19:00:00,31.226295471191406
2018-10-23 20:00:00,28.749343872070312
2018-10-23 21:00:00,26.50269317626953
2018-10-23 22:00:00,24.25286102294922
2018-10-23 23:00:00,23.13790512084961
2018-10-24 00:00:00,20.951940536499023
2018-10-24 01:00:00,19.345794677734375
2018-10-24 02:00:00,17.05023765563965
2018-10-24 03:00:00,18.881736755371094
2018-10-24 04:00:00,23.24065399169922
2018-10-24 05:00:00,24.860525131225586
2018-10-24 06:00:00,30.90235137939453
2018-10-24 07:00:00,34.31769561767578
2018-10-24 08:00:00,35.24589920043945
2018-10-24 09:00:00,37.99859619140625
2018-10-24 10:00:00,36.89591979980469
2018-10-24 11:00:00,30.42593765258789
2018-10-24 12:00:00,32.528358459472656
2018-10-24 13:00:00,31.026025772094727
2018-10-24 14:00:00,28.844253540039062
2018-10-24 15:00:00,30.045629501342773
2018-10-24 16:00:00,33.2180061340332
2018-10-24 17:00:00,38.40706253051758
2018-10-24 18:00:00,37.051002502441406
2018-10-24 19:00:00,41.956451416015625
2018-10-24 20:00:00,38.21887969970703
2018-10-24 21:00:00,34.77174377441406
2018-10-24 22:00:00,30.108163833618164
2018-10-24 23:00:00,26.881057739257812
2018-10-25 00:00:00,21.020191192626953
2018-10-25 01:00:00,20.27832794189453
2018-10-25 02:00:00,16.04509925842285
2018-10-25 03:00:00,16.605884552001953
2018-10-25 04:00:00,20.662078857421875
2018-10-25 05:00:00,24.368513107299805
2018-10-25 06:00:00,28.049236297607422
2018-10-25 07:00:00,30.688810348510742
2018-10-25 08:00:00,32.694602966308594
2018-10-25 09:00:00,33.49901580810547
2018-10-25 10:00:00,31.432907104492188
2018-10-25 11:00:00,30.988637924194336
2018-10-25 12:00:00,33.580570220947266
2018-10-25 13:00:00,31.6894588470459
2018-10-25 14:00:00,30.508747100830078
2018-10-25 15:00:00,30.991107940673828
2018-10-25 16:00:00,31.7186222076416
2018-10-25 17:00:00,36.39065933227539
2018-10-25 18:00:00,37.59612274169922
2018-10-25 19:00:00,40.048038482666016
2018-10-25 20:00:00,39.23137664794922
2018-10-25 21:00:00,32.96184539794922
2018-10-25 22:00:00,30.403642654418945
2018-10-25 23:00:00,26.75719451904297
2018-10-26 00:00:00,23.669462203979492
2018-10-26 01:00:00,22.390426635742188
2018-10-26 02:00:00,20.20014762878418
2018-10-26 03:00:00,19.40207290649414
2018-10-26 04:00:00,20.889938354492188
2018-10-26 05:00:00,25.40741539001465
2018-10-26 06:00:00,29.50249481201172
2018-10-26 07:00:00,32.86283874511719
2018-10-26 08:00:00,35.887203216552734
2018-10-26 09:00:00,37.00468444824219
2018-10-26 10:00:00,33.025360107421875
2018-10-26 11:00:00,33.67652130126953
2018-10-26 12:00:00,33.0517578125
2018-10-26 13:00:00,30.61431121826172
2018-10-26 14:00:00,32.21549987792969
2018-10-26 15:00:00,30.22586441040039
2018-10-26 16:00:00,32.45903015136719
2018-10-26 17:00:00,33.06158447265625
2018-10-26 18:00:00,38.967952728271484
2018-10-26 19:00:00,38.357025146484375
2018-10-26 20:00:00,38.4249267578125
2018-10-26 21:00:00,36.84637451171875
2018-10-26 22:00:00,32.00587463378906
2018-10-26 23:00:00,26.37803077697754
2018-10-27 00:00:00,25.27193832397461
2018-10-27 01:00:00,19.450674057006836
2018-10-27 02:00:00,17.12456512451172
2018-10-27 03:00:00,17.947452545166016
2018-10-27 04:00:00,18.557334899902344
2018-10-27 05:00:00,23.600740432739258
2018-10-27 06:00:00,29.109426498413086
2018-10-27 07:00:00,30.524763107299805
2018-10-27 08:00:00,33.661354064941406
2018-10-27 09:00:00,35.52211380004883
2018-10-27 10:00:00,32.08114242553711
2018-10-27 11:00:00,31.60788917541504
2018-10-27 12:00:00,28.2791748046875
2018-10-27 13:00:00,25.64424705505371
2018-10-27 14:00:00,25.769283294677734
2018-10-27 15:00:00,26.005001068115234
2018-10-27 16:00:00,26.424861907958984
2018-10-27 17:00:00,29.39015769958496
2018-10-27 18:00:00,34.743778228759766
2018-10-27 19:00:00,36.51803207397461
2018-10-27 20:00:00,35.22831344604492
2018-10-27 21:00:00,28.56850242614746
2018-10-27 22:00:00,24.834951400756836
2018-10-27 23:00:00,21.065366744995117
2018-10-28 00:00:00,30.26133918762207
2018-10-28 01:00:00,29.414588928222656
2018-10-28 02:00:00,27.62948989868164
2018-10-28 03:00:00,27.57652473449707
2018-10-28 04:00:00,28.383407592773438
2018-10-28 05:00:00,30.705638885498047
2018-10-28 06:00:00,37.15816116333008
2018-10-28 07:00:00,41.18535232543945
2018-10-28 08:00:00,40.99123001098633
2018-10-28 09:00:00,42.595855712890625
2018-10-28 10:00:00,44.986480712890625
2018-10-28 11:00:00,42.60165023803711
2018-10-28 12:00:00,38.64303207397461
2018-10-28 13:00:00,37.087738037109375
2018-10-28 14:00:00,35.1656494140625
2018-10-28 15:00:00,34.721900939941406
2018-10-28 16:00:00,35.288177490234375
2018-10-28 17:00:00,41.19220733642578
2018-10-28 18:00:00,47.82554626464844
2018-10-28 19:00:00,50.45216369628906
2018-10-28 20:00:00,43.217411041259766
2018-10-28 21:00:00,37.9984130859375
2018-10-28 22:00:00,33.53175354003906
2018-10-28 23:00:00,30.626008987426758
2018-10-29 00:00:00,28.3389892578125
2018-10-29 01:00:00,26.6806640625
2018-10-29 02:00:00,25.397581100463867
2018-10-29 03:00:00,26.20065689086914
2018-10-29 04:00:00,25.445541381835938
2018-10-29 05:00:00,28.49820327758789
2018-10-29 06:00:00,34.31597900390625
2018-10-29 07:00:00,38.610111236572266
2018-10-29 08:00:00,38.0986213684082
2018-10-29 09:00:00,40.37755584716797
2018-10-29 10:00:00,42.702728271484375
2018-10-29 11:00:00,39.50403594970703
2018-10-29 12:00:00,39.41361618041992
2018-10-29 13:00:00,36.14687728881836
2018-10-29 14:00:00,35.262962341308594
2018-10-29 15:00:00,35.8372688293457
2018-10-29 16:00:00,36.04426574707031
2018-10-29 17:00:00,37.65159606933594
2018-10-29 18:00:00,47.445098876953125
2018-10-29 19:00:00,50.554359436035156
2018-10-29 20:00:00,45.190147399902344
2018-10-29 21:00:00,38.119510650634766
2018-10-29 22:00:00,33.70799255371094
2018-10-29 23:00:00,31.216529846191406
2018-10-30 00:00:00,28.647785186767578
2018-10-30 01:00:00,29.899524688720703
2018-10-30 02:00:00,26.842357635498047
2018-10-30 03:00:00,24.419174194335938
2018-10-30 04:00:00,25.753934860229492
2018-10-30 05:00:00,30.85240364074707
2018-10-30 06:00:00,37.20475387573242
2018-10-30 07:00:00,41.17945098876953
2018-10-30 08:00:00,41.3375244140625
2018-10-30 09:00:00,41.71247100830078
2018-10-30 10:00:00,42.870384216308594
2018-10-30 11:00:00,42.354881286621094
2018-10-30 12:00:00,39.060447692871094
2018-10-30 13:00:00,36.21702194213867
2018-10-30 14:00:00,38.95866775512695
2018-10-30 15:00:00,35.93701171875
2018-10-30 16:00:00,37.96495056152344
2018-10-30 17:00:00,38.01767349243164
2018-10-30 18:00:00,45.50725173950195
2018-10-30 19:00:00,48.235382080078125
2018-10-30 20:00:00,41.181640625
2018-10-30 21:00:00,35.49024200439453
2018-10-30 22:00:00,31.31861686706543
2018-10-30 23:00:00,27.489418029785156
2018-10-31 00:00:00,25.891098022460938
2018-10-31 01:00:00,22.183509826660156
2018-10-31 02:00:00,22.057453155517578
2018-10-31 03:00:00,21.489151000976562
2018-10-31 04:00:00,24.213359832763672
2018-10-31 05:00:00,27.300804138183594
2018-10-31 06:00:00,32.077091217041016
2018-10-31 07:00:00,36.07209014892578
2018-10-31 08:00:00,37.481510162353516
2018-10-31 09:00:00,40.51443099975586
2018-10-31 10:00:00,40.31425857543945
2018-10-31 11:00:00,40.12437438964844
2018-10-31 12:00:00,38.393917083740234
2018-10-31 13:00:00,38.264278411865234
2018-10-31 14:00:00,37.153709411621094
2018-10-31 15:00:00,35.667869567871094
2018-10-31 16:00:00,34.300838470458984
2018-10-31 17:00:00,38.573978424072266
2018-10-31 18:00:00,44.11553192138672
2018-10-31 19:00:00,48.005775451660156
2018-10-31 20:00:00,43.570091247558594
2018-10-31 21:00:00,36.72775650024414
2018-10-31 22:00:00,33.751922607421875
2018-10-31 23:00:00,31.860849380493164
2018-11-01 00:00:00,20.238510131835938
2018-11-01 01:00:00,18.716136932373047
2018-11-01 02:00:00,17.25331687927246
2018-11-01 03:00:00,17.5640811920166
2018-11-01 04:00:00,21.715024948120117
2018-11-01 05:00:00,23.839336395263672
2018-11-01 06:00:00,26.627586364746094
2018-11-01 07:00:00,28.406238555908203
2018-11-01 08:00:00,29.086698532104492
2018-11-01 09:00:00,29.915699005126953
2018-11-01 10:00:00,29.43360137939453
2018-11-01 11:00:00,26.230756759643555
2018-11-01 12:00:00,26.996063232421875
2018-11-01 13:00:00,26.791046142578125
2018-11-01 14:00:00,25.71514320373535
2018-11-01 15:00:00,28.584585189819336
2018-11-01 16:00:00,29.75284194946289
2018-11-01 17:00:00,32.121639251708984
2018-11-01 18:00:00,32.774600982666016
2018-11-01 19:00:00,34.740901947021484
2018-11-01 20:00:00,33.53322219848633
2018-11-01 21:00:00,28.852731704711914
2018-11-01 22:00:00,25.573631286621094
2018-11-01 23:00:00,23.60036849975586
2018-11-02 00:00:00,21.389142990112305
2018-11-02 01:00:00,18.61798095703125
2018-11-02 02:00:00,17.16156005859375
2018-11-02 03:00:00,15.96140193939209
2018-11-02 04:00:00,21.569734573364258
2018-11-02 05:00:00,23.418704986572266
2018-11-02 06:00:00,26.37607192993164
2018-11-02 07:00:00,28.3891658782959
2018-11-02 08:00:00,29.255619049072266
2018-11-02 09:00:00,29.45349884033203
2018-11-02 10:00:00,28.647159576416016
2018-11-02 11:00:00,27.566261291503906
2018-11-02 12:00:00,28.65850257873535
2018-11-02 13:00:00,26.469764709472656
2018-11-02 14:00:00,26.89512825012207
2018-11-02 15:00:00,29.956981658935547
2018-11-02 16:00:00,29.35833740234375
2018-11-02 17:00:00,32.462120056152344
2018-11-02 18:00:00,33.72175979614258
2018-11-02 19:00:00,35.66627502441406
2018-11-02 20:00:00,32.77720642089844
2018-11-02 21:00:00,29.496068954467773
2018-11-02 22:00:00,28.055652618408203
2018-11-02 23:00:00,24.926654815673828
2018-11-03 00:00:00,22.431293487548828
2018-11-03 01:00:00,20.760608673095703
2018-11-03 02:00:00,17.964908599853516
2018-11-03 03:00:00,17.81143569946289
2018-11-03 04:00:00,21.278934478759766
2018-11-03 05:00:00,22.092599868774414
2018-11-03 06:00:00,26.117971420288086
2018-11-03 07:00:00,27.54311752319336
2018-11-03 08:00:00,28.330949783325195
2018-11-03 09:00:00,28.497846603393555
2018-11-03 10:00:00,25.948827743530273
2018-11-03 11:00:00,26.520668029785156
2018-11-03 12:00:00,26.044578552246094
2018-11-03 13:00:00,23.544660568237305
2018-11-03 14:00:00,24.721668243408203
2018-11-03 15:00:00,22.696807861328125
2018-11-03 16:00:00,28.696809768676758
2018-11-03 17:00:00,28.90901756286621
2018-11-03 18:00:00,31.23877716064453
2018-11-03 19:00:00,30.69487190246582
2018-11-03 20:00:00,29.966176986694336
2018-11-03 21:00:00,28.998046875
2018-11-03 22:00:00,23.368846893310547
2018-11-03 23:00:00,19.690690994262695
2018-11-04 00:00:00,18.48868179321289
2018-11-04 01:00:00,15.103255271911621
2018-11-04 02:00:00,13.166451454162598
2018-11-04 03:00:00,14.603852272033691
2018-11-04 04:00:00,15.114646911621094
2018-11-04 05:00:00,18.617782592773438
2018-11-04 06:00:00,22.084808349609375
2018-11-04 07:00:00,25.15026092529297
2018-11-04 08:00:00,26.44856071472168
2018-11-04 09:00:00,25.298431396484375
2018-11-04 10:00:00,25.72036361694336
2018-11-04 11:00:00,24.10032081604004
2018-11-04 12:00:00,22.295833587646484
2018-11-04 13:00:00,23.144577026367188
2018-11-04 14:00:00,22.495563507080078
2018-11-04 15:00:00,22.667858123779297
2018-11-04 16:00:00,24.649202346801758
2018-11-04 17:00:00,27.408384323120117
2018-11-04 18:00:00,30.969758987426758
2018-11-04 19:00:00,32.5080680847168
2018-11-04 20:00:00,29.20391273498535
2018-11-04 21:00:00,27.179649353027344
2018-11-04 22:00:00,23.361141204833984
2018-11-04 23:00:00,21.351848602294922
2018-11-05 00:00:00,19.836700439453125
2018-11-05 01:00:00,19.125259399414062
2018-11-05 02:00:00,18.996177673339844
2018-11-05 03:00:00,19.33072280883789
2018-11-05 04:00:00,19.476383209228516
2018-11-05 05:00:00,21.62224578857422
2018-11-05 06:00:00,22.3026180267334
2018-11-05 07:00:00,24.008913040161133
2018-11-05 08:00:00,24.98157501220703
2018-11-05 09:00:00,25.777816772460938
2018-11-05 10:00:00,25.54912757873535
2018-11-05 11:00:00,24.71917724609375
2018-11-05 12:00:00,25.00013542175293
2018-11-05 13:00:00,25.105642318725586
2018-11-05 14:00:00,24.421188354492188
2018-11-05 15:00:00,25.787195205688477
2018-11-05 16:00:00,25.418426513671875
2018-11-05 17:00:00,26.001962661743164
2018-11-05 18:00:00,25.88596534729004
2018-11-05 19:00:00,25.016929626464844
2018-11-05 20:00:00,25.190719604492188
2018-11-05 21:00:00,22.509502410888672
2018-11-05 22:00:00,21.846527099609375
2018-11-05 23:00:00,20.586872100830078
2018-11-06 00:00:00,19.536163330078125
2018-11-06 01:00:00,19.65296173095703
2018-11-06 02:00:00,19.696491241455078
2018-11-06 03:00:00,18.89066505432129
2018-11-06 04:00:00,20.050384521484375
2018-11-06 05:00:00,21.746631622314453
2018-11-06 06:00:00,23.88649559020996
2018-11-06 07:00:00,25.755512237548828
2018-11-06 08:00:00,26.8207950592041
2018-11-06 09:00:00,26.510395050048828
2018-11-06 10:00:00,26.05823516845703
2018-11-06 11:00:00,26.328142166137695
2018-11-06 12:00:00,26.449798583984375
2018-11-06 13:00:00,24.456623077392578
2018-11-06 14:00:00,25.08802604675293
2018-11-06 15:00:00,26.299686431884766
2018-11-06 16:00:00,25.817012786865234
2018-11-06 17:00:00,27.56482696533203
2018-11-06 18:00:00,29.28169822692871
2018-11-06 19:00:00,30.241687774658203
2018-11-06 20:00:00,26.95456314086914
2018-11-06 21:00:00,25.186485290527344
2018-11-06 22:00:00,22.01361083984375
2018-11-06 23:00:00,22.242719650268555
2018-11-07 00:00:00,20.312868118286133
2018-11-07 01:00:00,19.824695587158203
2018-11-07 02:00:00,19.44872283935547
2018-11-07 03:00:00,18.163238525390625
2018-11-07 04:00:00,19.521568298339844
2018-11-07 05:00:00,21.175796508789062
2018-11-07 06:00:00,23.089820861816406
2018-11-07 07:00:00,26.046842575073242
2018-11-07 08:00:00,26.745201110839844
2018-11-07 09:00:00,27.387910842895508
2018-11-07 10:00:00,27.10366439819336
2018-11-07 11:00:00,26.570878982543945
2018-11-07 12:00:00,28.92991828918457
2018-11-07 13:00:00,27.192657470703125
2018-11-07 14:00:00,27.07257080078125
2018-11-07 15:00:00,27.684165954589844
2018-11-07 16:00:00,29.18214988708496
2018-11-07 17:00:00,29.79008674621582
2018-11-07 18:00:00,31.158985137939453
2018-11-07 19:00:00,30.75847053527832
2018-11-07 20:00:00,29.16315269470215
2018-11-07 21:00:00,27.85199737548828
2018-11-07 22:00:00,24.861785888671875
2018-11-07 23:00:00,22.995344161987305
2018-11-08 00:00:00,21.349384307861328
2018-11-08 01:00:00,19.94719696044922
2018-11-08 02:00:00,19.592769622802734
2018-11-08 03:00:00,19.815021514892578
2018-11-08 04:00:00,20.102304458618164
2018-11-08 05:00:00,21.780502319335938
2018-11-08 06:00:00,22.983610153198242
2018-11-08 07:00:00,24.216075897216797
2018-11-08 08:00:00,25.38359832763672
2018-11-08 09:00:00,25.4859676361084
2018-11-08 10:00:00,26.741439819335938
2018-11-08 11:00:00,25.38606834411621
2018-11-08 12:00:00,26.254356384277344
2018-11-08 13:00:00,26.798187255859375
2018-11-08 14:00:00,25.842329025268555
2018-11-08 15:00:00,25.611194610595703
2018-11-08 16:00:00,27.141889572143555
2018-11-08 17:00:00,28.397613525390625
2018-11-08 18:00:00,27.87640380859375
2018-11-08 19:00:00,28.126684188842773
2018-11-08 20:00:00,26.13880157470703
2018-11-08 21:00:00,24.94677734375
2018-11-08 22:00:00,24.516782760620117
2018-11-08 23:00:00,23.61273193359375
2018-11-09 00:00:00,27.558216094970703
2018-11-09 01:00:00,25.687557220458984
2018-11-09 02:00:00,24.62752914428711
2018-11-09 03:00:00,26.005382537841797
2018-11-09 04:00:00,25.516712188720703
2018-11-09 05:00:00,26.387287139892578
2018-11-09 06:00:00,29.93390464782715
2018-11-09 07:00:00,32.0145263671875
2018-11-09 08:00:00,34.481727600097656
2018-11-09 09:00:00,34.83547592163086
2018-11-09 10:00:00,32.091453552246094
2018-11-09 11:00:00,30.815603256225586
2018-11-09 12:00:00,31.742403030395508
2018-11-09 13:00:00,33.93724822998047
2018-11-09 14:00:00,31.901756286621094
2018-11-09 15:00:00,31.984790802001953
2018-11-09 16:00:00,30.946992874145508
2018-11-09 17:00:00,33.14379119873047
2018-11-09 18:00:00,37.04570007324219
2018-11-09 19:00:00,35.497554779052734
2018-11-09 20:00:00,36.78453063964844
2018-11-09 21:00:00,34.03142166137695
2018-11-09 22:00:00,30.482200622558594
2018-11-09 23:00:00,28.79163932800293
2018-11-10 00:00:00,26.14012908935547
2018-11-10 01:00:00,25.414474487304688
2018-11-10 02:00:00,24.27130699157715
2018-11-10 03:00:00,21.53131866455078
2018-11-10 04:00:00,23.90599822998047
2018-11-10 05:00:00,23.185260772705078
2018-11-10 06:00:00,30.271562576293945
2018-11-10 07:00:00,31.604270935058594
2018-11-10 08:00:00,33.84566116333008
2018-11-10 09:00:00,32.116912841796875
2018-11-10 10:00:00,32.607818603515625
2018-11-10 11:00:00,30.588293075561523
2018-11-10 12:00:00,28.236608505249023
2018-11-10 13:00:00,28.01827049255371
2018-11-10 14:00:00,29.44911003112793
2018-11-10 15:00:00,27.853178024291992
2018-11-10 16:00:00,28.340883255004883
2018-11-10 17:00:00,32.422264099121094
2018-11-10 18:00:00,31.53451919555664
2018-11-10 19:00:00,34.95839309692383
2018-11-10 20:00:00,35.474239349365234
2018-11-10 21:00:00,31.66484260559082
2018-11-10 22:00:00,28.718008041381836
2018-11-10 23:00:00,28.43892478942871
2018-11-11 00:00:00,25.682640075683594
2018-11-11 01:00:00,24.704910278320312
2018-11-11 02:00:00,24.6744384765625
2018-11-11 03:00:00,23.170772552490234
2018-11-11 04:00:00,24.800949096679688
2018-11-11 05:00:00,25.636348724365234
2018-11-11 06:00:00,26.057144165039062
2018-11-11 07:00:00,29.007780075073242
2018-11-11 08:00:00,30.901348114013672
2018-11-11 09:00:00,31.201889038085938
2018-11-11 10:00:00,30.43403434753418
2018-11-11 11:00:00,28.395078659057617
2018-11-11 12:00:00,30.738344192504883
2018-11-11 13:00:00,29.173202514648438
2018-11-11 14:00:00,29.407855987548828
2018-11-11 15:00:00,31.92519187927246
2018-11-11 16:00:00,33.00811767578125
2018-11-11 17:00:00,34.64438247680664
2018-11-11 18:00:00,35.15409469604492
2018-11-11 19:00:00,35.34800338745117
2018-11-11 20:00:00,35.096527099609375
2018-11-11 21:00:00,33.16992950439453
2018-11-11 22:00:00,31.64615249633789
2018-11-11 23:00:00,28.697004318237305
2018-11-12 00:00:00,26.793994903564453
2018-11-12 01:00:00,24.799406051635742
2018-11-12 02:00:00,23.6663818359375
2018-11-12 03:00:00,24.572650909423828
2018-11-12 04:00:00,24.466148376464844
2018-11-12 05:00:00,25.315673828125
2018-11-12 06:00:00,27.897907257080078
2018-11-12 07:00:00,30.188499450683594
2018-11-12 08:00:00,31.102550506591797
2018-11-12 09:00:00,31.35167121887207
2018-11-12 10:00:00,32.60390853881836
2018-11-12 11:00:00,32.973392486572266
2018-11-12 12:00:00,32.4676399230957
2018-11-12 13:00:00,30.842615127563477
2018-11-12 14:00:00,30.043493270874023
2018-11-12 15:00:00,31.79002571105957
2018-11-12 16:00:00,32.36079788208008
2018-11-12 17:00:00,32.417484283447266
2018-11-12 18:00:00,32.242767333984375
2018-11-12 19:00:00,33.49768829345703
2018-11-12 20:00:00,30.141931533813477
2018-11-12 21:00:00,30.780366897583008
2018-11-12 22:00:00,28.49620246887207
2018-11-12 23:00:00,28.99869155883789
2018-11-13 00:00:00,28.743284225463867
2018-11-13 01:00:00,28.132049560546875
2018-11-13 02:00:00,27.752365112304688
2018-11-13 03:00:00,28.847972869873047
2018-11-13 04:00:00,30.052833557128906
2018-11-13 05:00:00,32.18509292602539
2018-11-13 06:00:00,35.04977035522461
2018-11-13 07:00:00,36.80564498901367
2018-11-13 08:00:00,38.40281677246094
2018-11-13 09:00:00,37.78125762939453
2018-11-13 10:00:00,36.48811340332031
2018-11-13 11:00:00,34.33680725097656
2018-11-13 12:00:00,33.020729064941406
2018-11-13 13:00:00,32.674747467041016
2018-11-13 14:00:00,31.91969108581543
2018-11-13 15:00:00,33.24189376831055
2018-11-13 16:00:00,33.37599182128906
2018-11-13 17:00:00,36.05902099609375
2018-11-13 18:00:00,37.75578308105469
2018-11-13 19:00:00,36.449462890625
2018-11-13 20:00:00,35.6666374206543
2018-11-13 21:00:00,32.79512405395508
2018-11-13 22:00:00,30.551881790161133
2018-11-13 23:00:00,29.995498657226562
2018-11-14 00:00:00,27.86743927001953
2018-11-14 01:00:00,28.41686248779297
2018-11-14 02:00:00,27.67354965209961
2018-11-14 03:00:00,26.894977569580078
2018-11-14 04:00:00,29.29912567138672
2018-11-14 05:00:00,32.083187103271484
2018-11-14 06:00:00,35.12145233154297
2018-11-14 07:00:00,37.06753158569336
2018-11-14 08:00:00,34.78478240966797
2018-11-14 09:00:00,33.940731048583984
2018-11-14 10:00:00,33.719356536865234
2018-11-14 11:00:00,32.08677673339844
2018-11-14 12:00:00,31.060434341430664
2018-11-14 13:00:00,29.981870651245117
2018-11-14 14:00:00,30.22372817993164
2018-11-14 15:00:00,30.685503005981445
2018-11-14 16:00:00,32.799556732177734
2018-11-14 17:00:00,35.280826568603516
2018-11-14 18:00:00,36.725135803222656
2018-11-14 19:00:00,38.96919250488281
2018-11-14 20:00:00,35.862579345703125
2018-11-14 21:00:00,33.669158935546875
2018-11-14 22:00:00,31.014150619506836
2018-11-14 23:00:00,29.96685028076172
2018-11-15 00:00:00,27.929101943969727
2018-11-15 01:00:00,27.55162239074707
2018-11-15 02:00:00,27.568519592285156
2018-11-15 03:00:00,27.13617515563965
2018-11-15 04:00:00,28.74361801147461
2018-11-15 05:00:00,31.385944366455078
2018-11-15 06:00:00,34.23488235473633
2018-11-15 07:00:00,36.22163772583008
2018-11-15 08:00:00,36.72615432739258
2018-11-15 09:00:00,35.83353042602539
2018-11-15 10:00:00,35.61959457397461
2018-11-15 11:00:00,34.663330078125
2018-11-15 12:00:00,35.53385543823242
2018-11-15 13:00:00,34.619537353515625
2018-11-15 14:00:00,34.528892517089844
2018-11-15 15:00:00,36.7650260925293
2018-11-15 16:00:00,38.874847412109375
2018-11-15 17:00:00,40.74646759033203
2018-11-15 18:00:00,41.365203857421875
2018-11-15 19:00:00,40.1140022277832
2018-11-15 20:00:00,38.70125961303711
2018-11-15 21:00:00,35.700538635253906
2018-11-15 22:00:00,32.68693161010742
2018-11-15 23:00:00,30.324848175048828
2018-11-16 00:00:00,28.748613357543945
2018-11-16 01:00:00,27.54821014404297
2018-11-16 02:00:00,26.927410125732422
2018-11-16 03:00:00,28.030975341796875
2018-11-16 04:00:00,28.582477569580078
2018-11-16 05:00:00,31.0629940032959
2018-11-16 06:00:00,34.17796325683594
2018-11-16 07:00:00,35.99273681640625
2018-11-16 08:00:00,36.18202209472656
2018-11-16 09:00:00,36.447147369384766
2018-11-16 10:00:00,36.071285247802734
2018-11-16 11:00:00,35.06226348876953
2018-11-16 12:00:00,36.243770599365234
2018-11-16 13:00:00,34.833553314208984
2018-11-16 14:00:00,34.53276062011719
2018-11-16 15:00:00,36.37136459350586
2018-11-16 16:00:00,36.30583572387695
2018-11-16 17:00:00,38.407894134521484
2018-11-16 18:00:00,37.43608856201172
2018-11-16 19:00:00,38.7778205871582
2018-11-16 20:00:00,34.75511169433594
2018-11-16 21:00:00,33.60025405883789
2018-11-16 22:00:00,31.374462127685547
2018-11-16 23:00:00,31.55684471130371
2018-11-17 00:00:00,24.392127990722656
2018-11-17 01:00:00,23.444486618041992
2018-11-17 02:00:00,21.523283004760742
2018-11-17 03:00:00,22.933029174804688
2018-11-17 04:00:00,24.944793701171875
2018-11-17 05:00:00,28.393264770507812
2018-11-17 06:00:00,31.608304977416992
2018-11-17 07:00:00,35.60136032104492
2018-11-17 08:00:00,37.09979248046875
2018-11-17 09:00:00,39.558712005615234
2018-11-17 10:00:00,38.995601654052734
2018-11-17 11:00:00,34.8375358581543
2018-11-17 12:00:00,34.508567810058594
2018-11-17 13:00:00,34.56618118286133
2018-11-17 14:00:00,35.8638916015625
2018-11-17 15:00:00,36.52519226074219
2018-11-17 16:00:00,36.969512939453125
2018-11-17 17:00:00,38.30754089355469
2018-11-17 18:00:00,39.86730194091797
2018-11-17 19:00:00,39.14678955078125
2018-11-17 20:00:00,37.79505157470703
2018-11-17 21:00:00,34.35115051269531
2018-11-17 22:00:00,27.993408203125
2018-11-17 23:00:00,26.000080108642578
2018-11-18 00:00:00,24.66928482055664
2018-11-18 01:00:00,22.199743270874023
2018-11-18 02:00:00,19.581741333007812
2018-11-18 03:00:00,20.554325103759766
2018-11-18 04:00:00,25.255443572998047
2018-11-18 05:00:00,28.227832794189453
2018-11-18 06:00:00,31.503189086914062
2018-11-18 07:00:00,33.95594787597656
2018-11-18 08:00:00,34.978824615478516
2018-11-18 09:00:00,35.89301300048828
2018-11-18 10:00:00,35.629608154296875
2018-11-18 11:00:00,35.76667022705078
2018-11-18 12:00:00,34.16765213012695
2018-11-18 13:00:00,33.78015899658203
2018-11-18 14:00:00,34.707557678222656
2018-11-18 15:00:00,35.0477180480957
2018-11-18 16:00:00,35.393646240234375
2018-11-18 17:00:00,36.799747467041016
2018-11-18 18:00:00,37.018646240234375
2018-11-18 19:00:00,38.47224426269531
2018-11-18 20:00:00,35.91755294799805
2018-11-18 21:00:00,33.01721954345703
2018-11-18 22:00:00,31.395240783691406
2018-11-18 23:00:00,26.941585540771484
2018-11-19 00:00:00,24.554645538330078
2018-11-19 01:00:00,23.573108673095703
2018-11-19 02:00:00,21.171161651611328
2018-11-19 03:00:00,24.087678909301758
2018-11-19 04:00:00,27.13109588623047
2018-11-19 05:00:00,30.30834197998047
2018-11-19 06:00:00,32.43846893310547
2018-11-19 07:00:00,37.67241287231445
2018-11-19 08:00:00,36.45243835449219
2018-11-19 09:00:00,40.42694854736328
2018-11-19 10:00:00,39.294464111328125
2018-11-19 11:00:00,40.65266418457031
2018-11-19 12:00:00,38.69933319091797
2018-11-19 13:00:00,36.81106185913086
2018-11-19 14:00:00,37.45417404174805
2018-11-19 15:00:00,37.62063980102539
2018-11-19 16:00:00,41.17741775512695
2018-11-19 17:00:00,41.92893600463867
2018-11-19 18:00:00,45.35636520385742
2018-11-19 19:00:00,43.29768753051758
2018-11-19 20:00:00,40.69963836669922
2018-11-19 21:00:00,39.47157669067383
2018-11-19 22:00:00,34.75050354003906
2018-11-19 23:00:00,32.25682067871094
2018-11-20 00:00:00,28.981765747070312
2018-11-20 01:00:00,26.81685447692871
2018-11-20 02:00:00,26.000789642333984
2018-11-20 03:00:00,28.34088897705078
2018-11-20 04:00:00,31.304908752441406
2018-11-20 05:00:00,34.61483383178711
2018-11-20 06:00:00,37.05609893798828
2018-11-20 07:00:00,41.31305694580078
2018-11-20 08:00:00,42.789337158203125
2018-11-20 09:00:00,42.63713455200195
2018-11-20 10:00:00,43.164058685302734
2018-11-20 11:00:00,43.21730041503906
2018-11-20 12:00:00,41.99073791503906
2018-11-20 13:00:00,40.83754348754883
2018-11-20 14:00:00,40.19802474975586
2018-11-20 15:00:00,43.23219680786133
2018-11-20 16:00:00,41.570587158203125
2018-11-20 17:00:00,42.93510437011719
2018-11-20 18:00:00,44.351654052734375
2018-11-20 19:00:00,44.68053436279297
2018-11-20 20:00:00,41.426395416259766
2018-11-20 21:00:00,39.74341583251953
2018-11-20 22:00:00,36.34379577636719
2018-11-20 23:00:00,31.30548095703125
2018-11-21 00:00:00,25.833845138549805
2018-11-21 01:00:00,25.699995040893555
2018-11-21 02:00:00,25.162391662597656
2018-11-21 03:00:00,25.64101219177246
2018-11-21 04:00:00,25.926023483276367
2018-11-21 05:00:00,29.03399658203125
2018-11-21 06:00:00,30.865123748779297
2018-11-21 07:00:00,33.679630279541016
2018-11-21 08:00:00,36.73896408081055
2018-11-21 09:00:00,36.977901458740234
2018-11-21 10:00:00,35.869354248046875
2018-11-21 11:00:00,34.72866439819336
2018-11-21 12:00:00,34.30628967285156
2018-11-21 13:00:00,34.483455657958984
2018-11-21 14:00:00,33.620723724365234
2018-11-21 15:00:00,36.686279296875
2018-11-21 16:00:00,36.73737335205078
2018-11-21 17:00:00,38.33306121826172
2018-11-21 18:00:00,39.52796173095703
2018-11-21 19:00:00,37.85256576538086
2018-11-21 20:00:00,34.82156753540039
2018-11-21 21:00:00,31.359081268310547
2018-11-21 22:00:00,28.738306045532227
2018-11-21 23:00:00,27.592878341674805
2018-11-22 00:00:00,26.348953247070312
2018-11-22 01:00:00,25.609941482543945
2018-11-22 02:00:00,25.601444244384766
2018-11-22 03:00:00,25.323974609375
2018-11-22 04:00:00,26.119140625
2018-11-22 05:00:00,28.139619827270508
2018-11-22 06:00:00,31.73493003845215
2018-11-22 07:00:00,34.50955581665039
2018-11-22 08:00:00,33.29581832885742
2018-11-22 09:00:00,34.68874740600586
2018-11-22 10:00:00,35.226402282714844
2018-11-22 11:00:00,32.622764587402344
2018-11-22 12:00:00,32.61301040649414
2018-11-22 13:00:00,31.88235855102539
2018-11-22 14:00:00,31.85085678100586
2018-11-22 15:00:00,32.06946563720703
2018-11-22 16:00:00,33.1520881652832
2018-11-22 17:00:00,34.53174591064453
2018-11-22 18:00:00,36.067169189453125
2018-11-22 19:00:00,36.307151794433594
2018-11-22 20:00:00,33.85414505004883
2018-11-22 21:00:00,31.350263595581055
2018-11-22 22:00:00,29.439739227294922
2018-11-22 23:00:00,27.98285675048828
2018-11-23 00:00:00,26.40927505493164
2018-11-23 01:00:00,25.612462997436523
2018-11-23 02:00:00,25.238521575927734
2018-11-23 03:00:00,24.599323272705078
2018-11-23 04:00:00,25.53697395324707
2018-11-23 05:00:00,27.273372650146484
2018-11-23 06:00:00,28.945463180541992
2018-11-23 07:00:00,31.102418899536133
2018-11-23 08:00:00,33.25822830200195
2018-11-23 09:00:00,34.28359603881836
2018-11-23 10:00:00,34.53004455566406
2018-11-23 11:00:00,34.96150588989258
2018-11-23 12:00:00,34.52235412597656
2018-11-23 13:00:00,33.7572135925293
2018-11-23 14:00:00,32.81614303588867
2018-11-23 15:00:00,34.29365921020508
2018-11-23 16:00:00,34.39906311035156
2018-11-23 17:00:00,37.12868881225586
2018-11-23 18:00:00,37.99388122558594
2018-11-23 19:00:00,37.933372497558594
2018-11-23 20:00:00,36.04100799560547
2018-11-23 21:00:00,34.25576400756836
2018-11-23 22:00:00,31.705535888671875
2018-11-23 23:00:00,28.16905975341797
2018-11-24 00:00:00,27.033649444580078
2018-11-24 01:00:00,25.664875030517578
2018-11-24 02:00:00,25.36420440673828
2018-11-24 03:00:00,25.86085319519043
2018-11-24 04:00:00,26.481489181518555
2018-11-24 05:00:00,27.78424644470215
2018-11-24 06:00:00,30.047870635986328
2018-11-24 07:00:00,33.022438049316406
2018-11-24 08:00:00,33.938201904296875
2018-11-24 09:00:00,35.318172454833984
2018-11-24 10:00:00,35.04015350341797
2018-11-24 11:00:00,36.26402282714844
2018-11-24 12:00:00,35.2075080871582
2018-11-24 13:00:00,33.61891555786133
2018-11-24 14:00:00,33.41180419921875
2018-11-24 15:00:00,34.508201599121094
2018-11-24 16:00:00,35.657501220703125
2018-11-24 17:00:00,35.85090637207031
2018-11-24 18:00:00,35.723487854003906
2018-11-24 19:00:00,37.15135955810547
2018-11-24 20:00:00,33.13735580444336
2018-11-24 21:00:00,32.43875503540039
2018-11-24 22:00:00,29.46466827392578
2018-11-24 23:00:00,28.14947509765625
2018-11-25 00:00:00,20.770492553710938
2018-11-25 01:00:00,20.1685791015625
2018-11-25 02:00:00,19.986412048339844
2018-11-25 03:00:00,19.76788330078125
2018-11-25 04:00:00,18.89444351196289
2018-11-25 05:00:00,21.613067626953125
2018-11-25 06:00:00,20.979442596435547
2018-11-25 07:00:00,26.729839324951172
2018-11-25 08:00:00,27.9620304107666
2018-11-25 09:00:00,31.792896270751953
2018-11-25 10:00:00,33.65325164794922
2018-11-25 11:00:00,32.92741012573242
2018-11-25 12:00:00,32.57023239135742
2018-11-25 13:00:00,32.897071838378906
2018-11-25 14:00:00,32.491241455078125
2018-11-25 15:00:00,34.976524353027344
2018-11-25 16:00:00,33.5513801574707
2018-11-25 17:00:00,35.094215393066406
2018-11-25 18:00:00,36.30316925048828
2018-11-25 19:00:00,36.90828323364258
2018-11-25 20:00:00,36.272926330566406
2018-11-25 21:00:00,32.162960052490234
2018-11-25 22:00:00,26.160720825195312
2018-11-25 23:00:00,24.564311981201172
2018-11-26 00:00:00,21.477550506591797
2018-11-26 01:00:00,21.1524658203125
2018-11-26 02:00:00,20.54629135131836
2018-11-26 03:00:00,20.45474624633789
2018-11-26 04:00:00,21.260498046875
2018-11-26 05:00:00,23.62360191345215
2018-11-26 06:00:00,28.579933166503906
2018-11-26 07:00:00,34.44272232055664
2018-11-26 08:00:00,33.014198303222656
2018-11-26 09:00:00,34.6990966796875
2018-11-26 10:00:00,37.36247634887695
2018-11-26 11:00:00,34.662750244140625
2018-11-26 12:00:00,35.5516242980957
2018-11-26 13:00:00,33.07756042480469
2018-11-26 14:00:00,33.28040313720703
2018-11-26 15:00:00,35.29064178466797
2018-11-26 16:00:00,35.07330322265625
2018-11-26 17:00:00,36.75740432739258
2018-11-26 18:00:00,38.456302642822266
2018-11-26 19:00:00,37.802520751953125
2018-11-26 20:00:00,33.34044647216797
2018-11-26 21:00:00,30.41853141784668
2018-11-26 22:00:00,27.30780601501465
2018-11-26 23:00:00,23.571533203125
2018-11-27 00:00:00,22.002811431884766
2018-11-27 01:00:00,20.041614532470703
2018-11-27 02:00:00,19.946311950683594
2018-11-27 03:00:00,18.660625457763672
2018-11-27 04:00:00,20.055591583251953
2018-11-27 05:00:00,21.692974090576172
2018-11-27 06:00:00,24.088319778442383
2018-11-27 07:00:00,26.21440887451172
2018-11-27 08:00:00,28.379648208618164
2018-11-27 09:00:00,29.783029556274414
2018-11-27 10:00:00,31.18203353881836
2018-11-27 11:00:00,29.91485023498535
2018-11-27 12:00:00,30.304473876953125
2018-11-27 13:00:00,29.09296226501465
2018-11-27 14:00:00,28.738773345947266
2018-11-27 15:00:00,29.857065200805664
2018-11-27 16:00:00,29.420167922973633
2018-11-27 17:00:00,30.880525588989258
2018-11-27 18:00:00,32.29027557373047
2018-11-27 19:00:00,30.841514587402344
2018-11-27 20:00:00,29.24397850036621
2018-11-27 21:00:00,27.178218841552734
2018-11-27 22:00:00,25.118732452392578
2018-11-27 23:00:00,22.358543395996094
2018-11-28 00:00:00,20.37271499633789
2018-11-28 01:00:00,19.608009338378906
2018-11-28 02:00:00,20.423913955688477
2018-11-28 03:00:00,20.912334442138672
2018-11-28 04:00:00,21.17411231994629
2018-11-28 05:00:00,24.481203079223633
2018-11-28 06:00:00,27.82320785522461
2018-11-28 07:00:00,28.96623992919922
2018-11-28 08:00:00,30.641326904296875
2018-11-28 09:00:00,33.10830307006836
2018-11-28 10:00:00,31.52105712890625
2018-11-28 11:00:00,29.95726203918457
2018-11-28 12:00:00,34.58095169067383
2018-11-28 13:00:00,30.420055389404297
2018-11-28 14:00:00,30.668909072875977
2018-11-28 15:00:00,30.52503776550293
2018-11-28 16:00:00,31.407760620117188
2018-11-28 17:00:00,32.037010192871094
2018-11-28 18:00:00,32.06857681274414
2018-11-28 19:00:00,32.09092330932617
2018-11-28 20:00:00,29.081287384033203
2018-11-28 21:00:00,27.26618766784668
2018-11-28 22:00:00,24.6529541015625
2018-11-28 23:00:00,24.954309463500977
2018-11-29 00:00:00,28.71515464782715
2018-11-29 01:00:00,28.09213638305664
2018-11-29 02:00:00,27.28788948059082
2018-11-29 03:00:00,27.662452697753906
2018-11-29 04:00:00,29.66899871826172
2018-11-29 05:00:00,34.79854965209961
2018-11-29 06:00:00,42.58110427856445
2018-11-29 07:00:00,46.64723205566406
2018-11-29 08:00:00,44.24758529663086
2018-11-29 09:00:00,41.088478088378906
2018-11-29 10:00:00,38.23191452026367
2018-11-29 11:00:00,37.58548355102539
2018-11-29 12:00:00,34.12611389160156
2018-11-29 13:00:00,30.705625534057617
2018-11-29 14:00:00,31.944782257080078
2018-11-29 15:00:00,32.040531158447266
2018-11-29 16:00:00,36.24644470214844
2018-11-29 17:00:00,46.2945556640625
2018-11-29 18:00:00,44.42353057861328
2018-11-29 19:00:00,39.99356460571289
2018-11-29 20:00:00,39.07930374145508
2018-11-29 21:00:00,36.2509651184082
2018-11-29 22:00:00,27.23080062866211
2018-11-29 23:00:00,25.98978614807129
2018-11-30 00:00:00,27.772136688232422
2018-11-30 01:00:00,26.89263916015625
2018-11-30 02:00:00,24.369915008544922
2018-11-30 03:00:00,25.84832763671875
2018-11-30 04:00:00,26.392316818237305
2018-11-30 05:00:00,28.483692169189453
2018-11-30 06:00:00,33.35886001586914
2018-11-30 07:00:00,36.58164978027344
2018-11-30 08:00:00,35.79841613769531
2018-11-30 09:00:00,35.68194580078125
2018-11-30 10:00:00,38.54035186767578
2018-11-30 11:00:00,35.188087463378906
2018-11-30 12:00:00,34.0783805847168
2018-11-30 13:00:00,33.48871994018555
2018-11-30 14:00:00,30.931249618530273
2018-11-30 15:00:00,32.150611877441406
2018-11-30 16:00:00,34.8117790222168
2018-11-30 17:00:00,41.35871887207031
2018-11-30 18:00:00,43.97106170654297
2018-11-30 19:00:00,41.741050720214844
2018-11-30 20:00:00,36.50809097290039
2018-11-30 21:00:00,33.26841735839844
2018-11-30 22:00:00,28.271976470947266
2018-11-30 23:00:00,23.87683868408203
2018-12-01 00:00:00,25.597827911376953
2018-12-01 01:00:00,23.925527572631836
2018-12-01 02:00:00,23.997520446777344
2018-12-01 03:00:00,23.19256019592285
2018-12-01 04:00:00,27.32341766357422
2018-12-01 05:00:00,31.59429168701172
2018-12-01 06:00:00,34.659000396728516
2018-12-01 07:00:00,38.37616729736328
2018-12-01 08:00:00,36.352783203125
2018-12-01 09:00:00,34.38082504272461
2018-12-01 10:00:00,35.376556396484375
2018-12-01 11:00:00,34.09172439575195
2018-12-01 12:00:00,32.79508972167969
2018-12-01 13:00:00,34.10963821411133
2018-12-01 14:00:00,30.54439926147461
2018-12-01 15:00:00,31.864225387573242
2018-12-01 16:00:00,38.16454315185547
2018-12-01 17:00:00,47.1412353515625
2018-12-01 18:00:00,48.04259490966797
2018-12-01 19:00:00,45.1060676574707
2018-12-01 20:00:00,40.5672721862793
2018-12-01 21:00:00,38.743064880371094
2018-12-01 22:00:00,31.249845504760742
2018-12-01 23:00:00,28.31724739074707
2018-12-02 00:00:00,25.77880096435547
2018-12-02 01:00:00,26.143619537353516
2018-12-02 02:00:00,25.26007843017578
2018-12-02 03:00:00,25.07830810546875
2018-12-02 04:00:00,28.6181697845459
2018-12-02 05:00:00,33.837886810302734
2018-12-02 06:00:00,38.66423034667969
2018-12-02 07:00:00,45.92742919921875
2018-12-02 08:00:00,40.11549377441406
2018-12-02 09:00:00,41.626949310302734
2018-12-02 10:00:00,40.5778694152832
2018-12-02 11:00:00,38.048030853271484
2018-12-02 12:00:00,35.97502517700195
2018-12-02 13:00:00,34.39006423950195
2018-12-02 14:00:00,35.36294174194336
2018-12-02 15:00:00,38.92115020751953
2018-12-02 16:00:00,47.07035827636719
2018-12-02 17:00:00,60.50857162475586
2018-12-02 18:00:00,61.19378662109375
2018-12-02 19:00:00,59.10572052001953
2018-12-02 20:00:00,55.626075744628906
2018-12-02 21:00:00,50.105873107910156
2018-12-02 22:00:00,43.89276885986328
2018-12-02 23:00:00,36.952117919921875
2018-12-03 00:00:00,24.535551071166992
2018-12-03 01:00:00,23.93541717529297
2018-12-03 02:00:00,23.78424072265625
2018-12-03 03:00:00,23.565773010253906
2018-12-03 04:00:00,24.863187789916992
2018-12-03 05:00:00,26.833223342895508
2018-12-03 06:00:00,27.056833267211914
2018-12-03 07:00:00,29.364816665649414
2018-12-03 08:00:00,30.112903594970703
2018-12-03 09:00:00,31.33399200439453
2018-12-03 10:00:00,30.9500675201416
2018-12-03 11:00:00,29.923526763916016
2018-12-03 12:00:00,29.80910301208496
2018-12-03 13:00:00,30.027368545532227
2018-12-03 14:00:00,29.567476272583008
2018-12-03 15:00:00,31.2596492767334
2018-12-03 16:00:00,32.106197357177734
2018-12-03 17:00:00,33.24074935913086
2018-12-03 18:00:00,34.17930603027344
2018-12-03 19:00:00,33.51895523071289
2018-12-03 20:00:00,34.485862731933594
2018-12-03 21:00:00,30.437395095825195
2018-12-03 22:00:00,27.587398529052734
2018-12-03 23:00:00,26.760473251342773
2018-12-04 00:00:00,24.64177894592285
2018-12-04 01:00:00,24.754623413085938
2018-12-04 02:00:00,24.954341888427734
2018-12-04 03:00:00,25.05274772644043
2018-12-04 04:00:00,25.940866470336914
2018-12-04 05:00:00,29.376445770263672
2018-12-04 06:00:00,33.81633758544922
2018-12-04 07:00:00,36.096435546875
2018-12-04 08:00:00,36.19558334350586
2018-12-04 09:00:00,34.676883697509766
2018-12-04 10:00:00,34.14049530029297
2018-12-04 11:00:00,31.830310821533203
2018-12-04 12:00:00,31.924346923828125
2018-12-04 13:00:00,29.875255584716797
2018-12-04 14:00:00,30.30242347717285
2018-12-04 15:00:00,32.37321090698242
2018-12-04 16:00:00,33.99738311767578
2018-12-04 17:00:00,36.243980407714844
2018-12-04 18:00:00,38.80567169189453
2018-12-04 19:00:00,39.09577560424805
2018-12-04 20:00:00,34.490882873535156
2018-12-04 21:00:00,31.642194747924805
2018-12-04 22:00:00,28.600255966186523
2018-12-04 23:00:00,26.5246639251709
2018-12-05 00:00:00,25.222322463989258
2018-12-05 01:00:00,24.356504440307617
2018-12-05 02:00:00,23.80759048461914
2018-12-05 03:00:00,22.805028915405273
2018-12-05 04:00:00,24.598297119140625
2018-12-05 05:00:00,27.611291885375977
2018-12-05 06:00:00,29.696548461914062
2018-12-05 07:00:00,31.34404754638672
2018-12-05 08:00:00,33.4653205871582
2018-12-05 09:00:00,31.848831176757812
2018-12-05 10:00:00,31.505815505981445
2018-12-05 11:00:00,28.87723731994629
2018-12-05 12:00:00,31.86048698425293
2018-12-05 13:00:00,29.537736892700195
2018-12-05 14:00:00,29.76064109802246
2018-12-05 15:00:00,30.888343811035156
2018-12-05 16:00:00,32.96384811401367
2018-12-05 17:00:00,34.52469253540039
2018-12-05 18:00:00,36.13925552368164
2018-12-05 19:00:00,34.03171920776367
2018-12-05 20:00:00,32.29635238647461
2018-12-05 21:00:00,30.526779174804688
2018-12-05 22:00:00,27.525157928466797
2018-12-05 23:00:00,25.52459716796875
2018-12-06 00:00:00,24.699844360351562
2018-12-06 01:00:00,24.376440048217773
2018-12-06 02:00:00,23.97174072265625
2018-12-06 03:00:00,25.259511947631836
2018-12-06 04:00:00,25.174983978271484
2018-12-06 05:00:00,28.180217742919922
2018-12-06 06:00:00,30.665855407714844
2018-12-06 07:00:00,30.45332145690918
2018-12-06 08:00:00,32.08704376220703
2018-12-06 09:00:00,31.237957000732422
2018-12-06 10:00:00,30.321683883666992
2018-12-06 11:00:00,29.073822021484375
2018-12-06 12:00:00,30.82280731201172
2018-12-06 13:00:00,29.97833824157715
2018-12-06 14:00:00,29.586915969848633
2018-12-06 15:00:00,29.712268829345703
2018-12-06 16:00:00,31.19462013244629
2018-12-06 17:00:00,33.2826042175293
2018-12-06 18:00:00,33.08988952636719
2018-12-06 19:00:00,34.127037048339844
2018-12-06 20:00:00,30.552371978759766
2018-12-06 21:00:00,28.8971004486084
2018-12-06 22:00:00,26.78653335571289
2018-12-06 23:00:00,26.14436149597168
2018-12-07 00:00:00,26.011001586914062
2018-12-07 01:00:00,25.76900291442871
2018-12-07 02:00:00,23.071449279785156
2018-12-07 03:00:00,24.440658569335938
2018-12-07 04:00:00,25.567779541015625
2018-12-07 05:00:00,27.104612350463867
2018-12-07 06:00:00,29.86868667602539
2018-12-07 07:00:00,33.165199279785156
2018-12-07 08:00:00,33.75490188598633
2018-12-07 09:00:00,35.74154281616211
2018-12-07 10:00:00,35.871334075927734
2018-12-07 11:00:00,31.48577117919922
2018-12-07 12:00:00,32.449119567871094
2018-12-07 13:00:00,32.107017517089844
2018-12-07 14:00:00,33.49565887451172
2018-12-07 15:00:00,33.080955505371094
2018-12-07 16:00:00,35.404075622558594
2018-12-07 17:00:00,35.4299201965332
2018-12-07 18:00:00,36.76237106323242
2018-12-07 19:00:00,37.114830017089844
2018-12-07 20:00:00,35.745880126953125
2018-12-07 21:00:00,33.50009536743164
2018-12-07 22:00:00,29.213890075683594
2018-12-07 23:00:00,27.012874603271484
2018-12-08 00:00:00,24.37939453125
2018-12-08 01:00:00,23.186874389648438
2018-12-08 02:00:00,21.17650032043457
2018-12-08 03:00:00,21.251325607299805
2018-12-08 04:00:00,23.839580535888672
2018-12-08 05:00:00,26.374656677246094
2018-12-08 06:00:00,28.510562896728516
2018-12-08 07:00:00,29.98880958557129
2018-12-08 08:00:00,30.694856643676758
2018-12-08 09:00:00,31.819120407104492
2018-12-08 10:00:00,31.835067749023438
2018-12-08 11:00:00,31.980934143066406
2018-12-08 12:00:00,31.348495483398438
2018-12-08 13:00:00,31.342254638671875
2018-12-08 14:00:00,31.56336212158203
2018-12-08 15:00:00,30.92648696899414
2018-12-08 16:00:00,31.798009872436523
2018-12-08 17:00:00,33.38950729370117
2018-12-08 18:00:00,34.047630310058594
2018-12-08 19:00:00,36.13319396972656
2018-12-08 20:00:00,33.79742431640625
2018-12-08 21:00:00,31.082979202270508
2018-12-08 22:00:00,30.48019790649414
2018-12-08 23:00:00,28.071020126342773
2018-12-09 00:00:00,25.677082061767578
2018-12-09 01:00:00,23.766456604003906
2018-12-09 02:00:00,22.837909698486328
2018-12-09 03:00:00,24.10378646850586
2018-12-09 04:00:00,25.315715789794922
2018-12-09 05:00:00,27.821609497070312
2018-12-09 06:00:00,30.271875381469727
2018-12-09 07:00:00,33.93673324584961
2018-12-09 08:00:00,32.53329086303711
2018-12-09 09:00:00,35.493080139160156
2018-12-09 10:00:00,33.40658187866211
2018-12-09 11:00:00,35.471134185791016
2018-12-09 12:00:00,34.406959533691406
2018-12-09 13:00:00,33.037330627441406
2018-12-09 14:00:00,34.057064056396484
2018-12-09 15:00:00,33.66096115112305
2018-12-09 16:00:00,37.409000396728516
2018-12-09 17:00:00,36.46601104736328
2018-12-09 18:00:00,40.26581954956055
2018-12-09 19:00:00,39.21676254272461
2018-12-09 20:00:00,37.942962646484375
2018-12-09 21:00:00,37.529579162597656
2018-12-09 22:00:00,32.97325897216797
2018-12-09 23:00:00,30.42162322998047
2018-12-10 00:00:00,28.441043853759766
2018-12-10 01:00:00,25.3173828125
2018-12-10 02:00:00,24.89373016357422
2018-12-10 03:00:00,25.81561279296875
2018-12-10 04:00:00,27.18008804321289
2018-12-10 05:00:00,29.13439178466797
2018-12-10 06:00:00,31.98910903930664
2018-12-10 07:00:00,35.54400634765625
2018-12-10 08:00:00,36.73830795288086
2018-12-10 09:00:00,36.72663879394531
2018-12-10 10:00:00,37.750728607177734
2018-12-10 11:00:00,36.142913818359375
2018-12-10 12:00:00,36.599002838134766
2018-12-10 13:00:00,34.93339920043945
2018-12-10 14:00:00,33.78727722167969
2018-12-10 15:00:00,36.736209869384766
2018-12-10 16:00:00,36.940921783447266
2018-12-10 17:00:00,37.14142608642578
2018-12-10 18:00:00,39.7692985534668
2018-12-10 19:00:00,39.31336975097656
2018-12-10 20:00:00,38.045127868652344
2018-12-10 21:00:00,36.49134826660156
2018-12-10 22:00:00,34.04201889038086
2018-12-10 23:00:00,29.65458106994629
2018-12-11 00:00:00,31.52185821533203
2018-12-11 01:00:00,30.74647331237793
2018-12-11 02:00:00,30.69652557373047
2018-12-11 03:00:00,31.204544067382812
2018-12-11 04:00:00,32.18090057373047
2018-12-11 05:00:00,31.517019271850586
2018-12-11 06:00:00,33.235198974609375
2018-12-11 07:00:00,34.213409423828125
2018-12-11 08:00:00,35.775089263916016
2018-12-11 09:00:00,35.10933303833008
2018-12-11 10:00:00,35.20286178588867
2018-12-11 11:00:00,34.11384963989258
2018-12-11 12:00:00,34.415931701660156
2018-12-11 13:00:00,36.05778121948242
2018-12-11 14:00:00,34.3094596862793
2018-12-11 15:00:00,33.778072357177734
2018-12-11 16:00:00,33.113006591796875
2018-12-11 17:00:00,33.3160514831543
2018-12-11 18:00:00,35.94950485229492
2018-12-11 19:00:00,36.20196533203125
2018-12-11 20:00:00,37.20552062988281
2018-12-11 21:00:00,35.09911346435547
2018-12-11 22:00:00,34.3372802734375
2018-12-11 23:00:00,33.95154571533203
2018-12-12 00:00:00,32.030818939208984
2018-12-12 01:00:00,33.00202178955078
2018-12-12 02:00:00,31.81462287902832
2018-12-12 03:00:00,29.935453414916992
2018-12-12 04:00:00,30.601028442382812
2018-12-12 05:00:00,30.50092315673828
2018-12-12 06:00:00,33.91671371459961
2018-12-12 07:00:00,34.67892074584961
2018-12-12 08:00:00,36.36072540283203
2018-12-12 09:00:00,33.80685806274414
2018-12-12 10:00:00,34.63623809814453
2018-12-12 11:00:00,34.923545837402344
2018-12-12 12:00:00,32.94448471069336
2018-12-12 13:00:00,32.75699234008789
2018-12-12 14:00:00,32.96148681640625
2018-12-12 15:00:00,31.755273818969727
2018-12-12 16:00:00,33.446815490722656
2018-12-12 17:00:00,34.335792541503906
2018-12-12 18:00:00,33.12504577636719
2018-12-12 19:00:00,35.75788497924805
2018-12-12 20:00:00,35.515480041503906
2018-12-12 21:00:00,34.688804626464844
2018-12-12 22:00:00,33.97566223144531
2018-12-12 23:00:00,34.42523956298828
2018-12-13 00:00:00,32.60520553588867
2018-12-13 01:00:00,31.528125762939453
2018-12-13 02:00:00,31.38344955444336
2018-12-13 03:00:00,30.169841766357422
2018-12-13 04:00:00,31.438846588134766
2018-12-13 05:00:00,31.167694091796875
2018-12-13 06:00:00,31.236494064331055
2018-12-13 07:00:00,31.391366958618164
2018-12-13 08:00:00,32.845523834228516
2018-12-13 09:00:00,33.27246856689453
2018-12-13 10:00:00,31.83890724182129
2018-12-13 11:00:00,31.419696807861328
2018-12-13 12:00:00,32.92121887207031
2018-12-13 13:00:00,32.94309616088867
2018-12-13 14:00:00,33.609554290771484
2018-12-13 15:00:00,33.28927230834961
2018-12-13 16:00:00,33.28581237792969
2018-12-13 17:00:00,34.543704986572266
2018-12-13 18:00:00,35.04801940917969
2018-12-13 19:00:00,35.03365707397461
2018-12-13 20:00:00,34.438236236572266
2018-12-13 21:00:00,35.056190490722656
2018-12-13 22:00:00,35.2099723815918
2018-12-13 23:00:00,33.908241271972656
2018-12-14 00:00:00,32.29026794433594
2018-12-14 01:00:00,32.37834548950195
2018-12-14 02:00:00,31.481868743896484
2018-12-14 03:00:00,30.929641723632812
2018-12-14 04:00:00,30.608034133911133
2018-12-14 05:00:00,30.850818634033203
2018-12-14 06:00:00,31.40637969970703
2018-12-14 07:00:00,33.45456314086914
2018-12-14 08:00:00,35.7911491394043
2018-12-14 09:00:00,36.783267974853516
2018-12-14 10:00:00,37.96149826049805
2018-12-14 11:00:00,37.8897705078125
2018-12-14 12:00:00,36.665550231933594
2018-12-14 13:00:00,34.20230484008789
2018-12-14 14:00:00,32.402862548828125
2018-12-14 15:00:00,32.763587951660156
2018-12-14 16:00:00,32.888526916503906
2018-12-14 17:00:00,33.20567321777344
2018-12-14 18:00:00,33.73807144165039
2018-12-14 19:00:00,34.78559494018555
2018-12-14 20:00:00,34.07645034790039
2018-12-14 21:00:00,37.380401611328125
2018-12-14 22:00:00,33.5612907409668
2018-12-14 23:00:00,34.73728561401367
2018-12-15 00:00:00,26.22372817993164
2018-12-15 01:00:00,25.07328987121582
2018-12-15 02:00:00,24.122631072998047
2018-12-15 03:00:00,24.69229507446289
2018-12-15 04:00:00,25.143402099609375
2018-12-15 05:00:00,27.67580795288086
2018-12-15 06:00:00,28.578575134277344
2018-12-15 07:00:00,29.979921340942383
2018-12-15 08:00:00,30.996824264526367
2018-12-15 09:00:00,31.61594581604004
2018-12-15 10:00:00,31.506704330444336
2018-12-15 11:00:00,29.604124069213867
2018-12-15 12:00:00,29.049514770507812
2018-12-15 13:00:00,29.138269424438477
2018-12-15 14:00:00,29.225269317626953
2018-12-15 15:00:00,29.22924041748047
2018-12-15 16:00:00,30.396507263183594
2018-12-15 17:00:00,30.57294464111328
2018-12-15 18:00:00,31.699527740478516
2018-12-15 19:00:00,32.118690490722656
2018-12-15 20:00:00,31.605972290039062
2018-12-15 21:00:00,30.00829315185547
2018-12-15 22:00:00,28.4951171875
2018-12-15 23:00:00,26.160308837890625
2018-12-16 00:00:00,25.09610939025879
2018-12-16 01:00:00,24.28736114501953
2018-12-16 02:00:00,23.650529861450195
2018-12-16 03:00:00,24.323925018310547
2018-12-16 04:00:00,25.897239685058594
2018-12-16 05:00:00,27.01695442199707
2018-12-16 06:00:00,28.12129783630371
2018-12-16 07:00:00,29.48309326171875
2018-12-16 08:00:00,30.1495304107666
2018-12-16 09:00:00,30.260540008544922
2018-12-16 10:00:00,30.068815231323242
2018-12-16 11:00:00,29.776233673095703
2018-12-16 12:00:00,28.844661712646484
2018-12-16 13:00:00,28.212833404541016
2018-12-16 14:00:00,28.05742073059082
2018-12-16 15:00:00,28.277679443359375
2018-12-16 16:00:00,29.14609718322754
2018-12-16 17:00:00,29.959814071655273
2018-12-16 18:00:00,30.594676971435547
2018-12-16 19:00:00,30.964340209960938
2018-12-16 20:00:00,29.99245834350586
2018-12-16 21:00:00,30.03166389465332
2018-12-16 22:00:00,28.747257232666016
2018-12-16 23:00:00,26.71836280822754
2018-12-17 00:00:00,25.520870208740234
2018-12-17 01:00:00,24.586576461791992
2018-12-17 02:00:00,23.239879608154297
2018-12-17 03:00:00,24.644256591796875
2018-12-17 04:00:00,25.800819396972656
2018-12-17 05:00:00,27.600069046020508
2018-12-17 06:00:00,28.758066177368164
2018-12-17 07:00:00,31.1468563079834
2018-12-17 08:00:00,30.93674659729004
2018-12-17 09:00:00,31.38841438293457
2018-12-17 10:00:00,30.5364933013916
2018-12-17 11:00:00,31.837669372558594
2018-12-17 12:00:00,30.23853302001953
2018-12-17 13:00:00,29.46924591064453
2018-12-17 14:00:00,29.127727508544922
2018-12-17 15:00:00,30.25042724609375
2018-12-17 16:00:00,31.451141357421875
2018-12-17 17:00:00,32.0969123840332
2018-12-17 18:00:00,33.19925308227539
2018-12-17 19:00:00,33.3842887878418
2018-12-17 20:00:00,32.96921157836914
2018-12-17 21:00:00,32.230255126953125
2018-12-17 22:00:00,30.768062591552734
2018-12-17 23:00:00,29.2128849029541
2018-12-18 00:00:00,27.940860748291016
2018-12-18 01:00:00,26.46917724609375
2018-12-18 02:00:00,25.907453536987305
2018-12-18 03:00:00,26.96491241455078
2018-12-18 04:00:00,28.27754020690918
2018-12-18 05:00:00,29.801233291625977
2018-12-18 06:00:00,31.20978546142578
2018-12-18 07:00:00,33.36457443237305
2018-12-18 08:00:00,33.71021270751953
2018-12-18 09:00:00,33.26726531982422
2018-12-18 10:00:00,33.443016052246094
2018-12-18 11:00:00,33.20872497558594
2018-12-18 12:00:00,32.070220947265625
2018-12-18 13:00:00,31.317873001098633
2018-12-18 14:00:00,31.18201446533203
2018-12-18 15:00:00,32.30820846557617
2018-12-18 16:00:00,32.538143157958984
2018-12-18 17:00:00,33.552467346191406
2018-12-18 18:00:00,34.400516510009766
2018-12-18 19:00:00,34.197174072265625
2018-12-18 20:00:00,33.594879150390625
2018-12-18 21:00:00,32.507572174072266
2018-12-18 22:00:00,31.184757232666016
2018-12-18 23:00:00,29.69436264038086
2018-12-19 00:00:00,26.967390060424805
2018-12-19 01:00:00,26.217884063720703
2018-12-19 02:00:00,25.575271606445312
2018-12-19 03:00:00,26.376680374145508
2018-12-19 04:00:00,26.585447311401367
2018-12-19 05:00:00,28.143136978149414
2018-12-19 06:00:00,29.921335220336914
2018-12-19 07:00:00,31.18807029724121
2018-12-19 08:00:00,32.80656051635742
2018-12-19 09:00:00,32.76602554321289
2018-12-19 10:00:00,31.50543212890625
2018-12-19 11:00:00,30.045549392700195
2018-12-19 12:00:00,29.903268814086914
2018-12-19 13:00:00,29.815343856811523
2018-12-19 14:00:00,29.142057418823242
2018-12-19 15:00:00,29.70467185974121
2018-12-19 16:00:00,30.56382179260254
2018-12-19 17:00:00,31.742399215698242
2018-12-19 18:00:00,32.68357849121094
2018-12-19 19:00:00,32.116050720214844
2018-12-19 20:00:00,31.551101684570312
2018-12-19 21:00:00,29.7017822265625
2018-12-19 22:00:00,28.689802169799805
2018-12-19 23:00:00,27.381986618041992
2018-12-20 00:00:00,26.44711685180664
2018-12-20 01:00:00,26.231739044189453
2018-12-20 02:00:00,25.65979766845703
2018-12-20 03:00:00,25.317232131958008
2018-12-20 04:00:00,26.27463150024414
2018-12-20 05:00:00,27.21215057373047
2018-12-20 06:00:00,30.302223205566406
2018-12-20 07:00:00,31.288549423217773
2018-12-20 08:00:00,31.12912940979004
2018-12-20 09:00:00,31.035783767700195
2018-12-20 10:00:00,31.217798233032227
2018-12-20 11:00:00,29.57858657836914
2018-12-20 12:00:00,28.53897476196289
2018-12-20 13:00:00,28.519758224487305
2018-12-20 14:00:00,28.785497665405273
2018-12-20 15:00:00,28.70487403869629
2018-12-20 16:00:00,29.702177047729492
2018-12-20 17:00:00,31.361547470092773
2018-12-20 18:00:00,32.710453033447266
2018-12-20 19:00:00,33.61613845825195
2018-12-20 20:00:00,32.76557159423828
2018-12-20 21:00:00,31.728466033935547
2018-12-20 22:00:00,30.095945358276367
2018-12-20 23:00:00,28.53866195678711
2018-12-21 00:00:00,27.0620174407959
2018-12-21 01:00:00,26.494609832763672
2018-12-21 02:00:00,26.098331451416016
2018-12-21 03:00:00,25.463436126708984
2018-12-21 04:00:00,26.5146484375
2018-12-21 05:00:00,27.70199203491211
2018-12-21 06:00:00,28.722314834594727
2018-12-21 07:00:00,29.632686614990234
2018-12-21 08:00:00,31.62079429626465
2018-12-21 09:00:00,31.478038787841797
2018-12-21 10:00:00,31.493120193481445
2018-12-21 11:00:00,30.45371437072754
2018-12-21 12:00:00,30.23077964782715
2018-12-21 13:00:00,29.911697387695312
2018-12-21 14:00:00,29.245601654052734
2018-12-21 15:00:00,30.558855056762695
2018-12-21 16:00:00,31.88844871520996
2018-12-21 17:00:00,33.642024993896484
2018-12-21 18:00:00,35.390838623046875
2018-12-21 19:00:00,35.308101654052734
2018-12-21 20:00:00,34.79037857055664
2018-12-21 21:00:00,33.36404800415039
2018-12-21 22:00:00,31.594467163085938
2018-12-21 23:00:00,28.883333206176758
2018-12-22 00:00:00,28.522703170776367
2018-12-22 01:00:00,26.688995361328125
2018-12-22 02:00:00,26.25664520263672
2018-12-22 03:00:00,26.659103393554688
2018-12-22 04:00:00,27.165855407714844
2018-12-22 05:00:00,27.863937377929688
2018-12-22 06:00:00,30.692785263061523
2018-12-22 07:00:00,31.93661117553711
2018-12-22 08:00:00,32.35374450683594
2018-12-22 09:00:00,32.51712417602539
2018-12-22 10:00:00,31.933149337768555
2018-12-22 11:00:00,30.744977951049805
2018-12-22 12:00:00,31.005517959594727
2018-12-22 13:00:00,29.1278018951416
2018-12-22 14:00:00,28.332015991210938
2018-12-22 15:00:00,29.34718894958496
2018-12-22 16:00:00,30.7989559173584
2018-12-22 17:00:00,30.73640251159668
2018-12-22 18:00:00,31.615234375
2018-12-22 19:00:00,32.33807373046875
2018-12-22 20:00:00,30.42494773864746
2018-12-22 21:00:00,30.706409454345703
2018-12-22 22:00:00,29.017192840576172
2018-12-22 23:00:00,28.57929801940918
2018-12-23 00:00:00,22.169551849365234
2018-12-23 01:00:00,21.282651901245117
2018-12-23 02:00:00,21.337413787841797
2018-12-23 03:00:00,20.24250602722168
2018-12-23 04:00:00,21.546308517456055
2018-12-23 05:00:00,22.663902282714844
2018-12-23 06:00:00,24.45163917541504
2018-12-23 07:00:00,26.30179786682129
2018-12-23 08:00:00,27.200407028198242
2018-12-23 09:00:00,27.757644653320312
2018-12-23 10:00:00,27.947277069091797
2018-12-23 11:00:00,27.451400756835938
2018-12-23 12:00:00,27.916135787963867
2018-12-23 13:00:00,27.82176399230957
2018-12-23 14:00:00,27.272918701171875
2018-12-23 15:00:00,28.52936363220215
2018-12-23 16:00:00,29.376434326171875
2018-12-23 17:00:00,30.79771614074707
2018-12-23 18:00:00,31.79928207397461
2018-12-23 19:00:00,30.753660202026367
2018-12-23 20:00:00,29.59374237060547
2018-12-23 21:00:00,28.209001541137695
2018-12-23 22:00:00,25.608476638793945
2018-12-23 23:00:00,23.794313430786133
2018-12-24 00:00:00,21.858802795410156
2018-12-24 01:00:00,21.177583694458008
2018-12-24 02:00:00,21.189197540283203
2018-12-24 03:00:00,21.31716537475586
2018-12-24 04:00:00,21.785240173339844
2018-12-24 05:00:00,23.075794219970703
2018-12-24 06:00:00,24.908960342407227
2018-12-24 07:00:00,26.250192642211914
2018-12-24 08:00:00,27.348329544067383
2018-12-24 09:00:00,28.34463882446289
2018-12-24 10:00:00,28.358118057250977
2018-12-24 11:00:00,27.417245864868164
2018-12-24 12:00:00,29.505146026611328
2018-12-24 13:00:00,27.642929077148438
2018-12-24 14:00:00,27.87217903137207
2018-12-24 15:00:00,28.576894760131836
2018-12-24 16:00:00,28.655109405517578
2018-12-24 17:00:00,30.153947830200195
2018-12-24 18:00:00,30.119897842407227
2018-12-24 19:00:00,31.215635299682617
2018-12-24 20:00:00,27.42833709716797
2018-12-24 21:00:00,27.350543975830078
2018-12-24 22:00:00,25.02754783630371
2018-12-24 23:00:00,24.470619201660156
