time_stamp,predicted_ans
2018-05-07 20:00:00,27.46196746826172
2018-05-07 20:15:00,27.412338256835938
2018-05-07 20:30:00,27.369537353515625
2018-05-07 20:45:00,27.305753707885742
2018-05-07 21:00:00,27.36852264404297
2018-05-07 21:15:00,27.289268493652344
2018-05-07 21:30:00,27.33293914794922
2018-05-07 21:45:00,27.149377822875977
2018-05-07 22:00:00,27.304189682006836
2018-05-07 22:15:00,27.145381927490234
2018-05-07 22:30:00,27.176305770874023
2018-05-07 22:45:00,27.138172149658203
2018-05-07 23:00:00,27.146183013916016
2018-05-07 23:15:00,27.19265365600586
2018-05-07 23:30:00,27.010704040527344
2018-05-07 23:45:00,27.00787353515625
2018-05-08 00:00:00,27.025665283203125
2018-05-08 00:15:00,26.962034225463867
2018-05-08 00:30:00,26.883941650390625
2018-05-08 00:45:00,26.940038681030273
2018-05-08 01:00:00,26.810626983642578
2018-05-08 01:15:00,26.902311325073242
2018-05-08 01:30:00,26.793310165405273
2018-05-08 01:45:00,26.620962142944336
2018-05-08 02:00:00,26.56580924987793
2018-05-08 02:15:00,26.628122329711914
2018-05-08 02:30:00,26.474185943603516
2018-05-08 02:45:00,26.400192260742188
2018-05-08 03:00:00,26.417875289916992
2018-05-08 03:15:00,26.347148895263672
2018-05-08 03:30:00,26.293973922729492
2018-05-08 03:45:00,26.23052978515625
2018-05-08 04:00:00,26.12862205505371
2018-05-08 04:15:00,26.11768913269043
2018-05-08 04:30:00,25.936677932739258
2018-05-08 04:45:00,25.914152145385742
2018-05-08 05:00:00,25.855003356933594
2018-05-08 05:15:00,25.846942901611328
2018-05-08 05:30:00,25.965919494628906
2018-05-08 05:45:00,25.764806747436523
2018-05-08 06:00:00,25.7757625579834
2018-05-08 06:15:00,25.625295639038086
2018-05-08 06:30:00,25.74712562561035
2018-05-08 06:45:00,25.731430053710938
2018-05-08 07:00:00,25.803800582885742
2018-05-08 07:15:00,25.69953155517578
2018-05-08 07:30:00,25.64840316772461
2018-05-08 07:45:00,25.712696075439453
2018-05-08 08:00:00,25.65805435180664
2018-05-08 08:15:00,25.52200698852539
2018-05-08 08:30:00,25.679996490478516
2018-05-08 08:45:00,25.663068771362305
2018-05-08 09:00:00,25.6127986907959
2018-05-08 09:15:00,25.768848419189453
2018-05-08 09:30:00,25.64965057373047
2018-05-08 09:45:00,25.914011001586914
2018-05-08 10:00:00,25.908443450927734
2018-05-08 10:15:00,25.91927719116211
2018-05-08 10:30:00,26.067594528198242
2018-05-08 10:45:00,26.217613220214844
2018-05-08 11:00:00,26.440767288208008
2018-05-08 11:15:00,26.482751846313477
2018-05-08 11:30:00,26.64868927001953
2018-05-08 11:45:00,26.73579978942871
2018-05-08 12:00:00,26.93163299560547
2018-05-08 12:15:00,27.08075523376465
2018-05-08 12:30:00,27.260391235351562
2018-05-08 12:45:00,27.479524612426758
2018-05-08 13:00:00,27.541946411132812
2018-05-08 13:15:00,27.571096420288086
2018-05-08 13:30:00,27.73708152770996
2018-05-08 13:45:00,27.912639617919922
2018-05-08 14:00:00,27.966341018676758
2018-05-08 14:15:00,27.907428741455078
2018-05-08 14:30:00,28.135318756103516
2018-05-08 14:45:00,28.292278289794922
2018-05-08 15:00:00,28.414270401000977
2018-05-08 15:15:00,28.366004943847656
2018-05-08 15:30:00,28.369585037231445
2018-05-08 15:45:00,28.325782775878906
2018-05-08 16:00:00,28.35086441040039
2018-05-08 16:15:00,28.39149284362793
2018-05-08 16:30:00,28.482929229736328
2018-05-08 16:45:00,28.54867172241211
2018-05-08 17:00:00,28.59870147705078
2018-05-08 17:15:00,28.4078311920166
2018-05-08 17:30:00,28.46146011352539
2018-05-08 17:45:00,28.40256690979004
2018-05-08 18:00:00,28.10352325439453
2018-05-08 18:15:00,28.083534240722656
2018-05-08 18:30:00,28.217676162719727
2018-05-08 18:45:00,28.00389862060547
2018-05-08 19:00:00,27.9332332611084
2018-05-08 19:15:00,28.03042221069336
2018-05-08 19:30:00,27.902982711791992
2018-05-08 19:45:00,27.80752182006836
2018-05-08 20:00:00,33.24055099487305
2018-05-08 20:15:00,33.5451774597168
2018-05-08 20:30:00,33.00406265258789
2018-05-08 20:45:00,32.69282150268555
2018-05-08 21:00:00,32.777896881103516
2018-05-08 21:15:00,32.45629119873047
2018-05-08 21:30:00,32.36671829223633
2018-05-08 21:45:00,32.05044937133789
2018-05-08 22:00:00,31.33505630493164
2018-05-08 22:15:00,30.919553756713867
2018-05-08 22:30:00,31.49396514892578
2018-05-08 22:45:00,30.848766326904297
2018-05-08 23:00:00,30.6820068359375
2018-05-08 23:15:00,30.74694061279297
2018-05-08 23:30:00,30.313583374023438
2018-05-08 23:45:00,30.38784408569336
2018-05-09 00:00:00,30.93834686279297
2018-05-09 00:15:00,30.388086318969727
2018-05-09 00:30:00,30.495487213134766
2018-05-09 00:45:00,29.997211456298828
2018-05-09 01:00:00,30.101884841918945
2018-05-09 01:15:00,29.871801376342773
2018-05-09 01:30:00,29.9243221282959
2018-05-09 01:45:00,29.3699893951416
2018-05-09 02:00:00,30.353824615478516
2018-05-09 02:15:00,29.65839958190918
2018-05-09 02:30:00,29.765296936035156
2018-05-09 02:45:00,29.103378295898438
2018-05-09 03:00:00,29.675996780395508
2018-05-09 03:15:00,29.18767547607422
2018-05-09 03:30:00,28.97005271911621
2018-05-09 03:45:00,29.350313186645508
2018-05-09 04:00:00,29.227962493896484
2018-05-09 04:15:00,28.701335906982422
2018-05-09 04:30:00,28.834945678710938
2018-05-09 04:45:00,28.3895320892334
2018-05-09 05:00:00,28.430770874023438
2018-05-09 05:15:00,27.88555908203125
2018-05-09 05:30:00,29.000133514404297
2018-05-09 05:45:00,28.579273223876953
2018-05-09 06:00:00,28.796432495117188
2018-05-09 06:15:00,28.0233211517334
2018-05-09 06:30:00,28.202917098999023
2018-05-09 06:45:00,28.063907623291016
2018-05-09 07:00:00,27.79477882385254
2018-05-09 07:15:00,28.463947296142578
2018-05-09 07:30:00,28.405466079711914
2018-05-09 07:45:00,28.455913543701172
2018-05-09 08:00:00,28.82219123840332
2018-05-09 08:15:00,29.27731704711914
2018-05-09 08:30:00,29.86468505859375
2018-05-09 08:45:00,29.960586547851562
2018-05-09 09:00:00,30.249656677246094
2018-05-09 09:15:00,30.534456253051758
2018-05-09 09:30:00,30.744035720825195
2018-05-09 09:45:00,31.399799346923828
2018-05-09 10:00:00,32.19892883300781
2018-05-09 10:15:00,31.85308837890625
2018-05-09 10:30:00,32.920223236083984
2018-05-09 10:45:00,33.46360778808594
2018-05-09 11:00:00,34.1964111328125
2018-05-09 11:15:00,34.83390808105469
2018-05-09 11:30:00,34.9080810546875
2018-05-09 11:45:00,35.5976676940918
2018-05-09 12:00:00,35.551700592041016
2018-05-09 12:15:00,36.007667541503906
2018-05-09 12:30:00,36.963016510009766
2018-05-09 12:45:00,37.59187698364258
2018-05-09 13:00:00,37.67864227294922
2018-05-09 13:15:00,38.398109436035156
2018-05-09 13:30:00,38.474937438964844
2018-05-09 13:45:00,38.66371154785156
2018-05-09 14:00:00,38.85151290893555
2018-05-09 14:15:00,39.77982711791992
2018-05-09 14:30:00,38.20543670654297
2018-05-09 14:45:00,39.261192321777344
2018-05-09 15:00:00,38.22922134399414
2018-05-09 15:15:00,38.4370231628418
2018-05-09 15:30:00,39.260894775390625
2018-05-09 15:45:00,38.329383850097656
2018-05-09 16:00:00,38.28313064575195
2018-05-09 16:15:00,38.06251525878906
2018-05-09 16:30:00,37.228546142578125
2018-05-09 16:45:00,37.3314208984375
2018-05-09 17:00:00,37.203330993652344
2018-05-09 17:15:00,36.68893814086914
2018-05-09 17:30:00,36.223175048828125
2018-05-09 17:45:00,36.161949157714844
2018-05-09 18:00:00,35.298309326171875
2018-05-09 18:15:00,34.927345275878906
2018-05-09 18:30:00,35.00492858886719
2018-05-09 18:45:00,35.336666107177734
2018-05-09 19:00:00,33.8215446472168
2018-05-09 19:15:00,33.458953857421875
2018-05-09 19:30:00,32.39398193359375
2018-05-09 19:45:00,32.98749542236328
2018-05-09 20:00:00,32.83745193481445
2018-05-09 20:15:00,32.392215728759766
2018-05-09 20:30:00,32.15474319458008
2018-05-09 20:45:00,31.700115203857422
2018-05-09 21:00:00,31.45048713684082
2018-05-09 21:15:00,31.64078712463379
2018-05-09 21:30:00,30.859786987304688
2018-05-09 21:45:00,31.051259994506836
2018-05-09 22:00:00,30.75227165222168
2018-05-09 22:15:00,30.515995025634766
2018-05-09 22:30:00,30.16775894165039
2018-05-09 22:45:00,29.245655059814453
2018-05-09 23:00:00,29.66546058654785
2018-05-09 23:15:00,29.51289176940918
2018-05-09 23:30:00,29.11737823486328
2018-05-09 23:45:00,29.225893020629883
2018-05-10 00:00:00,29.161985397338867
2018-05-10 00:15:00,29.113039016723633
2018-05-10 00:30:00,28.64145278930664
2018-05-10 00:45:00,28.53571319580078
2018-05-10 01:00:00,28.620080947875977
2018-05-10 01:15:00,28.496061325073242
2018-05-10 01:30:00,28.012786865234375
2018-05-10 01:45:00,27.789400100708008
2018-05-10 02:00:00,28.10634422302246
2018-05-10 02:15:00,27.35907554626465
2018-05-10 02:30:00,27.396713256835938
2018-05-10 02:45:00,26.605051040649414
2018-05-10 03:00:00,26.88695526123047
2018-05-10 03:15:00,26.570693969726562
2018-05-10 03:30:00,26.133411407470703
2018-05-10 03:45:00,25.80422592163086
2018-05-10 04:00:00,25.955360412597656
2018-05-10 04:15:00,25.81863784790039
2018-05-10 04:30:00,25.719730377197266
2018-05-10 04:45:00,25.22989273071289
2018-05-10 05:00:00,24.97224235534668
2018-05-10 05:15:00,24.629005432128906
2018-05-10 05:30:00,25.507823944091797
2018-05-10 05:45:00,25.414955139160156
2018-05-10 06:00:00,25.326416015625
2018-05-10 06:15:00,25.56332015991211
2018-05-10 06:30:00,25.101253509521484
2018-05-10 06:45:00,25.22840690612793
2018-05-10 07:00:00,25.60430335998535
2018-05-10 07:15:00,26.450674057006836
2018-05-10 07:30:00,26.0731201171875
2018-05-10 07:45:00,26.70885467529297
2018-05-10 08:00:00,26.998300552368164
2018-05-10 08:15:00,27.837491989135742
2018-05-10 08:30:00,28.377307891845703
2018-05-10 08:45:00,28.467010498046875
2018-05-10 09:00:00,29.449115753173828
2018-05-10 09:15:00,29.77315902709961
2018-05-10 09:30:00,30.66059684753418
2018-05-10 09:45:00,30.972122192382812
2018-05-10 10:00:00,32.167789459228516
2018-05-10 10:15:00,32.3710823059082
2018-05-10 10:30:00,33.51734161376953
2018-05-10 10:45:00,34.44763946533203
2018-05-10 11:00:00,34.57094192504883
2018-05-10 11:15:00,35.8295783996582
2018-05-10 11:30:00,35.72667694091797
2018-05-10 11:45:00,36.82392883300781
2018-05-10 12:00:00,37.2464714050293
2018-05-10 12:15:00,37.935646057128906
2018-05-10 12:30:00,38.46445083618164
2018-05-10 12:45:00,38.954959869384766
2018-05-10 13:00:00,39.11288833618164
2018-05-10 13:15:00,39.343177795410156
2018-05-10 13:30:00,39.53929901123047
2018-05-10 13:45:00,39.98539733886719
2018-05-10 14:00:00,39.829559326171875
2018-05-10 14:15:00,40.400306701660156
2018-05-10 14:30:00,39.36129379272461
2018-05-10 14:45:00,40.075477600097656
2018-05-10 15:00:00,39.2794075012207
2018-05-10 15:15:00,39.95352554321289
2018-05-10 15:30:00,39.386016845703125
2018-05-10 15:45:00,39.31107711791992
2018-05-10 16:00:00,39.27595520019531
2018-05-10 16:15:00,38.35633850097656
2018-05-10 16:30:00,37.78411865234375
2018-05-10 16:45:00,37.66082000732422
2018-05-10 17:00:00,37.37614822387695
2018-05-10 17:15:00,36.76930236816406
2018-05-10 17:30:00,36.506256103515625
2018-05-10 17:45:00,35.76515579223633
2018-05-10 18:00:00,35.8475341796875
2018-05-10 18:15:00,35.2181282043457
2018-05-10 18:30:00,35.10893630981445
2018-05-10 18:45:00,34.54025650024414
2018-05-10 19:00:00,33.66687774658203
2018-05-10 19:15:00,33.45146560668945
2018-05-10 19:30:00,33.03515625
2018-05-10 19:45:00,33.08934783935547
2018-05-10 20:00:00,30.653329849243164
2018-05-10 20:15:00,30.72207260131836
2018-05-10 20:30:00,30.250871658325195
2018-05-10 20:45:00,29.660533905029297
2018-05-10 21:00:00,29.401615142822266
2018-05-10 21:15:00,29.66592025756836
2018-05-10 21:30:00,29.19929313659668
2018-05-10 21:45:00,28.985578536987305
2018-05-10 22:00:00,28.689777374267578
2018-05-10 22:15:00,28.37150764465332
2018-05-10 22:30:00,28.378894805908203
2018-05-10 22:45:00,27.754901885986328
2018-05-10 23:00:00,28.0100154876709
2018-05-10 23:15:00,27.772090911865234
2018-05-10 23:30:00,27.492145538330078
2018-05-10 23:45:00,27.50450325012207
2018-05-11 00:00:00,27.611080169677734
2018-05-11 00:15:00,27.274944305419922
2018-05-11 00:30:00,27.49785804748535
2018-05-11 00:45:00,27.207063674926758
2018-05-11 01:00:00,27.022504806518555
2018-05-11 01:15:00,26.85013771057129
2018-05-11 01:30:00,27.030574798583984
2018-05-11 01:45:00,26.628536224365234
2018-05-11 02:00:00,26.953399658203125
2018-05-11 02:15:00,26.57866668701172
2018-05-11 02:30:00,26.409564971923828
2018-05-11 02:45:00,25.97918701171875
2018-05-11 03:00:00,26.454986572265625
2018-05-11 03:15:00,26.192167282104492
2018-05-11 03:30:00,25.889820098876953
2018-05-11 03:45:00,25.673730850219727
2018-05-11 04:00:00,25.881393432617188
2018-05-11 04:15:00,25.822267532348633
2018-05-11 04:30:00,25.767192840576172
2018-05-11 04:45:00,25.2908878326416
2018-05-11 05:00:00,25.337139129638672
2018-05-11 05:15:00,25.058238983154297
2018-05-11 05:30:00,25.309528350830078
2018-05-11 05:45:00,25.541290283203125
2018-05-11 06:00:00,25.455657958984375
2018-05-11 06:15:00,25.418975830078125
2018-05-11 06:30:00,25.15851593017578
2018-05-11 06:45:00,24.8624267578125
2018-05-11 07:00:00,25.223814010620117
2018-05-11 07:15:00,25.575225830078125
2018-05-11 07:30:00,25.335317611694336
2018-05-11 07:45:00,25.62651252746582
2018-05-11 08:00:00,25.702198028564453
2018-05-11 08:15:00,26.263742446899414
2018-05-11 08:30:00,26.519872665405273
2018-05-11 08:45:00,26.343578338623047
2018-05-11 09:00:00,26.880863189697266
2018-05-11 09:15:00,27.020729064941406
2018-05-11 09:30:00,27.33960723876953
2018-05-11 09:45:00,27.61635971069336
2018-05-11 10:00:00,28.234846115112305
2018-05-11 10:15:00,28.49525260925293
2018-05-11 10:30:00,28.981861114501953
2018-05-11 10:45:00,29.806812286376953
2018-05-11 11:00:00,29.974172592163086
2018-05-11 11:15:00,30.578998565673828
2018-05-11 11:30:00,30.607351303100586
2018-05-11 11:45:00,31.46195411682129
2018-05-11 12:00:00,31.74005889892578
2018-05-11 12:15:00,32.290016174316406
2018-05-11 12:30:00,32.755882263183594
2018-05-11 12:45:00,33.129215240478516
2018-05-11 13:00:00,33.31083679199219
2018-05-11 13:15:00,33.80065155029297
2018-05-11 13:30:00,34.021846771240234
2018-05-11 13:45:00,34.36648178100586
2018-05-11 14:00:00,34.69376754760742
2018-05-11 14:15:00,35.228424072265625
2018-05-11 14:30:00,34.661155700683594
2018-05-11 14:45:00,35.28153610229492
2018-05-11 15:00:00,35.0401725769043
2018-05-11 15:15:00,35.371734619140625
2018-05-11 15:30:00,35.26561737060547
2018-05-11 15:45:00,35.429168701171875
2018-05-11 16:00:00,35.47056579589844
2018-05-11 16:15:00,34.84680938720703
2018-05-11 16:30:00,34.71785354614258
2018-05-11 16:45:00,34.75870895385742
2018-05-11 17:00:00,34.22672653198242
2018-05-11 17:15:00,34.08537673950195
2018-05-11 17:30:00,33.72923278808594
2018-05-11 17:45:00,33.62150573730469
2018-05-11 18:00:00,33.48422622680664
2018-05-11 18:15:00,32.83778381347656
2018-05-11 18:30:00,33.0576286315918
2018-05-11 18:45:00,32.71088790893555
2018-05-11 19:00:00,31.993059158325195
2018-05-11 19:15:00,31.68195915222168
2018-05-11 19:30:00,31.09794807434082
2018-05-11 19:45:00,31.226144790649414
2018-05-11 20:00:00,33.62660217285156
2018-05-11 20:15:00,33.71558380126953
2018-05-11 20:30:00,33.54020309448242
2018-05-11 20:45:00,33.57171630859375
2018-05-11 21:00:00,33.22610092163086
2018-05-11 21:15:00,33.105552673339844
2018-05-11 21:30:00,32.98641586303711
2018-05-11 21:45:00,32.58386993408203
2018-05-11 22:00:00,32.41350173950195
2018-05-11 22:15:00,32.13212585449219
2018-05-11 22:30:00,32.06813430786133
2018-05-11 22:45:00,31.586349487304688
2018-05-11 23:00:00,31.579303741455078
2018-05-11 23:15:00,31.31678009033203
2018-05-11 23:30:00,31.28582191467285
2018-05-11 23:45:00,31.392845153808594
2018-05-12 00:00:00,31.25169563293457
2018-05-12 00:15:00,30.900814056396484
2018-05-12 00:30:00,30.912059783935547
2018-05-12 00:45:00,30.604476928710938
2018-05-12 01:00:00,30.415542602539062
2018-05-12 01:15:00,30.29189109802246
2018-05-12 01:30:00,30.28489875793457
2018-05-12 01:45:00,29.862817764282227
2018-05-12 02:00:00,30.3563232421875
2018-05-12 02:15:00,30.0405216217041
2018-05-12 02:30:00,29.846805572509766
2018-05-12 02:45:00,29.523239135742188
2018-05-12 03:00:00,29.620420455932617
2018-05-12 03:15:00,29.590124130249023
2018-05-12 03:30:00,29.32571792602539
2018-05-12 03:45:00,29.159297943115234
2018-05-12 04:00:00,29.381061553955078
2018-05-12 04:15:00,29.251977920532227
2018-05-12 04:30:00,29.003093719482422
2018-05-12 04:45:00,28.86026382446289
2018-05-12 05:00:00,28.854902267456055
2018-05-12 05:15:00,28.70380973815918
2018-05-12 05:30:00,28.735485076904297
2018-05-12 05:45:00,28.69843292236328
2018-05-12 06:00:00,28.964773178100586
2018-05-12 06:15:00,28.5711727142334
2018-05-12 06:30:00,28.66706657409668
2018-05-12 06:45:00,28.14396858215332
2018-05-12 07:00:00,28.545696258544922
2018-05-12 07:15:00,28.57423210144043
2018-05-12 07:30:00,28.93091583251953
2018-05-12 07:45:00,28.695667266845703
2018-05-12 08:00:00,28.593494415283203
2018-05-12 08:15:00,29.048860549926758
2018-05-12 08:30:00,28.748764038085938
2018-05-12 08:45:00,29.314119338989258
2018-05-12 09:00:00,29.31861686706543
2018-05-12 09:15:00,29.326583862304688
2018-05-12 09:30:00,29.699674606323242
2018-05-12 09:45:00,29.66559600830078
2018-05-12 10:00:00,30.169492721557617
2018-05-12 10:15:00,30.2633113861084
2018-05-12 10:30:00,30.323047637939453
2018-05-12 10:45:00,30.861242294311523
2018-05-12 11:00:00,31.22637939453125
2018-05-12 11:15:00,31.430667877197266
2018-05-12 11:30:00,31.704896926879883
2018-05-12 11:45:00,31.7995548248291
2018-05-12 12:00:00,32.03456497192383
2018-05-12 12:15:00,32.408504486083984
2018-05-12 12:30:00,32.91224670410156
2018-05-12 12:45:00,33.08543395996094
2018-05-12 13:00:00,33.39167022705078
2018-05-12 13:15:00,33.67464828491211
2018-05-12 13:30:00,33.89852523803711
2018-05-12 13:45:00,34.02678680419922
2018-05-12 14:00:00,34.45948791503906
2018-05-12 14:15:00,34.72915267944336
2018-05-12 14:30:00,34.580841064453125
2018-05-12 14:45:00,34.894744873046875
2018-05-12 15:00:00,34.71889114379883
2018-05-12 15:15:00,35.065948486328125
2018-05-12 15:30:00,35.260032653808594
2018-05-12 15:45:00,35.01677322387695
2018-05-12 16:00:00,35.35597610473633
2018-05-12 16:15:00,35.33243179321289
2018-05-12 16:30:00,34.87715148925781
2018-05-12 16:45:00,35.36058807373047
2018-05-12 17:00:00,34.851165771484375
2018-05-12 17:15:00,35.132991790771484
2018-05-12 17:30:00,34.49091339111328
2018-05-12 17:45:00,34.521881103515625
2018-05-12 18:00:00,34.49414825439453
2018-05-12 18:15:00,34.267433166503906
2018-05-12 18:30:00,34.15193557739258
2018-05-12 18:45:00,34.06466293334961
2018-05-12 19:00:00,33.748573303222656
2018-05-12 19:15:00,33.39159393310547
2018-05-12 19:30:00,33.1363525390625
2018-05-12 19:45:00,32.900657653808594
2018-05-12 20:00:00,31.071044921875
2018-05-12 20:15:00,30.99566650390625
2018-05-12 20:30:00,30.956396102905273
2018-05-12 20:45:00,30.692123413085938
2018-05-12 21:00:00,30.750734329223633
2018-05-12 21:15:00,30.249412536621094
2018-05-12 21:30:00,30.330984115600586
2018-05-12 21:45:00,29.96631622314453
2018-05-12 22:00:00,30.05864715576172
2018-05-12 22:15:00,29.979936599731445
2018-05-12 22:30:00,29.72106170654297
2018-05-12 22:45:00,29.741413116455078
2018-05-12 23:00:00,29.41745376586914
2018-05-12 23:15:00,29.766536712646484
2018-05-12 23:30:00,29.7117919921875
2018-05-12 23:45:00,29.35207176208496
2018-05-13 00:00:00,29.313100814819336
2018-05-13 00:15:00,29.442331314086914
2018-05-13 00:30:00,29.344196319580078
2018-05-13 00:45:00,29.428388595581055
2018-05-13 01:00:00,29.088809967041016
2018-05-13 01:15:00,29.34664535522461
2018-05-13 01:30:00,29.319244384765625
2018-05-13 01:45:00,29.087373733520508
2018-05-13 02:00:00,28.8518123626709
2018-05-13 02:15:00,28.667251586914062
2018-05-13 02:30:00,28.38338279724121
2018-05-13 02:45:00,28.623058319091797
2018-05-13 03:00:00,28.771562576293945
2018-05-13 03:15:00,28.31941795349121
2018-05-13 03:30:00,28.28717803955078
2018-05-13 03:45:00,28.150251388549805
2018-05-13 04:00:00,28.027334213256836
2018-05-13 04:15:00,27.977338790893555
2018-05-13 04:30:00,27.725479125976562
2018-05-13 04:45:00,27.750131607055664
2018-05-13 05:00:00,27.588611602783203
2018-05-13 05:15:00,27.675457000732422
2018-05-13 05:30:00,27.397193908691406
2018-05-13 05:45:00,27.28252410888672
2018-05-13 06:00:00,26.836772918701172
2018-05-13 06:15:00,26.806711196899414
2018-05-13 06:30:00,26.543731689453125
2018-05-13 06:45:00,26.992000579833984
2018-05-13 07:00:00,26.631608963012695
2018-05-13 07:15:00,26.98951530456543
2018-05-13 07:30:00,26.529115676879883
2018-05-13 07:45:00,26.623777389526367
2018-05-13 08:00:00,26.713411331176758
2018-05-13 08:15:00,26.71518898010254
2018-05-13 08:30:00,26.742652893066406
2018-05-13 08:45:00,26.704132080078125
2018-05-13 09:00:00,26.916658401489258
2018-05-13 09:15:00,27.155807495117188
2018-05-13 09:30:00,27.35173797607422
2018-05-13 09:45:00,27.408096313476562
2018-05-13 10:00:00,27.445898056030273
2018-05-13 10:15:00,27.8889102935791
2018-05-13 10:30:00,28.106489181518555
2018-05-13 10:45:00,28.200824737548828
2018-05-13 11:00:00,28.74079132080078
2018-05-13 11:15:00,28.60513687133789
2018-05-13 11:30:00,29.06951332092285
2018-05-13 11:45:00,29.449880599975586
2018-05-13 12:00:00,29.490314483642578
2018-05-13 12:15:00,29.89317512512207
2018-05-13 12:30:00,29.911911010742188
2018-05-13 12:45:00,30.13252830505371
2018-05-13 13:00:00,30.37358283996582
2018-05-13 13:15:00,30.708581924438477
2018-05-13 13:30:00,31.327016830444336
2018-05-13 13:45:00,31.027877807617188
2018-05-13 14:00:00,31.557292938232422
2018-05-13 14:15:00,31.65035629272461
2018-05-13 14:30:00,31.815778732299805
2018-05-13 14:45:00,32.03327560424805
2018-05-13 15:00:00,32.43940353393555
2018-05-13 15:15:00,32.20684051513672
2018-05-13 15:30:00,32.01047897338867
2018-05-13 15:45:00,32.309059143066406
2018-05-13 16:00:00,32.37399673461914
2018-05-13 16:15:00,32.42681121826172
2018-05-13 16:30:00,32.487430572509766
2018-05-13 16:45:00,32.9219856262207
2018-05-13 17:00:00,32.385963439941406
2018-05-13 17:15:00,32.39259338378906
2018-05-13 17:30:00,32.447513580322266
2018-05-13 17:45:00,32.11747741699219
2018-05-13 18:00:00,32.363502502441406
2018-05-13 18:15:00,32.0870361328125
2018-05-13 18:30:00,32.020938873291016
2018-05-13 18:45:00,32.08000183105469
2018-05-13 19:00:00,32.0316162109375
2018-05-13 19:15:00,32.072731018066406
2018-05-13 19:30:00,31.962413787841797
2018-05-13 19:45:00,31.539981842041016
2018-05-13 20:00:00,38.043148040771484
2018-05-13 20:15:00,37.34494400024414
2018-05-13 20:30:00,37.46998596191406
2018-05-13 20:45:00,37.217525482177734
2018-05-13 21:00:00,36.854122161865234
2018-05-13 21:15:00,36.75353240966797
2018-05-13 21:30:00,36.57571792602539
2018-05-13 21:45:00,36.25651168823242
2018-05-13 22:00:00,36.29636001586914
2018-05-13 22:15:00,35.897361755371094
2018-05-13 22:30:00,35.917213439941406
2018-05-13 22:45:00,35.02024841308594
2018-05-13 23:00:00,35.07929611206055
2018-05-13 23:15:00,34.86601257324219
2018-05-13 23:30:00,35.194602966308594
2018-05-13 23:45:00,34.5545654296875
2018-05-14 00:00:00,34.858943939208984
2018-05-14 00:15:00,34.30974197387695
2018-05-14 00:30:00,34.2808837890625
2018-05-14 00:45:00,33.905399322509766
2018-05-14 01:00:00,34.230857849121094
2018-05-14 01:15:00,34.033050537109375
2018-05-14 01:30:00,33.91606140136719
2018-05-14 01:45:00,33.346866607666016
2018-05-14 02:00:00,33.66676712036133
2018-05-14 02:15:00,32.95954132080078
2018-05-14 02:30:00,32.91993713378906
2018-05-14 02:45:00,32.56732940673828
2018-05-14 03:00:00,32.37083435058594
2018-05-14 03:15:00,32.138084411621094
2018-05-14 03:30:00,31.96625328063965
2018-05-14 03:45:00,31.6444091796875
2018-05-14 04:00:00,31.57640266418457
2018-05-14 04:15:00,31.332839965820312
2018-05-14 04:30:00,31.072370529174805
2018-05-14 04:45:00,30.832548141479492
2018-05-14 05:00:00,30.46431541442871
2018-05-14 05:15:00,30.58275604248047
2018-05-14 05:30:00,30.8126163482666
2018-05-14 05:45:00,30.2578125
2018-05-14 06:00:00,30.61233901977539
2018-05-14 06:15:00,30.057937622070312
2018-05-14 06:30:00,30.468408584594727
2018-05-14 06:45:00,30.272119522094727
2018-05-14 07:00:00,30.315441131591797
2018-05-14 07:15:00,30.947912216186523
2018-05-14 07:30:00,31.45404052734375
2018-05-14 07:45:00,31.639577865600586
2018-05-14 08:00:00,31.631380081176758
2018-05-14 08:15:00,32.27007293701172
2018-05-14 08:30:00,32.07060241699219
2018-05-14 08:45:00,32.85103225708008
2018-05-14 09:00:00,33.750431060791016
2018-05-14 09:15:00,34.25282669067383
2018-05-14 09:30:00,34.973411560058594
2018-05-14 09:45:00,35.4612922668457
2018-05-14 10:00:00,36.5245361328125
2018-05-14 10:15:00,36.72596740722656
2018-05-14 10:30:00,37.694557189941406
2018-05-14 10:45:00,38.16280746459961
2018-05-14 11:00:00,38.95121765136719
2018-05-14 11:15:00,39.22333526611328
2018-05-14 11:30:00,39.916770935058594
2018-05-14 11:45:00,40.42996597290039
2018-05-14 12:00:00,40.54366683959961
2018-05-14 12:15:00,41.370513916015625
2018-05-14 12:30:00,42.00555419921875
2018-05-14 12:45:00,42.46348190307617
2018-05-14 13:00:00,42.82205581665039
2018-05-14 13:15:00,43.22831726074219
2018-05-14 13:30:00,43.10829544067383
2018-05-14 13:45:00,43.50179672241211
2018-05-14 14:00:00,43.66404724121094
2018-05-14 14:15:00,43.7726936340332
2018-05-14 14:30:00,43.53605651855469
2018-05-14 14:45:00,43.77104949951172
2018-05-14 15:00:00,43.28368377685547
2018-05-14 15:15:00,43.232749938964844
2018-05-14 15:30:00,42.94884490966797
2018-05-14 15:45:00,42.343238830566406
2018-05-14 16:00:00,42.545494079589844
2018-05-14 16:15:00,42.75636291503906
2018-05-14 16:30:00,41.89767074584961
2018-05-14 16:45:00,41.73634719848633
2018-05-14 17:00:00,41.08317565917969
2018-05-14 17:15:00,41.30137252807617
2018-05-14 17:30:00,40.008888244628906
2018-05-14 17:45:00,39.73383712768555
2018-05-14 18:00:00,39.417972564697266
2018-05-14 18:15:00,38.634674072265625
2018-05-14 18:30:00,38.56873321533203
2018-05-14 18:45:00,37.965110778808594
2018-05-14 19:00:00,37.58120346069336
2018-05-14 19:15:00,37.486270904541016
2018-05-14 19:30:00,37.45490646362305
2018-05-14 19:45:00,36.36647415161133
2018-05-14 20:00:00,42.92612838745117
2018-05-14 20:15:00,42.66007614135742
2018-05-14 20:30:00,42.72351837158203
2018-05-14 20:45:00,42.966129302978516
2018-05-14 21:00:00,42.745243072509766
2018-05-14 21:15:00,42.2690544128418
2018-05-14 21:30:00,41.88533020019531
2018-05-14 21:45:00,41.318180084228516
2018-05-14 22:00:00,41.60398864746094
2018-05-14 22:15:00,40.879695892333984
2018-05-14 22:30:00,41.160919189453125
2018-05-14 22:45:00,40.533302307128906
2018-05-14 23:00:00,40.20032501220703
2018-05-14 23:15:00,40.447593688964844
2018-05-14 23:30:00,40.002201080322266
2018-05-14 23:45:00,40.553672790527344
2018-05-15 00:00:00,40.0705680847168
2018-05-15 00:15:00,40.364219665527344
2018-05-15 00:30:00,39.61494445800781
2018-05-15 00:45:00,39.53204345703125
2018-05-15 01:00:00,39.11319351196289
2018-05-15 01:15:00,38.91730499267578
2018-05-15 01:30:00,38.37433624267578
2018-05-15 01:45:00,38.08747100830078
2018-05-15 02:00:00,38.77632141113281
2018-05-15 02:15:00,38.556392669677734
2018-05-15 02:30:00,38.04032897949219
2018-05-15 02:45:00,37.81955337524414
2018-05-15 03:00:00,37.69044494628906
2018-05-15 03:15:00,37.83681869506836
2018-05-15 03:30:00,37.922813415527344
2018-05-15 03:45:00,37.01826477050781
2018-05-15 04:00:00,37.04387664794922
2018-05-15 04:15:00,37.32863235473633
2018-05-15 04:30:00,36.2061767578125
2018-05-15 04:45:00,36.91533660888672
2018-05-15 05:00:00,36.57875442504883
2018-05-15 05:15:00,36.147789001464844
2018-05-15 05:30:00,36.78596496582031
2018-05-15 05:45:00,36.32191848754883
2018-05-15 06:00:00,36.453712463378906
2018-05-15 06:15:00,36.30483627319336
2018-05-15 06:30:00,36.19275665283203
2018-05-15 06:45:00,35.86039352416992
2018-05-15 07:00:00,35.91913604736328
2018-05-15 07:15:00,36.668983459472656
2018-05-15 07:30:00,36.69068145751953
2018-05-15 07:45:00,37.311988830566406
2018-05-15 08:00:00,36.60454177856445
2018-05-15 08:15:00,37.64151382446289
2018-05-15 08:30:00,37.55704879760742
2018-05-15 08:45:00,37.9320182800293
2018-05-15 09:00:00,38.138553619384766
2018-05-15 09:15:00,38.2531852722168
2018-05-15 09:30:00,38.76477813720703
2018-05-15 09:45:00,39.02447509765625
2018-05-15 10:00:00,39.5096321105957
2018-05-15 10:15:00,39.96106719970703
2018-05-15 10:30:00,40.3001594543457
2018-05-15 10:45:00,40.627525329589844
2018-05-15 11:00:00,41.10370635986328
2018-05-15 11:15:00,41.52239990234375
2018-05-15 11:30:00,41.9643669128418
2018-05-15 11:45:00,41.94084548950195
2018-05-15 12:00:00,42.39448547363281
2018-05-15 12:15:00,42.9879264831543
2018-05-15 12:30:00,43.563987731933594
2018-05-15 12:45:00,43.570987701416016
2018-05-15 13:00:00,43.923805236816406
2018-05-15 13:15:00,44.084571838378906
2018-05-15 13:30:00,43.670536041259766
2018-05-15 13:45:00,44.52330017089844
2018-05-15 14:00:00,44.4779167175293
2018-05-15 14:15:00,45.0620002746582
2018-05-15 14:30:00,43.98543167114258
2018-05-15 14:45:00,44.218284606933594
2018-05-15 15:00:00,43.76480484008789
2018-05-15 15:15:00,44.633995056152344
2018-05-15 15:30:00,44.96315383911133
2018-05-15 15:45:00,44.06242370605469
2018-05-15 16:00:00,44.786495208740234
2018-05-15 16:15:00,44.38731002807617
2018-05-15 16:30:00,43.86607360839844
2018-05-15 16:45:00,43.839439392089844
2018-05-15 17:00:00,43.67806625366211
2018-05-15 17:15:00,44.11724090576172
2018-05-15 17:30:00,43.73865509033203
2018-05-15 17:45:00,43.37354278564453
2018-05-15 18:00:00,42.85319519042969
2018-05-15 18:15:00,43.91242980957031
2018-05-15 18:30:00,43.2436408996582
2018-05-15 18:45:00,43.11741256713867
2018-05-15 19:00:00,42.488304138183594
2018-05-15 19:15:00,41.83646774291992
2018-05-15 19:30:00,41.822654724121094
2018-05-15 19:45:00,41.929622650146484
2018-05-15 20:00:00,44.89878463745117
2018-05-15 20:15:00,44.99455642700195
2018-05-15 20:30:00,44.72944259643555
2018-05-15 20:45:00,44.72727966308594
2018-05-15 21:00:00,44.863826751708984
2018-05-15 21:15:00,44.52914047241211
2018-05-15 21:30:00,44.31100082397461
2018-05-15 21:45:00,43.92929458618164
2018-05-15 22:00:00,43.902549743652344
2018-05-15 22:15:00,43.60295867919922
2018-05-15 22:30:00,43.60393142700195
2018-05-15 22:45:00,42.983970642089844
2018-05-15 23:00:00,42.90678787231445
2018-05-15 23:15:00,43.20735168457031
2018-05-15 23:30:00,42.810977935791016
2018-05-15 23:45:00,43.07343673706055
2018-05-16 00:00:00,42.840877532958984
2018-05-16 00:15:00,42.8751335144043
2018-05-16 00:30:00,42.480594635009766
2018-05-16 00:45:00,42.274574279785156
2018-05-16 01:00:00,42.24318313598633
2018-05-16 01:15:00,42.23346710205078
2018-05-16 01:30:00,41.74140548706055
2018-05-16 01:45:00,41.49040985107422
2018-05-16 02:00:00,41.83540344238281
2018-05-16 02:15:00,41.39223861694336
2018-05-16 02:30:00,41.2093620300293
2018-05-16 02:45:00,40.76015853881836
2018-05-16 03:00:00,40.85260772705078
2018-05-16 03:15:00,40.73082733154297
2018-05-16 03:30:00,40.73186111450195
2018-05-16 03:45:00,40.09995651245117
2018-05-16 04:00:00,40.36487579345703
2018-05-16 04:15:00,40.299232482910156
2018-05-16 04:30:00,39.8044548034668
2018-05-16 04:45:00,39.954925537109375
2018-05-16 05:00:00,39.48828125
2018-05-16 05:15:00,39.29732894897461
2018-05-16 05:30:00,39.93510437011719
2018-05-16 05:45:00,39.76168441772461
2018-05-16 06:00:00,39.661380767822266
2018-05-16 06:15:00,39.482418060302734
2018-05-16 06:30:00,39.338035583496094
2018-05-16 06:45:00,39.551292419433594
2018-05-16 07:00:00,39.591983795166016
2018-05-16 07:15:00,40.257720947265625
2018-05-16 07:30:00,40.09303665161133
2018-05-16 07:45:00,40.43909454345703
2018-05-16 08:00:00,40.484657287597656
2018-05-16 08:15:00,40.916107177734375
2018-05-16 08:30:00,41.25864791870117
2018-05-16 08:45:00,41.58576583862305
2018-05-16 09:00:00,41.88071823120117
2018-05-16 09:15:00,42.209739685058594
2018-05-16 09:30:00,42.8034782409668
2018-05-16 09:45:00,42.94377517700195
2018-05-16 10:00:00,43.6033935546875
2018-05-16 10:15:00,43.83009719848633
2018-05-16 10:30:00,44.46466064453125
2018-05-16 10:45:00,44.8406867980957
2018-05-16 11:00:00,45.199951171875
2018-05-16 11:15:00,45.71828842163086
2018-05-16 11:30:00,46.014366149902344
2018-05-16 11:45:00,46.24911117553711
2018-05-16 12:00:00,46.44093704223633
2018-05-16 12:15:00,46.98432922363281
2018-05-16 12:30:00,47.57246780395508
2018-05-16 12:45:00,47.51225280761719
2018-05-16 13:00:00,47.72865295410156
2018-05-16 13:15:00,47.75042724609375
2018-05-16 13:30:00,47.74280548095703
2018-05-16 13:45:00,48.10205078125
2018-05-16 14:00:00,48.0618896484375
2018-05-16 14:15:00,48.50709533691406
2018-05-16 14:30:00,47.536399841308594
2018-05-16 14:45:00,48.17976760864258
2018-05-16 15:00:00,47.34097671508789
2018-05-16 15:15:00,47.954261779785156
2018-05-16 15:30:00,47.917293548583984
2018-05-16 15:45:00,47.30987548828125
2018-05-16 16:00:00,47.80076217651367
2018-05-16 16:15:00,47.420902252197266
2018-05-16 16:30:00,46.6859130859375
2018-05-16 16:45:00,46.843048095703125
2018-05-16 17:00:00,46.80179214477539
2018-05-16 17:15:00,46.4498291015625
2018-05-16 17:30:00,46.15199661254883
2018-05-16 17:45:00,45.89885330200195
2018-05-16 18:00:00,45.58066177368164
2018-05-16 18:15:00,45.66191482543945
2018-05-16 18:30:00,45.5616455078125
2018-05-16 18:45:00,45.42436981201172
2018-05-16 19:00:00,44.7690315246582
2018-05-16 19:15:00,44.42123794555664
2018-05-16 19:30:00,44.50278854370117
2018-05-16 19:45:00,44.24177169799805
2018-05-16 20:00:00,46.00735855102539
2018-05-16 20:15:00,45.756099700927734
2018-05-16 20:30:00,45.739131927490234
2018-05-16 20:45:00,45.52744674682617
2018-05-16 21:00:00,45.51974105834961
2018-05-16 21:15:00,45.32547378540039
2018-05-16 21:30:00,45.08820343017578
2018-05-16 21:45:00,45.05137634277344
2018-05-16 22:00:00,44.816871643066406
2018-05-16 22:15:00,44.750301361083984
2018-05-16 22:30:00,44.61408233642578
2018-05-16 22:45:00,43.93793869018555
2018-05-16 23:00:00,44.135738372802734
2018-05-16 23:15:00,44.11292266845703
2018-05-16 23:30:00,43.99030685424805
2018-05-16 23:45:00,44.044349670410156
2018-05-17 00:00:00,43.953033447265625
2018-05-17 00:15:00,43.99028396606445
2018-05-17 00:30:00,43.78188705444336
2018-05-17 00:45:00,43.53184509277344
2018-05-17 01:00:00,43.61598587036133
2018-05-17 01:15:00,43.538368225097656
2018-05-17 01:30:00,43.21092987060547
2018-05-17 01:45:00,43.18451690673828
2018-05-17 02:00:00,43.39198684692383
2018-05-17 02:15:00,42.95475387573242
2018-05-17 02:30:00,42.953285217285156
2018-05-17 02:45:00,42.6262321472168
2018-05-17 03:00:00,42.726783752441406
2018-05-17 03:15:00,42.5695915222168
2018-05-17 03:30:00,42.42599868774414
2018-05-17 03:45:00,42.21299743652344
2018-05-17 04:00:00,42.20094680786133
2018-05-17 04:15:00,41.96696472167969
2018-05-17 04:30:00,41.89877700805664
2018-05-17 04:45:00,41.812740325927734
2018-05-17 05:00:00,41.67599105834961
2018-05-17 05:15:00,41.387508392333984
2018-05-17 05:30:00,41.97504806518555
2018-05-17 05:45:00,41.73780059814453
2018-05-17 06:00:00,41.726112365722656
2018-05-17 06:15:00,41.693363189697266
2018-05-17 06:30:00,41.44506072998047
2018-05-17 06:45:00,41.573890686035156
2018-05-17 07:00:00,41.58393096923828
2018-05-17 07:15:00,42.00885009765625
2018-05-17 07:30:00,41.92176818847656
2018-05-17 07:45:00,42.12521743774414
2018-05-17 08:00:00,42.36061477661133
2018-05-17 08:15:00,42.71377944946289
2018-05-17 08:30:00,42.945796966552734
2018-05-17 08:45:00,43.06754684448242
2018-05-17 09:00:00,43.63985061645508
2018-05-17 09:15:00,43.69515609741211
2018-05-17 09:30:00,44.179351806640625
2018-05-17 09:45:00,44.34607696533203
2018-05-17 10:00:00,45.112064361572266
2018-05-17 10:15:00,45.00269317626953
2018-05-17 10:30:00,45.74203109741211
2018-05-17 10:45:00,46.139949798583984
2018-05-17 11:00:00,46.461544036865234
2018-05-17 11:15:00,46.96198272705078
2018-05-17 11:30:00,46.99213409423828
2018-05-17 11:45:00,47.44198989868164
2018-05-17 12:00:00,47.640586853027344
2018-05-17 12:15:00,48.17333221435547
2018-05-17 12:30:00,48.4832878112793
2018-05-17 12:45:00,48.85706329345703
2018-05-17 13:00:00,48.88653564453125
2018-05-17 13:15:00,49.14906692504883
2018-05-17 13:30:00,49.20560073852539
2018-05-17 13:45:00,49.31897735595703
2018-05-17 14:00:00,49.359130859375
2018-05-17 14:15:00,49.82441711425781
2018-05-17 14:30:00,49.0108642578125
2018-05-17 14:45:00,49.583126068115234
2018-05-17 15:00:00,49.095970153808594
2018-05-17 15:15:00,49.44669723510742
2018-05-17 15:30:00,49.35136795043945
2018-05-17 15:45:00,48.91287612915039
2018-05-17 16:00:00,49.06309509277344
2018-05-17 16:15:00,48.79814529418945
2018-05-17 16:30:00,48.16720199584961
2018-05-17 16:45:00,48.375484466552734
2018-05-17 17:00:00,48.30482482910156
2018-05-17 17:15:00,47.722557067871094
2018-05-17 17:30:00,47.64417266845703
2018-05-17 17:45:00,47.24689483642578
2018-05-17 18:00:00,47.166263580322266
2018-05-17 18:15:00,46.98344802856445
2018-05-17 18:30:00,46.75564956665039
2018-05-17 18:45:00,46.65012741088867
2018-05-17 19:00:00,46.04350662231445
2018-05-17 19:15:00,45.91401290893555
2018-05-17 19:30:00,45.64741516113281
2018-05-17 19:45:00,45.72298812866211
2018-05-17 20:00:00,39.43992996167257
2018-05-17 20:15:00,39.17375268358059
2018-05-17 20:30:00,38.93485331665047
2018-05-17 20:45:00,38.72043641401804
2018-05-17 21:00:00,38.5279930068828
2018-05-17 21:15:00,38.35527124616738
2018-05-17 21:30:00,38.200250052826796
2018-05-17 21:45:00,38.06111546848027
2018-05-17 22:00:00,37.93623942963601
2018-05-17 22:15:00,37.824160717138525
2018-05-17 22:30:00,37.72356785792107
2018-05-17 22:45:00,37.633283778990645
2018-05-17 23:00:00,37.55225203407629
2018-05-17 23:15:00,37.47952444177371
2018-05-17 23:30:00,37.41424999053587
2018-05-17 23:45:00,37.35566488068272
2018-05-18 00:00:00,37.30308358690822
2018-05-18 00:15:00,37.25589083670378
2018-05-18 00:30:00,37.21353441083471
2018-05-18 00:45:00,37.175518681625675
2018-05-18 01:00:00,37.14139881344411
2018-05-18 01:15:00,37.11077555751955
2018-05-18 01:30:00,37.08329058019106
2018-05-18 01:45:00,37.05862226991705
2018-05-18 02:00:00,37.036481973983676
2018-05-18 02:15:00,37.016610620876286
2018-05-18 02:30:00,36.99877568879106
2018-05-18 02:45:00,36.98276848481429
2018-05-18 03:00:00,36.96840170293198
2018-05-18 03:15:00,36.955507232295304
2018-05-18 03:30:00,36.943934190095455
2018-05-18 03:45:00,36.93354715602997
2018-05-18 04:00:00,36.924224587701396
2018-05-18 04:15:00,36.91585739840626
2018-05-18 04:30:00,36.90834768067257
2018-05-18 04:45:00,36.9016075606095
2018-05-18 05:00:00,36.89555816966357
2018-05-18 05:15:00,36.890128721749555
2018-05-18 05:30:00,36.88525568495717
2018-05-18 05:45:00,36.880882038141515
2018-05-18 06:00:00,36.876956603698254
2018-05-18 06:15:00,36.87343344871619
2018-05-18 06:30:00,36.87027134749987
2018-05-18 06:45:00,36.86743329917297
2018-05-18 07:00:00,36.86488609471783
2018-05-18 07:15:00,36.86259992838487
2018-05-18 07:30:00,36.86054804892484
2018-05-18 07:45:00,36.85870644656294
2018-05-18 08:00:00,36.85705357205183
2018-05-18 08:15:00,36.855570084516195
2018-05-18 08:30:00,36.85423862513825
2018-05-18 08:45:00,36.85304361403601
2018-05-18 09:00:00,36.85197106795752
2018-05-18 09:15:00,36.85100843665784
2018-05-18 09:30:00,36.85014445604414
2018-05-18 09:45:00,36.8493690163705
2018-05-18 10:00:00,36.8486730439402
2018-05-18 10:15:00,36.84804839493112
2018-05-18 10:30:00,36.847487760101984
2018-05-18 10:45:00,36.846984579264316
2018-05-18 11:00:00,36.84653296451931
2018-05-18 11:15:00,36.84612763136146
2018-05-18 11:30:00,36.845763836842636
2018-05-18 11:45:00,36.84543732407316
2018-05-18 12:00:00,36.845144272410444
2018-05-18 12:15:00,36.84488125275226
2018-05-18 12:30:00,36.844645187411594
2018-05-18 12:45:00,36.84443331410353
2018-05-18 13:00:00,36.84424315362279
2018-05-18 13:15:00,36.844072480833624
2018-05-18 13:30:00,36.84391929863274
2018-05-18 13:45:00,36.84378181458046
2018-05-18 14:00:00,36.84365841992676
2018-05-18 14:15:00,36.843547670786705
2018-05-18 14:30:00,36.84344827124503
2018-05-18 14:45:00,36.84335905819217
2018-05-18 15:00:00,36.84327898771432
2018-05-18 15:15:00,36.843207122878205
2018-05-18 15:30:00,36.843142622767694
2018-05-18 15:45:00,36.843084732643945
2018-05-18 16:00:00,36.84303277511393
2018-05-18 16:15:00,36.842986142204026
2018-05-18 16:30:00,36.84294428824589
2018-05-18 16:45:00,36.842906723491396
2018-05-18 17:00:00,36.842873008381936
2018-05-18 17:15:00,36.84284274840496
2018-05-18 17:30:00,36.842815589477674
2018-05-18 17:45:00,36.84279121380375
2018-05-18 18:00:00,36.842769336154724
2018-05-18 18:15:00,36.84274970053241
2018-05-18 18:30:00,36.842732077173366
2018-05-18 18:45:00,36.842716259860374
2018-05-18 19:00:00,36.84270206350941
2018-05-18 19:15:00,36.842689322003885
2018-05-18 19:30:00,36.8426778862509
2018-05-18 19:45:00,36.84266762243661
2018-05-18 20:00:00,30.341930864149827
2018-05-18 20:15:00,30.260072304321117
2018-05-18 20:30:00,30.212739627135452
2018-05-18 20:45:00,30.185370683261404
2018-05-18 21:00:00,30.169545271868706
2018-05-18 21:15:00,30.160394621156694
2018-05-18 21:30:00,30.15510348487117
2018-05-18 21:45:00,30.152044016853747
2018-05-18 22:00:00,30.150274955532225
2018-05-18 22:15:00,30.1492520398026
2018-05-18 22:30:00,30.148660564212022
2018-05-18 22:45:00,30.14831855815608
2018-05-18 23:00:00,30.148120801656635
2018-05-18 23:15:00,30.148006453877134
2018-05-18 23:30:00,30.147940335116367
2018-05-18 23:45:00,30.14790210358669
2018-05-19 00:00:00,30.14787999715511
2018-05-19 00:15:00,30.147867214660618
2018-05-19 00:30:00,30.14785982350096
2018-05-19 00:45:00,30.14785554974663
2018-05-19 01:00:00,30.147853078554437
2018-05-19 01:15:00,30.147851649648988
2018-05-19 01:30:00,30.147850823419933
2018-05-19 01:45:00,30.147850345673522
2018-05-19 02:00:00,30.147850069428536
2018-05-19 02:15:00,30.147849909696742
2018-05-19 02:30:00,30.147849817335803
2018-05-19 02:45:00,30.147849763930385
2018-05-19 03:00:00,30.14784973305003
2018-05-19 03:15:00,30.147849715194234
2018-05-19 03:30:00,30.14784970486956
2018-05-19 03:45:00,30.147849698899577
2018-05-19 04:00:00,30.147849695447583
2018-05-19 04:15:00,30.14784969345155
2018-05-19 04:30:00,30.147849692297395
2018-05-19 04:45:00,30.147849691630032
2018-05-19 05:00:00,30.147849691244147
2018-05-19 05:15:00,30.14784969102102
2018-05-19 05:30:00,30.147849690892002
2018-05-19 05:45:00,30.1478496908174
2018-05-19 06:00:00,30.14784969077426
2018-05-19 06:15:00,30.147849690749318
2018-05-19 06:30:00,30.147849690734894
2018-05-19 06:45:00,30.147849690726556
2018-05-19 07:00:00,30.147849690721735
2018-05-19 07:15:00,30.147849690718946
2018-05-19 07:30:00,30.147849690717333
2018-05-19 07:45:00,30.147849690716402
2018-05-19 08:00:00,30.147849690715862
2018-05-19 08:15:00,30.14784969071555
2018-05-19 08:30:00,30.14784969071537
2018-05-19 08:45:00,30.147849690715265
2018-05-19 09:00:00,30.147849690715205
2018-05-19 09:15:00,30.14784969071517
2018-05-19 09:30:00,30.147849690715148
2018-05-19 09:45:00,30.147849690715137
2018-05-19 10:00:00,30.14784969071513
2018-05-19 10:15:00,30.147849690715127
2018-05-19 10:30:00,30.147849690715123
2018-05-19 10:45:00,30.147849690715123
2018-05-19 11:00:00,30.147849690715123
2018-05-19 11:15:00,30.147849690715123
2018-05-19 11:30:00,30.147849690715123
2018-05-19 11:45:00,30.147849690715123
2018-05-19 12:00:00,30.147849690715123
2018-05-19 12:15:00,30.147849690715123
2018-05-19 12:30:00,30.147849690715123
2018-05-19 12:45:00,30.147849690715123
2018-05-19 13:00:00,30.147849690715123
2018-05-19 13:15:00,30.147849690715123
2018-05-19 13:30:00,30.147849690715123
2018-05-19 13:45:00,30.147849690715123
2018-05-19 14:00:00,30.147849690715123
2018-05-19 14:15:00,30.147849690715123
2018-05-19 14:30:00,30.147849690715123
2018-05-19 14:45:00,30.147849690715123
2018-05-19 15:00:00,30.147849690715123
2018-05-19 15:15:00,30.147849690715123
2018-05-19 15:30:00,30.147849690715123
2018-05-19 15:45:00,30.147849690715123
2018-05-19 16:00:00,30.147849690715123
2018-05-19 16:15:00,30.147849690715123
2018-05-19 16:30:00,30.147849690715123
2018-05-19 16:45:00,30.147849690715123
2018-05-19 17:00:00,30.147849690715123
2018-05-19 17:15:00,30.147849690715123
2018-05-19 17:30:00,30.147849690715123
2018-05-19 17:45:00,30.147849690715123
2018-05-19 18:00:00,30.147849690715123
2018-05-19 18:15:00,30.147849690715123
2018-05-19 18:30:00,30.147849690715123
2018-05-19 18:45:00,30.147849690715123
2018-05-19 19:00:00,30.147849690715123
2018-05-19 19:15:00,30.147849690715123
2018-05-19 19:30:00,30.147849690715123
2018-05-19 19:45:00,30.147849690715123
2018-05-19 20:00:00,30.274984473918888
2018-05-19 20:15:00,30.22312426822056
2018-05-19 20:30:00,30.17126406252223
2018-05-19 20:45:00,30.1194038568239
2018-05-19 21:00:00,30.06754365112557
2018-05-19 21:15:00,30.01568344542724
2018-05-19 21:30:00,29.963823239728907
2018-05-19 21:45:00,29.911963034030578
2018-05-19 22:00:00,29.86010282833225
2018-05-19 22:15:00,29.808242622633916
2018-05-19 22:30:00,29.75638241693559
2018-05-19 22:45:00,29.704522211237258
2018-05-19 23:00:00,29.65266200553893
2018-05-19 23:15:00,29.6008017998406
2018-05-19 23:30:00,29.548941594142267
2018-05-19 23:45:00,29.497081388443938
2018-05-20 00:00:00,29.445221182745605
2018-05-20 00:15:00,29.393360977047276
2018-05-20 00:30:00,29.341500771348947
2018-05-20 00:45:00,29.289640565650615
2018-05-20 01:00:00,29.23778035995229
2018-05-20 01:15:00,29.185920154253957
2018-05-20 01:30:00,29.134059948555628
2018-05-20 01:45:00,29.0821997428573
2018-05-20 02:00:00,29.03033953715897
2018-05-20 02:15:00,28.978479331460637
2018-05-20 02:30:00,28.926619125762304
2018-05-20 02:45:00,28.874758920063975
2018-05-20 03:00:00,28.822898714365646
2018-05-20 03:15:00,28.771038508667313
2018-05-20 03:30:00,28.719178302968988
2018-05-20 03:45:00,28.667318097270655
2018-05-20 04:00:00,28.615457891572326
2018-05-20 04:15:00,28.563597685873997
2018-05-20 04:30:00,28.51173748017567
2018-05-20 04:45:00,28.459877274477336
2018-05-20 05:00:00,28.408017068779003
2018-05-20 05:15:00,28.356156863080674
2018-05-20 05:30:00,28.304296657382345
2018-05-20 05:45:00,28.252436451684016
2018-05-20 06:00:00,28.200576245985687
2018-05-20 06:15:00,28.148716040287354
2018-05-20 06:30:00,28.096855834589025
2018-05-20 06:45:00,28.044995628890696
2018-05-20 07:00:00,27.993135423192367
2018-05-20 07:15:00,27.941275217494034
2018-05-20 07:30:00,27.889415011795702
2018-05-20 07:45:00,27.837554806097373
2018-05-20 08:00:00,27.785694600399044
2018-05-20 08:15:00,27.733834394700715
2018-05-20 08:30:00,27.681974189002386
2018-05-20 08:45:00,27.630113983304053
2018-05-20 09:00:00,27.578253777605724
2018-05-20 09:15:00,27.526393571907395
2018-05-20 09:30:00,27.474533366209062
2018-05-20 09:45:00,27.422673160510733
2018-05-20 10:00:00,27.3708129548124
2018-05-20 10:15:00,27.318952749114075
2018-05-20 10:30:00,27.267092543415743
2018-05-20 10:45:00,27.215232337717413
2018-05-20 11:00:00,27.163372132019084
2018-05-20 11:15:00,27.111511926320752
2018-05-20 11:30:00,27.059651720622423
2018-05-20 11:45:00,27.007791514924094
2018-05-20 12:00:00,26.95593130922576
2018-05-20 12:15:00,26.904071103527432
2018-05-20 12:30:00,26.8522108978291
2018-05-20 12:45:00,26.800350692130774
2018-05-20 13:00:00,26.74849048643244
2018-05-20 13:15:00,26.696630280734112
2018-05-20 13:30:00,26.644770075035783
2018-05-20 13:45:00,26.59290986933745
2018-05-20 14:00:00,26.541049663639125
2018-05-20 14:15:00,26.489189457940792
2018-05-20 14:30:00,26.43732925224246
2018-05-20 14:45:00,26.38546904654413
2018-05-20 15:00:00,26.3336088408458
2018-05-20 15:15:00,26.28174863514747
2018-05-20 15:30:00,26.22988842944914
2018-05-20 15:45:00,26.17802822375081
2018-05-20 16:00:00,26.126168018052482
2018-05-20 16:15:00,26.07430781235415
2018-05-20 16:30:00,26.022447606655824
2018-05-20 16:45:00,25.970587400957488
2018-05-20 17:00:00,25.91872719525916
2018-05-20 17:15:00,25.86686698956083
2018-05-20 17:30:00,25.815006783862497
2018-05-20 17:45:00,25.76314657816417
2018-05-20 18:00:00,25.71128637246584
2018-05-20 18:15:00,25.65942616676751
2018-05-20 18:30:00,25.60756596106918
2018-05-20 18:45:00,25.555705755370848
2018-05-20 19:00:00,25.503845549672523
2018-05-20 19:15:00,25.451985343974187
2018-05-20 19:30:00,25.400125138275857
2018-05-20 19:45:00,25.34826493257753
2018-05-20 20:00:00,26.488468170166016
2018-05-20 20:15:00,26.4561824798584
2018-05-20 20:30:00,26.424272537231445
2018-05-20 20:45:00,26.392131805419922
2018-05-20 21:00:00,26.360246658325195
2018-05-20 21:15:00,26.32822608947754
2018-05-20 21:30:00,26.296382904052734
2018-05-20 21:45:00,26.264469146728516
2018-05-20 22:00:00,26.232681274414062
2018-05-20 22:15:00,26.20086097717285
2018-05-20 22:30:00,26.16913604736328
2018-05-20 22:45:00,26.137405395507812
2018-05-20 23:00:00,26.105749130249023
2018-05-20 23:15:00,26.0741024017334
2018-05-20 23:30:00,26.042516708374023
2018-05-20 23:45:00,26.010950088500977
2018-05-21 00:00:00,25.97943687438965
2018-05-21 00:15:00,25.94795036315918
2018-05-21 00:30:00,25.91651153564453
2018-05-21 00:45:00,25.885103225708008
2018-05-21 01:00:00,25.85373878479004
2018-05-21 01:15:00,25.822406768798828
2018-05-21 01:30:00,25.79111671447754
2018-05-21 01:45:00,25.759862899780273
2018-05-21 02:00:00,25.728649139404297
2018-05-21 02:15:00,25.69746971130371
2018-05-21 02:30:00,25.666330337524414
2018-05-21 02:45:00,25.63522720336914
2018-05-21 03:00:00,25.604162216186523
2018-05-21 03:15:00,25.573135375976562
2018-05-21 03:30:00,25.542146682739258
2018-05-21 03:45:00,25.511194229125977
2018-05-21 04:00:00,25.48027992248535
2018-05-21 04:15:00,25.449403762817383
2018-05-21 04:30:00,25.418563842773438
2018-05-21 04:45:00,25.38776206970215
2018-05-21 05:00:00,25.356998443603516
2018-05-21 05:15:00,25.326271057128906
2018-05-21 05:30:00,25.295581817626953
2018-05-21 05:45:00,25.264928817749023
2018-05-21 06:00:00,25.23431396484375
2018-05-21 06:15:00,25.2037353515625
2018-05-21 06:30:00,25.173192977905273
2018-05-21 06:45:00,25.142688751220703
2018-05-21 07:00:00,25.112220764160156
2018-05-21 07:15:00,25.081790924072266
2018-05-21 07:30:00,25.0513973236084
2018-05-21 07:45:00,25.021039962768555
2018-05-21 08:00:00,24.990718841552734
2018-05-21 08:15:00,24.96043586730957
2018-05-21 08:30:00,24.93018913269043
2018-05-21 08:45:00,24.899978637695312
2018-05-21 09:00:00,24.86980438232422
2018-05-21 09:15:00,24.83966827392578
2018-05-21 09:30:00,24.809568405151367
2018-05-21 09:45:00,24.779504776000977
2018-05-21 10:00:00,24.74947738647461
2018-05-21 10:15:00,24.719486236572266
2018-05-21 10:30:00,24.689531326293945
2018-05-21 10:45:00,24.65961265563965
2018-05-21 11:00:00,24.629730224609375
2018-05-21 11:15:00,24.599884033203125
2018-05-21 11:30:00,24.5700740814209
2018-05-21 11:45:00,24.540300369262695
2018-05-21 12:00:00,24.510562896728516
2018-05-21 12:15:00,24.48086166381836
2018-05-21 12:30:00,24.451196670532227
2018-05-21 12:45:00,24.421566009521484
2018-05-21 13:00:00,24.391971588134766
2018-05-21 13:15:00,24.36241340637207
2018-05-21 13:30:00,24.3328914642334
2018-05-21 13:45:00,24.30340576171875
2018-05-21 14:00:00,24.273954391479492
2018-05-21 14:15:00,24.244539260864258
2018-05-21 14:30:00,24.215160369873047
2018-05-21 14:45:00,24.185815811157227
2018-05-21 15:00:00,24.15650749206543
2018-05-21 15:15:00,24.127235412597656
2018-05-21 15:30:00,24.097997665405273
2018-05-21 15:45:00,24.068796157836914
2018-05-21 16:00:00,24.039628982543945
2018-05-21 16:15:00,24.010498046875
2018-05-21 16:30:00,23.981401443481445
2018-05-21 16:45:00,23.952341079711914
2018-05-21 17:00:00,23.923315048217773
2018-05-21 17:15:00,23.894325256347656
2018-05-21 17:30:00,23.86536979675293
2018-05-21 17:45:00,23.836450576782227
2018-05-21 18:00:00,23.807565689086914
2018-05-21 18:15:00,23.778715133666992
2018-05-21 18:30:00,23.749900817871094
2018-05-21 18:45:00,23.721120834350586
2018-05-21 19:00:00,23.69237518310547
2018-05-21 19:15:00,23.663665771484375
2018-05-21 19:30:00,23.634990692138672
2018-05-21 19:45:00,23.60634994506836
2018-05-21 20:00:00,28.07530403137207
2018-05-21 20:15:00,28.09031867980957
2018-05-21 20:30:00,28.106037139892578
2018-05-21 20:45:00,28.12120819091797
2018-05-21 21:00:00,28.13683319091797
2018-05-21 21:15:00,28.152109146118164
2018-05-21 21:30:00,28.167678833007812
2018-05-21 21:45:00,28.183029174804688
2018-05-21 22:00:00,28.198570251464844
2018-05-21 22:15:00,28.213973999023438
2018-05-21 22:30:00,28.229503631591797
2018-05-21 22:45:00,28.24494743347168
2018-05-21 23:00:00,28.260475158691406
2018-05-21 23:15:00,28.275951385498047
2018-05-21 23:30:00,28.29148292541504
2018-05-21 23:45:00,28.30698585510254
2018-05-22 00:00:00,28.322526931762695
2018-05-22 00:15:00,28.33805274963379
2018-05-22 00:30:00,28.353607177734375
2018-05-22 00:45:00,28.36915397644043
2018-05-22 01:00:00,28.384721755981445
2018-05-22 01:15:00,28.400287628173828
2018-05-22 01:30:00,28.415870666503906
2018-05-22 01:45:00,28.431455612182617
2018-05-22 02:00:00,28.447053909301758
2018-05-22 02:15:00,28.462656021118164
2018-05-22 02:30:00,28.478271484375
2018-05-22 02:45:00,28.493892669677734
2018-05-22 03:00:00,28.509523391723633
2018-05-22 03:15:00,28.525161743164062
2018-05-22 03:30:00,28.540809631347656
2018-05-22 03:45:00,28.55646514892578
2018-05-22 04:00:00,28.57213020324707
2018-05-22 04:15:00,28.58780288696289
2018-05-22 04:30:00,28.603485107421875
2018-05-22 04:45:00,28.61917495727539
2018-05-22 05:00:00,28.63487434387207
2018-05-22 05:15:00,28.65058135986328
2018-05-22 05:30:00,28.666297912597656
2018-05-22 05:45:00,28.682022094726562
2018-05-22 06:00:00,28.697755813598633
2018-05-22 06:15:00,28.713499069213867
2018-05-22 06:30:00,28.729249954223633
2018-05-22 06:45:00,28.745010375976562
2018-05-22 07:00:00,28.760778427124023
2018-05-22 07:15:00,28.77655601501465
2018-05-22 07:30:00,28.792341232299805
2018-05-22 07:45:00,28.808135986328125
2018-05-22 08:00:00,28.823938369750977
2018-05-22 08:15:00,28.839750289916992
2018-05-22 08:30:00,28.85556983947754
2018-05-22 08:45:00,28.87139892578125
2018-05-22 09:00:00,28.887237548828125
2018-05-22 09:15:00,28.90308380126953
2018-05-22 09:30:00,28.9189395904541
2018-05-22 09:45:00,28.934803009033203
2018-05-22 10:00:00,28.95067596435547
2018-05-22 10:15:00,28.966556549072266
2018-05-22 10:30:00,28.982446670532227
2018-05-22 10:45:00,28.99834442138672
2018-05-22 11:00:00,29.014251708984375
2018-05-22 11:15:00,29.030168533325195
2018-05-22 11:30:00,29.046092987060547
2018-05-22 11:45:00,29.062026977539062
2018-05-22 12:00:00,29.07796859741211
2018-05-22 12:15:00,29.09391975402832
2018-05-22 12:30:00,29.109880447387695
2018-05-22 12:45:00,29.1258487701416
2018-05-22 13:00:00,29.141826629638672
2018-05-22 13:15:00,29.157812118530273
2018-05-22 13:30:00,29.17380714416504
2018-05-22 13:45:00,29.189809799194336
2018-05-22 14:00:00,29.205821990966797
2018-05-22 14:15:00,29.221843719482422
2018-05-22 14:30:00,29.237873077392578
2018-05-22 14:45:00,29.2539119720459
2018-05-22 15:00:00,29.269960403442383
2018-05-22 15:15:00,29.2860164642334
2018-05-22 15:30:00,29.302082061767578
2018-05-22 15:45:00,29.31815528869629
2018-05-22 16:00:00,29.334238052368164
2018-05-22 16:15:00,29.350330352783203
2018-05-22 16:30:00,29.366430282592773
2018-05-22 16:45:00,29.382539749145508
2018-05-22 17:00:00,29.398658752441406
2018-05-22 17:15:00,29.414785385131836
2018-05-22 17:30:00,29.43092155456543
2018-05-22 17:45:00,29.447065353393555
2018-05-22 18:00:00,29.463218688964844
2018-05-22 18:15:00,29.479381561279297
2018-05-22 18:30:00,29.49555206298828
2018-05-22 18:45:00,29.51173210144043
2018-05-22 19:00:00,29.527921676635742
2018-05-22 19:15:00,29.544118881225586
2018-05-22 19:30:00,29.560325622558594
2018-05-22 19:45:00,29.576541900634766
2018-05-22 20:00:00,26.292707078456363
2018-05-22 20:15:00,26.331793403389252
2018-05-22 20:30:00,26.37087972832214
2018-05-22 20:45:00,26.40996605325503
2018-05-22 21:00:00,26.44905237818792
2018-05-22 21:15:00,26.488138703120807
2018-05-22 21:30:00,26.527225028053696
2018-05-22 21:45:00,26.566311352986585
2018-05-22 22:00:00,26.605397677919473
2018-05-22 22:15:00,26.644484002852362
2018-05-22 22:30:00,26.68357032778525
2018-05-22 22:45:00,26.72265665271814
2018-05-22 23:00:00,26.76174297765103
2018-05-22 23:15:00,26.800829302583917
2018-05-22 23:30:00,26.839915627516806
2018-05-22 23:45:00,26.8790019524497
2018-05-23 00:00:00,26.918088277382587
2018-05-23 00:15:00,26.957174602315476
2018-05-23 00:30:00,26.996260927248365
2018-05-23 00:45:00,27.035347252181253
2018-05-23 01:00:00,27.074433577114142
2018-05-23 01:15:00,27.11351990204703
2018-05-23 01:30:00,27.15260622697992
2018-05-23 01:45:00,27.191692551912805
2018-05-23 02:00:00,27.230778876845694
2018-05-23 02:15:00,27.269865201778583
2018-05-23 02:30:00,27.30895152671147
2018-05-23 02:45:00,27.34803785164436
2018-05-23 03:00:00,27.387124176577252
2018-05-23 03:15:00,27.42621050151014
2018-05-23 03:30:00,27.46529682644303
2018-05-23 03:45:00,27.50438315137592
2018-05-23 04:00:00,27.543469476308807
2018-05-23 04:15:00,27.582555801241696
2018-05-23 04:30:00,27.621642126174585
2018-05-23 04:45:00,27.660728451107474
2018-05-23 05:00:00,27.699814776040363
2018-05-23 05:15:00,27.738901100973248
2018-05-23 05:30:00,27.777987425906137
2018-05-23 05:45:00,27.817073750839025
2018-05-23 06:00:00,27.856160075771918
2018-05-23 06:15:00,27.895246400704806
2018-05-23 06:30:00,27.934332725637695
2018-05-23 06:45:00,27.973419050570584
2018-05-23 07:00:00,28.012505375503473
2018-05-23 07:15:00,28.05159170043636
2018-05-23 07:30:00,28.09067802536925
2018-05-23 07:45:00,28.12976435030214
2018-05-23 08:00:00,28.168850675235028
2018-05-23 08:15:00,28.207937000167917
2018-05-23 08:30:00,28.247023325100805
2018-05-23 08:45:00,28.286109650033694
2018-05-23 09:00:00,28.325195974966583
2018-05-23 09:15:00,28.36428229989947
2018-05-23 09:30:00,28.403368624832364
2018-05-23 09:45:00,28.442454949765253
2018-05-23 10:00:00,28.48154127469814
2018-05-23 10:15:00,28.52062759963103
2018-05-23 10:30:00,28.55971392456392
2018-05-23 10:45:00,28.598800249496808
2018-05-23 11:00:00,28.637886574429697
2018-05-23 11:15:00,28.676972899362582
2018-05-23 11:30:00,28.71605922429547
2018-05-23 11:45:00,28.75514554922836
2018-05-23 12:00:00,28.794231874161248
2018-05-23 12:15:00,28.833318199094137
2018-05-23 12:30:00,28.87240452402703
2018-05-23 12:45:00,28.911490848959918
2018-05-23 13:00:00,28.950577173892807
2018-05-23 13:15:00,28.989663498825696
2018-05-23 13:30:00,29.028749823758584
2018-05-23 13:45:00,29.067836148691473
2018-05-23 14:00:00,29.106922473624362
2018-05-23 14:15:00,29.14600879855725
2018-05-23 14:30:00,29.185095123490136
2018-05-23 14:45:00,29.224181448423025
2018-05-23 15:00:00,29.263267773355913
2018-05-23 15:15:00,29.302354098288802
2018-05-23 15:30:00,29.34144042322169
2018-05-23 15:45:00,29.380526748154583
2018-05-23 16:00:00,29.419613073087472
2018-05-23 16:15:00,29.45869939802036
2018-05-23 16:30:00,29.49778572295325
2018-05-23 16:45:00,29.53687204788614
2018-05-23 17:00:00,29.575958372819027
2018-05-23 17:15:00,29.615044697751916
2018-05-23 17:30:00,29.654131022684805
2018-05-23 17:45:00,29.693217347617693
2018-05-23 18:00:00,29.732303672550582
2018-05-23 18:15:00,29.77138999748347
2018-05-23 18:30:00,29.81047632241636
2018-05-23 18:45:00,29.84956264734925
2018-05-23 19:00:00,29.88864897228214
2018-05-23 19:15:00,29.92773529721503
2018-05-23 19:30:00,29.96682162214792
2018-05-23 19:45:00,30.005907947080807
2018-05-23 20:00:00,34.048980712890625
2018-05-23 20:15:00,34.074806213378906
2018-05-23 20:30:00,33.79310607910156
2018-05-23 20:45:00,33.66720199584961
2018-05-23 21:00:00,33.37835693359375
2018-05-23 21:15:00,33.03357696533203
2018-05-23 21:30:00,33.00130844116211
2018-05-23 21:45:00,32.69569396972656
2018-05-23 22:00:00,32.69093704223633
2018-05-23 22:15:00,32.642784118652344
2018-05-23 22:30:00,32.663597106933594
2018-05-23 22:45:00,32.30221939086914
2018-05-23 23:00:00,32.44670486450195
2018-05-23 23:15:00,32.03683853149414
2018-05-23 23:30:00,31.636594772338867
2018-05-23 23:45:00,31.466745376586914
2018-05-24 00:00:00,31.602270126342773
2018-05-24 00:15:00,31.10104751586914
2018-05-24 00:30:00,31.200170516967773
2018-05-24 00:45:00,31.19851303100586
2018-05-24 01:00:00,31.122501373291016
2018-05-24 01:15:00,30.743919372558594
2018-05-24 01:30:00,30.783992767333984
2018-05-24 01:45:00,30.388273239135742
2018-05-24 02:00:00,30.360048294067383
2018-05-24 02:15:00,29.9041690826416
2018-05-24 02:30:00,29.698759078979492
2018-05-24 02:45:00,29.55391502380371
2018-05-24 03:00:00,29.481943130493164
2018-05-24 03:15:00,29.1887149810791
2018-05-24 03:30:00,29.312236785888672
2018-05-24 03:45:00,28.407472610473633
2018-05-24 04:00:00,28.916776657104492
2018-05-24 04:15:00,28.43990707397461
2018-05-24 04:30:00,29.00539779663086
2018-05-24 04:45:00,28.261615753173828
2018-05-24 05:00:00,28.225574493408203
2018-05-24 05:15:00,28.556360244750977
2018-05-24 05:30:00,28.216476440429688
2018-05-24 05:45:00,28.3122615814209
2018-05-24 06:00:00,28.22180938720703
2018-05-24 06:15:00,28.44424819946289
2018-05-24 06:30:00,28.242259979248047
2018-05-24 06:45:00,28.080463409423828
2018-05-24 07:00:00,27.892187118530273
2018-05-24 07:15:00,28.09061050415039
2018-05-24 07:30:00,28.263221740722656
2018-05-24 07:45:00,28.299774169921875
2018-05-24 08:00:00,29.173606872558594
2018-05-24 08:15:00,30.064294815063477
2018-05-24 08:30:00,29.827102661132812
2018-05-24 08:45:00,30.479820251464844
2018-05-24 09:00:00,30.913801193237305
2018-05-24 09:15:00,31.619125366210938
2018-05-24 09:30:00,32.11360168457031
2018-05-24 09:45:00,32.48027420043945
2018-05-24 10:00:00,33.283992767333984
2018-05-24 10:15:00,33.881256103515625
2018-05-24 10:30:00,34.16748809814453
2018-05-24 10:45:00,34.8703498840332
2018-05-24 11:00:00,35.84679412841797
2018-05-24 11:15:00,36.26359558105469
2018-05-24 11:30:00,36.419403076171875
2018-05-24 11:45:00,37.84619140625
2018-05-24 12:00:00,39.014549255371094
2018-05-24 12:15:00,38.917850494384766
2018-05-24 12:30:00,39.23460388183594
2018-05-24 12:45:00,39.555870056152344
2018-05-24 13:00:00,39.48000717163086
2018-05-24 13:15:00,39.4328727722168
2018-05-24 13:30:00,39.54535675048828
2018-05-24 13:45:00,39.5214729309082
2018-05-24 14:00:00,39.575782775878906
2018-05-24 14:15:00,39.63619613647461
2018-05-24 14:30:00,39.735652923583984
2018-05-24 14:45:00,39.10086441040039
2018-05-24 15:00:00,39.3468132019043
2018-05-24 15:15:00,39.09147644042969
2018-05-24 15:30:00,38.96470642089844
2018-05-24 15:45:00,38.5490608215332
2018-05-24 16:00:00,38.16490173339844
2018-05-24 16:15:00,37.568809509277344
2018-05-24 16:30:00,36.706382751464844
2018-05-24 16:45:00,36.37570571899414
2018-05-24 17:00:00,36.37076187133789
2018-05-24 17:15:00,35.55439758300781
2018-05-24 17:30:00,35.326332092285156
2018-05-24 17:45:00,34.862892150878906
2018-05-24 18:00:00,34.8153076171875
2018-05-24 18:15:00,34.22930145263672
2018-05-24 18:30:00,34.11891555786133
2018-05-24 18:45:00,33.72019958496094
2018-05-24 19:00:00,32.92908477783203
2018-05-24 19:15:00,33.49427032470703
2018-05-24 19:30:00,32.781158447265625
2018-05-24 19:45:00,32.62408447265625
2018-05-24 20:00:00,33.76116943359375
2018-05-24 20:15:00,33.82902908325195
2018-05-24 20:30:00,33.4212532043457
2018-05-24 20:45:00,33.57592010498047
2018-05-24 21:00:00,33.478424072265625
2018-05-24 21:15:00,33.21281051635742
2018-05-24 21:30:00,33.242706298828125
2018-05-24 21:45:00,32.82142639160156
2018-05-24 22:00:00,32.75434494018555
2018-05-24 22:15:00,32.82836151123047
2018-05-24 22:30:00,32.597808837890625
2018-05-24 22:45:00,32.30156326293945
2018-05-24 23:00:00,32.36899185180664
2018-05-24 23:15:00,32.31557846069336
2018-05-24 23:30:00,31.941286087036133
2018-05-24 23:45:00,32.03739929199219
2018-05-25 00:00:00,31.736190795898438
2018-05-25 00:15:00,31.648208618164062
2018-05-25 00:30:00,31.76423454284668
2018-05-25 00:45:00,31.735288619995117
2018-05-25 01:00:00,31.59250831604004
2018-05-25 01:15:00,31.587194442749023
2018-05-25 01:30:00,31.307233810424805
2018-05-25 01:45:00,31.24081039428711
2018-05-25 02:00:00,30.989675521850586
2018-05-25 02:15:00,30.731056213378906
2018-05-25 02:30:00,31.155101776123047
2018-05-25 02:45:00,30.593059539794922
2018-05-25 03:00:00,30.824403762817383
2018-05-25 03:15:00,30.581960678100586
2018-05-25 03:30:00,30.399621963500977
2018-05-25 03:45:00,30.395917892456055
2018-05-25 04:00:00,30.168737411499023
2018-05-25 04:15:00,30.4132080078125
2018-05-25 04:30:00,30.296611785888672
2018-05-25 04:45:00,29.63642692565918
2018-05-25 05:00:00,29.65773582458496
2018-05-25 05:15:00,29.906984329223633
2018-05-25 05:30:00,29.560827255249023
2018-05-25 05:45:00,29.52033042907715
2018-05-25 06:00:00,29.506813049316406
2018-05-25 06:15:00,29.34615707397461
2018-05-25 06:30:00,29.4074649810791
2018-05-25 06:45:00,29.49976921081543
2018-05-25 07:00:00,29.6829833984375
2018-05-25 07:15:00,29.595138549804688
2018-05-25 07:30:00,29.89487648010254
2018-05-25 07:45:00,30.138729095458984
2018-05-25 08:00:00,30.517908096313477
2018-05-25 08:15:00,30.535316467285156
2018-05-25 08:30:00,31.619123458862305
2018-05-25 08:45:00,31.309192657470703
2018-05-25 09:00:00,31.858612060546875
2018-05-25 09:15:00,31.794933319091797
2018-05-25 09:30:00,32.81968307495117
2018-05-25 09:45:00,33.29454803466797
2018-05-25 10:00:00,33.263702392578125
2018-05-25 10:15:00,34.12146759033203
2018-05-25 10:30:00,34.14561080932617
2018-05-25 10:45:00,34.74978256225586
2018-05-25 11:00:00,34.92906188964844
2018-05-25 11:15:00,35.31657028198242
2018-05-25 11:30:00,35.64923858642578
2018-05-25 11:45:00,35.861968994140625
2018-05-25 12:00:00,36.58698272705078
2018-05-25 12:15:00,36.63572692871094
2018-05-25 12:30:00,36.483463287353516
2018-05-25 12:45:00,37.34292221069336
2018-05-25 13:00:00,37.31679153442383
2018-05-25 13:15:00,37.65876007080078
2018-05-25 13:30:00,37.433021545410156
2018-05-25 13:45:00,37.645103454589844
2018-05-25 14:00:00,37.7309684753418
2018-05-25 14:15:00,37.0692253112793
2018-05-25 14:30:00,37.69910430908203
2018-05-25 14:45:00,37.4111328125
2018-05-25 15:00:00,37.3468017578125
2018-05-25 15:15:00,37.52240753173828
2018-05-25 15:30:00,36.937686920166016
2018-05-25 15:45:00,36.528961181640625
2018-05-25 16:00:00,36.149513244628906
2018-05-25 16:15:00,35.96988296508789
2018-05-25 16:30:00,35.581844329833984
2018-05-25 16:45:00,35.29710388183594
2018-05-25 17:00:00,35.64009094238281
2018-05-25 17:15:00,35.49040985107422
2018-05-25 17:30:00,35.221839904785156
2018-05-25 17:45:00,34.62366485595703
2018-05-25 18:00:00,34.50922775268555
2018-05-25 18:15:00,34.3151741027832
2018-05-25 18:30:00,34.32511901855469
2018-05-25 18:45:00,33.754390716552734
2018-05-25 19:00:00,33.859676361083984
2018-05-25 19:15:00,33.50686264038086
2018-05-25 19:30:00,33.23273849487305
2018-05-25 19:45:00,33.02635955810547
2018-05-25 20:00:00,28.115135192871094
2018-05-25 20:15:00,28.164676666259766
2018-05-25 20:30:00,28.11110496520996
2018-05-25 20:45:00,28.134916305541992
2018-05-25 21:00:00,28.131160736083984
2018-05-25 21:15:00,28.1205997467041
2018-05-25 21:30:00,27.998332977294922
2018-05-25 21:45:00,27.91480255126953
2018-05-25 22:00:00,27.95794105529785
2018-05-25 22:15:00,27.946731567382812
2018-05-25 22:30:00,27.970170974731445
2018-05-25 22:45:00,27.93330192565918
2018-05-25 23:00:00,27.973857879638672
2018-05-25 23:15:00,27.84283447265625
2018-05-25 23:30:00,27.868860244750977
2018-05-25 23:45:00,27.87947654724121
2018-05-26 00:00:00,27.488723754882812
2018-05-26 00:15:00,27.44198989868164
2018-05-26 00:30:00,27.216447830200195
2018-05-26 00:45:00,27.225379943847656
2018-05-26 01:00:00,27.189199447631836
2018-05-26 01:15:00,27.265445709228516
2018-05-26 01:30:00,27.28458595275879
2018-05-26 01:45:00,27.200380325317383
2018-05-26 02:00:00,27.167938232421875
2018-05-26 02:15:00,27.22858428955078
2018-05-26 02:30:00,27.28990364074707
2018-05-26 02:45:00,27.242238998413086
2018-05-26 03:00:00,27.30178451538086
2018-05-26 03:15:00,27.21942710876465
2018-05-26 03:30:00,27.25739288330078
2018-05-26 03:45:00,27.465572357177734
2018-05-26 04:00:00,27.318492889404297
2018-05-26 04:15:00,27.404504776000977
2018-05-26 04:30:00,27.19495391845703
2018-05-26 04:45:00,27.06487274169922
2018-05-26 05:00:00,27.04476547241211
2018-05-26 05:15:00,27.138168334960938
2018-05-26 05:30:00,27.017810821533203
2018-05-26 05:45:00,27.033315658569336
2018-05-26 06:00:00,27.07762908935547
2018-05-26 06:15:00,27.061128616333008
2018-05-26 06:30:00,27.07778549194336
2018-05-26 06:45:00,27.290163040161133
2018-05-26 07:00:00,27.310253143310547
2018-05-26 07:15:00,27.656368255615234
2018-05-26 07:30:00,27.526288986206055
2018-05-26 07:45:00,28.04925537109375
2018-05-26 08:00:00,29.467470169067383
2018-05-26 08:15:00,28.915021896362305
2018-05-26 08:30:00,29.88431167602539
2018-05-26 08:45:00,29.819089889526367
2018-05-26 09:00:00,30.370393753051758
2018-05-26 09:15:00,30.572006225585938
2018-05-26 09:30:00,30.812721252441406
2018-05-26 09:45:00,31.522571563720703
2018-05-26 10:00:00,31.691926956176758
2018-05-26 10:15:00,32.30866622924805
2018-05-26 10:30:00,32.06694412231445
2018-05-26 10:45:00,32.68373107910156
2018-05-26 11:00:00,32.547752380371094
2018-05-26 11:15:00,32.54026794433594
2018-05-26 11:30:00,32.52117156982422
2018-05-26 11:45:00,32.9052734375
2018-05-26 12:00:00,33.324283599853516
2018-05-26 12:15:00,33.47465896606445
2018-05-26 12:30:00,33.49541091918945
2018-05-26 12:45:00,33.6729850769043
2018-05-26 13:00:00,33.88883590698242
2018-05-26 13:15:00,33.71184539794922
2018-05-26 13:30:00,33.68049240112305
2018-05-26 13:45:00,33.6727409362793
2018-05-26 14:00:00,33.65155792236328
2018-05-26 14:15:00,33.32869338989258
2018-05-26 14:30:00,33.379676818847656
2018-05-26 14:45:00,33.35045623779297
2018-05-26 15:00:00,33.210384368896484
2018-05-26 15:15:00,33.18258285522461
2018-05-26 15:30:00,33.015079498291016
2018-05-26 15:45:00,32.805908203125
2018-05-26 16:00:00,32.67136764526367
2018-05-26 16:15:00,32.707305908203125
2018-05-26 16:30:00,32.26827621459961
2018-05-26 16:45:00,32.20029067993164
2018-05-26 17:00:00,32.097137451171875
2018-05-26 17:15:00,32.12649917602539
2018-05-26 17:30:00,31.86174201965332
2018-05-26 17:45:00,31.498876571655273
2018-05-26 18:00:00,31.455841064453125
2018-05-26 18:15:00,31.507221221923828
2018-05-26 18:30:00,31.362171173095703
2018-05-26 18:45:00,31.209115982055664
2018-05-26 19:00:00,31.21139144897461
2018-05-26 19:15:00,31.042203903198242
2018-05-26 19:30:00,30.819320678710938
2018-05-26 19:45:00,31.01222801208496
2018-05-26 20:00:00,32.01454162597656
2018-05-26 20:15:00,31.875
2018-05-26 20:30:00,31.87065887451172
2018-05-26 20:45:00,32.08209228515625
2018-05-26 21:00:00,31.774559020996094
2018-05-26 21:15:00,31.53999137878418
2018-05-26 21:30:00,31.60460662841797
2018-05-26 21:45:00,31.301855087280273
2018-05-26 22:00:00,31.204978942871094
2018-05-26 22:15:00,31.101335525512695
2018-05-26 22:30:00,31.22462272644043
2018-05-26 22:45:00,30.740726470947266
2018-05-26 23:00:00,30.722314834594727
2018-05-26 23:15:00,30.510955810546875
2018-05-26 23:30:00,30.826732635498047
2018-05-26 23:45:00,30.537891387939453
2018-05-27 00:00:00,30.752058029174805
2018-05-27 00:15:00,30.210533142089844
2018-05-27 00:30:00,30.417707443237305
2018-05-27 00:45:00,30.46795654296875
2018-05-27 01:00:00,30.266820907592773
2018-05-27 01:15:00,30.129682540893555
2018-05-27 01:30:00,30.157575607299805
2018-05-27 01:45:00,29.856990814208984
2018-05-27 02:00:00,30.196212768554688
2018-05-27 02:15:00,29.78723907470703
2018-05-27 02:30:00,29.86918067932129
2018-05-27 02:45:00,29.70830535888672
2018-05-27 03:00:00,29.51534652709961
2018-05-27 03:15:00,29.74820327758789
2018-05-27 03:30:00,29.558807373046875
2018-05-27 03:45:00,29.615652084350586
2018-05-27 04:00:00,29.45035171508789
2018-05-27 04:15:00,29.362003326416016
2018-05-27 04:30:00,29.321134567260742
2018-05-27 04:45:00,29.039573669433594
2018-05-27 05:00:00,29.232084274291992
2018-05-27 05:15:00,29.230728149414062
2018-05-27 05:30:00,29.26152801513672
2018-05-27 05:45:00,28.9467830657959
2018-05-27 06:00:00,29.35962677001953
2018-05-27 06:15:00,28.893312454223633
2018-05-27 06:30:00,29.282846450805664
2018-05-27 06:45:00,28.945213317871094
2018-05-27 07:00:00,28.99054718017578
2018-05-27 07:15:00,28.825328826904297
2018-05-27 07:30:00,29.29123306274414
2018-05-27 07:45:00,29.28875732421875
2018-05-27 08:00:00,29.041027069091797
2018-05-27 08:15:00,29.371355056762695
2018-05-27 08:30:00,29.058462142944336
2018-05-27 08:45:00,29.462677001953125
2018-05-27 09:00:00,29.497133255004883
2018-05-27 09:15:00,29.642375946044922
2018-05-27 09:30:00,29.976255416870117
2018-05-27 09:45:00,29.932823181152344
2018-05-27 10:00:00,30.235780715942383
2018-05-27 10:15:00,30.362520217895508
2018-05-27 10:30:00,30.354265213012695
2018-05-27 10:45:00,30.72266960144043
2018-05-27 11:00:00,30.994985580444336
2018-05-27 11:15:00,30.943586349487305
2018-05-27 11:30:00,31.274702072143555
2018-05-27 11:45:00,31.12009620666504
2018-05-27 12:00:00,31.567304611206055
2018-05-27 12:15:00,31.450519561767578
2018-05-27 12:30:00,31.967267990112305
2018-05-27 12:45:00,32.279903411865234
2018-05-27 13:00:00,32.382572174072266
2018-05-27 13:15:00,32.67234802246094
2018-05-27 13:30:00,32.454994201660156
2018-05-27 13:45:00,32.66875457763672
2018-05-27 14:00:00,32.79996109008789
2018-05-27 14:15:00,32.87681579589844
2018-05-27 14:30:00,33.03647232055664
2018-05-27 14:45:00,32.927032470703125
2018-05-27 15:00:00,32.91490173339844
2018-05-27 15:15:00,32.84841537475586
2018-05-27 15:30:00,32.963531494140625
2018-05-27 15:45:00,32.782501220703125
2018-05-27 16:00:00,32.84207534790039
2018-05-27 16:15:00,33.16094970703125
2018-05-27 16:30:00,32.94682312011719
2018-05-27 16:45:00,32.91852951049805
2018-05-27 17:00:00,32.55009841918945
2018-05-27 17:15:00,32.88014221191406
2018-05-27 17:30:00,32.217498779296875
2018-05-27 17:45:00,32.30733871459961
2018-05-27 18:00:00,32.17630386352539
2018-05-27 18:15:00,31.821556091308594
2018-05-27 18:30:00,31.9151668548584
2018-05-27 18:45:00,31.713115692138672
2018-05-27 19:00:00,31.63170051574707
2018-05-27 19:15:00,31.542634963989258
2018-05-27 19:30:00,31.306673049926758
2018-05-27 19:45:00,30.73563003540039
2018-05-27 20:00:00,36.174102783203125
2018-05-27 20:15:00,36.010311126708984
2018-05-27 20:30:00,35.849815368652344
2018-05-27 20:45:00,35.85525131225586
2018-05-27 21:00:00,35.297271728515625
2018-05-27 21:15:00,35.144264221191406
2018-05-27 21:30:00,35.09393310546875
2018-05-27 21:45:00,34.42809295654297
2018-05-27 22:00:00,34.32316589355469
2018-05-27 22:15:00,34.160465240478516
2018-05-27 22:30:00,34.12434387207031
2018-05-27 22:45:00,33.84233093261719
2018-05-27 23:00:00,33.56708908081055
2018-05-27 23:15:00,33.34828186035156
2018-05-27 23:30:00,33.57142639160156
2018-05-27 23:45:00,33.24528121948242
2018-05-28 00:00:00,33.13504409790039
2018-05-28 00:15:00,32.73911666870117
2018-05-28 00:30:00,33.130699157714844
2018-05-28 00:45:00,33.14877700805664
2018-05-28 01:00:00,32.50425338745117
2018-05-28 01:15:00,32.5001106262207
2018-05-28 01:30:00,32.79755783081055
2018-05-28 01:45:00,32.23920440673828
2018-05-28 02:00:00,32.4389533996582
2018-05-28 02:15:00,32.278709411621094
2018-05-28 02:30:00,32.104862213134766
2018-05-28 02:45:00,32.218284606933594
2018-05-28 03:00:00,32.10153579711914
2018-05-28 03:15:00,32.171775817871094
2018-05-28 03:30:00,32.02241134643555
2018-05-28 03:45:00,31.820581436157227
2018-05-28 04:00:00,31.957624435424805
2018-05-28 04:15:00,31.711692810058594
2018-05-28 04:30:00,31.69447135925293
2018-05-28 04:45:00,31.33368682861328
2018-05-28 05:00:00,31.354862213134766
2018-05-28 05:15:00,31.523841857910156
2018-05-28 05:30:00,31.077390670776367
2018-05-28 05:45:00,31.15616798400879
2018-05-28 06:00:00,31.298017501831055
2018-05-28 06:15:00,30.89429473876953
2018-05-28 06:30:00,31.06515121459961
2018-05-28 06:45:00,30.82655143737793
2018-05-28 07:00:00,30.790239334106445
2018-05-28 07:15:00,30.535465240478516
2018-05-28 07:30:00,31.099674224853516
2018-05-28 07:45:00,30.64006805419922
2018-05-28 08:00:00,30.485383987426758
2018-05-28 08:15:00,30.782604217529297
2018-05-28 08:30:00,30.54641342163086
2018-05-28 08:45:00,30.69982147216797
2018-05-28 09:00:00,30.8614559173584
2018-05-28 09:15:00,31.036880493164062
2018-05-28 09:30:00,31.123703002929688
2018-05-28 09:45:00,31.321025848388672
2018-05-28 10:00:00,31.465116500854492
2018-05-28 10:15:00,31.751033782958984
2018-05-28 10:30:00,31.541004180908203
2018-05-28 10:45:00,32.28166961669922
2018-05-28 11:00:00,32.77781677246094
2018-05-28 11:15:00,32.57888412475586
2018-05-28 11:30:00,33.03938293457031
2018-05-28 11:45:00,33.13495635986328
2018-05-28 12:00:00,33.58412551879883
2018-05-28 12:15:00,33.71812438964844
2018-05-28 12:30:00,34.46820831298828
2018-05-28 12:45:00,34.823143005371094
2018-05-28 13:00:00,35.2317008972168
2018-05-28 13:15:00,35.40304183959961
2018-05-28 13:30:00,35.74690246582031
2018-05-28 13:45:00,35.95478057861328
2018-05-28 14:00:00,36.52244186401367
2018-05-28 14:15:00,36.58473587036133
2018-05-28 14:30:00,36.96664810180664
2018-05-28 14:45:00,37.08340072631836
2018-05-28 15:00:00,37.53207778930664
2018-05-28 15:15:00,37.522605895996094
2018-05-28 15:30:00,37.71830368041992
2018-05-28 15:45:00,37.76203155517578
2018-05-28 16:00:00,37.90993881225586
2018-05-28 16:15:00,38.205692291259766
2018-05-28 16:30:00,37.9730224609375
2018-05-28 16:45:00,38.25358581542969
2018-05-28 17:00:00,37.700889587402344
2018-05-28 17:15:00,38.08882522583008
2018-05-28 17:30:00,37.33927917480469
2018-05-28 17:45:00,37.74579620361328
2018-05-28 18:00:00,37.259765625
2018-05-28 18:15:00,36.96287536621094
2018-05-28 18:30:00,37.08782958984375
2018-05-28 18:45:00,36.705322265625
2018-05-28 19:00:00,36.66852569580078
2018-05-28 19:15:00,36.37834548950195
2018-05-28 19:30:00,35.74126434326172
2018-05-28 19:45:00,35.26284408569336
2018-05-28 20:00:00,35.58519744873047
2018-05-28 20:15:00,35.51625061035156
2018-05-28 20:30:00,35.369422912597656
2018-05-28 20:45:00,35.210296630859375
2018-05-28 21:00:00,35.10062789916992
2018-05-28 21:15:00,35.034156799316406
2018-05-28 21:30:00,34.76059341430664
2018-05-28 21:45:00,34.72520065307617
2018-05-28 22:00:00,34.80018615722656
2018-05-28 22:15:00,34.490970611572266
2018-05-28 22:30:00,34.413673400878906
2018-05-28 22:45:00,34.36494827270508
2018-05-28 23:00:00,34.187286376953125
2018-05-28 23:15:00,34.1798210144043
2018-05-28 23:30:00,34.03636932373047
2018-05-28 23:45:00,34.00693893432617
2018-05-29 00:00:00,33.98652267456055
2018-05-29 00:15:00,33.75641632080078
2018-05-29 00:30:00,33.717708587646484
2018-05-29 00:45:00,33.921592712402344
2018-05-29 01:00:00,33.61875534057617
2018-05-29 01:15:00,33.7098274230957
2018-05-29 01:30:00,33.530941009521484
2018-05-29 01:45:00,33.336795806884766
2018-05-29 02:00:00,33.344791412353516
2018-05-29 02:15:00,33.36089324951172
2018-05-29 02:30:00,33.447418212890625
2018-05-29 02:45:00,33.211910247802734
2018-05-29 03:00:00,32.94998550415039
2018-05-29 03:15:00,33.26222229003906
2018-05-29 03:30:00,33.29130554199219
2018-05-29 03:45:00,33.05520248413086
2018-05-29 04:00:00,32.87622833251953
2018-05-29 04:15:00,32.938724517822266
2018-05-29 04:30:00,33.133583068847656
2018-05-29 04:45:00,32.79478073120117
2018-05-29 05:00:00,32.938724517822266
2018-05-29 05:15:00,32.83283996582031
2018-05-29 05:30:00,32.70014572143555
2018-05-29 05:45:00,32.7481803894043
2018-05-29 06:00:00,32.699745178222656
2018-05-29 06:15:00,32.57585906982422
2018-05-29 06:30:00,32.54146194458008
2018-05-29 06:45:00,32.7499885559082
2018-05-29 07:00:00,32.966182708740234
2018-05-29 07:15:00,32.76033401489258
2018-05-29 07:30:00,33.07414245605469
2018-05-29 07:45:00,33.25535583496094
2018-05-29 08:00:00,33.35907745361328
2018-05-29 08:15:00,33.58447265625
2018-05-29 08:30:00,33.987327575683594
2018-05-29 08:45:00,34.276607513427734
2018-05-29 09:00:00,34.36089324951172
2018-05-29 09:15:00,34.803218841552734
2018-05-29 09:30:00,34.9655647277832
2018-05-29 09:45:00,35.5692253112793
2018-05-29 10:00:00,35.800167083740234
2018-05-29 10:15:00,36.01927185058594
2018-05-29 10:30:00,36.548828125
2018-05-29 10:45:00,36.68977737426758
2018-05-29 11:00:00,37.28342056274414
2018-05-29 11:15:00,37.34370040893555
2018-05-29 11:30:00,37.58713150024414
2018-05-29 11:45:00,38.00992202758789
2018-05-29 12:00:00,38.26472091674805
2018-05-29 12:15:00,38.50749206542969
2018-05-29 12:30:00,38.55756759643555
2018-05-29 12:45:00,38.94580078125
2018-05-29 13:00:00,39.10985565185547
2018-05-29 13:15:00,39.27190399169922
2018-05-29 13:30:00,39.36833953857422
2018-05-29 13:45:00,39.26085662841797
2018-05-29 14:00:00,39.307281494140625
2018-05-29 14:15:00,39.27248001098633
2018-05-29 14:30:00,39.38538360595703
2018-05-29 14:45:00,39.33916091918945
2018-05-29 15:00:00,39.21298599243164
2018-05-29 15:15:00,39.25910568237305
2018-05-29 15:30:00,39.077796936035156
2018-05-29 15:45:00,38.91746139526367
2018-05-29 16:00:00,38.89814376831055
2018-05-29 16:15:00,38.531314849853516
2018-05-29 16:30:00,38.40266799926758
2018-05-29 16:45:00,38.11697006225586
2018-05-29 17:00:00,38.01063537597656
2018-05-29 17:15:00,38.0512580871582
2018-05-29 17:30:00,37.83443069458008
2018-05-29 17:45:00,37.265472412109375
2018-05-29 18:00:00,37.13248062133789
2018-05-29 18:15:00,37.173954010009766
2018-05-29 18:30:00,37.10808181762695
2018-05-29 18:45:00,36.60728073120117
2018-05-29 19:00:00,36.48046112060547
2018-05-29 19:15:00,36.314613342285156
2018-05-29 19:30:00,36.24115753173828
2018-05-29 19:45:00,36.00718307495117
2018-05-29 20:00:00,35.214900970458984
2018-05-29 20:15:00,35.21795654296875
2018-05-29 20:30:00,35.0625114440918
2018-05-29 20:45:00,35.025569915771484
2018-05-29 21:00:00,34.89959716796875
2018-05-29 21:15:00,34.87765121459961
2018-05-29 21:30:00,34.77190399169922
2018-05-29 21:45:00,34.71425247192383
2018-05-29 22:00:00,34.69839859008789
2018-05-29 22:15:00,34.580013275146484
2018-05-29 22:30:00,34.56217575073242
2018-05-29 22:45:00,34.55494689941406
2018-05-29 23:00:00,34.42763137817383
2018-05-29 23:15:00,34.4156379699707
2018-05-29 23:30:00,34.36091232299805
2018-05-29 23:45:00,34.33296585083008
2018-05-30 00:00:00,34.27281188964844
2018-05-30 00:15:00,34.26648712158203
2018-05-30 00:30:00,34.25050354003906
2018-05-30 00:45:00,34.28048324584961
2018-05-30 01:00:00,34.16218185424805
2018-05-30 01:15:00,34.22291946411133
2018-05-30 01:30:00,34.03934860229492
2018-05-30 01:45:00,34.0698356628418
2018-05-30 02:00:00,34.014461517333984
2018-05-30 02:15:00,33.955528259277344
2018-05-30 02:30:00,34.00230026245117
2018-05-30 02:45:00,33.89256286621094
2018-05-30 03:00:00,33.867767333984375
2018-05-30 03:15:00,33.95832061767578
2018-05-30 03:30:00,33.94517517089844
2018-05-30 03:45:00,33.89274597167969
2018-05-30 04:00:00,33.74363708496094
2018-05-30 04:15:00,33.791046142578125
2018-05-30 04:30:00,33.8216438293457
2018-05-30 04:45:00,33.68632125854492
2018-05-30 05:00:00,33.66864013671875
2018-05-30 05:15:00,33.726463317871094
2018-05-30 05:30:00,33.614681243896484
2018-05-30 05:45:00,33.5589485168457
2018-05-30 06:00:00,33.566287994384766
2018-05-30 06:15:00,33.49138641357422
2018-05-30 06:30:00,33.60881042480469
2018-05-30 06:45:00,33.603065490722656
2018-05-30 07:00:00,33.75658416748047
2018-05-30 07:15:00,33.554195404052734
2018-05-30 07:30:00,33.81232452392578
2018-05-30 07:45:00,33.949459075927734
2018-05-30 08:00:00,33.9886360168457
2018-05-30 08:15:00,34.11162185668945
2018-05-30 08:30:00,34.42605972290039
2018-05-30 08:45:00,34.519527435302734
2018-05-30 09:00:00,34.61018371582031
2018-05-30 09:15:00,34.756439208984375
2018-05-30 09:30:00,34.96267318725586
2018-05-30 09:45:00,35.36388397216797
2018-05-30 10:00:00,35.42790603637695
2018-05-30 10:15:00,35.60527420043945
2018-05-30 10:30:00,35.85551834106445
2018-05-30 10:45:00,35.88941192626953
2018-05-30 11:00:00,36.245418548583984
2018-05-30 11:15:00,36.36249542236328
2018-05-30 11:30:00,36.57290267944336
2018-05-30 11:45:00,36.722965240478516
2018-05-30 12:00:00,36.96653747558594
2018-05-30 12:15:00,37.13151168823242
2018-05-30 12:30:00,37.10723876953125
2018-05-30 12:45:00,37.38175964355469
2018-05-30 13:00:00,37.517852783203125
2018-05-30 13:15:00,37.657222747802734
2018-05-30 13:30:00,37.64069747924805
2018-05-30 13:45:00,37.650630950927734
2018-05-30 14:00:00,37.67835998535156
2018-05-30 14:15:00,37.678741455078125
2018-05-30 14:30:00,37.684852600097656
2018-05-30 14:45:00,37.74553680419922
2018-05-30 15:00:00,37.67576599121094
2018-05-30 15:15:00,37.62623596191406
2018-05-30 15:30:00,37.54815673828125
2018-05-30 15:45:00,37.42264938354492
2018-05-30 16:00:00,37.38663864135742
2018-05-30 16:15:00,37.19819259643555
2018-05-30 16:30:00,37.11525344848633
2018-05-30 16:45:00,36.89469909667969
2018-05-30 17:00:00,36.925289154052734
2018-05-30 17:15:00,36.91179275512695
2018-05-30 17:30:00,36.75714111328125
2018-05-30 17:45:00,36.38803482055664
2018-05-30 18:00:00,36.313533782958984
2018-05-30 18:15:00,36.31903839111328
2018-05-30 18:30:00,36.34422302246094
2018-05-30 18:45:00,35.991947174072266
2018-05-30 19:00:00,35.95427322387695
2018-05-30 19:15:00,35.77215576171875
2018-05-30 19:30:00,35.723819732666016
2018-05-30 19:45:00,35.644798278808594
2018-05-30 20:00:00,35.51360321044922
2018-05-30 20:15:00,35.4608039855957
2018-05-30 20:30:00,35.26808166503906
2018-05-30 20:45:00,35.154903411865234
2018-05-30 21:00:00,34.96706008911133
2018-05-30 21:15:00,34.89727020263672
2018-05-30 21:30:00,34.616458892822266
2018-05-30 21:45:00,34.66893768310547
2018-05-30 22:00:00,34.543880462646484
2018-05-30 22:15:00,34.280574798583984
2018-05-30 22:30:00,34.347007751464844
2018-05-30 22:45:00,34.31264114379883
2018-05-30 23:00:00,34.201473236083984
2018-05-30 23:15:00,34.24732208251953
2018-05-30 23:30:00,34.082557678222656
2018-05-30 23:45:00,33.976051330566406
2018-05-31 00:00:00,34.09199523925781
2018-05-31 00:15:00,34.03738784790039
2018-05-31 00:30:00,33.93277359008789
2018-05-31 00:45:00,33.897621154785156
2018-05-31 01:00:00,33.8299560546875
2018-05-31 01:15:00,33.82265090942383
2018-05-31 01:30:00,33.65686798095703
2018-05-31 01:45:00,33.85659408569336
2018-05-31 02:00:00,33.76802062988281
2018-05-31 02:15:00,33.817657470703125
2018-05-31 02:30:00,33.671348571777344
2018-05-31 02:45:00,33.6883659362793
2018-05-31 03:00:00,33.54497146606445
2018-05-31 03:15:00,33.654659271240234
2018-05-31 03:30:00,33.658451080322266
2018-05-31 03:45:00,33.61005401611328
2018-05-31 04:00:00,33.45564270019531
2018-05-31 04:15:00,33.558380126953125
2018-05-31 04:30:00,33.64860153198242
2018-05-31 04:45:00,33.477630615234375
2018-05-31 05:00:00,33.45254135131836
2018-05-31 05:15:00,33.50154113769531
2018-05-31 05:30:00,33.43009948730469
2018-05-31 05:45:00,33.28102111816406
2018-05-31 06:00:00,33.30519485473633
2018-05-31 06:15:00,33.29922866821289
2018-05-31 06:30:00,33.229042053222656
2018-05-31 06:45:00,33.12767791748047
2018-05-31 07:00:00,33.41600799560547
2018-05-31 07:15:00,33.135623931884766
2018-05-31 07:30:00,33.438961029052734
2018-05-31 07:45:00,33.62604522705078
2018-05-31 08:00:00,33.73392105102539
2018-05-31 08:15:00,33.83467483520508
2018-05-31 08:30:00,34.162376403808594
2018-05-31 08:45:00,34.468074798583984
2018-05-31 09:00:00,34.62281036376953
2018-05-31 09:15:00,34.836326599121094
2018-05-31 09:30:00,35.0803108215332
2018-05-31 09:45:00,35.631168365478516
2018-05-31 10:00:00,35.69551467895508
2018-05-31 10:15:00,36.05815887451172
2018-05-31 10:30:00,36.39741897583008
2018-05-31 10:45:00,36.397037506103516
2018-05-31 11:00:00,36.853694915771484
2018-05-31 11:15:00,37.05868148803711
2018-05-31 11:30:00,37.23307800292969
2018-05-31 11:45:00,37.60551834106445
2018-05-31 12:00:00,37.66899871826172
2018-05-31 12:15:00,38.06452941894531
2018-05-31 12:30:00,38.248741149902344
2018-05-31 12:45:00,38.3469123840332
2018-05-31 13:00:00,38.64906692504883
2018-05-31 13:15:00,38.83332824707031
2018-05-31 13:30:00,38.69609832763672
2018-05-31 13:45:00,38.66676712036133
2018-05-31 14:00:00,38.833744049072266
2018-05-31 14:15:00,38.8520393371582
2018-05-31 14:30:00,38.777137756347656
2018-05-31 14:45:00,38.94792556762695
2018-05-31 15:00:00,39.06862258911133
2018-05-31 15:15:00,38.81576156616211
2018-05-31 15:30:00,38.8107795715332
2018-05-31 15:45:00,38.68568801879883
2018-05-31 16:00:00,38.65657043457031
2018-05-31 16:15:00,38.464195251464844
2018-05-31 16:30:00,38.26234817504883
2018-05-31 16:45:00,38.1190299987793
2018-05-31 17:00:00,37.89481735229492
2018-05-31 17:15:00,37.86471939086914
2018-05-31 17:30:00,37.68929672241211
2018-05-31 17:45:00,37.31175994873047
2018-05-31 18:00:00,37.14582061767578
2018-05-31 18:15:00,37.04807662963867
2018-05-31 18:30:00,37.0024528503418
2018-05-31 18:45:00,36.8014030456543
2018-05-31 19:00:00,36.38947296142578
2018-05-31 19:15:00,36.321537017822266
2018-05-31 19:30:00,36.222774505615234
2018-05-31 19:45:00,36.106834411621094
2018-05-31 20:00:00,33.99264907836914
2018-05-31 20:15:00,33.894222259521484
2018-05-31 20:30:00,33.88256072998047
2018-05-31 20:45:00,33.9319953918457
2018-05-31 21:00:00,33.93804931640625
2018-05-31 21:15:00,33.834129333496094
2018-05-31 21:30:00,33.73537063598633
2018-05-31 21:45:00,33.78750228881836
2018-05-31 22:00:00,33.7725944519043
2018-05-31 22:15:00,33.77867889404297
2018-05-31 22:30:00,33.815067291259766
2018-05-31 22:45:00,33.78551483154297
2018-05-31 23:00:00,33.68886947631836
2018-05-31 23:15:00,33.66078186035156
2018-05-31 23:30:00,33.63043975830078
2018-05-31 23:45:00,33.65830612182617
2018-06-01 00:00:00,33.703006744384766
2018-06-01 00:15:00,33.637245178222656
2018-06-01 00:30:00,33.61154556274414
2018-06-01 00:45:00,33.58110046386719
2018-06-01 01:00:00,33.704383850097656
2018-06-01 01:15:00,33.596744537353516
2018-06-01 01:30:00,33.62201690673828
2018-06-01 01:45:00,33.60857009887695
2018-06-01 02:00:00,33.60429763793945
2018-06-01 02:15:00,33.7291259765625
2018-06-01 02:30:00,33.572898864746094
2018-06-01 02:45:00,33.67555618286133
2018-06-01 03:00:00,33.78993225097656
2018-06-01 03:15:00,33.629058837890625
2018-06-01 03:30:00,33.51687240600586
2018-06-01 03:45:00,33.60447311401367
2018-06-01 04:00:00,33.619728088378906
2018-06-01 04:15:00,33.59326171875
2018-06-01 04:30:00,33.649452209472656
2018-06-01 04:45:00,33.622657775878906
2018-06-01 05:00:00,33.51433181762695
2018-06-01 05:15:00,33.614871978759766
2018-06-01 05:30:00,33.5771598815918
2018-06-01 05:45:00,33.63992691040039
2018-06-01 06:00:00,33.62881088256836
2018-06-01 06:15:00,33.48441696166992
2018-06-01 06:30:00,33.70740509033203
2018-06-01 06:45:00,33.70240020751953
2018-06-01 07:00:00,33.637123107910156
2018-06-01 07:15:00,33.65694046020508
2018-06-01 07:30:00,33.69327926635742
2018-06-01 07:45:00,33.65948486328125
2018-06-01 08:00:00,33.7177734375
2018-06-01 08:15:00,33.61246109008789
2018-06-01 08:30:00,33.99725341796875
2018-06-01 08:45:00,33.70423126220703
2018-06-01 09:00:00,33.87399673461914
2018-06-01 09:15:00,33.843467712402344
2018-06-01 09:30:00,33.874298095703125
2018-06-01 09:45:00,34.01031494140625
2018-06-01 10:00:00,34.0212516784668
2018-06-01 10:15:00,34.009708404541016
2018-06-01 10:30:00,34.12627410888672
2018-06-01 10:45:00,33.99303436279297
2018-06-01 11:00:00,34.09969711303711
2018-06-01 11:15:00,34.24571228027344
2018-06-01 11:30:00,34.21657180786133
2018-06-01 11:45:00,34.188751220703125
2018-06-01 12:00:00,34.328189849853516
2018-06-01 12:15:00,34.35600280761719
2018-06-01 12:30:00,34.43671417236328
2018-06-01 12:45:00,34.31332778930664
2018-06-01 13:00:00,34.498226165771484
2018-06-01 13:15:00,34.66642761230469
2018-06-01 13:30:00,34.372257232666016
2018-06-01 13:45:00,34.447872161865234
2018-06-01 14:00:00,34.72708511352539
2018-06-01 14:15:00,34.595184326171875
2018-06-01 14:30:00,34.705474853515625
2018-06-01 14:45:00,34.6834831237793
2018-06-01 15:00:00,34.84483337402344
2018-06-01 15:15:00,34.88320541381836
2018-06-01 15:30:00,34.73220443725586
2018-06-01 15:45:00,34.771095275878906
2018-06-01 16:00:00,34.851661682128906
2018-06-01 16:15:00,34.91203689575195
2018-06-01 16:30:00,34.7430419921875
2018-06-01 16:45:00,35.00259017944336
2018-06-01 17:00:00,34.96453094482422
2018-06-01 17:15:00,34.94418716430664
2018-06-01 17:30:00,34.922733306884766
2018-06-01 17:45:00,34.754329681396484
2018-06-01 18:00:00,34.7095832824707
2018-06-01 18:15:00,34.689693450927734
2018-06-01 18:30:00,34.68518829345703
2018-06-01 18:45:00,34.73881149291992
2018-06-01 19:00:00,34.63697052001953
2018-06-01 19:15:00,34.68281936645508
2018-06-01 19:30:00,34.60561752319336
2018-06-01 19:45:00,34.63703536987305
2018-06-01 20:00:00,37.15349197387695
2018-06-01 20:15:00,37.178672790527344
2018-06-01 20:30:00,37.206939697265625
2018-06-01 20:45:00,37.23277282714844
2018-06-01 21:00:00,37.260589599609375
2018-06-01 21:15:00,37.2868537902832
2018-06-01 21:30:00,37.314395904541016
2018-06-01 21:45:00,37.34095001220703
2018-06-01 22:00:00,37.36832809448242
2018-06-01 22:15:00,37.39508056640625
2018-06-01 22:30:00,37.42237091064453
2018-06-01 22:45:00,37.44926452636719
2018-06-01 23:00:00,37.47651290893555
2018-06-01 23:15:00,37.50351333618164
2018-06-01 23:30:00,37.53074645996094
2018-06-01 23:45:00,37.55782699584961
2018-06-02 00:00:00,37.58506393432617
2018-06-02 00:15:00,37.612213134765625
2018-06-02 00:30:00,37.639469146728516
2018-06-02 00:45:00,37.66667556762695
2018-06-02 01:00:00,37.6939582824707
2018-06-02 01:15:00,37.721214294433594
2018-06-02 01:30:00,37.74852752685547
2018-06-02 01:45:00,37.77582931518555
2018-06-02 02:00:00,37.80317306518555
2018-06-02 02:15:00,37.83052062988281
2018-06-02 02:30:00,37.85790252685547
2018-06-02 02:45:00,37.885292053222656
2018-06-02 03:00:00,37.91271209716797
2018-06-02 03:15:00,37.94014358520508
2018-06-02 03:30:00,37.96760177612305
2018-06-02 03:45:00,37.99507522583008
2018-06-02 04:00:00,38.0225715637207
2018-06-02 04:15:00,38.05008316040039
2018-06-02 04:30:00,38.07761764526367
2018-06-02 04:45:00,38.10517120361328
2018-06-02 05:00:00,38.13274383544922
2018-06-02 05:15:00,38.160335540771484
2018-06-02 05:30:00,38.187950134277344
2018-06-02 05:45:00,38.21558380126953
2018-06-02 06:00:00,38.24323654174805
2018-06-02 06:15:00,38.27090835571289
2018-06-02 06:30:00,38.29860305786133
2018-06-02 06:45:00,38.326316833496094
2018-06-02 07:00:00,38.35404968261719
2018-06-02 07:15:00,38.38180160522461
2018-06-02 07:30:00,38.409576416015625
2018-06-02 07:45:00,38.43737030029297
2018-06-02 08:00:00,38.46518325805664
2018-06-02 08:15:00,38.493019104003906
2018-06-02 08:30:00,38.5208740234375
2018-06-02 08:45:00,38.54874801635742
2018-06-02 09:00:00,38.57664108276367
2018-06-02 09:15:00,38.604557037353516
2018-06-02 09:30:00,38.63249206542969
2018-06-02 09:45:00,38.66044616699219
2018-06-02 10:00:00,38.68842315673828
2018-06-02 10:15:00,38.7164192199707
2018-06-02 10:30:00,38.74443435668945
2018-06-02 10:45:00,38.7724723815918
2018-06-02 11:00:00,38.80052947998047
2018-06-02 11:15:00,38.82860565185547
2018-06-02 11:30:00,38.85670471191406
2018-06-02 11:45:00,38.884822845458984
2018-06-02 12:00:00,38.912960052490234
2018-06-02 12:15:00,38.94112014770508
2018-06-02 12:30:00,38.96929931640625
2018-06-02 12:45:00,38.99749755859375
2018-06-02 13:00:00,39.025718688964844
2018-06-02 13:15:00,39.053958892822266
2018-06-02 13:30:00,39.082218170166016
2018-06-02 13:45:00,39.11050033569336
2018-06-02 14:00:00,39.13880157470703
2018-06-02 14:15:00,39.16712188720703
2018-06-02 14:30:00,39.195465087890625
2018-06-02 14:45:00,39.22382736206055
2018-06-02 15:00:00,39.2522087097168
2018-06-02 15:15:00,39.28061294555664
2018-06-02 15:30:00,39.30903625488281
2018-06-02 15:45:00,39.33748245239258
2018-06-02 16:00:00,39.36594772338867
2018-06-02 16:15:00,39.394432067871094
2018-06-02 16:30:00,39.42293930053711
2018-06-02 16:45:00,39.45146560668945
2018-06-02 17:00:00,39.48001480102539
2018-06-02 17:15:00,39.508583068847656
2018-06-02 17:30:00,39.53717041015625
2018-06-02 17:45:00,39.56578063964844
2018-06-02 18:00:00,39.59440994262695
2018-06-02 18:15:00,39.62306213378906
2018-06-02 18:30:00,39.6517333984375
2018-06-02 18:45:00,39.68042755126953
2018-06-02 19:00:00,39.70914077758789
2018-06-02 19:15:00,39.737876892089844
2018-06-02 19:30:00,39.766632080078125
2018-06-02 19:45:00,39.795406341552734
2018-06-02 20:00:00,34.547210693359375
2018-06-02 20:15:00,34.44419479370117
2018-06-02 20:30:00,34.3160514831543
2018-06-02 20:45:00,34.19876480102539
2018-06-02 21:00:00,34.05511474609375
2018-06-02 21:15:00,34.075748443603516
2018-06-02 21:30:00,33.838951110839844
2018-06-02 21:45:00,33.787078857421875
2018-06-02 22:00:00,33.6319694519043
2018-06-02 22:15:00,33.562191009521484
2018-06-02 22:30:00,33.49998092651367
2018-06-02 22:45:00,33.47315979003906
2018-06-02 23:00:00,33.34929656982422
2018-06-02 23:15:00,33.37871170043945
2018-06-02 23:30:00,33.17544174194336
2018-06-02 23:45:00,33.12883758544922
2018-06-03 00:00:00,32.969749450683594
2018-06-03 00:15:00,32.820343017578125
2018-06-03 00:30:00,32.947357177734375
2018-06-03 00:45:00,32.89816665649414
2018-06-03 01:00:00,32.69566345214844
2018-06-03 01:15:00,32.6492919921875
2018-06-03 01:30:00,32.36856460571289
2018-06-03 01:45:00,32.364654541015625
2018-06-03 02:00:00,32.422786712646484
2018-06-03 02:15:00,32.34718704223633
2018-06-03 02:30:00,32.21574783325195
2018-06-03 02:45:00,32.056907653808594
2018-06-03 03:00:00,31.99063491821289
2018-06-03 03:15:00,32.12934112548828
2018-06-03 03:30:00,32.13954544067383
2018-06-03 03:45:00,31.881567001342773
2018-06-03 04:00:00,31.799238204956055
2018-06-03 04:15:00,31.665719985961914
2018-06-03 04:30:00,31.963918685913086
2018-06-03 04:45:00,31.741661071777344
2018-06-03 05:00:00,31.819480895996094
2018-06-03 05:15:00,31.647930145263672
2018-06-03 05:30:00,31.60732078552246
2018-06-03 05:45:00,31.687620162963867
2018-06-03 06:00:00,31.55491065979004
2018-06-03 06:15:00,31.63729476928711
2018-06-03 06:30:00,31.577411651611328
2018-06-03 06:45:00,31.810712814331055
2018-06-03 07:00:00,31.904804229736328
2018-06-03 07:15:00,32.03400802612305
2018-06-03 07:30:00,32.09194564819336
2018-06-03 07:45:00,32.27458953857422
2018-06-03 08:00:00,32.5451774597168
2018-06-03 08:15:00,32.84272384643555
2018-06-03 08:30:00,33.05278778076172
2018-06-03 08:45:00,33.531246185302734
2018-06-03 09:00:00,33.79724884033203
2018-06-03 09:15:00,34.279720306396484
2018-06-03 09:30:00,34.41707229614258
2018-06-03 09:45:00,34.913429260253906
2018-06-03 10:00:00,35.26059341430664
2018-06-03 10:15:00,35.69883728027344
2018-06-03 10:30:00,36.071556091308594
2018-06-03 10:45:00,36.35926055908203
2018-06-03 11:00:00,36.6144905090332
2018-06-03 11:15:00,36.84627151489258
2018-06-03 11:30:00,37.113582611083984
2018-06-03 11:45:00,37.41770553588867
2018-06-03 12:00:00,37.62625503540039
2018-06-03 12:15:00,37.84247589111328
2018-06-03 12:30:00,37.82732009887695
2018-06-03 12:45:00,38.16016387939453
2018-06-03 13:00:00,38.35065460205078
2018-06-03 13:15:00,38.18840789794922
2018-06-03 13:30:00,38.47652816772461
2018-06-03 13:45:00,38.50849914550781
2018-06-03 14:00:00,38.32658767700195
2018-06-03 14:15:00,38.38581848144531
2018-06-03 14:30:00,38.25786590576172
2018-06-03 14:45:00,38.22196960449219
2018-06-03 15:00:00,38.26986312866211
2018-06-03 15:15:00,38.188087463378906
2018-06-03 15:30:00,37.88711929321289
2018-06-03 15:45:00,37.87668991088867
2018-06-03 16:00:00,37.88619613647461
2018-06-03 16:15:00,37.48222351074219
2018-06-03 16:30:00,37.2330322265625
2018-06-03 16:45:00,36.92842102050781
2018-06-03 17:00:00,37.021915435791016
2018-06-03 17:15:00,36.679222106933594
2018-06-03 17:30:00,36.66499710083008
2018-06-03 17:45:00,36.3947868347168
2018-06-03 18:00:00,36.08836364746094
2018-06-03 18:15:00,35.96697235107422
2018-06-03 18:30:00,35.9990234375
2018-06-03 18:45:00,35.83137512207031
2018-06-03 19:00:00,35.46339416503906
2018-06-03 19:15:00,35.3461799621582
2018-06-03 19:30:00,35.30811309814453
2018-06-03 19:45:00,35.15727233886719
2018-06-03 20:00:00,34.909339904785156
2018-06-03 20:15:00,34.12773513793945
2018-06-03 20:30:00,34.029205322265625
2018-06-03 20:45:00,33.289058685302734
2018-06-03 21:00:00,32.85274124145508
2018-06-03 21:15:00,33.3168830871582
2018-06-03 21:30:00,32.96597671508789
2018-06-03 21:45:00,33.245147705078125
2018-06-03 22:00:00,32.860267639160156
2018-06-03 22:15:00,32.729618072509766
2018-06-03 22:30:00,32.52882766723633
2018-06-03 22:45:00,32.17390823364258
2018-06-03 23:00:00,32.58605194091797
2018-06-03 23:15:00,32.24171829223633
2018-06-03 23:30:00,32.07822799682617
2018-06-03 23:45:00,31.634164810180664
2018-06-04 00:00:00,31.879592895507812
2018-06-04 00:15:00,31.63118553161621
2018-06-04 00:30:00,31.89399528503418
2018-06-04 00:45:00,31.629480361938477
2018-06-04 01:00:00,31.87860107421875
2018-06-04 01:15:00,31.835269927978516
2018-06-04 01:30:00,32.07487106323242
2018-06-04 01:45:00,31.731731414794922
2018-06-04 02:00:00,31.740779876708984
2018-06-04 02:15:00,31.548856735229492
2018-06-04 02:30:00,31.570510864257812
2018-06-04 02:45:00,31.227235794067383
2018-06-04 03:00:00,31.651031494140625
2018-06-04 03:15:00,30.80795669555664
2018-06-04 03:30:00,30.46812629699707
2018-06-04 03:45:00,30.6796932220459
2018-06-04 04:00:00,30.58498764038086
2018-06-04 04:15:00,30.33172607421875
2018-06-04 04:30:00,30.979724884033203
2018-06-04 04:45:00,30.245532989501953
2018-06-04 05:00:00,29.863506317138672
2018-06-04 05:15:00,30.012115478515625
2018-06-04 05:30:00,30.055753707885742
2018-06-04 05:45:00,30.261503219604492
2018-06-04 06:00:00,29.92145538330078
2018-06-04 06:15:00,30.106237411499023
2018-06-04 06:30:00,30.054105758666992
2018-06-04 06:45:00,30.14547348022461
2018-06-04 07:00:00,30.139751434326172
2018-06-04 07:15:00,30.803709030151367
2018-06-04 07:30:00,30.956573486328125
2018-06-04 07:45:00,30.958316802978516
2018-06-04 08:00:00,31.630023956298828
2018-06-04 08:15:00,32.13927459716797
2018-06-04 08:30:00,32.42936706542969
2018-06-04 08:45:00,32.58164596557617
2018-06-04 09:00:00,33.58362579345703
2018-06-04 09:15:00,34.15642166137695
2018-06-04 09:30:00,34.256813049316406
2018-06-04 09:45:00,35.13573455810547
2018-06-04 10:00:00,35.785980224609375
2018-06-04 10:15:00,36.25852584838867
2018-06-04 10:30:00,37.132362365722656
2018-06-04 10:45:00,37.48136901855469
2018-06-04 11:00:00,37.96595001220703
2018-06-04 11:15:00,38.742332458496094
2018-06-04 11:30:00,38.89389419555664
2018-06-04 11:45:00,40.04414367675781
2018-06-04 12:00:00,39.832237243652344
2018-06-04 12:15:00,40.522464752197266
2018-06-04 12:30:00,40.83040237426758
2018-06-04 12:45:00,41.26976013183594
2018-06-04 13:00:00,41.48578643798828
2018-06-04 13:15:00,41.86023712158203
2018-06-04 13:30:00,42.113014221191406
2018-06-04 13:45:00,42.454219818115234
2018-06-04 14:00:00,42.564823150634766
2018-06-04 14:15:00,42.846641540527344
2018-06-04 14:30:00,42.1616325378418
2018-06-04 14:45:00,42.5467529296875
2018-06-04 15:00:00,42.60655212402344
2018-06-04 15:15:00,42.249019622802734
2018-06-04 15:30:00,41.81319808959961
2018-06-04 15:45:00,41.770416259765625
2018-06-04 16:00:00,41.32687759399414
2018-06-04 16:15:00,41.182579040527344
2018-06-04 16:30:00,40.79405212402344
2018-06-04 16:45:00,40.242244720458984
2018-06-04 17:00:00,39.79704284667969
2018-06-04 17:15:00,39.5699577331543
2018-06-04 17:30:00,38.83237838745117
2018-06-04 17:45:00,38.440696716308594
2018-06-04 18:00:00,38.177146911621094
2018-06-04 18:15:00,37.22494125366211
2018-06-04 18:30:00,37.392555236816406
2018-06-04 18:45:00,36.75099182128906
2018-06-04 19:00:00,36.238059997558594
2018-06-04 19:15:00,36.32410430908203
2018-06-04 19:30:00,35.5160026550293
2018-06-04 19:45:00,35.712738037109375
2018-06-04 20:00:00,36.310394287109375
2018-06-04 20:15:00,36.047298431396484
2018-06-04 20:30:00,35.89361572265625
2018-06-04 20:45:00,35.64787673950195
2018-06-04 21:00:00,35.460205078125
2018-06-04 21:15:00,35.11968231201172
2018-06-04 21:30:00,34.7775993347168
2018-06-04 21:45:00,34.54690933227539
2018-06-04 22:00:00,34.472537994384766
2018-06-04 22:15:00,34.515193939208984
2018-06-04 22:30:00,34.47446060180664
2018-06-04 22:45:00,34.03323745727539
2018-06-04 23:00:00,34.1961669921875
2018-06-04 23:15:00,33.57124328613281
2018-06-04 23:30:00,33.473419189453125
2018-06-04 23:45:00,33.449180603027344
2018-06-05 00:00:00,33.19293212890625
2018-06-05 00:15:00,32.94419860839844
2018-06-05 00:30:00,33.005706787109375
2018-06-05 00:45:00,33.020057678222656
2018-06-05 01:00:00,33.02520751953125
2018-06-05 01:15:00,32.705204010009766
2018-06-05 01:30:00,32.79957580566406
2018-06-05 01:45:00,32.376094818115234
2018-06-05 02:00:00,32.2259635925293
2018-06-05 02:15:00,32.043235778808594
2018-06-05 02:30:00,31.977914810180664
2018-06-05 02:45:00,31.61905288696289
2018-06-05 03:00:00,31.67167854309082
2018-06-05 03:15:00,31.312347412109375
2018-06-05 03:30:00,31.566001892089844
2018-06-05 03:45:00,31.061004638671875
2018-06-05 04:00:00,30.888391494750977
2018-06-05 04:15:00,30.407764434814453
2018-06-05 04:30:00,30.937007904052734
2018-06-05 04:45:00,30.222957611083984
2018-06-05 05:00:00,30.34754180908203
2018-06-05 05:15:00,30.668176651000977
2018-06-05 05:30:00,30.227474212646484
2018-06-05 05:45:00,30.215085983276367
2018-06-05 06:00:00,30.18071746826172
2018-06-05 06:15:00,30.390586853027344
2018-06-05 06:30:00,30.291086196899414
2018-06-05 06:45:00,30.13522720336914
2018-06-05 07:00:00,29.972192764282227
2018-06-05 07:15:00,30.11597442626953
2018-06-05 07:30:00,30.26006507873535
2018-06-05 07:45:00,30.231307983398438
2018-06-05 08:00:00,30.814102172851562
2018-06-05 08:15:00,31.581634521484375
2018-06-05 08:30:00,31.624263763427734
2018-06-05 08:45:00,32.337284088134766
2018-06-05 09:00:00,32.793846130371094
2018-06-05 09:15:00,33.680328369140625
2018-06-05 09:30:00,34.23442840576172
2018-06-05 09:45:00,35.08397674560547
2018-06-05 10:00:00,35.809898376464844
2018-06-05 10:15:00,36.62288284301758
2018-06-05 10:30:00,37.4761848449707
2018-06-05 10:45:00,38.00543975830078
2018-06-05 11:00:00,39.22529602050781
2018-06-05 11:15:00,39.64080047607422
2018-06-05 11:30:00,39.999908447265625
2018-06-05 11:45:00,40.730865478515625
2018-06-05 12:00:00,42.402008056640625
2018-06-05 12:15:00,42.50722885131836
2018-06-05 12:30:00,42.95932388305664
2018-06-05 12:45:00,43.52050018310547
2018-06-05 13:00:00,43.46018981933594
2018-06-05 13:15:00,43.727970123291016
2018-06-05 13:30:00,43.78410339355469
2018-06-05 13:45:00,43.97109603881836
2018-06-05 14:00:00,44.050384521484375
2018-06-05 14:15:00,44.02723693847656
2018-06-05 14:30:00,43.997222900390625
2018-06-05 14:45:00,43.942665100097656
2018-06-05 15:00:00,44.03704833984375
2018-06-05 15:15:00,43.888343811035156
2018-06-05 15:30:00,43.4671516418457
2018-06-05 15:45:00,43.25259780883789
2018-06-05 16:00:00,42.61796951293945
2018-06-05 16:15:00,42.257850646972656
2018-06-05 16:30:00,41.7833251953125
2018-06-05 16:45:00,41.1942253112793
2018-06-05 17:00:00,41.036834716796875
2018-06-05 17:15:00,40.3146858215332
2018-06-05 17:30:00,40.34525680541992
2018-06-05 17:45:00,39.548011779785156
2018-06-05 18:00:00,39.328941345214844
2018-06-05 18:15:00,38.59091567993164
2018-06-05 18:30:00,38.445064544677734
2018-06-05 18:45:00,37.859764099121094
2018-06-05 19:00:00,37.423095703125
2018-06-05 19:15:00,37.46723556518555
2018-06-05 19:30:00,36.9387092590332
2018-06-05 19:45:00,37.07175827026367
2018-06-05 20:00:00,34.40483014080709
2018-06-05 20:15:00,34.21120334211342
2018-06-05 20:30:00,34.02757621725734
2018-06-05 20:45:00,33.85343234249208
2018-06-05 21:00:00,33.68828196428935
2018-06-05 21:15:00,33.53166062198106
2018-06-05 21:30:00,33.383127841533295
2018-06-05 21:45:00,33.24226589677919
2018-06-05 22:00:00,33.10867863462673
2018-06-05 22:15:00,32.98199036093761
2018-06-05 22:30:00,32.86184478394381
2018-06-05 22:45:00,32.74790401223044
2018-06-05 23:00:00,32.63984760446682
2018-06-05 23:15:00,32.53737166821328
2018-06-05 23:30:00,32.44018800526928
2018-06-05 23:45:00,32.34802330115917
2018-06-06 00:00:00,32.26061835647625
2018-06-06 00:15:00,32.1777273579233
2018-06-06 00:30:00,32.09911718699956
2018-06-06 00:45:00,32.02456676438988
2018-06-06 01:00:00,31.953866428212354
2018-06-06 01:15:00,31.886817344375686
2018-06-06 01:30:00,31.82323094738815
2018-06-06 01:45:00,31.762928410045422
2018-06-06 02:00:00,31.70574014050588
2018-06-06 02:15:00,31.65150530533901
2018-06-06 02:30:00,31.60007137720548
2018-06-06 02:45:00,31.551293705896892
2018-06-06 03:00:00,31.505035111528755
2018-06-06 03:15:00,31.461165498742652
2018-06-06 03:30:00,31.419561490832535
2018-06-06 03:45:00,31.380106082766268
2018-06-06 04:00:00,31.3426883121265
2018-06-06 04:15:00,31.30720294704553
2018-06-06 04:30:00,31.273550190256444
2018-06-06 04:45:00,31.24163539842829
2018-06-06 05:00:00,31.211368815995886
2018-06-06 05:15:00,31.18266532273577
2018-06-06 05:30:00,31.155444194378326
2018-06-06 05:45:00,31.1296288755829
2018-06-06 06:00:00,31.10514676463736
2018-06-06 06:15:00,31.081929009276706
2018-06-06 06:30:00,31.059910313046366
2018-06-06 06:45:00,31.03902875166574
2018-06-06 07:00:00,31.019225598875423
2018-06-06 07:15:00,31.00044516127843
2018-06-06 07:30:00,30.98263462171087
2018-06-06 07:45:00,30.965743890701567
2018-06-06 08:00:00,30.94972546560297
2018-06-06 08:15:00,30.934534296997064
2018-06-06 08:30:00,30.920127662000635
2018-06-06 08:45:00,30.90646504411358
2018-06-06 09:00:00,30.893508019272325
2018-06-06 09:15:00,30.881220147787896
2018-06-06 09:30:00,30.869566871864784
2018-06-06 09:45:00,30.858515418412303
2018-06-06 10:00:00,30.848034706875207
2018-06-06 10:15:00,30.83809526182428
2018-06-06 10:30:00,30.82866913006111
2018-06-06 10:45:00,30.819729802003927
2018-06-06 11:00:00,30.81125213713336
2018-06-06 11:15:00,30.803212293288507
2018-06-06 11:30:00,30.795587659614437
2018-06-06 11:45:00,30.788356792972547
2018-06-06 12:00:00,30.781499357634946
2018-06-06 12:15:00,30.774996068093284
2018-06-06 12:30:00,30.76882863482114
2018-06-06 12:45:00,30.76297971283748
2018-06-06 13:00:00,30.75743285292649
2018-06-06 13:15:00,30.752172455376638
2018-06-06 13:30:00,30.747183726108805
2018-06-06 13:45:00,30.74245263507018
2018-06-06 14:00:00,30.737965876776823
2018-06-06 14:15:00,30.733710832893994
2018-06-06 14:30:00,30.729675536748978
2018-06-06 14:45:00,30.725848639676613
2018-06-06 15:00:00,30.72221937910287
2018-06-06 15:15:00,30.718777548276737
2018-06-06 15:30:00,30.715513467565245
2018-06-06 15:45:00,30.712417957230965
2018-06-06 16:00:00,30.709482311615375
2018-06-06 16:15:00,30.70669827465549
2018-06-06 16:30:00,30.704058016664934
2018-06-06 16:45:00,30.701554112314117
2018-06-06 17:00:00,30.699179519747606
2018-06-06 17:15:00,30.69692756077997
2018-06-06 17:30:00,30.69479190211438
2018-06-06 17:45:00,30.692766537531156
2018-06-06 18:00:00,30.690845770996198
2018-06-06 18:15:00,30.68902420064171
2018-06-06 18:30:00,30.68729670357429
2018-06-06 18:45:00,30.685658421467537
2018-06-06 19:00:00,30.684104746898747
2018-06-06 19:15:00,30.68263131039123
2018-06-06 19:30:00,30.68123396812581
2018-06-06 19:45:00,30.679908790286945
2018-06-06 20:00:00,39.55168533325195
2018-06-06 20:15:00,39.43130111694336
2018-06-06 20:30:00,39.11553192138672
2018-06-06 20:45:00,39.273658752441406
2018-06-06 21:00:00,39.276275634765625
2018-06-06 21:15:00,38.9831428527832
2018-06-06 21:30:00,38.63679122924805
2018-06-06 21:45:00,38.26697540283203
2018-06-06 22:00:00,38.21145248413086
2018-06-06 22:15:00,37.897247314453125
2018-06-06 22:30:00,37.9273796081543
2018-06-06 22:45:00,37.11748504638672
2018-06-06 23:00:00,37.022499084472656
2018-06-06 23:15:00,37.326534271240234
2018-06-06 23:30:00,36.92535400390625
2018-06-06 23:45:00,37.11326599121094
2018-06-07 00:00:00,36.95536804199219
2018-06-07 00:15:00,36.92942428588867
2018-06-07 00:30:00,36.33774185180664
2018-06-07 00:45:00,36.242801666259766
2018-06-07 01:00:00,36.23604202270508
2018-06-07 01:15:00,36.184017181396484
2018-06-07 01:30:00,35.478511810302734
2018-06-07 01:45:00,35.201507568359375
2018-06-07 02:00:00,35.82875442504883
2018-06-07 02:15:00,35.16231918334961
2018-06-07 02:30:00,35.190921783447266
2018-06-07 02:45:00,34.44883346557617
2018-06-07 03:00:00,34.52052688598633
2018-06-07 03:15:00,34.37797164916992
2018-06-07 03:30:00,34.170902252197266
2018-06-07 03:45:00,33.78555679321289
2018-06-07 04:00:00,33.868587493896484
2018-06-07 04:15:00,33.68000030517578
2018-06-07 04:30:00,33.31550216674805
2018-06-07 04:45:00,33.31179428100586
2018-06-07 05:00:00,32.965579986572266
2018-06-07 05:15:00,32.60549545288086
2018-06-07 05:30:00,33.672386169433594
2018-06-07 05:45:00,33.1968879699707
2018-06-07 06:00:00,33.20281219482422
2018-06-07 06:15:00,32.985931396484375
2018-06-07 06:30:00,32.928279876708984
2018-06-07 06:45:00,33.125667572021484
2018-06-07 07:00:00,33.0413818359375
2018-06-07 07:15:00,34.12606430053711
2018-06-07 07:30:00,33.939422607421875
2018-06-07 07:45:00,34.308937072753906
2018-06-07 08:00:00,34.419517517089844
2018-06-07 08:15:00,35.06687545776367
2018-06-07 08:30:00,35.467132568359375
2018-06-07 08:45:00,35.81993103027344
2018-06-07 09:00:00,36.249244689941406
2018-06-07 09:15:00,36.70933151245117
2018-06-07 09:30:00,37.42565155029297
2018-06-07 09:45:00,37.740047454833984
2018-06-07 10:00:00,38.60630798339844
2018-06-07 10:15:00,38.64622497558594
2018-06-07 10:30:00,39.580116271972656
2018-06-07 10:45:00,39.9644775390625
2018-06-07 11:00:00,40.497276306152344
2018-06-07 11:15:00,41.298641204833984
2018-06-07 11:30:00,41.49686050415039
2018-06-07 11:45:00,41.76910400390625
2018-06-07 12:00:00,42.050384521484375
2018-06-07 12:15:00,42.620174407958984
2018-06-07 12:30:00,43.22860336303711
2018-06-07 12:45:00,43.46634292602539
2018-06-07 13:00:00,43.662513732910156
2018-06-07 13:15:00,43.594547271728516
2018-06-07 13:30:00,43.635433197021484
2018-06-07 13:45:00,44.14455795288086
2018-06-07 14:00:00,43.947731018066406
2018-06-07 14:15:00,44.54811477661133
2018-06-07 14:30:00,43.1767578125
2018-06-07 14:45:00,44.0570182800293
2018-06-07 15:00:00,42.91167449951172
2018-06-07 15:15:00,43.55234146118164
2018-06-07 15:30:00,43.553489685058594
2018-06-07 15:45:00,42.809288024902344
2018-06-07 16:00:00,43.14516830444336
2018-06-07 16:15:00,42.76900100708008
2018-06-07 16:30:00,41.842830657958984
2018-06-07 16:45:00,42.05257797241211
2018-06-07 17:00:00,41.881473541259766
2018-06-07 17:15:00,41.58456039428711
2018-06-07 17:30:00,41.19102478027344
2018-06-07 17:45:00,40.5739631652832
2018-06-07 18:00:00,40.35737609863281
2018-06-07 18:15:00,40.366249084472656
2018-06-07 18:30:00,40.0961799621582
2018-06-07 18:45:00,40.0779914855957
2018-06-07 19:00:00,39.11211395263672
2018-06-07 19:15:00,38.960670471191406
2018-06-07 19:30:00,38.67686462402344
2018-06-07 19:45:00,38.69786071777344
2018-06-07 20:00:00,40.96987533569336
2018-06-07 20:15:00,40.822509765625
2018-06-07 20:30:00,40.59785079956055
2018-06-07 20:45:00,40.415367126464844
2018-06-07 21:00:00,40.37208938598633
2018-06-07 21:15:00,40.255226135253906
2018-06-07 21:30:00,40.04548645019531
2018-06-07 21:45:00,39.937416076660156
2018-06-07 22:00:00,39.72454833984375
2018-06-07 22:15:00,39.67412567138672
2018-06-07 22:30:00,39.73642349243164
2018-06-07 22:45:00,39.39432907104492
2018-06-07 23:00:00,39.3758544921875
2018-06-07 23:15:00,39.30464172363281
2018-06-07 23:30:00,39.129573822021484
2018-06-07 23:45:00,39.13726806640625
2018-06-08 00:00:00,38.86499786376953
2018-06-08 00:15:00,38.71317672729492
2018-06-08 00:30:00,38.73749923706055
2018-06-08 00:45:00,38.882450103759766
2018-06-08 01:00:00,38.56780242919922
2018-06-08 01:15:00,38.69938659667969
2018-06-08 01:30:00,38.4219970703125
2018-06-08 01:45:00,38.194488525390625
2018-06-08 02:00:00,38.44374465942383
2018-06-08 02:15:00,38.36417770385742
2018-06-08 02:30:00,38.312984466552734
2018-06-08 02:45:00,38.15304946899414
2018-06-08 03:00:00,37.939788818359375
2018-06-08 03:15:00,37.995479583740234
2018-06-08 03:30:00,38.05419921875
2018-06-08 03:45:00,37.85274124145508
2018-06-08 04:00:00,37.41388702392578
2018-06-08 04:15:00,37.462623596191406
2018-06-08 04:30:00,37.73488998413086
2018-06-08 04:45:00,37.40983200073242
2018-06-08 05:00:00,37.539894104003906
2018-06-08 05:15:00,37.24732208251953
2018-06-08 05:30:00,37.16645812988281
2018-06-08 05:45:00,37.28782272338867
2018-06-08 06:00:00,36.85737991333008
2018-06-08 06:15:00,36.838253021240234
2018-06-08 06:30:00,36.72669219970703
2018-06-08 06:45:00,36.912620544433594
2018-06-08 07:00:00,36.964927673339844
2018-06-08 07:15:00,37.04605484008789
2018-06-08 07:30:00,37.2840690612793
2018-06-08 07:45:00,37.57345199584961
2018-06-08 08:00:00,37.77900695800781
2018-06-08 08:15:00,38.13976287841797
2018-06-08 08:30:00,38.50112533569336
2018-06-08 08:45:00,39.05298614501953
2018-06-08 09:00:00,39.39136505126953
2018-06-08 09:15:00,40.202369689941406
2018-06-08 09:30:00,40.50634002685547
2018-06-08 09:45:00,40.953102111816406
2018-06-08 10:00:00,41.41926574707031
2018-06-08 10:15:00,41.863826751708984
2018-06-08 10:30:00,42.56346130371094
2018-06-08 10:45:00,42.905364990234375
2018-06-08 11:00:00,43.39283752441406
2018-06-08 11:15:00,43.47773742675781
2018-06-08 11:30:00,43.63180160522461
2018-06-08 11:45:00,44.271575927734375
2018-06-08 12:00:00,44.2580451965332
2018-06-08 12:15:00,44.67866516113281
2018-06-08 12:30:00,44.9052734375
2018-06-08 12:45:00,45.033756256103516
2018-06-08 13:00:00,45.21923065185547
2018-06-08 13:15:00,45.195716857910156
2018-06-08 13:30:00,45.423492431640625
2018-06-08 13:45:00,45.24494171142578
2018-06-08 14:00:00,45.03925704956055
2018-06-08 14:15:00,45.126625061035156
2018-06-08 14:30:00,45.29533386230469
2018-06-08 14:45:00,45.11539840698242
2018-06-08 15:00:00,45.01630783081055
2018-06-08 15:15:00,44.78168487548828
2018-06-08 15:30:00,44.24876403808594
2018-06-08 15:45:00,44.27553939819336
2018-06-08 16:00:00,44.129608154296875
2018-06-08 16:15:00,43.65601348876953
2018-06-08 16:30:00,43.41581726074219
2018-06-08 16:45:00,42.986209869384766
2018-06-08 17:00:00,42.98654556274414
2018-06-08 17:15:00,42.49184799194336
2018-06-08 17:30:00,42.364952087402344
2018-06-08 17:45:00,42.242576599121094
2018-06-08 18:00:00,41.74772262573242
2018-06-08 18:15:00,41.561824798583984
2018-06-08 18:30:00,41.3698616027832
2018-06-08 18:45:00,41.27678298950195
2018-06-08 19:00:00,41.00810623168945
2018-06-08 19:15:00,40.756832122802734
2018-06-08 19:30:00,40.46291732788086
2018-06-08 19:45:00,40.27616882324219
2018-06-08 20:00:00,37.78786087036133
2018-06-08 20:15:00,37.521488189697266
2018-06-08 20:30:00,37.295894622802734
2018-06-08 20:45:00,37.06813430786133
2018-06-08 21:00:00,36.87211990356445
2018-06-08 21:15:00,36.6544075012207
2018-06-08 21:30:00,36.43753433227539
2018-06-08 21:45:00,36.241397857666016
2018-06-08 22:00:00,36.048885345458984
2018-06-08 22:15:00,35.8736457824707
2018-06-08 22:30:00,35.69738006591797
2018-06-08 22:45:00,35.52557373046875
2018-06-08 23:00:00,35.3619270324707
2018-06-08 23:15:00,35.202457427978516
2018-06-08 23:30:00,35.05091094970703
2018-06-08 23:45:00,34.919151306152344
2018-06-09 00:00:00,34.75826644897461
2018-06-09 00:15:00,34.62245559692383
2018-06-09 00:30:00,34.505210876464844
2018-06-09 00:45:00,34.3420524597168
2018-06-09 01:00:00,34.208702087402344
2018-06-09 01:15:00,34.07688903808594
2018-06-09 01:30:00,33.94281005859375
2018-06-09 01:45:00,33.79561996459961
2018-06-09 02:00:00,33.66939926147461
2018-06-09 02:15:00,33.536556243896484
2018-06-09 02:30:00,33.36798858642578
2018-06-09 02:45:00,33.2180061340332
2018-06-09 03:00:00,33.07392120361328
2018-06-09 03:15:00,32.91249465942383
2018-06-09 03:30:00,32.757450103759766
2018-06-09 03:45:00,32.607635498046875
2018-06-09 04:00:00,32.461917877197266
2018-06-09 04:15:00,32.32886505126953
2018-06-09 04:30:00,32.19224166870117
2018-06-09 04:45:00,32.11042404174805
2018-06-09 05:00:00,31.972551345825195
2018-06-09 05:15:00,31.88851547241211
2018-06-09 05:30:00,31.82048988342285
2018-06-09 05:45:00,31.777132034301758
2018-06-09 06:00:00,31.751134872436523
2018-06-09 06:15:00,31.79116439819336
2018-06-09 06:30:00,31.796337127685547
2018-06-09 06:45:00,31.809537887573242
2018-06-09 07:00:00,31.873762130737305
2018-06-09 07:15:00,31.953289031982422
2018-06-09 07:30:00,32.048091888427734
2018-06-09 07:45:00,32.16593551635742
2018-06-09 08:00:00,32.30289077758789
2018-06-09 08:15:00,32.47138595581055
2018-06-09 08:30:00,32.660274505615234
2018-06-09 08:45:00,32.81932067871094
2018-06-09 09:00:00,33.035037994384766
2018-06-09 09:15:00,33.238861083984375
2018-06-09 09:30:00,33.46880340576172
2018-06-09 09:45:00,33.68707275390625
2018-06-09 10:00:00,33.986087799072266
2018-06-09 10:15:00,34.208431243896484
2018-06-09 10:30:00,34.52942657470703
2018-06-09 10:45:00,34.834930419921875
2018-06-09 11:00:00,35.11542892456055
2018-06-09 11:15:00,35.37978744506836
2018-06-09 11:30:00,35.67976379394531
2018-06-09 11:45:00,35.96509552001953
2018-06-09 12:00:00,36.288021087646484
2018-06-09 12:15:00,36.5550422668457
2018-06-09 12:30:00,36.811275482177734
2018-06-09 12:45:00,37.03960037231445
2018-06-09 13:00:00,37.30006408691406
2018-06-09 13:15:00,37.439064025878906
2018-06-09 13:30:00,37.61225891113281
2018-06-09 13:45:00,37.74628829956055
2018-06-09 14:00:00,37.8565673828125
2018-06-09 14:15:00,37.93654251098633
2018-06-09 14:30:00,37.995662689208984
2018-06-09 14:45:00,38.0214729309082
2018-06-09 15:00:00,38.02477264404297
2018-06-09 15:15:00,38.00200271606445
2018-06-09 15:30:00,37.95534896850586
2018-06-09 15:45:00,37.88505935668945
2018-06-09 16:00:00,37.78063201904297
2018-06-09 16:15:00,37.642452239990234
2018-06-09 16:30:00,37.496116638183594
2018-06-09 16:45:00,37.309043884277344
2018-06-09 17:00:00,37.115013122558594
2018-06-09 17:15:00,36.92674255371094
2018-06-09 17:30:00,36.65375518798828
2018-06-09 17:45:00,36.43696212768555
2018-06-09 18:00:00,36.14358139038086
2018-06-09 18:15:00,35.886146545410156
2018-06-09 18:30:00,35.6086540222168
2018-06-09 18:45:00,35.35577392578125
2018-06-09 19:00:00,35.10015869140625
2018-06-09 19:15:00,34.85305404663086
2018-06-09 19:30:00,34.61272430419922
2018-06-09 19:45:00,34.382232666015625
2018-06-09 20:00:00,31.74144798517227
2018-06-09 20:15:00,31.74144798517227
2018-06-09 20:30:00,31.74144798517227
2018-06-09 20:45:00,31.74144798517227
2018-06-09 21:00:00,31.74144798517227
2018-06-09 21:15:00,31.74144798517227
2018-06-09 21:30:00,31.74144798517227
2018-06-09 21:45:00,31.74144798517227
2018-06-09 22:00:00,31.74144798517227
2018-06-09 22:15:00,31.74144798517227
2018-06-09 22:30:00,31.74144798517227
2018-06-09 22:45:00,31.74144798517227
2018-06-09 23:00:00,31.74144798517227
2018-06-09 23:15:00,31.74144798517227
2018-06-09 23:30:00,31.74144798517227
2018-06-09 23:45:00,31.74144798517227
2018-06-10 00:00:00,31.74144798517227
2018-06-10 00:15:00,31.74144798517227
2018-06-10 00:30:00,31.74144798517227
2018-06-10 00:45:00,31.74144798517227
2018-06-10 01:00:00,31.74144798517227
2018-06-10 01:15:00,31.74144798517227
2018-06-10 01:30:00,31.74144798517227
2018-06-10 01:45:00,31.74144798517227
2018-06-10 02:00:00,31.74144798517227
2018-06-10 02:15:00,31.74144798517227
2018-06-10 02:30:00,31.74144798517227
2018-06-10 02:45:00,31.74144798517227
2018-06-10 03:00:00,31.74144798517227
2018-06-10 03:15:00,31.74144798517227
2018-06-10 03:30:00,31.74144798517227
2018-06-10 03:45:00,31.74144798517227
2018-06-10 04:00:00,31.74144798517227
2018-06-10 04:15:00,31.74144798517227
2018-06-10 04:30:00,31.74144798517227
2018-06-10 04:45:00,31.74144798517227
2018-06-10 05:00:00,31.74144798517227
2018-06-10 05:15:00,31.74144798517227
2018-06-10 05:30:00,31.74144798517227
2018-06-10 05:45:00,31.74144798517227
2018-06-10 06:00:00,31.74144798517227
2018-06-10 06:15:00,31.74144798517227
2018-06-10 06:30:00,31.74144798517227
2018-06-10 06:45:00,31.74144798517227
2018-06-10 07:00:00,31.74144798517227
2018-06-10 07:15:00,31.74144798517227
2018-06-10 07:30:00,31.74144798517227
2018-06-10 07:45:00,31.74144798517227
2018-06-10 08:00:00,31.74144798517227
2018-06-10 08:15:00,31.74144798517227
2018-06-10 08:30:00,31.74144798517227
2018-06-10 08:45:00,31.74144798517227
2018-06-10 09:00:00,31.74144798517227
2018-06-10 09:15:00,31.74144798517227
2018-06-10 09:30:00,31.74144798517227
2018-06-10 09:45:00,31.74144798517227
2018-06-10 10:00:00,31.74144798517227
2018-06-10 10:15:00,31.74144798517227
2018-06-10 10:30:00,31.74144798517227
2018-06-10 10:45:00,31.74144798517227
2018-06-10 11:00:00,31.74144798517227
2018-06-10 11:15:00,31.74144798517227
2018-06-10 11:30:00,31.74144798517227
2018-06-10 11:45:00,31.74144798517227
2018-06-10 12:00:00,31.74144798517227
2018-06-10 12:15:00,31.74144798517227
2018-06-10 12:30:00,31.74144798517227
2018-06-10 12:45:00,31.74144798517227
2018-06-10 13:00:00,31.74144798517227
2018-06-10 13:15:00,31.74144798517227
2018-06-10 13:30:00,31.74144798517227
2018-06-10 13:45:00,31.74144798517227
2018-06-10 14:00:00,31.74144798517227
2018-06-10 14:15:00,31.74144798517227
2018-06-10 14:30:00,31.74144798517227
2018-06-10 14:45:00,31.74144798517227
2018-06-10 15:00:00,31.74144798517227
2018-06-10 15:15:00,31.74144798517227
2018-06-10 15:30:00,31.74144798517227
2018-06-10 15:45:00,31.74144798517227
2018-06-10 16:00:00,31.74144798517227
2018-06-10 16:15:00,31.74144798517227
2018-06-10 16:30:00,31.74144798517227
2018-06-10 16:45:00,31.74144798517227
2018-06-10 17:00:00,31.74144798517227
2018-06-10 17:15:00,31.74144798517227
2018-06-10 17:30:00,31.74144798517227
2018-06-10 17:45:00,31.74144798517227
2018-06-10 18:00:00,31.74144798517227
2018-06-10 18:15:00,31.74144798517227
2018-06-10 18:30:00,31.74144798517227
2018-06-10 18:45:00,31.74144798517227
2018-06-10 19:00:00,31.74144798517227
2018-06-10 19:15:00,31.74144798517227
2018-06-10 19:30:00,31.74144798517227
2018-06-10 19:45:00,31.74144798517227
2018-06-10 20:00:00,35.00266647338867
2018-06-10 20:15:00,34.56306838989258
2018-06-10 20:30:00,34.70509338378906
2018-06-10 20:45:00,34.575347900390625
2018-06-10 21:00:00,34.2222900390625
2018-06-10 21:15:00,34.18817138671875
2018-06-10 21:30:00,34.211238861083984
2018-06-10 21:45:00,33.91676330566406
2018-06-10 22:00:00,33.9815673828125
2018-06-10 22:15:00,33.5673713684082
2018-06-10 22:30:00,33.69453048706055
2018-06-10 22:45:00,33.22199630737305
2018-06-10 23:00:00,33.42333984375
2018-06-10 23:15:00,33.193138122558594
2018-06-10 23:30:00,33.31963348388672
2018-06-10 23:45:00,32.90931701660156
2018-06-11 00:00:00,33.32140350341797
2018-06-11 00:15:00,32.691402435302734
2018-06-11 00:30:00,32.671329498291016
2018-06-11 00:45:00,32.4825439453125
2018-06-11 01:00:00,32.65679168701172
2018-06-11 01:15:00,32.45039367675781
2018-06-11 01:30:00,32.55745315551758
2018-06-11 01:45:00,32.133331298828125
2018-06-11 02:00:00,32.477989196777344
2018-06-11 02:15:00,32.054588317871094
2018-06-11 02:30:00,32.2028694152832
2018-06-11 02:45:00,31.88786506652832
2018-06-11 03:00:00,31.711374282836914
2018-06-11 03:15:00,31.606821060180664
2018-06-11 03:30:00,31.302078247070312
2018-06-11 03:45:00,31.478721618652344
2018-06-11 04:00:00,31.317047119140625
2018-06-11 04:15:00,31.13211441040039
2018-06-11 04:30:00,31.104938507080078
2018-06-11 04:45:00,30.61075210571289
2018-06-11 05:00:00,30.84076499938965
2018-06-11 05:15:00,30.836589813232422
2018-06-11 05:30:00,30.975738525390625
2018-06-11 05:45:00,30.500144958496094
2018-06-11 06:00:00,30.860166549682617
2018-06-11 06:15:00,30.403593063354492
2018-06-11 06:30:00,30.956573486328125
2018-06-11 06:45:00,30.487659454345703
2018-06-11 07:00:00,30.628494262695312
2018-06-11 07:15:00,30.854135513305664
2018-06-11 07:30:00,31.283462524414062
2018-06-11 07:45:00,31.200559616088867
2018-06-11 08:00:00,31.145729064941406
2018-06-11 08:15:00,31.614337921142578
2018-06-11 08:30:00,31.405746459960938
2018-06-11 08:45:00,32.00456619262695
2018-06-11 09:00:00,32.29558563232422
2018-06-11 09:15:00,32.60984802246094
2018-06-11 09:30:00,33.00401306152344
2018-06-11 09:45:00,33.15394973754883
2018-06-11 10:00:00,33.83076095581055
2018-06-11 10:15:00,33.72981643676758
2018-06-11 10:30:00,34.175899505615234
2018-06-11 10:45:00,34.471900939941406
2018-06-11 11:00:00,35.018638610839844
2018-06-11 11:15:00,35.141624450683594
2018-06-11 11:30:00,35.628562927246094
2018-06-11 11:45:00,35.836666107177734
2018-06-11 12:00:00,35.94340515136719
2018-06-11 12:15:00,36.0894889831543
2018-06-11 12:30:00,36.627479553222656
2018-06-11 12:45:00,36.98256301879883
2018-06-11 13:00:00,37.307247161865234
2018-06-11 13:15:00,37.63313293457031
2018-06-11 13:30:00,37.6657600402832
2018-06-11 13:45:00,37.86635208129883
2018-06-11 14:00:00,38.08448028564453
2018-06-11 14:15:00,38.140830993652344
2018-06-11 14:30:00,37.98210525512695
2018-06-11 14:45:00,38.078678131103516
2018-06-11 15:00:00,37.866329193115234
2018-06-11 15:15:00,37.68244552612305
2018-06-11 15:30:00,37.76628875732422
2018-06-11 15:45:00,37.58744812011719
2018-06-11 16:00:00,37.40611267089844
2018-06-11 16:15:00,37.62864303588867
2018-06-11 16:30:00,37.253173828125
2018-06-11 16:45:00,37.07163619995117
2018-06-11 17:00:00,36.526763916015625
2018-06-11 17:15:00,36.996177673339844
2018-06-11 17:30:00,36.24482727050781
2018-06-11 17:45:00,35.86807632446289
2018-06-11 18:00:00,35.882080078125
2018-06-11 18:15:00,35.22473907470703
2018-06-11 18:30:00,35.20431137084961
2018-06-11 18:45:00,35.069252014160156
2018-06-11 19:00:00,34.704524993896484
2018-06-11 19:15:00,34.792686462402344
2018-06-11 19:30:00,34.54928207397461
2018-06-11 19:45:00,34.08700942993164
2018-06-11 20:00:00,39.25104940122541
2018-06-11 20:15:00,38.85416585708815
2018-06-11 20:30:00,38.471796620229384
2018-06-11 20:45:00,38.10341089233589
2018-06-11 21:00:00,37.74849728675797
2018-06-11 21:15:00,37.40656311861143
2018-06-11 21:30:00,37.077133720841005
2018-06-11 21:45:00,36.75975178529581
2018-06-11 22:00:00,36.45397672790214
2018-06-11 22:15:00,36.15938407705232
2018-06-11 22:30:00,35.87556488436066
2018-06-11 22:45:00,35.602125156968356
2018-06-11 23:00:00,35.338685310609534
2018-06-11 23:15:00,35.084879642678956
2018-06-11 23:30:00,34.840355824570025
2018-06-11 23:45:00,34.60477441257838
2018-06-12 00:00:00,34.37780837669204
2018-06-12 00:15:00,34.159142646614036
2018-06-12 00:30:00,33.94847367438732
2018-06-12 00:45:00,33.74550901301479
2018-06-12 01:00:00,33.54996691048944
2018-06-12 01:15:00,33.36157591867114
2018-06-12 01:30:00,33.18007451646709
2018-06-12 01:45:00,33.005210746792734
2018-06-12 02:00:00,32.836741866809376
2018-06-12 02:15:00,32.67443401095277
2018-06-12 02:30:00,32.518061866285045
2018-06-12 02:45:00,32.36740835971918
2018-06-12 03:00:00,32.22226435668194
2018-06-12 03:15:00,32.08242837079692
2018-06-12 03:30:00,31.947706284184633
2018-06-12 03:45:00,31.817911077991493
2018-06-12 04:00:00,31.692862572773468
2018-06-12 04:15:00,31.57238717837412
2018-06-12 04:30:00,31.456317652949796
2018-06-12 04:45:00,31.34449287080738
2018-06-12 05:00:00,31.23675759873244
2018-06-12 05:15:00,31.132962280497175
2018-06-12 05:30:00,31.032962829249065
2018-06-12 05:45:00,30.936620427492013
2018-06-12 06:00:00,30.84380133438231
2018-06-12 06:15:00,30.754376700071933
2018-06-12 06:30:00,30.668222386841432
2018-06-12 06:45:00,30.585218796774104
2018-06-12 07:00:00,30.505250705732248
2018-06-12 07:15:00,30.428207103405033
2018-06-12 07:30:00,30.353981039205912
2018-06-12 07:45:00,30.28246947380568
2018-06-12 08:00:00,30.213573136095075
2018-06-12 08:15:00,30.14719638537835
2018-06-12 08:30:00,30.083247078606536
2018-06-12 08:45:00,30.021636442466054
2018-06-12 09:00:00,29.962278950145155
2018-06-12 09:15:00,29.905092202607083
2018-06-12 09:30:00,29.849996814205177
2018-06-12 09:45:00,29.79691630248109
2018-06-12 10:00:00,29.745776981993185
2018-06-12 10:15:00,29.696507862027673
2018-06-12 10:30:00,29.64904054805055
2018-06-12 10:45:00,29.6033091467635
2018-06-12 11:00:00,29.55925017463196
2018-06-12 11:15:00,29.516802469758378
2018-06-12 11:30:00,29.475907106978347
2018-06-12 11:45:00,29.436507316061707
2018-06-12 12:00:00,29.398548402905107
2018-06-12 12:15:00,29.361977673606596
2018-06-12 12:30:00,29.32674436131687
2018-06-12 12:45:00,29.292799555765622
2018-06-12 13:00:00,29.260096135365153
2018-06-12 13:15:00,29.228588701796998
2018-06-12 13:30:00,29.19823351699078
2018-06-12 13:45:00,29.168988442407773
2018-06-12 14:00:00,29.14081288054494
2018-06-12 14:15:00,29.11366771857815
2018-06-12 14:30:00,29.08751527406647
2018-06-12 14:45:00,29.062319242642037
2018-06-12 15:00:00,29.038044647612978
2018-06-12 15:15:00,29.014657791409366
2018-06-12 15:30:00,28.992126208804855
2018-06-12 15:45:00,28.970418621849
2018-06-12 16:00:00,28.949504896447763
2018-06-12 16:15:00,28.92935600053189
2018-06-12 16:30:00,28.90994396375509
2018-06-12 16:45:00,28.891241838666094
2018-06-12 17:00:00,28.873223663300667
2018-06-12 17:15:00,28.85586442514167
2018-06-12 17:30:00,28.839140026397114
2018-06-12 17:45:00,28.82302725054802
2018-06-12 18:00:00,28.80750373011966
2018-06-12 18:15:00,28.792547915631413
2018-06-12 18:30:00,28.778139045682163
2018-06-12 18:45:00,28.764257118129667
2018-06-12 19:00:00,28.750882862323934
2018-06-12 19:15:00,28.737997712356055
2018-06-12 19:30:00,28.72558378128532
2018-06-12 19:45:00,28.713623836308884
2018-06-12 20:00:00,43.60101318359375
2018-06-12 20:15:00,43.54799270629883
2018-06-12 20:30:00,43.250308990478516
2018-06-12 20:45:00,43.38349533081055
2018-06-12 21:00:00,43.141353607177734
2018-06-12 21:15:00,42.85929489135742
2018-06-12 21:30:00,42.400733947753906
2018-06-12 21:45:00,42.18946075439453
2018-06-12 22:00:00,41.95213317871094
2018-06-12 22:15:00,41.59619140625
2018-06-12 22:30:00,41.63176727294922
2018-06-12 22:45:00,40.77381134033203
2018-06-12 23:00:00,40.710845947265625
2018-06-12 23:15:00,40.73369216918945
2018-06-12 23:30:00,40.34923553466797
2018-06-12 23:45:00,40.634803771972656
2018-06-13 00:00:00,40.53046798706055
2018-06-13 00:15:00,40.383846282958984
2018-06-13 00:30:00,40.0119743347168
2018-06-13 00:45:00,39.7557373046875
2018-06-13 01:00:00,39.596343994140625
2018-06-13 01:15:00,39.544395446777344
2018-06-13 01:30:00,39.042171478271484
2018-06-13 01:45:00,38.627506256103516
2018-06-13 02:00:00,39.38019561767578
2018-06-13 02:15:00,38.49203872680664
2018-06-13 02:30:00,38.67854309082031
2018-06-13 02:45:00,38.03596496582031
2018-06-13 03:00:00,38.13739776611328
2018-06-13 03:15:00,37.9072265625
2018-06-13 03:30:00,37.62004470825195
2018-06-13 03:45:00,37.46121597290039
2018-06-13 04:00:00,37.4665412902832
2018-06-13 04:15:00,37.24114990234375
2018-06-13 04:30:00,37.05204772949219
2018-06-13 04:45:00,36.77204895019531
2018-06-13 05:00:00,36.65450668334961
2018-06-13 05:15:00,36.240360260009766
2018-06-13 05:30:00,37.18714141845703
2018-06-13 05:45:00,36.80976867675781
2018-06-13 06:00:00,36.91422653198242
2018-06-13 06:15:00,36.77878952026367
2018-06-13 06:30:00,36.52704620361328
2018-06-13 06:45:00,36.61490249633789
2018-06-13 07:00:00,36.62289047241211
2018-06-13 07:15:00,37.437538146972656
2018-06-13 07:30:00,37.255615234375
2018-06-13 07:45:00,37.748756408691406
2018-06-13 08:00:00,37.63022994995117
2018-06-13 08:15:00,38.52591323852539
2018-06-13 08:30:00,38.9514274597168
2018-06-13 08:45:00,39.156028747558594
2018-06-13 09:00:00,39.65382385253906
2018-06-13 09:15:00,39.96549606323242
2018-06-13 09:30:00,40.763458251953125
2018-06-13 09:45:00,41.06803512573242
2018-06-13 10:00:00,41.968482971191406
2018-06-13 10:15:00,41.989986419677734
2018-06-13 10:30:00,42.97166061401367
2018-06-13 10:45:00,43.480224609375
2018-06-13 11:00:00,44.11360168457031
2018-06-13 11:15:00,44.90398025512695
2018-06-13 11:30:00,45.0526008605957
2018-06-13 11:45:00,45.5584716796875
2018-06-13 12:00:00,45.932979583740234
2018-06-13 12:15:00,46.53792953491211
2018-06-13 12:30:00,47.24467086791992
2018-06-13 12:45:00,47.67452621459961
2018-06-13 13:00:00,47.91154479980469
2018-06-13 13:15:00,47.949790954589844
2018-06-13 13:30:00,48.18180465698242
2018-06-13 13:45:00,48.6743049621582
2018-06-13 14:00:00,48.53529357910156
2018-06-13 14:15:00,49.22344970703125
2018-06-13 14:30:00,47.89554214477539
2018-06-13 14:45:00,48.821563720703125
2018-06-13 15:00:00,47.82292556762695
2018-06-13 15:15:00,48.54545593261719
2018-06-13 15:30:00,48.620941162109375
2018-06-13 15:45:00,47.97734451293945
2018-06-13 16:00:00,48.259952545166016
2018-06-13 16:15:00,47.67878723144531
2018-06-13 16:30:00,46.836181640625
2018-06-13 16:45:00,47.08029556274414
2018-06-13 17:00:00,46.85152816772461
2018-06-13 17:15:00,46.52608871459961
2018-06-13 17:30:00,45.9920654296875
2018-06-13 17:45:00,45.50959014892578
2018-06-13 18:00:00,45.25959014892578
2018-06-13 18:15:00,45.186038970947266
2018-06-13 18:30:00,44.84763717651367
2018-06-13 18:45:00,44.75625228881836
2018-06-13 19:00:00,43.756866455078125
2018-06-13 19:15:00,43.36463928222656
2018-06-13 19:30:00,42.85222244262695
2018-06-13 19:45:00,43.04606628417969
2018-06-13 20:00:00,41.767642974853516
2018-06-13 20:15:00,41.51588439941406
2018-06-13 20:30:00,41.33112716674805
2018-06-13 20:45:00,40.906951904296875
2018-06-13 21:00:00,40.85036087036133
2018-06-13 21:15:00,40.78594207763672
2018-06-13 21:30:00,40.51095199584961
2018-06-13 21:45:00,40.29190444946289
2018-06-13 22:00:00,40.082305908203125
2018-06-13 22:15:00,39.963401794433594
2018-06-13 22:30:00,39.960914611816406
2018-06-13 22:45:00,39.78927230834961
2018-06-13 23:00:00,39.525814056396484
2018-06-13 23:15:00,39.4013557434082
2018-06-13 23:30:00,39.273338317871094
2018-06-13 23:45:00,39.25128936767578
2018-06-14 00:00:00,38.97465133666992
2018-06-14 00:15:00,38.73906326293945
2018-06-14 00:30:00,38.90610885620117
2018-06-14 00:45:00,38.985595703125
2018-06-14 01:00:00,38.445491790771484
2018-06-14 01:15:00,38.7421760559082
2018-06-14 01:30:00,38.24143981933594
2018-06-14 01:45:00,38.02384948730469
2018-06-14 02:00:00,38.28330993652344
2018-06-14 02:15:00,38.13813781738281
2018-06-14 02:30:00,37.97857666015625
2018-06-14 02:45:00,37.82606506347656
2018-06-14 03:00:00,37.586917877197266
2018-06-14 03:15:00,37.67123031616211
2018-06-14 03:30:00,37.76856994628906
2018-06-14 03:45:00,37.48881530761719
2018-06-14 04:00:00,37.05836486816406
2018-06-14 04:15:00,37.0090446472168
2018-06-14 04:30:00,37.44773864746094
2018-06-14 04:45:00,36.92395782470703
2018-06-14 05:00:00,37.00497817993164
2018-06-14 05:15:00,36.81808853149414
2018-06-14 05:30:00,36.65845489501953
2018-06-14 05:45:00,36.870361328125
2018-06-14 06:00:00,36.49659729003906
2018-06-14 06:15:00,36.41347885131836
2018-06-14 06:30:00,36.473388671875
2018-06-14 06:45:00,36.67240905761719
2018-06-14 07:00:00,36.92380142211914
2018-06-14 07:15:00,36.90134048461914
2018-06-14 07:30:00,37.1495246887207
2018-06-14 07:45:00,37.52552795410156
2018-06-14 08:00:00,37.748382568359375
2018-06-14 08:15:00,38.28731918334961
2018-06-14 08:30:00,38.852508544921875
2018-06-14 08:45:00,39.475929260253906
2018-06-14 09:00:00,40.04385757446289
2018-06-14 09:15:00,40.92050552368164
2018-06-14 09:30:00,41.32060623168945
2018-06-14 09:45:00,42.09783172607422
2018-06-14 10:00:00,42.62908172607422
2018-06-14 10:15:00,43.35396957397461
2018-06-14 10:30:00,44.31589889526367
2018-06-14 10:45:00,44.65595626831055
2018-06-14 11:00:00,45.45326614379883
2018-06-14 11:15:00,45.83444595336914
2018-06-14 11:30:00,46.13883590698242
2018-06-14 11:45:00,46.89399337768555
2018-06-14 12:00:00,47.21987533569336
2018-06-14 12:15:00,47.798683166503906
2018-06-14 12:30:00,48.03554153442383
2018-06-14 12:45:00,48.47806930541992
2018-06-14 13:00:00,48.839508056640625
2018-06-14 13:15:00,48.92604064941406
2018-06-14 13:30:00,49.21152114868164
2018-06-14 13:45:00,49.059391021728516
2018-06-14 14:00:00,48.90113830566406
2018-06-14 14:15:00,48.92849349975586
2018-06-14 14:30:00,49.018714904785156
2018-06-14 14:45:00,48.95675277709961
2018-06-14 15:00:00,48.8511848449707
2018-06-14 15:15:00,48.61555099487305
2018-06-14 15:30:00,48.022621154785156
2018-06-14 15:45:00,47.96092224121094
2018-06-14 16:00:00,48.00128173828125
2018-06-14 16:15:00,47.08815383911133
2018-06-14 16:30:00,46.789039611816406
2018-06-14 16:45:00,46.23714065551758
2018-06-14 17:00:00,46.2625617980957
2018-06-14 17:15:00,45.68782043457031
2018-06-14 17:30:00,45.429046630859375
2018-06-14 17:45:00,44.9077033996582
2018-06-14 18:00:00,44.28498458862305
2018-06-14 18:15:00,44.2418327331543
2018-06-14 18:30:00,44.12570571899414
2018-06-14 18:45:00,43.59571838378906
2018-06-14 19:00:00,43.196250915527344
2018-06-14 19:15:00,42.979122161865234
2018-06-14 19:30:00,42.695133209228516
2018-06-14 19:45:00,42.4765510559082
2018-06-14 20:00:00,41.34925842285156
2018-06-14 20:15:00,40.952030181884766
2018-06-14 20:30:00,40.565223693847656
2018-06-14 20:45:00,40.19935607910156
2018-06-14 21:00:00,39.84519577026367
2018-06-14 21:15:00,39.515201568603516
2018-06-14 21:30:00,39.203365325927734
2018-06-14 21:45:00,38.906211853027344
2018-06-14 22:00:00,38.62861633300781
2018-06-14 22:15:00,38.35395812988281
2018-06-14 22:30:00,38.109886169433594
2018-06-14 22:45:00,37.85675811767578
2018-06-14 23:00:00,37.60374450683594
2018-06-14 23:15:00,37.37373733520508
2018-06-14 23:30:00,37.12225341796875
2018-06-14 23:45:00,36.87294006347656
2018-06-15 00:00:00,36.63955307006836
2018-06-15 00:15:00,36.39071273803711
2018-06-15 00:30:00,36.11967468261719
2018-06-15 00:45:00,35.88217544555664
2018-06-15 01:00:00,35.61439895629883
2018-06-15 01:15:00,35.347023010253906
2018-06-15 01:30:00,35.054317474365234
2018-06-15 01:45:00,34.77631759643555
2018-06-15 02:00:00,34.47932052612305
2018-06-15 02:15:00,34.224365234375
2018-06-15 02:30:00,33.914886474609375
2018-06-15 02:45:00,33.632904052734375
2018-06-15 03:00:00,33.36455154418945
2018-06-15 03:15:00,33.07951354980469
2018-06-15 03:30:00,32.82570266723633
2018-06-15 03:45:00,32.587501525878906
2018-06-15 04:00:00,32.3557014465332
2018-06-15 04:15:00,32.13313674926758
2018-06-15 04:30:00,31.98816680908203
2018-06-15 04:45:00,31.893037796020508
2018-06-15 05:00:00,31.749574661254883
2018-06-15 05:15:00,31.67916488647461
2018-06-15 05:30:00,31.639753341674805
2018-06-15 05:45:00,31.622743606567383
2018-06-15 06:00:00,31.68961524963379
2018-06-15 06:15:00,31.82417106628418
2018-06-15 06:30:00,31.941741943359375
2018-06-15 06:45:00,32.07712173461914
2018-06-15 07:00:00,32.314109802246094
2018-06-15 07:15:00,32.57609176635742
2018-06-15 07:30:00,32.87405776977539
2018-06-15 07:45:00,33.2459602355957
2018-06-15 08:00:00,33.66309356689453
2018-06-15 08:15:00,34.129459381103516
2018-06-15 08:30:00,34.62555694580078
2018-06-15 08:45:00,35.110774993896484
2018-06-15 09:00:00,35.66123580932617
2018-06-15 09:15:00,36.215980529785156
2018-06-15 09:30:00,36.79695129394531
2018-06-15 09:45:00,37.372501373291016
2018-06-15 10:00:00,37.995880126953125
2018-06-15 10:15:00,38.56440353393555
2018-06-15 10:30:00,39.182472229003906
2018-06-15 10:45:00,39.77252960205078
2018-06-15 11:00:00,40.32096862792969
2018-06-15 11:15:00,40.83036422729492
2018-06-15 11:30:00,41.33396911621094
2018-06-15 11:45:00,41.79169845581055
2018-06-15 12:00:00,42.2657585144043
2018-06-15 12:15:00,42.65696716308594
2018-06-15 12:30:00,43.01077651977539
2018-06-15 12:45:00,43.31160354614258
2018-06-15 13:00:00,43.62062454223633
2018-06-15 13:15:00,43.78208923339844
2018-06-15 13:30:00,43.96245193481445
2018-06-15 13:45:00,44.07235336303711
2018-06-15 14:00:00,44.13621139526367
2018-06-15 14:15:00,44.14809799194336
2018-06-15 14:30:00,44.12134552001953
2018-06-15 14:45:00,44.02691650390625
2018-06-15 15:00:00,43.89237594604492
2018-06-15 15:15:00,43.71501922607422
2018-06-15 15:30:00,43.49771499633789
2018-06-15 15:45:00,43.24785232543945
2018-06-15 16:00:00,42.954254150390625
2018-06-15 16:15:00,42.63028335571289
2018-06-15 16:30:00,42.2972412109375
2018-06-15 16:45:00,41.93791198730469
2018-06-15 17:00:00,41.573604583740234
2018-06-15 17:15:00,41.20682907104492
2018-06-15 17:30:00,40.80879211425781
2018-06-15 17:45:00,40.43245315551758
2018-06-15 18:00:00,40.024871826171875
2018-06-15 18:15:00,39.63446807861328
2018-06-15 18:30:00,39.224910736083984
2018-06-15 18:45:00,38.852996826171875
2018-06-15 19:00:00,38.472572326660156
2018-06-15 19:15:00,38.08761215209961
2018-06-15 19:30:00,37.72636795043945
2018-06-15 19:45:00,37.37006378173828
2018-06-15 20:00:00,42.030296325683594
2018-06-15 20:15:00,41.89583206176758
2018-06-15 20:30:00,41.756046295166016
2018-06-15 20:45:00,41.60130310058594
2018-06-15 21:00:00,41.36451721191406
2018-06-15 21:15:00,41.23581314086914
2018-06-15 21:30:00,41.11406326293945
2018-06-15 21:45:00,40.9724006652832
2018-06-15 22:00:00,40.9363899230957
2018-06-15 22:15:00,40.79119873046875
2018-06-15 22:30:00,40.78953170776367
2018-06-15 22:45:00,40.67156982421875
2018-06-15 23:00:00,40.374935150146484
2018-06-15 23:15:00,40.3886833190918
2018-06-15 23:30:00,40.17179870605469
2018-06-15 23:45:00,40.067832946777344
2018-06-16 00:00:00,40.148441314697266
2018-06-16 00:15:00,39.81928253173828
2018-06-16 00:30:00,39.824790954589844
2018-06-16 00:45:00,39.80239486694336
2018-06-16 01:00:00,39.599884033203125
2018-06-16 01:15:00,39.600318908691406
2018-06-16 01:30:00,39.39663314819336
2018-06-16 01:45:00,39.09173583984375
2018-06-16 02:00:00,39.22970962524414
2018-06-16 02:15:00,39.0577507019043
2018-06-16 02:30:00,39.0678596496582
2018-06-16 02:45:00,38.904232025146484
2018-06-16 03:00:00,38.67238998413086
2018-06-16 03:15:00,38.630332946777344
2018-06-16 03:30:00,38.72639846801758
2018-06-16 03:45:00,38.369842529296875
2018-06-16 04:00:00,38.19562530517578
2018-06-16 04:15:00,38.12318801879883
2018-06-16 04:30:00,38.39385986328125
2018-06-16 04:45:00,38.02976608276367
2018-06-16 05:00:00,38.010841369628906
2018-06-16 05:15:00,37.913063049316406
2018-06-16 05:30:00,37.79118347167969
2018-06-16 05:45:00,37.85675048828125
2018-06-16 06:00:00,37.61922836303711
2018-06-16 06:15:00,37.519630432128906
2018-06-16 06:30:00,37.42287826538086
2018-06-16 06:45:00,37.36783981323242
2018-06-16 07:00:00,37.642662048339844
2018-06-16 07:15:00,37.56315612792969
2018-06-16 07:30:00,37.85439682006836
2018-06-16 07:45:00,38.11077880859375
2018-06-16 08:00:00,38.33982467651367
2018-06-16 08:15:00,38.65403366088867
2018-06-16 08:30:00,39.19597625732422
2018-06-16 08:45:00,39.85307693481445
2018-06-16 09:00:00,40.06654357910156
2018-06-16 09:15:00,40.817779541015625
2018-06-16 09:30:00,41.08747100830078
2018-06-16 09:45:00,41.86735534667969
2018-06-16 10:00:00,42.571712493896484
2018-06-16 10:15:00,42.91130828857422
2018-06-16 10:30:00,43.61281204223633
2018-06-16 10:45:00,43.74125671386719
2018-06-16 11:00:00,44.655311584472656
2018-06-16 11:15:00,45.028770446777344
2018-06-16 11:30:00,45.20119094848633
2018-06-16 11:45:00,45.74848556518555
2018-06-16 12:00:00,46.0588493347168
2018-06-16 12:15:00,46.4220085144043
2018-06-16 12:30:00,46.64519119262695
2018-06-16 12:45:00,47.02820587158203
2018-06-16 13:00:00,47.21353530883789
2018-06-16 13:15:00,47.41301727294922
2018-06-16 13:30:00,47.59239959716797
2018-06-16 13:45:00,47.71727752685547
2018-06-16 14:00:00,47.69548034667969
2018-06-16 14:15:00,47.63021469116211
2018-06-16 14:30:00,47.784423828125
2018-06-16 14:45:00,47.61832046508789
2018-06-16 15:00:00,47.65025329589844
2018-06-16 15:15:00,47.2928466796875
2018-06-16 15:30:00,47.145633697509766
2018-06-16 15:45:00,46.818634033203125
2018-06-16 16:00:00,46.88569259643555
2018-06-16 16:15:00,46.177146911621094
2018-06-16 16:30:00,46.130672454833984
2018-06-16 16:45:00,45.84819030761719
2018-06-16 17:00:00,45.4442253112793
2018-06-16 17:15:00,45.18601989746094
2018-06-16 17:30:00,44.73597717285156
2018-06-16 17:45:00,44.35729217529297
2018-06-16 18:00:00,44.12569046020508
2018-06-16 18:15:00,44.00410461425781
2018-06-16 18:30:00,43.8800163269043
2018-06-16 18:45:00,43.447242736816406
2018-06-16 19:00:00,43.2042236328125
2018-06-16 19:15:00,43.0322380065918
2018-06-16 19:30:00,42.866275787353516
2018-06-16 19:45:00,42.85393524169922
2018-06-16 20:00:00,39.09669876098633
2018-06-16 20:15:00,38.82633590698242
2018-06-16 20:30:00,38.5639533996582
2018-06-16 20:45:00,38.30880355834961
2018-06-16 21:00:00,38.06666946411133
2018-06-16 21:15:00,37.829044342041016
2018-06-16 21:30:00,37.600379943847656
2018-06-16 21:45:00,37.38560104370117
2018-06-16 22:00:00,37.18252944946289
2018-06-16 22:15:00,36.98423767089844
2018-06-16 22:30:00,36.804107666015625
2018-06-16 22:45:00,36.61623764038086
2018-06-16 23:00:00,36.42900848388672
2018-06-16 23:15:00,36.25571060180664
2018-06-16 23:30:00,36.07018280029297
2018-06-16 23:45:00,35.89625930786133
2018-06-17 00:00:00,35.71305847167969
2018-06-17 00:15:00,35.53294372558594
2018-06-17 00:30:00,35.35099411010742
2018-06-17 00:45:00,35.15892791748047
2018-06-17 01:00:00,34.96489715576172
2018-06-17 01:15:00,34.771488189697266
2018-06-17 01:30:00,34.55982971191406
2018-06-17 01:45:00,34.35017395019531
2018-06-17 02:00:00,34.14307403564453
2018-06-17 02:15:00,33.95035934448242
2018-06-17 02:30:00,33.71645736694336
2018-06-17 02:45:00,33.505977630615234
2018-06-17 03:00:00,33.303985595703125
2018-06-17 03:15:00,33.08943557739258
2018-06-17 03:30:00,32.8868293762207
2018-06-17 03:45:00,32.692474365234375
2018-06-17 04:00:00,32.50136184692383
2018-06-17 04:15:00,32.31446075439453
2018-06-17 04:30:00,32.14945983886719
2018-06-17 04:45:00,32.02901840209961
2018-06-17 05:00:00,31.852399826049805
2018-06-17 05:15:00,31.72626495361328
2018-06-17 05:30:00,31.613637924194336
2018-06-17 05:45:00,31.51302146911621
2018-06-17 06:00:00,31.457422256469727
2018-06-17 06:15:00,31.457427978515625
2018-06-17 06:30:00,31.42405128479004
2018-06-17 06:45:00,31.394710540771484
2018-06-17 07:00:00,31.43920135498047
2018-06-17 07:15:00,31.49614906311035
2018-06-17 07:30:00,31.576446533203125
2018-06-17 07:45:00,31.704509735107422
2018-06-17 08:00:00,31.862777709960938
2018-06-17 08:15:00,32.0602912902832
2018-06-17 08:30:00,32.27956771850586
2018-06-17 08:45:00,32.477577209472656
2018-06-17 09:00:00,32.73617935180664
2018-06-17 09:15:00,32.99151611328125
2018-06-17 09:30:00,33.27525329589844
2018-06-17 09:45:00,33.55671691894531
2018-06-17 10:00:00,33.89793395996094
2018-06-17 10:15:00,34.19098663330078
2018-06-17 10:30:00,34.54766082763672
2018-06-17 10:45:00,34.89451599121094
2018-06-17 11:00:00,35.21802520751953
2018-06-17 11:15:00,35.527366638183594
2018-06-17 11:30:00,35.850250244140625
2018-06-17 11:45:00,36.15215301513672
2018-06-17 12:00:00,36.482574462890625
2018-06-17 12:15:00,36.76312255859375
2018-06-17 12:30:00,37.030826568603516
2018-06-17 12:45:00,37.27183151245117
2018-06-17 13:00:00,37.543243408203125
2018-06-17 13:15:00,37.69948959350586
2018-06-17 13:30:00,37.89271545410156
2018-06-17 13:45:00,38.04494094848633
2018-06-17 14:00:00,38.1746826171875
2018-06-17 14:15:00,38.2758674621582
2018-06-17 14:30:00,38.358943939208984
2018-06-17 14:45:00,38.39995193481445
2018-06-17 15:00:00,38.4197883605957
2018-06-17 15:15:00,38.41447448730469
2018-06-17 15:30:00,38.3854866027832
2018-06-17 15:45:00,38.33501434326172
2018-06-17 16:00:00,38.252052307128906
2018-06-17 16:15:00,38.14423751831055
2018-06-17 16:30:00,38.02676010131836
2018-06-17 16:45:00,37.8818359375
2018-06-17 17:00:00,37.72854232788086
2018-06-17 17:15:00,37.56876754760742
2018-06-17 17:30:00,37.37135696411133
2018-06-17 17:45:00,37.189666748046875
2018-06-17 18:00:00,36.974205017089844
2018-06-17 18:15:00,36.76729202270508
2018-06-17 18:30:00,36.543548583984375
2018-06-17 18:45:00,36.336063385009766
2018-06-17 19:00:00,36.11876678466797
2018-06-17 19:15:00,35.89788055419922
2018-06-17 19:30:00,35.68285369873047
2018-06-17 19:45:00,35.467105865478516
2018-06-17 20:00:00,40.742191314697266
2018-06-17 20:15:00,40.0931396484375
2018-06-17 20:30:00,40.342288970947266
2018-06-17 20:45:00,40.013668060302734
2018-06-17 21:00:00,39.54144287109375
2018-06-17 21:15:00,39.58059310913086
2018-06-17 21:30:00,39.303680419921875
2018-06-17 21:45:00,39.13056182861328
2018-06-17 22:00:00,39.17143249511719
2018-06-17 22:15:00,38.96699142456055
2018-06-17 22:30:00,38.65996551513672
2018-06-17 22:45:00,37.97419357299805
2018-06-17 23:00:00,38.11452865600586
2018-06-17 23:15:00,37.99925994873047
2018-06-17 23:30:00,38.30885696411133
2018-06-17 23:45:00,37.806949615478516
2018-06-18 00:00:00,37.658851623535156
2018-06-18 00:15:00,37.624717712402344
2018-06-18 00:30:00,37.69980239868164
2018-06-18 00:45:00,37.480064392089844
2018-06-18 01:00:00,37.54575729370117
2018-06-18 01:15:00,37.3820915222168
2018-06-18 01:30:00,37.28805160522461
2018-06-18 01:45:00,37.00661849975586
2018-06-18 02:00:00,37.09299087524414
2018-06-18 02:15:00,36.51427459716797
2018-06-18 02:30:00,36.41376876831055
2018-06-18 02:45:00,36.384521484375
2018-06-18 03:00:00,36.205230712890625
2018-06-18 03:15:00,36.02065658569336
2018-06-18 03:30:00,35.864349365234375
2018-06-18 03:45:00,35.53614044189453
2018-06-18 04:00:00,35.3277587890625
2018-06-18 04:15:00,35.22712326049805
2018-06-18 04:30:00,34.87804412841797
2018-06-18 04:45:00,34.84321212768555
2018-06-18 05:00:00,34.338966369628906
2018-06-18 05:15:00,34.43923568725586
2018-06-18 05:30:00,34.31060791015625
2018-06-18 05:45:00,34.27869415283203
2018-06-18 06:00:00,34.15229797363281
2018-06-18 06:15:00,34.06718444824219
2018-06-18 06:30:00,33.84348678588867
2018-06-18 06:45:00,33.92388916015625
2018-06-18 07:00:00,33.99848937988281
2018-06-18 07:15:00,34.22040939331055
2018-06-18 07:30:00,34.487831115722656
2018-06-18 07:45:00,34.56653594970703
2018-06-18 08:00:00,34.510807037353516
2018-06-18 08:15:00,35.10886001586914
2018-06-18 08:30:00,34.91852569580078
2018-06-18 08:45:00,35.239994049072266
2018-06-18 09:00:00,36.26203918457031
2018-06-18 09:15:00,36.460994720458984
2018-06-18 09:30:00,36.937740325927734
2018-06-18 09:45:00,37.22133255004883
2018-06-18 10:00:00,38.149200439453125
2018-06-18 10:15:00,38.496307373046875
2018-06-18 10:30:00,39.06757354736328
2018-06-18 10:45:00,39.61232376098633
2018-06-18 11:00:00,40.32625198364258
2018-06-18 11:15:00,40.47781753540039
2018-06-18 11:30:00,41.006263732910156
2018-06-18 11:45:00,41.54534149169922
2018-06-18 12:00:00,42.04393768310547
2018-06-18 12:15:00,42.655818939208984
2018-06-18 12:30:00,43.1296272277832
2018-06-18 12:45:00,43.72831726074219
2018-06-18 13:00:00,43.96330642700195
2018-06-18 13:15:00,44.154449462890625
2018-06-18 13:30:00,44.50246047973633
2018-06-18 13:45:00,44.74647903442383
2018-06-18 14:00:00,44.846351623535156
2018-06-18 14:15:00,45.134002685546875
2018-06-18 14:30:00,45.059478759765625
2018-06-18 14:45:00,45.40299987792969
2018-06-18 15:00:00,45.28938674926758
2018-06-18 15:15:00,45.336212158203125
2018-06-18 15:30:00,44.75985336303711
2018-06-18 15:45:00,44.737701416015625
2018-06-18 16:00:00,44.78705978393555
2018-06-18 16:15:00,44.61503219604492
2018-06-18 16:30:00,44.17897033691406
2018-06-18 16:45:00,44.35430908203125
2018-06-18 17:00:00,43.65937423706055
2018-06-18 17:15:00,43.59016418457031
2018-06-18 17:30:00,43.02975082397461
2018-06-18 17:45:00,42.61198043823242
2018-06-18 18:00:00,42.51542282104492
2018-06-18 18:15:00,42.119510650634766
2018-06-18 18:30:00,41.648921966552734
2018-06-18 18:45:00,41.27791213989258
2018-06-18 19:00:00,41.06092071533203
2018-06-18 19:15:00,41.0103874206543
2018-06-18 19:30:00,40.71346664428711
2018-06-18 19:45:00,40.108924865722656
2018-06-18 20:00:00,44.072540283203125
2018-06-18 20:15:00,43.66395950317383
2018-06-18 20:30:00,43.73222351074219
2018-06-18 20:45:00,43.876033782958984
2018-06-18 21:00:00,43.48424530029297
2018-06-18 21:15:00,43.39223098754883
2018-06-18 21:30:00,42.99327850341797
2018-06-18 21:45:00,42.54182815551758
2018-06-18 22:00:00,42.91984558105469
2018-06-18 22:15:00,42.207759857177734
2018-06-18 22:30:00,42.638755798339844
2018-06-18 22:45:00,41.78326416015625
2018-06-18 23:00:00,41.627716064453125
2018-06-18 23:15:00,42.01036071777344
2018-06-18 23:30:00,41.75300598144531
2018-06-18 23:45:00,41.898006439208984
2018-06-19 00:00:00,41.69736862182617
2018-06-19 00:15:00,42.05593490600586
2018-06-19 00:30:00,41.36589050292969
2018-06-19 00:45:00,41.49313735961914
2018-06-19 01:00:00,41.15455627441406
2018-06-19 01:15:00,40.7435302734375
2018-06-19 01:30:00,40.23524475097656
2018-06-19 01:45:00,40.26395797729492
2018-06-19 02:00:00,40.647483825683594
2018-06-19 02:15:00,40.368255615234375
2018-06-19 02:30:00,39.9476318359375
2018-06-19 02:45:00,39.7923469543457
2018-06-19 03:00:00,39.69154739379883
2018-06-19 03:15:00,39.77928161621094
2018-06-19 03:30:00,39.7828254699707
2018-06-19 03:45:00,38.93795394897461
2018-06-19 04:00:00,38.74774169921875
2018-06-19 04:15:00,39.06358337402344
2018-06-19 04:30:00,37.877315521240234
2018-06-19 04:45:00,38.39008331298828
2018-06-19 05:00:00,38.23760223388672
2018-06-19 05:15:00,37.677085876464844
2018-06-19 05:30:00,38.114830017089844
2018-06-19 05:45:00,37.80543518066406
2018-06-19 06:00:00,37.90929412841797
2018-06-19 06:15:00,37.62466049194336
2018-06-19 06:30:00,37.68193817138672
2018-06-19 06:45:00,37.5487060546875
2018-06-19 07:00:00,37.43233108520508
2018-06-19 07:15:00,38.316410064697266
2018-06-19 07:30:00,38.30224609375
2018-06-19 07:45:00,38.80259704589844
2018-06-19 08:00:00,38.298099517822266
2018-06-19 08:15:00,39.26870346069336
2018-06-19 08:30:00,39.18461608886719
2018-06-19 08:45:00,39.438682556152344
2018-06-19 09:00:00,40.0540771484375
2018-06-19 09:15:00,40.35321044921875
2018-06-19 09:30:00,40.785789489746094
2018-06-19 09:45:00,41.199615478515625
2018-06-19 10:00:00,41.66984176635742
2018-06-19 10:15:00,42.27661895751953
2018-06-19 10:30:00,42.60185623168945
2018-06-19 10:45:00,43.277015686035156
2018-06-19 11:00:00,43.760807037353516
2018-06-19 11:15:00,44.01972961425781
2018-06-19 11:30:00,44.54265213012695
2018-06-19 11:45:00,44.658966064453125
2018-06-19 12:00:00,45.29524230957031
2018-06-19 12:15:00,46.106781005859375
2018-06-19 12:30:00,46.31480026245117
2018-06-19 12:45:00,46.645042419433594
2018-06-19 13:00:00,46.935997009277344
2018-06-19 13:15:00,47.01338577270508
2018-06-19 13:30:00,46.578914642333984
2018-06-19 13:45:00,47.54335403442383
2018-06-19 14:00:00,47.18655014038086
2018-06-19 14:15:00,48.01646423339844
2018-06-19 14:30:00,46.97524642944336
2018-06-19 14:45:00,47.08499526977539
2018-06-19 15:00:00,46.645225524902344
2018-06-19 15:15:00,47.157203674316406
2018-06-19 15:30:00,47.402069091796875
2018-06-19 15:45:00,46.64506530761719
2018-06-19 16:00:00,47.1181640625
2018-06-19 16:15:00,46.3842887878418
2018-06-19 16:30:00,46.29338073730469
2018-06-19 16:45:00,46.1938591003418
2018-06-19 17:00:00,45.8183479309082
2018-06-19 17:15:00,46.058860778808594
2018-06-19 17:30:00,45.84903335571289
2018-06-19 17:45:00,45.27033615112305
2018-06-19 18:00:00,45.01435470581055
2018-06-19 18:15:00,45.721092224121094
2018-06-19 18:30:00,44.76752853393555
2018-06-19 18:45:00,44.75932312011719
2018-06-19 19:00:00,44.180572509765625
2018-06-19 19:15:00,43.83817672729492
2018-06-19 19:30:00,43.7957763671875
2018-06-19 19:45:00,43.73469924926758
2018-06-19 20:00:00,30.56662730441691
2018-06-19 20:15:00,30.672910045179723
2018-06-19 20:30:00,30.758403341640992
2018-06-19 20:45:00,30.8271737147736
2018-06-19 21:00:00,30.882492253379027
2018-06-19 21:15:00,30.92699020466307
2018-06-19 21:30:00,30.962784130504104
2018-06-19 21:45:00,30.991576582519144
2018-06-19 22:00:00,31.014737084575277
2018-06-19 22:15:00,31.033367274710248
2018-06-19 22:30:00,31.048353304962266
2018-06-19 22:45:00,31.06040799152678
2018-06-19 23:00:00,31.07010472012835
2018-06-19 23:15:00,31.077904719329428
2018-06-19 23:30:00,31.08417899904135
2018-06-19 23:45:00,31.08922599775104
2018-06-20 00:00:00,31.093285777860494
2018-06-20 00:15:00,31.096551444345703
2018-06-20 00:30:00,31.099178329867847
2018-06-20 00:45:00,31.101291383230063
2018-06-20 01:00:00,31.10299111261451
2018-06-20 01:15:00,31.104358366292068
2018-06-20 01:30:00,31.105458178200887
2018-06-20 01:45:00,31.106342861310278
2018-06-20 02:00:00,31.10705449590685
2018-06-20 02:15:00,31.107626931159274
2018-06-20 02:30:00,31.10808739516678
2018-06-20 02:45:00,31.108457790073995
2018-06-20 03:00:00,31.108755733854736
2018-06-20 03:15:00,31.10899539831759
2018-06-20 03:30:00,31.109188183193353
2018-06-20 03:45:00,31.10934325836754
2018-06-20 04:00:00,31.10946800004945
2018-06-20 04:15:00,31.10956834162435
2018-06-20 04:30:00,31.10964905587719
2018-06-20 04:45:00,31.10971398201192
2018-06-20 05:00:00,31.1097662082647
2018-06-20 05:15:00,31.109808218796978
2018-06-20 05:30:00,31.109842011855616
2018-06-20 05:45:00,31.10986919482022
2018-06-20 06:00:00,31.109891060658786
2018-06-20 06:15:00,31.10990864942819
2018-06-20 06:30:00,31.109922797744897
2018-06-20 06:45:00,31.109934178578946
2018-06-20 07:00:00,31.10994333326401
2018-06-20 07:15:00,31.10995069724614
2018-06-20 07:30:00,31.10995662079594
2018-06-20 07:45:00,31.10996138566929
2018-06-20 08:00:00,31.109965218509195
2018-06-20 08:15:00,31.109968301626132
2018-06-20 08:30:00,31.109970781669727
2018-06-20 08:45:00,31.109972776604188
2018-06-20 09:00:00,31.10997438131933
2018-06-20 09:15:00,31.10997567214403
2018-06-20 09:30:00,31.10997671047686
2018-06-20 09:45:00,31.109977545706514
2018-06-20 10:00:00,31.109978217561
2018-06-20 10:15:00,31.109978757997332
2018-06-20 10:30:00,31.10997919272157
2018-06-20 10:45:00,31.10997954241154
2018-06-20 11:00:00,31.109979823700375
2018-06-20 11:15:00,31.10998004996768
2018-06-20 11:30:00,31.109980231975953
2018-06-20 11:45:00,31.10998037838248
2018-06-20 12:00:00,31.10998049615115
2018-06-20 12:15:00,31.109980590883666
2018-06-20 12:30:00,31.10998066708602
2018-06-20 12:45:00,31.10998072838281
2018-06-20 13:00:00,31.109980777689632
2018-06-20 13:15:00,31.10998081735179
2018-06-20 13:30:00,31.10998084925583
2018-06-20 13:45:00,31.109980874919277
2018-06-20 14:00:00,31.109980895562824
2018-06-20 14:15:00,31.10998091216839
2018-06-20 14:30:00,31.10998092552582
2018-06-20 14:45:00,31.10998093627047
2018-06-20 15:00:00,31.109980944913413
2018-06-20 15:15:00,31.10998095186575
2018-06-20 15:30:00,31.109980957458177
2018-06-20 15:45:00,31.109980961956694
2018-06-20 16:00:00,31.10998096557528
2018-06-20 16:15:00,31.10998096848605
2018-06-20 16:30:00,31.109980970827458
2018-06-20 16:45:00,31.109980972710876
2018-06-20 17:00:00,31.109980974225888
2018-06-20 17:15:00,31.109980975444557
2018-06-20 17:30:00,31.109980976424847
2018-06-20 17:45:00,31.109980977213386
2018-06-20 18:00:00,31.109980977847684
2018-06-20 18:15:00,31.10998097835791
2018-06-20 18:30:00,31.109980978768334
2018-06-20 18:45:00,31.109980979098477
2018-06-20 19:00:00,31.109980979364042
2018-06-20 19:15:00,31.10998097957766
2018-06-20 19:30:00,31.109980979749494
2018-06-20 19:45:00,31.109980979887716
2018-06-20 20:00:00,36.32587432861328
2018-06-20 20:15:00,36.49798583984375
2018-06-20 20:30:00,35.95900344848633
2018-06-20 20:45:00,36.001399993896484
2018-06-20 21:00:00,35.97341537475586
2018-06-20 21:15:00,35.869144439697266
2018-06-20 21:30:00,35.54007339477539
2018-06-20 21:45:00,35.63931655883789
2018-06-20 22:00:00,35.384586334228516
2018-06-20 22:15:00,35.366214752197266
2018-06-20 22:30:00,35.321807861328125
2018-06-20 22:45:00,35.151695251464844
2018-06-20 23:00:00,35.30405807495117
2018-06-20 23:15:00,35.084476470947266
2018-06-20 23:30:00,35.1062126159668
2018-06-20 23:45:00,35.009403228759766
2018-06-21 00:00:00,34.96929931640625
2018-06-21 00:15:00,35.034149169921875
2018-06-21 00:30:00,34.904632568359375
2018-06-21 00:45:00,35.06512451171875
2018-06-21 01:00:00,35.1373176574707
2018-06-21 01:15:00,34.96750259399414
2018-06-21 01:30:00,35.03812026977539
2018-06-21 01:45:00,34.9453125
2018-06-21 02:00:00,34.86558532714844
2018-06-21 02:15:00,34.97517395019531
2018-06-21 02:30:00,34.912086486816406
2018-06-21 02:45:00,34.91813278198242
2018-06-21 03:00:00,34.73082733154297
2018-06-21 03:15:00,34.613006591796875
2018-06-21 03:30:00,34.62025833129883
2018-06-21 03:45:00,34.70270919799805
2018-06-21 04:00:00,34.56031799316406
2018-06-21 04:15:00,34.65284729003906
2018-06-21 04:30:00,34.47880935668945
2018-06-21 04:45:00,34.316429138183594
2018-06-21 05:00:00,34.31080627441406
2018-06-21 05:15:00,34.341880798339844
2018-06-21 05:30:00,34.22126770019531
2018-06-21 05:45:00,34.1091423034668
2018-06-21 06:00:00,34.13683319091797
2018-06-21 06:15:00,33.92081832885742
2018-06-21 06:30:00,33.895111083984375
2018-06-21 06:45:00,33.66670608520508
2018-06-21 07:00:00,34.07859802246094
2018-06-21 07:15:00,34.09605026245117
2018-06-21 07:30:00,34.00102996826172
2018-06-21 07:45:00,34.306968688964844
2018-06-21 08:00:00,34.33356475830078
2018-06-21 08:15:00,34.36749267578125
2018-06-21 08:30:00,34.92329788208008
2018-06-21 08:45:00,35.12874984741211
2018-06-21 09:00:00,35.0310173034668
2018-06-21 09:15:00,35.21946716308594
2018-06-21 09:30:00,35.6380729675293
2018-06-21 09:45:00,36.125328063964844
2018-06-21 10:00:00,36.06612014770508
2018-06-21 10:15:00,36.449825286865234
2018-06-21 10:30:00,36.57378005981445
2018-06-21 10:45:00,36.783042907714844
2018-06-21 11:00:00,36.971858978271484
2018-06-21 11:15:00,37.11966323852539
2018-06-21 11:30:00,37.32638931274414
2018-06-21 11:45:00,37.688270568847656
2018-06-21 12:00:00,37.80588912963867
2018-06-21 12:15:00,38.108482360839844
2018-06-21 12:30:00,38.483985900878906
2018-06-21 12:45:00,38.23072814941406
2018-06-21 13:00:00,38.63921356201172
2018-06-21 13:15:00,39.07512283325195
2018-06-21 13:30:00,38.64730453491211
2018-06-21 13:45:00,38.7192497253418
2018-06-21 14:00:00,38.937007904052734
2018-06-21 14:15:00,38.8466796875
2018-06-21 14:30:00,38.88628387451172
2018-06-21 14:45:00,38.83948516845703
2018-06-21 15:00:00,38.9127311706543
2018-06-21 15:15:00,38.716365814208984
2018-06-21 15:30:00,38.6572380065918
2018-06-21 15:45:00,38.34904861450195
2018-06-21 16:00:00,38.24510192871094
2018-06-21 16:15:00,38.25093460083008
2018-06-21 16:30:00,38.01905059814453
2018-06-21 16:45:00,38.02682876586914
2018-06-21 17:00:00,37.8813362121582
2018-06-21 17:15:00,37.6119270324707
2018-06-21 17:30:00,37.69200134277344
2018-06-21 17:45:00,37.32032012939453
2018-06-21 18:00:00,37.371700286865234
2018-06-21 18:15:00,37.06203842163086
2018-06-21 18:30:00,36.952571868896484
2018-06-21 18:45:00,36.55233383178711
2018-06-21 19:00:00,36.673011779785156
2018-06-21 19:15:00,36.35966491699219
2018-06-21 19:30:00,36.147857666015625
2018-06-21 19:45:00,36.109344482421875
2018-06-21 20:00:00,37.847129821777344
2018-06-21 20:15:00,37.50318908691406
2018-06-21 20:30:00,37.164039611816406
2018-06-21 20:45:00,36.8327751159668
2018-06-21 21:00:00,36.49906921386719
2018-06-21 21:15:00,36.178466796875
2018-06-21 21:30:00,35.863189697265625
2018-06-21 21:45:00,35.550262451171875
2018-06-21 22:00:00,35.247467041015625
2018-06-21 22:15:00,34.943538665771484
2018-06-21 22:30:00,34.66531753540039
2018-06-21 22:45:00,34.38023376464844
2018-06-21 23:00:00,34.097755432128906
2018-06-21 23:15:00,33.84474563598633
2018-06-21 23:30:00,33.57939147949219
2018-06-21 23:45:00,33.322662353515625
2018-06-22 00:00:00,33.099117279052734
2018-06-22 00:15:00,32.868412017822266
2018-06-22 00:30:00,32.62071990966797
2018-06-22 00:45:00,32.4356803894043
2018-06-22 01:00:00,32.220062255859375
2018-06-22 01:15:00,32.01829147338867
2018-06-22 01:30:00,31.78375244140625
2018-06-22 01:45:00,31.584712982177734
2018-06-22 02:00:00,31.349185943603516
2018-06-22 02:15:00,31.19100570678711
2018-06-22 02:30:00,30.947166442871094
2018-06-22 02:45:00,30.739566802978516
2018-06-22 03:00:00,30.546541213989258
2018-06-22 03:15:00,30.318744659423828
2018-06-22 03:30:00,30.129417419433594
2018-06-22 03:45:00,29.945581436157227
2018-06-22 04:00:00,29.75147819519043
2018-06-22 04:15:00,29.55249786376953
2018-06-22 04:30:00,29.447757720947266
2018-06-22 04:45:00,29.36865997314453
2018-06-22 05:00:00,29.228286743164062
2018-06-22 05:15:00,29.147724151611328
2018-06-22 05:30:00,29.085914611816406
2018-06-22 05:45:00,29.03089141845703
2018-06-22 06:00:00,29.04734230041504
2018-06-22 06:15:00,29.10725212097168
2018-06-22 06:30:00,29.145957946777344
2018-06-22 06:45:00,29.191884994506836
2018-06-22 07:00:00,29.313968658447266
2018-06-22 07:15:00,29.4498233795166
2018-06-22 07:30:00,29.59834098815918
2018-06-22 07:45:00,29.81584358215332
2018-06-22 08:00:00,30.067201614379883
2018-06-22 08:15:00,30.35044288635254
2018-06-22 08:30:00,30.65408706665039
2018-06-22 08:45:00,30.939321517944336
2018-06-22 09:00:00,31.283729553222656
2018-06-22 09:15:00,31.62172508239746
2018-06-22 09:30:00,31.990530014038086
2018-06-22 09:45:00,32.344356536865234
2018-06-22 10:00:00,32.796546936035156
2018-06-22 10:15:00,33.16550064086914
2018-06-22 10:30:00,33.63636016845703
2018-06-22 10:45:00,34.0850830078125
2018-06-22 11:00:00,34.50569152832031
2018-06-22 11:15:00,34.90802764892578
2018-06-22 11:30:00,35.32866287231445
2018-06-22 11:45:00,35.72149658203125
2018-06-22 12:00:00,36.143985748291016
2018-06-22 12:15:00,36.501399993896484
2018-06-22 12:30:00,36.837520599365234
2018-06-22 12:45:00,37.138301849365234
2018-06-22 13:00:00,37.46409606933594
2018-06-22 13:15:00,37.66047668457031
2018-06-22 13:30:00,37.88954544067383
2018-06-22 13:45:00,38.067665100097656
2018-06-22 14:00:00,38.21413040161133
2018-06-22 14:15:00,38.32290267944336
2018-06-22 14:30:00,38.405372619628906
2018-06-22 14:45:00,38.433406829833984
2018-06-22 15:00:00,38.431884765625
2018-06-22 15:15:00,38.39716339111328
2018-06-22 15:30:00,38.32991409301758
2018-06-22 15:45:00,38.236839294433594
2018-06-22 16:00:00,38.10014724731445
2018-06-22 16:15:00,37.92485046386719
2018-06-22 16:30:00,37.748443603515625
2018-06-22 16:45:00,37.524810791015625
2018-06-22 17:00:00,37.297386169433594
2018-06-22 17:15:00,37.0750846862793
2018-06-22 17:30:00,36.760047912597656
2018-06-22 17:45:00,36.50593948364258
2018-06-22 18:00:00,36.16577911376953
2018-06-22 18:15:00,35.86093521118164
2018-06-22 18:30:00,35.51097869873047
2018-06-22 18:45:00,35.2108039855957
2018-06-22 19:00:00,34.88850021362305
2018-06-22 19:15:00,34.555206298828125
2018-06-22 19:30:00,34.24077224731445
2018-06-22 19:45:00,33.92761993408203
2018-06-22 20:00:00,27.48475456237793
2018-06-22 20:15:00,27.520828247070312
2018-06-22 20:30:00,27.389408111572266
2018-06-22 20:45:00,27.377880096435547
2018-06-22 21:00:00,27.48651885986328
2018-06-22 21:15:00,27.656280517578125
2018-06-22 21:30:00,27.573211669921875
2018-06-22 21:45:00,27.873537063598633
2018-06-22 22:00:00,27.570083618164062
2018-06-22 22:15:00,27.234703063964844
2018-06-22 22:30:00,27.48463249206543
2018-06-22 22:45:00,27.311880111694336
2018-06-22 23:00:00,26.810829162597656
2018-06-22 23:15:00,27.764965057373047
2018-06-22 23:30:00,27.48659896850586
2018-06-22 23:45:00,26.779150009155273
2018-06-23 00:00:00,27.295318603515625
2018-06-23 00:15:00,27.138416290283203
2018-06-23 00:30:00,26.910480499267578
2018-06-23 00:45:00,27.18546485900879
2018-06-23 01:00:00,27.114784240722656
2018-06-23 01:15:00,27.17755889892578
2018-06-23 01:30:00,27.158340454101562
2018-06-23 01:45:00,27.40260124206543
2018-06-23 02:00:00,27.326017379760742
2018-06-23 02:15:00,27.347583770751953
2018-06-23 02:30:00,27.609155654907227
2018-06-23 02:45:00,26.845293045043945
2018-06-23 03:00:00,27.442729949951172
2018-06-23 03:15:00,26.87474250793457
2018-06-23 03:30:00,27.16156768798828
2018-06-23 03:45:00,27.430984497070312
2018-06-23 04:00:00,27.208141326904297
2018-06-23 04:15:00,26.63597297668457
2018-06-23 04:30:00,27.38819694519043
2018-06-23 04:45:00,27.483774185180664
2018-06-23 05:00:00,26.79086685180664
2018-06-23 05:15:00,26.71678924560547
2018-06-23 05:30:00,27.544309616088867
2018-06-23 05:45:00,26.726970672607422
2018-06-23 06:00:00,26.74350929260254
2018-06-23 06:15:00,26.192148208618164
2018-06-23 06:30:00,26.611766815185547
2018-06-23 06:45:00,26.31269645690918
2018-06-23 07:00:00,26.400074005126953
2018-06-23 07:15:00,26.28647232055664
2018-06-23 07:30:00,26.75819206237793
2018-06-23 07:45:00,26.1423397064209
2018-06-23 08:00:00,26.418201446533203
2018-06-23 08:15:00,26.921112060546875
2018-06-23 08:30:00,26.29007339477539
2018-06-23 08:45:00,26.773082733154297
2018-06-23 09:00:00,26.33631706237793
2018-06-23 09:15:00,26.094816207885742
2018-06-23 09:30:00,26.23369598388672
2018-06-23 09:45:00,26.230480194091797
2018-06-23 10:00:00,26.447847366333008
2018-06-23 10:15:00,25.736125946044922
2018-06-23 10:30:00,26.134733200073242
2018-06-23 10:45:00,25.862699508666992
2018-06-23 11:00:00,25.967548370361328
2018-06-23 11:15:00,26.36265754699707
2018-06-23 11:30:00,26.209793090820312
2018-06-23 11:45:00,26.031803131103516
2018-06-23 12:00:00,25.753341674804688
2018-06-23 12:15:00,25.83438491821289
2018-06-23 12:30:00,26.21576690673828
2018-06-23 12:45:00,26.255538940429688
2018-06-23 13:00:00,26.529199600219727
2018-06-23 13:15:00,27.33204460144043
2018-06-23 13:30:00,27.303424835205078
2018-06-23 13:45:00,26.400588989257812
2018-06-23 14:00:00,27.03624725341797
2018-06-23 14:15:00,27.19025421142578
2018-06-23 14:30:00,26.72307014465332
2018-06-23 14:45:00,27.599319458007812
2018-06-23 15:00:00,27.724777221679688
2018-06-23 15:15:00,27.379009246826172
2018-06-23 15:30:00,27.794647216796875
2018-06-23 15:45:00,27.498319625854492
2018-06-23 16:00:00,27.833547592163086
2018-06-23 16:15:00,28.72733497619629
2018-06-23 16:30:00,28.010730743408203
2018-06-23 16:45:00,28.125436782836914
2018-06-23 17:00:00,28.693599700927734
2018-06-23 17:15:00,28.45115089416504
2018-06-23 17:30:00,28.456384658813477
2018-06-23 17:45:00,28.88262176513672
2018-06-23 18:00:00,28.315593719482422
2018-06-23 18:15:00,28.919940948486328
2018-06-23 18:30:00,28.947834014892578
2018-06-23 18:45:00,29.716880798339844
2018-06-23 19:00:00,29.937082290649414
2018-06-23 19:15:00,30.768423080444336
2018-06-23 19:30:00,29.33112907409668
2018-06-23 19:45:00,29.340909957885742
2018-06-23 20:00:00,34.28899383544922
2018-06-23 20:15:00,34.41424560546875
2018-06-23 20:30:00,34.152587890625
2018-06-23 20:45:00,33.979854583740234
2018-06-23 21:00:00,33.94292449951172
2018-06-23 21:15:00,33.85624694824219
2018-06-23 21:30:00,33.486698150634766
2018-06-23 21:45:00,33.697998046875
2018-06-23 22:00:00,33.344966888427734
2018-06-23 22:15:00,33.36850357055664
2018-06-23 22:30:00,33.37898254394531
2018-06-23 22:45:00,33.112213134765625
2018-06-23 23:00:00,33.11977005004883
2018-06-23 23:15:00,32.92250442504883
2018-06-23 23:30:00,33.0106086730957
2018-06-23 23:45:00,32.82582473754883
2018-06-24 00:00:00,32.8121452331543
2018-06-24 00:15:00,32.751956939697266
2018-06-24 00:30:00,32.49110794067383
2018-06-24 00:45:00,32.50307083129883
2018-06-24 01:00:00,32.49458312988281
2018-06-24 01:15:00,32.46223068237305
2018-06-24 01:30:00,32.3495979309082
2018-06-24 01:45:00,32.22209930419922
2018-06-24 02:00:00,32.28436279296875
2018-06-24 02:15:00,32.29958724975586
2018-06-24 02:30:00,32.1396484375
2018-06-24 02:45:00,32.09199142456055
2018-06-24 03:00:00,31.748178482055664
2018-06-24 03:15:00,31.855178833007812
2018-06-24 03:30:00,31.77089500427246
2018-06-24 03:45:00,31.76133918762207
2018-06-24 04:00:00,31.36391258239746
2018-06-24 04:15:00,31.457612991333008
2018-06-24 04:30:00,31.508834838867188
2018-06-24 04:45:00,31.32065773010254
2018-06-24 05:00:00,31.366870880126953
2018-06-24 05:15:00,31.108844757080078
2018-06-24 05:30:00,31.126663208007812
2018-06-24 05:45:00,31.061084747314453
2018-06-24 06:00:00,30.717103958129883
2018-06-24 06:15:00,30.629758834838867
2018-06-24 06:30:00,30.592071533203125
2018-06-24 06:45:00,30.4586124420166
2018-06-24 07:00:00,30.7742862701416
2018-06-24 07:15:00,30.795591354370117
2018-06-24 07:30:00,30.85629653930664
2018-06-24 07:45:00,31.12325668334961
2018-06-24 08:00:00,31.06207847595215
2018-06-24 08:15:00,31.28352165222168
2018-06-24 08:30:00,31.454877853393555
2018-06-24 08:45:00,31.99750328063965
2018-06-24 09:00:00,32.112735748291016
2018-06-24 09:15:00,32.71490478515625
2018-06-24 09:30:00,32.85025405883789
2018-06-24 09:45:00,33.12523651123047
2018-06-24 10:00:00,33.453609466552734
2018-06-24 10:15:00,33.848514556884766
2018-06-24 10:30:00,34.203514099121094
2018-06-24 10:45:00,34.35081481933594
2018-06-24 11:00:00,34.692909240722656
2018-06-24 11:15:00,34.83275604248047
2018-06-24 11:30:00,34.798179626464844
2018-06-24 11:45:00,35.55351257324219
2018-06-24 12:00:00,35.32889175415039
2018-06-24 12:15:00,35.68891525268555
2018-06-24 12:30:00,36.43199157714844
2018-06-24 12:45:00,35.98292541503906
2018-06-24 13:00:00,36.430599212646484
2018-06-24 13:15:00,36.64533233642578
2018-06-24 13:30:00,36.42969512939453
2018-06-24 13:45:00,36.48612976074219
2018-06-24 14:00:00,36.437957763671875
2018-06-24 14:15:00,36.80350112915039
2018-06-24 14:30:00,36.79285430908203
2018-06-24 14:45:00,36.6014289855957
2018-06-24 15:00:00,36.67369079589844
2018-06-24 15:15:00,36.43539047241211
2018-06-24 15:30:00,36.206329345703125
2018-06-24 15:45:00,36.21535873413086
2018-06-24 16:00:00,36.21404266357422
2018-06-24 16:15:00,36.065330505371094
2018-06-24 16:30:00,35.92937088012695
2018-06-24 16:45:00,35.87548828125
2018-06-24 17:00:00,35.598628997802734
2018-06-24 17:15:00,35.21057891845703
2018-06-24 17:30:00,35.28059768676758
2018-06-24 17:45:00,35.13351821899414
2018-06-24 18:00:00,34.9166259765625
2018-06-24 18:15:00,34.702728271484375
2018-06-24 18:30:00,34.50997543334961
2018-06-24 18:45:00,34.3319206237793
2018-06-24 19:00:00,34.25849151611328
2018-06-24 19:15:00,34.119384765625
2018-06-24 19:30:00,33.8712158203125
2018-06-24 19:45:00,33.854042053222656
2018-06-24 20:00:00,37.59250259399414
2018-06-24 20:15:00,37.452457427978516
2018-06-24 20:30:00,37.531551361083984
2018-06-24 20:45:00,37.841922760009766
2018-06-24 21:00:00,37.65140151977539
2018-06-24 21:15:00,37.418968200683594
2018-06-24 21:30:00,37.286746978759766
2018-06-24 21:45:00,37.06471252441406
2018-06-24 22:00:00,37.327476501464844
2018-06-24 22:15:00,37.17543411254883
2018-06-24 22:30:00,37.227962493896484
2018-06-24 22:45:00,36.6046257019043
2018-06-24 23:00:00,36.55442810058594
2018-06-24 23:15:00,36.508453369140625
2018-06-24 23:30:00,36.54780960083008
2018-06-24 23:45:00,36.44679260253906
2018-06-25 00:00:00,36.41228485107422
2018-06-25 00:15:00,36.31700897216797
2018-06-25 00:30:00,35.79698944091797
2018-06-25 00:45:00,36.100040435791016
2018-06-25 01:00:00,35.874393463134766
2018-06-25 01:15:00,35.59628677368164
2018-06-25 01:30:00,35.09653854370117
2018-06-25 01:45:00,34.960655212402344
2018-06-25 02:00:00,34.846134185791016
2018-06-25 02:15:00,34.494239807128906
2018-06-25 02:30:00,34.31761932373047
2018-06-25 02:45:00,34.149574279785156
2018-06-25 03:00:00,33.813331604003906
2018-06-25 03:15:00,34.00929260253906
2018-06-25 03:30:00,33.78781509399414
2018-06-25 03:45:00,33.05049133300781
2018-06-25 04:00:00,33.38325119018555
2018-06-25 04:15:00,33.452571868896484
2018-06-25 04:30:00,32.725120544433594
2018-06-25 04:45:00,33.081382751464844
2018-06-25 05:00:00,32.674720764160156
2018-06-25 05:15:00,32.89741516113281
2018-06-25 05:30:00,32.84376907348633
2018-06-25 05:45:00,32.75602722167969
2018-06-25 06:00:00,32.94375991821289
2018-06-25 06:15:00,32.884334564208984
2018-06-25 06:30:00,32.80736541748047
2018-06-25 06:45:00,33.17802429199219
2018-06-25 07:00:00,33.397342681884766
2018-06-25 07:15:00,33.73100662231445
2018-06-25 07:30:00,33.851993560791016
2018-06-25 07:45:00,34.54243469238281
2018-06-25 08:00:00,34.137996673583984
2018-06-25 08:15:00,34.756465911865234
2018-06-25 08:30:00,34.64402389526367
2018-06-25 08:45:00,35.08648681640625
2018-06-25 09:00:00,35.575870513916016
2018-06-25 09:15:00,36.146873474121094
2018-06-25 09:30:00,36.76150131225586
2018-06-25 09:45:00,36.933990478515625
2018-06-25 10:00:00,37.327823638916016
2018-06-25 10:15:00,37.81588363647461
2018-06-25 10:30:00,37.981727600097656
2018-06-25 10:45:00,38.56941604614258
2018-06-25 11:00:00,38.69364929199219
2018-06-25 11:15:00,38.77409362792969
2018-06-25 11:30:00,39.2065544128418
2018-06-25 11:45:00,39.03656768798828
2018-06-25 12:00:00,39.775604248046875
2018-06-25 12:15:00,39.93030548095703
2018-06-25 12:30:00,40.44802474975586
2018-06-25 12:45:00,39.996498107910156
2018-06-25 13:00:00,40.383399963378906
2018-06-25 13:15:00,40.273040771484375
2018-06-25 13:30:00,39.6501350402832
2018-06-25 13:45:00,40.12314987182617
2018-06-25 14:00:00,39.9446907043457
2018-06-25 14:15:00,39.80078887939453
2018-06-25 14:30:00,40.04245376586914
2018-06-25 14:45:00,39.6464958190918
2018-06-25 15:00:00,39.22572326660156
2018-06-25 15:15:00,39.5234489440918
2018-06-25 15:30:00,39.04773712158203
2018-06-25 15:45:00,38.73535919189453
2018-06-25 16:00:00,39.340087890625
2018-06-25 16:15:00,38.81097412109375
2018-06-25 16:30:00,38.81315231323242
2018-06-25 16:45:00,38.49021911621094
2018-06-25 17:00:00,38.1201057434082
2018-06-25 17:15:00,38.38984298706055
2018-06-25 17:30:00,37.81432342529297
2018-06-25 17:45:00,37.80900955200195
2018-06-25 18:00:00,37.6351318359375
2018-06-25 18:15:00,37.73318099975586
2018-06-25 18:30:00,37.46303176879883
2018-06-25 18:45:00,37.0626220703125
2018-06-25 19:00:00,37.158329010009766
2018-06-25 19:15:00,36.963836669921875
2018-06-25 19:30:00,37.57927322387695
2018-06-25 19:45:00,36.37208557128906
2018-06-25 20:00:00,46.1747932434082
2018-06-25 20:15:00,44.986961364746094
2018-06-25 20:30:00,45.50054931640625
2018-06-25 20:45:00,45.566749572753906
2018-06-25 21:00:00,45.08611297607422
2018-06-25 21:15:00,44.603057861328125
2018-06-25 21:30:00,44.53217697143555
2018-06-25 21:45:00,43.761138916015625
2018-06-25 22:00:00,44.36378860473633
2018-06-25 22:15:00,43.3580207824707
2018-06-25 22:30:00,43.9992561340332
2018-06-25 22:45:00,42.93169021606445
2018-06-25 23:00:00,42.926979064941406
2018-06-25 23:15:00,43.046234130859375
2018-06-25 23:30:00,43.23218536376953
2018-06-25 23:45:00,42.859066009521484
2018-06-26 00:00:00,43.09429168701172
2018-06-26 00:15:00,43.11204528808594
2018-06-26 00:30:00,42.12269592285156
2018-06-26 00:45:00,42.12570571899414
2018-06-26 01:00:00,42.06835174560547
2018-06-26 01:15:00,41.764217376708984
2018-06-26 01:30:00,41.27728271484375
2018-06-26 01:45:00,41.0972785949707
2018-06-26 02:00:00,41.766456604003906
2018-06-26 02:15:00,41.18115997314453
2018-06-26 02:30:00,40.90873336791992
2018-06-26 02:45:00,40.85166549682617
2018-06-26 03:00:00,40.513370513916016
2018-06-26 03:15:00,40.56186294555664
2018-06-26 03:30:00,40.620513916015625
2018-06-26 03:45:00,39.87649917602539
2018-06-26 04:00:00,39.422943115234375
2018-06-26 04:15:00,39.88713073730469
2018-06-26 04:30:00,38.68193817138672
2018-06-26 04:45:00,39.00990676879883
2018-06-26 05:00:00,39.14890670776367
2018-06-26 05:15:00,38.75299072265625
2018-06-26 05:30:00,39.05778884887695
2018-06-26 05:45:00,38.13615036010742
2018-06-26 06:00:00,38.53688049316406
2018-06-26 06:15:00,38.19990158081055
2018-06-26 06:30:00,38.661190032958984
2018-06-26 06:45:00,38.05001449584961
2018-06-26 07:00:00,37.85102844238281
2018-06-26 07:15:00,38.79123306274414
2018-06-26 07:30:00,39.43983840942383
2018-06-26 07:45:00,40.084136962890625
2018-06-26 08:00:00,39.07080841064453
2018-06-26 08:15:00,40.310707092285156
2018-06-26 08:30:00,39.72897720336914
2018-06-26 08:45:00,40.39992141723633
2018-06-26 09:00:00,41.135990142822266
2018-06-26 09:15:00,41.508819580078125
2018-06-26 09:30:00,42.166629791259766
2018-06-26 09:45:00,42.627567291259766
2018-06-26 10:00:00,43.489227294921875
2018-06-26 10:15:00,43.54192352294922
2018-06-26 10:30:00,44.3409309387207
2018-06-26 10:45:00,44.645042419433594
2018-06-26 11:00:00,45.78346252441406
2018-06-26 11:15:00,45.53315353393555
2018-06-26 11:30:00,46.583656311035156
2018-06-26 11:45:00,46.403160095214844
2018-06-26 12:00:00,47.089752197265625
2018-06-26 12:15:00,47.90443801879883
2018-06-26 12:30:00,48.117549896240234
2018-06-26 12:45:00,48.71490478515625
2018-06-26 13:00:00,49.19303894042969
2018-06-26 13:15:00,49.640846252441406
2018-06-26 13:30:00,49.028892517089844
2018-06-26 13:45:00,49.96064376831055
2018-06-26 14:00:00,49.90087127685547
2018-06-26 14:15:00,50.32886505126953
2018-06-26 14:30:00,49.67439270019531
2018-06-26 14:45:00,49.26725387573242
2018-06-26 15:00:00,49.281044006347656
2018-06-26 15:15:00,49.26201629638672
2018-06-26 15:30:00,49.765960693359375
2018-06-26 15:45:00,48.65022277832031
2018-06-26 16:00:00,49.005123138427734
2018-06-26 16:15:00,49.058998107910156
2018-06-26 16:30:00,48.63597106933594
2018-06-26 16:45:00,48.355926513671875
2018-06-26 17:00:00,47.66998291015625
2018-06-26 17:15:00,48.48537826538086
2018-06-26 17:30:00,47.56894302368164
2018-06-26 17:45:00,46.780460357666016
2018-06-26 18:00:00,46.412296295166016
2018-06-26 18:15:00,46.95644760131836
2018-06-26 18:30:00,46.05915069580078
2018-06-26 18:45:00,45.68784713745117
2018-06-26 19:00:00,45.214866638183594
2018-06-26 19:15:00,45.055118560791016
2018-06-26 19:30:00,44.962711334228516
2018-06-26 19:45:00,44.59556579589844
