time_stamp,predicted_ans
2018-05-07 20:00:00,9.078165939335905
2018-05-07 20:15:00,9.081206341475555
2018-05-07 20:30:00,9.084246743615205
2018-05-07 20:45:00,9.087287145754855
2018-05-07 21:00:00,9.090327547894505
2018-05-07 21:15:00,9.093367950034155
2018-05-07 21:30:00,9.096408352173803
2018-05-07 21:45:00,9.099448754313453
2018-05-07 22:00:00,9.102489156453103
2018-05-07 22:15:00,9.105529558592753
2018-05-07 22:30:00,9.108569960732403
2018-05-07 22:45:00,9.111610362872053
2018-05-07 23:00:00,9.114650765011703
2018-05-07 23:15:00,9.117691167151351
2018-05-07 23:30:00,9.120731569291001
2018-05-07 23:45:00,9.123771971430651
2018-05-08 00:00:00,9.126812373570301
2018-05-08 00:15:00,9.129852775709951
2018-05-08 00:30:00,9.132893177849601
2018-05-08 00:45:00,9.135933579989251
2018-05-08 01:00:00,9.138973982128899
2018-05-08 01:15:00,9.142014384268549
2018-05-08 01:30:00,9.145054786408199
2018-05-08 01:45:00,9.148095188547849
2018-05-08 02:00:00,9.151135590687499
2018-05-08 02:15:00,9.154175992827149
2018-05-08 02:30:00,9.157216394966797
2018-05-08 02:45:00,9.160256797106447
2018-05-08 03:00:00,9.163297199246097
2018-05-08 03:15:00,9.166337601385747
2018-05-08 03:30:00,9.169378003525397
2018-05-08 03:45:00,9.172418405665047
2018-05-08 04:00:00,9.175458807804697
2018-05-08 04:15:00,9.178499209944345
2018-05-08 04:30:00,9.181539612083995
2018-05-08 04:45:00,9.184580014223645
2018-05-08 05:00:00,9.187620416363295
2018-05-08 05:15:00,9.190660818502945
2018-05-08 05:30:00,9.193701220642595
2018-05-08 05:45:00,9.196741622782245
2018-05-08 06:00:00,9.199782024921893
2018-05-08 06:15:00,9.202822427061543
2018-05-08 06:30:00,9.205862829201193
2018-05-08 06:45:00,9.208903231340843
2018-05-08 07:00:00,9.211943633480493
2018-05-08 07:15:00,9.214984035620143
2018-05-08 07:30:00,9.218024437759793
2018-05-08 07:45:00,9.22106483989944
2018-05-08 08:00:00,9.22410524203909
2018-05-08 08:15:00,9.22714564417874
2018-05-08 08:30:00,9.23018604631839
2018-05-08 08:45:00,9.23322644845804
2018-05-08 09:00:00,9.23626685059769
2018-05-08 09:15:00,9.239307252737339
2018-05-08 09:30:00,9.242347654876989
2018-05-08 09:45:00,9.245388057016639
2018-05-08 10:00:00,9.248428459156289
2018-05-08 10:15:00,9.251468861295939
2018-05-08 10:30:00,9.254509263435589
2018-05-08 10:45:00,9.257549665575239
2018-05-08 11:00:00,9.260590067714887
2018-05-08 11:15:00,9.263630469854537
2018-05-08 11:30:00,9.266670871994187
2018-05-08 11:45:00,9.269711274133837
2018-05-08 12:00:00,9.272751676273487
2018-05-08 12:15:00,9.275792078413136
2018-05-08 12:30:00,9.278832480552786
2018-05-08 12:45:00,9.281872882692435
2018-05-08 13:00:00,9.284913284832085
2018-05-08 13:15:00,9.287953686971735
2018-05-08 13:30:00,9.290994089111384
2018-05-08 13:45:00,9.294034491251034
2018-05-08 14:00:00,9.297074893390684
2018-05-08 14:15:00,9.300115295530334
2018-05-08 14:30:00,9.303155697669983
2018-05-08 14:45:00,9.306196099809632
2018-05-08 15:00:00,9.309236501949282
2018-05-08 15:15:00,9.312276904088932
2018-05-08 15:30:00,9.315317306228582
2018-05-08 15:45:00,9.318357708368232
2018-05-08 16:00:00,9.321398110507882
2018-05-08 16:15:00,9.32443851264753
2018-05-08 16:30:00,9.32747891478718
2018-05-08 16:45:00,9.33051931692683
2018-05-08 17:00:00,9.33355971906648
2018-05-08 17:15:00,9.33660012120613
2018-05-08 17:30:00,9.33964052334578
2018-05-08 17:45:00,9.342680925485428
2018-05-08 18:00:00,9.345721327625078
2018-05-08 18:15:00,9.348761729764728
2018-05-08 18:30:00,9.351802131904378
2018-05-08 18:45:00,9.354842534044028
2018-05-08 19:00:00,9.357882936183678
2018-05-08 19:15:00,9.360923338323328
2018-05-08 19:30:00,9.363963740462976
2018-05-08 19:45:00,9.367004142602626
2018-05-08 20:00:00,10.996210570099548
2018-05-08 20:15:00,11.018421166943543
2018-05-08 20:30:00,11.040631763787538
2018-05-08 20:45:00,11.062842360631533
2018-05-08 21:00:00,11.08505295747553
2018-05-08 21:15:00,11.107263554319525
2018-05-08 21:30:00,11.129474151163521
2018-05-08 21:45:00,11.151684748007517
2018-05-08 22:00:00,11.17389534485151
2018-05-08 22:15:00,11.196105941695507
2018-05-08 22:30:00,11.218316538539503
2018-05-08 22:45:00,11.240527135383498
2018-05-08 23:00:00,11.262737732227494
2018-05-08 23:15:00,11.28494832907149
2018-05-08 23:30:00,11.307158925915484
2018-05-08 23:45:00,11.32936952275948
2018-05-09 00:00:00,11.351580119603476
2018-05-09 00:15:00,11.373790716447472
2018-05-09 00:30:00,11.396001313291467
2018-05-09 00:45:00,11.418211910135463
2018-05-09 01:00:00,11.440422506979457
2018-05-09 01:15:00,11.462633103823453
2018-05-09 01:30:00,11.484843700667449
2018-05-09 01:45:00,11.507054297511445
2018-05-09 02:00:00,11.52926489435544
2018-05-09 02:15:00,11.551475491199437
2018-05-09 02:30:00,11.57368608804343
2018-05-09 02:45:00,11.595896684887427
2018-05-09 03:00:00,11.618107281731422
2018-05-09 03:15:00,11.640317878575418
2018-05-09 03:30:00,11.662528475419414
2018-05-09 03:45:00,11.68473907226341
2018-05-09 04:00:00,11.706949669107404
2018-05-09 04:15:00,11.7291602659514
2018-05-09 04:30:00,11.751370862795396
2018-05-09 04:45:00,11.773581459639392
2018-05-09 05:00:00,11.795792056483387
2018-05-09 05:15:00,11.818002653327383
2018-05-09 05:30:00,11.840213250171377
2018-05-09 05:45:00,11.862423847015373
2018-05-09 06:00:00,11.884634443859369
2018-05-09 06:15:00,11.906845040703365
2018-05-09 06:30:00,11.92905563754736
2018-05-09 06:45:00,11.951266234391356
2018-05-09 07:00:00,11.97347683123535
2018-05-09 07:15:00,11.995687428079346
2018-05-09 07:30:00,12.017898024923342
2018-05-09 07:45:00,12.040108621767338
2018-05-09 08:00:00,12.062319218611334
2018-05-09 08:15:00,12.08452981545533
2018-05-09 08:30:00,12.106740412299324
2018-05-09 08:45:00,12.12895100914332
2018-05-09 09:00:00,12.151161605987316
2018-05-09 09:15:00,12.173372202831311
2018-05-09 09:30:00,12.195582799675307
2018-05-09 09:45:00,12.217793396519303
2018-05-09 10:00:00,12.240003993363297
2018-05-09 10:15:00,12.262214590207293
2018-05-09 10:30:00,12.284425187051289
2018-05-09 10:45:00,12.306635783895285
2018-05-09 11:00:00,12.32884638073928
2018-05-09 11:15:00,12.351056977583276
2018-05-09 11:30:00,12.37326757442727
2018-05-09 11:45:00,12.395478171271266
2018-05-09 12:00:00,12.417688768115262
2018-05-09 12:15:00,12.439899364959258
2018-05-09 12:30:00,12.462109961803254
2018-05-09 12:45:00,12.48432055864725
2018-05-09 13:00:00,12.506531155491244
2018-05-09 13:15:00,12.52874175233524
2018-05-09 13:30:00,12.550952349179235
2018-05-09 13:45:00,12.573162946023231
2018-05-09 14:00:00,12.595373542867227
2018-05-09 14:15:00,12.617584139711223
2018-05-09 14:30:00,12.639794736555217
2018-05-09 14:45:00,12.662005333399213
2018-05-09 15:00:00,12.684215930243209
2018-05-09 15:15:00,12.706426527087205
2018-05-09 15:30:00,12.7286371239312
2018-05-09 15:45:00,12.750847720775194
2018-05-09 16:00:00,12.77305831761919
2018-05-09 16:15:00,12.795268914463186
2018-05-09 16:30:00,12.817479511307182
2018-05-09 16:45:00,12.839690108151178
2018-05-09 17:00:00,12.861900704995174
2018-05-09 17:15:00,12.88411130183917
2018-05-09 17:30:00,12.906321898683164
2018-05-09 17:45:00,12.92853249552716
2018-05-09 18:00:00,12.950743092371155
2018-05-09 18:15:00,12.972953689215151
2018-05-09 18:30:00,12.995164286059147
2018-05-09 18:45:00,13.017374882903141
2018-05-09 19:00:00,13.039585479747139
2018-05-09 19:15:00,13.061796076591133
2018-05-09 19:30:00,13.084006673435129
2018-05-09 19:45:00,13.106217270279124
2018-05-09 20:00:00,11.188311576843262
2018-05-09 20:15:00,11.196890830993652
2018-05-09 20:30:00,11.205867767333984
2018-05-09 20:45:00,11.21453857421875
2018-05-09 21:00:00,11.223466873168945
2018-05-09 21:15:00,11.23220157623291
2018-05-09 21:30:00,11.241104125976562
2018-05-09 21:45:00,11.249884605407715
2018-05-09 22:00:00,11.25877571105957
2018-05-09 22:15:00,11.267590522766113
2018-05-09 22:30:00,11.27647876739502
2018-05-09 22:45:00,11.285321235656738
2018-05-09 23:00:00,11.29421329498291
2018-05-09 23:15:00,11.303077697753906
2018-05-09 23:30:00,11.311976432800293
2018-05-09 23:45:00,11.320860862731934
2018-05-10 00:00:00,11.329769134521484
2018-05-10 00:15:00,11.33867073059082
2018-05-10 00:30:00,11.347590446472168
2018-05-10 00:45:00,11.356508255004883
2018-05-10 01:00:00,11.365440368652344
2018-05-10 01:15:00,11.374373435974121
2018-05-10 01:30:00,11.383317947387695
2018-05-10 01:45:00,11.392266273498535
2018-05-10 02:00:00,11.401224136352539
2018-05-10 02:15:00,11.410186767578125
2018-05-10 02:30:00,11.419158935546875
2018-05-10 02:45:00,11.428135871887207
2018-05-10 03:00:00,11.437121391296387
2018-05-10 03:15:00,11.446113586425781
2018-05-10 03:30:00,11.455113410949707
2018-05-10 03:45:00,11.464118957519531
2018-05-10 04:00:00,11.473132133483887
2018-05-10 04:15:00,11.482151985168457
2018-05-10 04:30:00,11.491179466247559
2018-05-10 04:45:00,11.500213623046875
2018-05-10 05:00:00,11.509255409240723
2018-05-10 05:15:00,11.518303871154785
2018-05-10 05:30:00,11.527359962463379
2018-05-10 05:45:00,11.536422729492188
2018-05-10 06:00:00,11.545493125915527
2018-05-10 06:15:00,11.554570198059082
2018-05-10 06:30:00,11.563654899597168
2018-05-10 06:45:00,11.572746276855469
2018-05-10 07:00:00,11.5818452835083
2018-05-10 07:15:00,11.590950965881348
2018-05-10 07:30:00,11.600064277648926
2018-05-10 07:45:00,11.609184265136719
2018-05-10 08:00:00,11.618311882019043
2018-05-10 08:15:00,11.627446174621582
2018-05-10 08:30:00,11.636588096618652
2018-05-10 08:45:00,11.645736694335938
2018-05-10 09:00:00,11.654892921447754
2018-05-10 09:15:00,11.664055824279785
2018-05-10 09:30:00,11.673226356506348
2018-05-10 09:45:00,11.682404518127441
2018-05-10 10:00:00,11.69158935546875
2018-05-10 10:15:00,11.70078182220459
2018-05-10 10:30:00,11.709980964660645
2018-05-10 10:45:00,11.71918773651123
2018-05-10 11:00:00,11.728401184082031
2018-05-10 11:15:00,11.737622261047363
2018-05-10 11:30:00,11.746850967407227
2018-05-10 11:45:00,11.756086349487305
2018-05-10 12:00:00,11.765329360961914
2018-05-10 12:15:00,11.774580001831055
2018-05-10 12:30:00,11.78383731842041
2018-05-10 12:45:00,11.793102264404297
2018-05-10 13:00:00,11.802373886108398
2018-05-10 13:15:00,11.811653137207031
2018-05-10 13:30:00,11.820940017700195
2018-05-10 13:45:00,11.830233573913574
2018-05-10 14:00:00,11.839534759521484
2018-05-10 14:15:00,11.848843574523926
2018-05-10 14:30:00,11.858159065246582
2018-05-10 14:45:00,11.86748218536377
2018-05-10 15:00:00,11.876812934875488
2018-05-10 15:15:00,11.886150360107422
2018-05-10 15:30:00,11.895495414733887
2018-05-10 15:45:00,11.904848098754883
2018-05-10 16:00:00,11.91420841217041
2018-05-10 16:15:00,11.923575401306152
2018-05-10 16:30:00,11.932950019836426
2018-05-10 16:45:00,11.94233226776123
2018-05-10 17:00:00,11.95172119140625
2018-05-10 17:15:00,11.9611177444458
2018-05-10 17:30:00,11.970521926879883
2018-05-10 17:45:00,11.979933738708496
2018-05-10 18:00:00,11.989352226257324
2018-05-10 18:15:00,11.998778343200684
2018-05-10 18:30:00,12.008212089538574
2018-05-10 18:45:00,12.017653465270996
2018-05-10 19:00:00,12.02710247039795
2018-05-10 19:15:00,12.036558151245117
2018-05-10 19:30:00,12.046021461486816
2018-05-10 19:45:00,12.055492401123047
2018-05-10 20:00:00,8.870978963896295
2018-05-10 20:15:00,8.877893835379448
2018-05-10 20:30:00,8.884808706862598
2018-05-10 20:45:00,8.89172357834575
2018-05-10 21:00:00,8.898638449828903
2018-05-10 21:15:00,8.905553321312054
2018-05-10 21:30:00,8.912468192795206
2018-05-10 21:45:00,8.919383064278358
2018-05-10 22:00:00,8.926297935761509
2018-05-10 22:15:00,8.933212807244661
2018-05-10 22:30:00,8.940127678727814
2018-05-10 22:45:00,8.947042550210965
2018-05-10 23:00:00,8.953957421694117
2018-05-10 23:15:00,8.96087229317727
2018-05-10 23:30:00,8.96778716466042
2018-05-10 23:45:00,8.974702036143572
2018-05-11 00:00:00,8.981616907626725
2018-05-11 00:15:00,8.988531779109875
2018-05-11 00:30:00,8.995446650593028
2018-05-11 00:45:00,9.00236152207618
2018-05-11 01:00:00,9.00927639355933
2018-05-11 01:15:00,9.016191265042483
2018-05-11 01:30:00,9.023106136525636
2018-05-11 01:45:00,9.030021008008786
2018-05-11 02:00:00,9.036935879491939
2018-05-11 02:15:00,9.043850750975091
2018-05-11 02:30:00,9.050765622458242
2018-05-11 02:45:00,9.057680493941394
2018-05-11 03:00:00,9.064595365424546
2018-05-11 03:15:00,9.071510236907697
2018-05-11 03:30:00,9.07842510839085
2018-05-11 03:45:00,9.085339979874002
2018-05-11 04:00:00,9.092254851357152
2018-05-11 04:15:00,9.099169722840305
2018-05-11 04:30:00,9.106084594323457
2018-05-11 04:45:00,9.112999465806608
2018-05-11 05:00:00,9.11991433728976
2018-05-11 05:15:00,9.126829208772913
2018-05-11 05:30:00,9.133744080256063
2018-05-11 05:45:00,9.140658951739216
2018-05-11 06:00:00,9.147573823222368
2018-05-11 06:15:00,9.154488694705519
2018-05-11 06:30:00,9.161403566188671
2018-05-11 06:45:00,9.168318437671823
2018-05-11 07:00:00,9.175233309154974
2018-05-11 07:15:00,9.182148180638126
2018-05-11 07:30:00,9.189063052121279
2018-05-11 07:45:00,9.19597792360443
2018-05-11 08:00:00,9.202892795087582
2018-05-11 08:15:00,9.209807666570734
2018-05-11 08:30:00,9.216722538053885
2018-05-11 08:45:00,9.223637409537037
2018-05-11 09:00:00,9.23055228102019
2018-05-11 09:15:00,9.23746715250334
2018-05-11 09:30:00,9.244382023986493
2018-05-11 09:45:00,9.251296895469645
2018-05-11 10:00:00,9.258211766952796
2018-05-11 10:15:00,9.265126638435948
2018-05-11 10:30:00,9.2720415099191
2018-05-11 10:45:00,9.278956381402251
2018-05-11 11:00:00,9.285871252885403
2018-05-11 11:15:00,9.292786124368556
2018-05-11 11:30:00,9.299700995851707
2018-05-11 11:45:00,9.306615867334859
2018-05-11 12:00:00,9.313530738818011
2018-05-11 12:15:00,9.320445610301162
2018-05-11 12:30:00,9.327360481784314
2018-05-11 12:45:00,9.334275353267467
2018-05-11 13:00:00,9.341190224750617
2018-05-11 13:15:00,9.34810509623377
2018-05-11 13:30:00,9.355019967716922
2018-05-11 13:45:00,9.361934839200073
2018-05-11 14:00:00,9.368849710683225
2018-05-11 14:15:00,9.375764582166378
2018-05-11 14:30:00,9.382679453649528
2018-05-11 14:45:00,9.38959432513268
2018-05-11 15:00:00,9.396509196615833
2018-05-11 15:15:00,9.403424068098984
2018-05-11 15:30:00,9.410338939582136
2018-05-11 15:45:00,9.417253811065288
2018-05-11 16:00:00,9.424168682548439
2018-05-11 16:15:00,9.431083554031591
2018-05-11 16:30:00,9.437998425514744
2018-05-11 16:45:00,9.444913296997894
2018-05-11 17:00:00,9.451828168481047
2018-05-11 17:15:00,9.4587430399642
2018-05-11 17:30:00,9.46565791144735
2018-05-11 17:45:00,9.472572782930502
2018-05-11 18:00:00,9.479487654413655
2018-05-11 18:15:00,9.486402525896805
2018-05-11 18:30:00,9.493317397379958
2018-05-11 18:45:00,9.50023226886311
2018-05-11 19:00:00,9.50714714034626
2018-05-11 19:15:00,9.514062011829413
2018-05-11 19:30:00,9.520976883312565
2018-05-11 19:45:00,9.527891754795716
2018-05-11 20:00:00,11.080546379089355
2018-05-11 20:15:00,10.985408782958984
2018-05-11 20:30:00,10.891757011413574
2018-05-11 20:45:00,10.796621322631836
2018-05-11 21:00:00,10.709386825561523
2018-05-11 21:15:00,10.636054992675781
2018-05-11 21:30:00,10.572489738464355
2018-05-11 21:45:00,10.509088516235352
2018-05-11 22:00:00,10.44581127166748
2018-05-11 22:15:00,10.387533187866211
2018-05-11 22:30:00,10.326761245727539
2018-05-11 22:45:00,10.272520065307617
2018-05-11 23:00:00,10.22042465209961
2018-05-11 23:15:00,10.160966873168945
2018-05-11 23:30:00,10.102416038513184
2018-05-11 23:45:00,10.04636287689209
2018-05-12 00:00:00,9.990569114685059
2018-05-12 00:15:00,9.93515396118164
2018-05-12 00:30:00,9.878548622131348
2018-05-12 00:45:00,9.83108139038086
2018-05-12 01:00:00,9.793322563171387
2018-05-12 01:15:00,9.757579803466797
2018-05-12 01:30:00,9.732556343078613
2018-05-12 01:45:00,9.714282035827637
2018-05-12 02:00:00,9.706437110900879
2018-05-12 02:15:00,9.697403907775879
2018-05-12 02:30:00,9.69642162322998
2018-05-12 02:45:00,9.692408561706543
2018-05-12 03:00:00,9.686295509338379
2018-05-12 03:15:00,9.683625221252441
2018-05-12 03:30:00,9.683207511901855
2018-05-12 03:45:00,9.687453269958496
2018-05-12 04:00:00,9.697989463806152
2018-05-12 04:15:00,9.712244987487793
2018-05-12 04:30:00,9.729554176330566
2018-05-12 04:45:00,9.743046760559082
2018-05-12 05:00:00,9.766000747680664
2018-05-12 05:15:00,9.790253639221191
2018-05-12 05:30:00,9.816740036010742
2018-05-12 05:45:00,9.846927642822266
2018-05-12 06:00:00,9.870024681091309
2018-05-12 06:15:00,9.89414119720459
2018-05-12 06:30:00,9.922477722167969
2018-05-12 06:45:00,9.954878807067871
2018-05-12 07:00:00,9.981940269470215
2018-05-12 07:15:00,10.01060676574707
2018-05-12 07:30:00,10.039003372192383
2018-05-12 07:45:00,10.06633472442627
2018-05-12 08:00:00,10.099353790283203
2018-05-12 08:15:00,10.137468338012695
2018-05-12 08:30:00,10.183496475219727
2018-05-12 08:45:00,10.237360000610352
2018-05-12 09:00:00,10.28637409210205
2018-05-12 09:15:00,10.340826034545898
2018-05-12 09:30:00,10.400057792663574
2018-05-12 09:45:00,10.456879615783691
2018-05-12 10:00:00,10.510066986083984
2018-05-12 10:15:00,10.561726570129395
2018-05-12 10:30:00,10.61160659790039
2018-05-12 10:45:00,10.658712387084961
2018-05-12 11:00:00,10.707320213317871
2018-05-12 11:15:00,10.75333023071289
2018-05-12 11:30:00,10.794868469238281
2018-05-12 11:45:00,10.834476470947266
2018-05-12 12:00:00,10.873855590820312
2018-05-12 12:15:00,10.907247543334961
2018-05-12 12:30:00,10.935532569885254
2018-05-12 12:45:00,10.956119537353516
2018-05-12 13:00:00,10.968623161315918
2018-05-12 13:15:00,10.970895767211914
2018-05-12 13:30:00,10.959277153015137
2018-05-12 13:45:00,10.936695098876953
2018-05-12 14:00:00,10.904433250427246
2018-05-12 14:15:00,10.864548683166504
2018-05-12 14:30:00,10.824983596801758
2018-05-12 14:45:00,10.788206100463867
2018-05-12 15:00:00,10.749672889709473
2018-05-12 15:15:00,10.713632583618164
2018-05-12 15:30:00,10.683913230895996
2018-05-12 15:45:00,10.655143737792969
2018-05-12 16:00:00,10.623358726501465
2018-05-12 16:15:00,10.585962295532227
2018-05-12 16:30:00,10.54636287689209
2018-05-12 16:45:00,10.499964714050293
2018-05-12 17:00:00,10.452486991882324
2018-05-12 17:15:00,10.403097152709961
2018-05-12 17:30:00,10.351447105407715
2018-05-12 17:45:00,10.30521011352539
2018-05-12 18:00:00,10.263769149780273
2018-05-12 18:15:00,10.225707054138184
2018-05-12 18:30:00,10.189413070678711
2018-05-12 18:45:00,10.160516738891602
2018-05-12 19:00:00,10.136306762695312
2018-05-12 19:15:00,10.113269805908203
2018-05-12 19:30:00,10.085197448730469
2018-05-12 19:45:00,10.04642105102539
2018-05-12 20:00:00,11.318117141723633
2018-05-12 20:15:00,11.420395851135254
2018-05-12 20:30:00,11.446260452270508
2018-05-12 20:45:00,11.919011116027832
2018-05-12 21:00:00,11.527816772460938
2018-05-12 21:15:00,11.34383773803711
2018-05-12 21:30:00,11.425386428833008
2018-05-12 21:45:00,11.285088539123535
2018-05-12 22:00:00,11.391108512878418
2018-05-12 22:15:00,10.921212196350098
2018-05-12 22:30:00,11.281966209411621
2018-05-12 22:45:00,11.616214752197266
2018-05-12 23:00:00,11.299964904785156
2018-05-12 23:15:00,11.480368614196777
2018-05-12 23:30:00,11.434480667114258
2018-05-12 23:45:00,11.742969512939453
2018-05-13 00:00:00,11.98937702178955
2018-05-13 00:15:00,11.843719482421875
2018-05-13 00:30:00,12.15446949005127
2018-05-13 00:45:00,12.694442749023438
2018-05-13 01:00:00,12.504172325134277
2018-05-13 01:15:00,12.11506175994873
2018-05-13 01:30:00,12.22482967376709
2018-05-13 01:45:00,12.155656814575195
2018-05-13 02:00:00,12.121274948120117
2018-05-13 02:15:00,11.78343391418457
2018-05-13 02:30:00,11.77342414855957
2018-05-13 02:45:00,11.654241561889648
2018-05-13 03:00:00,11.677162170410156
2018-05-13 03:15:00,12.020381927490234
2018-05-13 03:30:00,11.837384223937988
2018-05-13 03:45:00,11.63000774383545
2018-05-13 04:00:00,12.200886726379395
2018-05-13 04:15:00,11.954228401184082
2018-05-13 04:30:00,11.91905403137207
2018-05-13 04:45:00,11.721318244934082
2018-05-13 05:00:00,11.88874626159668
2018-05-13 05:15:00,11.405562400817871
2018-05-13 05:30:00,11.651836395263672
2018-05-13 05:45:00,11.253684043884277
2018-05-13 06:00:00,11.506424903869629
2018-05-13 06:15:00,11.100800514221191
2018-05-13 06:30:00,11.326207160949707
2018-05-13 06:45:00,11.61772346496582
2018-05-13 07:00:00,11.587910652160645
2018-05-13 07:15:00,12.360291481018066
2018-05-13 07:30:00,12.867731094360352
2018-05-13 07:45:00,14.201602935791016
2018-05-13 08:00:00,12.576807975769043
2018-05-13 08:15:00,12.229037284851074
2018-05-13 08:30:00,12.279236793518066
2018-05-13 08:45:00,12.872904777526855
2018-05-13 09:00:00,12.833575248718262
2018-05-13 09:15:00,12.376337051391602
2018-05-13 09:30:00,12.668867111206055
2018-05-13 09:45:00,12.122292518615723
2018-05-13 10:00:00,11.69068717956543
2018-05-13 10:15:00,11.50602912902832
2018-05-13 10:30:00,10.641863822937012
2018-05-13 10:45:00,10.337510108947754
2018-05-13 11:00:00,9.786561965942383
2018-05-13 11:15:00,9.654850006103516
2018-05-13 11:30:00,9.933124542236328
2018-05-13 11:45:00,9.735779762268066
2018-05-13 12:00:00,9.374336242675781
2018-05-13 12:15:00,10.19819164276123
2018-05-13 12:30:00,10.118597984313965
2018-05-13 12:45:00,10.772703170776367
2018-05-13 13:00:00,10.68416690826416
2018-05-13 13:15:00,10.558080673217773
2018-05-13 13:30:00,10.854033470153809
2018-05-13 13:45:00,11.556340217590332
2018-05-13 14:00:00,11.192413330078125
2018-05-13 14:15:00,10.924241065979004
2018-05-13 14:30:00,10.611150741577148
2018-05-13 14:45:00,10.680827140808105
2018-05-13 15:00:00,10.149779319763184
2018-05-13 15:15:00,9.630035400390625
2018-05-13 15:30:00,8.99981689453125
2018-05-13 15:45:00,8.681434631347656
2018-05-13 16:00:00,8.299351692199707
2018-05-13 16:15:00,8.827829360961914
2018-05-13 16:30:00,8.190814018249512
2018-05-13 16:45:00,7.49554443359375
2018-05-13 17:00:00,7.593286037445068
2018-05-13 17:15:00,7.739896774291992
2018-05-13 17:30:00,8.627564430236816
2018-05-13 17:45:00,8.836774826049805
2018-05-13 18:00:00,9.08399486541748
2018-05-13 18:15:00,10.158304214477539
2018-05-13 18:30:00,10.602277755737305
2018-05-13 18:45:00,11.774771690368652
2018-05-13 19:00:00,12.261460304260254
2018-05-13 19:15:00,11.24427318572998
2018-05-13 19:30:00,10.599431037902832
2018-05-13 19:45:00,11.115104675292969
2018-05-13 20:00:00,13.304537773132324
2018-05-13 20:15:00,13.246264457702637
2018-05-13 20:30:00,13.159220695495605
2018-05-13 20:45:00,13.070757865905762
2018-05-13 21:00:00,12.990152359008789
2018-05-13 21:15:00,12.918255805969238
2018-05-13 21:30:00,12.849222183227539
2018-05-13 21:45:00,12.785552024841309
2018-05-13 22:00:00,12.736282348632812
2018-05-13 22:15:00,12.687765121459961
2018-05-13 22:30:00,12.646434783935547
2018-05-13 22:45:00,12.60347843170166
2018-05-13 23:00:00,12.557082176208496
2018-05-13 23:15:00,12.508801460266113
2018-05-13 23:30:00,12.459429740905762
2018-05-13 23:45:00,12.420602798461914
2018-05-14 00:00:00,12.377602577209473
2018-05-14 00:15:00,12.33255672454834
2018-05-14 00:30:00,12.28514575958252
2018-05-14 00:45:00,12.233911514282227
2018-05-14 01:00:00,12.174661636352539
2018-05-14 01:15:00,12.115196228027344
2018-05-14 01:30:00,12.057414054870605
2018-05-14 01:45:00,12.005816459655762
2018-05-14 02:00:00,11.960243225097656
2018-05-14 02:15:00,11.920654296875
2018-05-14 02:30:00,11.884407997131348
2018-05-14 02:45:00,11.851032257080078
2018-05-14 03:00:00,11.821877479553223
2018-05-14 03:15:00,11.787601470947266
2018-05-14 03:30:00,11.75584602355957
2018-05-14 03:45:00,11.726639747619629
2018-05-14 04:00:00,11.696250915527344
2018-05-14 04:15:00,11.667139053344727
2018-05-14 04:30:00,11.638067245483398
2018-05-14 04:45:00,11.623321533203125
2018-05-14 05:00:00,11.612333297729492
2018-05-14 05:15:00,11.613651275634766
2018-05-14 05:30:00,11.623584747314453
2018-05-14 05:45:00,11.64675521850586
2018-05-14 06:00:00,11.677278518676758
2018-05-14 06:15:00,11.72007942199707
2018-05-14 06:30:00,11.762486457824707
2018-05-14 06:45:00,11.798062324523926
2018-05-14 07:00:00,11.836230278015137
2018-05-14 07:15:00,11.86943531036377
2018-05-14 07:30:00,11.901572227478027
2018-05-14 07:45:00,11.9284029006958
2018-05-14 08:00:00,11.955653190612793
2018-05-14 08:15:00,11.98917007446289
2018-05-14 08:30:00,12.030111312866211
2018-05-14 08:45:00,12.070999145507812
2018-05-14 09:00:00,12.112862586975098
2018-05-14 09:15:00,12.15713882446289
2018-05-14 09:30:00,12.205605506896973
2018-05-14 09:45:00,12.252761840820312
2018-05-14 10:00:00,12.294149398803711
2018-05-14 10:15:00,12.333191871643066
2018-05-14 10:30:00,12.366494178771973
2018-05-14 10:45:00,12.40316104888916
2018-05-14 11:00:00,12.440335273742676
2018-05-14 11:15:00,12.472132682800293
2018-05-14 11:30:00,12.503763198852539
2018-05-14 11:45:00,12.536396980285645
2018-05-14 12:00:00,12.569653511047363
2018-05-14 12:15:00,12.6041898727417
2018-05-14 12:30:00,12.643604278564453
2018-05-14 12:45:00,12.690997123718262
2018-05-14 13:00:00,12.747896194458008
2018-05-14 13:15:00,12.806087493896484
2018-05-14 13:30:00,12.863268852233887
2018-05-14 13:45:00,12.918780326843262
2018-05-14 14:00:00,12.971792221069336
2018-05-14 14:15:00,13.019635200500488
2018-05-14 14:30:00,13.062804222106934
2018-05-14 14:45:00,13.10312557220459
2018-05-14 15:00:00,13.136192321777344
2018-05-14 15:15:00,13.170833587646484
2018-05-14 15:30:00,13.204955101013184
2018-05-14 15:45:00,13.229886054992676
2018-05-14 16:00:00,13.247703552246094
2018-05-14 16:15:00,13.258234024047852
2018-05-14 16:30:00,13.259305000305176
2018-05-14 16:45:00,13.245609283447266
2018-05-14 17:00:00,13.216588020324707
2018-05-14 17:15:00,13.173367500305176
2018-05-14 17:30:00,13.112024307250977
2018-05-14 17:45:00,13.040010452270508
2018-05-14 18:00:00,12.956756591796875
2018-05-14 18:15:00,12.866194725036621
2018-05-14 18:30:00,12.777252197265625
2018-05-14 18:45:00,12.691132545471191
2018-05-14 19:00:00,12.609185218811035
2018-05-14 19:15:00,12.536970138549805
2018-05-14 19:30:00,12.467862129211426
2018-05-14 19:45:00,12.399772644042969
2018-05-14 20:00:00,15.201478004455566
2018-05-14 20:15:00,15.107279777526855
2018-05-14 20:30:00,15.001021385192871
2018-05-14 20:45:00,15.098194122314453
2018-05-14 21:00:00,15.068256378173828
2018-05-14 21:15:00,14.806245803833008
2018-05-14 21:30:00,14.83774471282959
2018-05-14 21:45:00,14.875908851623535
2018-05-14 22:00:00,14.662117004394531
2018-05-14 22:15:00,14.533042907714844
2018-05-14 22:30:00,14.5316162109375
2018-05-14 22:45:00,14.659402847290039
2018-05-14 23:00:00,14.658825874328613
2018-05-14 23:15:00,14.606276512145996
2018-05-14 23:30:00,14.612961769104004
2018-05-14 23:45:00,14.454293251037598
2018-05-15 00:00:00,14.567012786865234
2018-05-15 00:15:00,14.447630882263184
2018-05-15 00:30:00,14.413208961486816
2018-05-15 00:45:00,14.389158248901367
2018-05-15 01:00:00,14.551414489746094
2018-05-15 01:15:00,14.473641395568848
2018-05-15 01:30:00,14.421710968017578
2018-05-15 01:45:00,14.437198638916016
2018-05-15 02:00:00,14.431905746459961
2018-05-15 02:15:00,14.3035249710083
2018-05-15 02:30:00,14.460748672485352
2018-05-15 02:45:00,14.288603782653809
2018-05-15 03:00:00,14.519126892089844
2018-05-15 03:15:00,14.498323440551758
2018-05-15 03:30:00,14.34610366821289
2018-05-15 03:45:00,14.27392578125
2018-05-15 04:00:00,14.218414306640625
2018-05-15 04:15:00,14.124136924743652
2018-05-15 04:30:00,14.136728286743164
2018-05-15 04:45:00,13.951470375061035
2018-05-15 05:00:00,14.028600692749023
2018-05-15 05:15:00,13.865017890930176
2018-05-15 05:30:00,13.920930862426758
2018-05-15 05:45:00,14.015725135803223
2018-05-15 06:00:00,13.889050483703613
2018-05-15 06:15:00,13.832460403442383
2018-05-15 06:30:00,13.801785469055176
2018-05-15 06:45:00,13.819528579711914
2018-05-15 07:00:00,13.77067756652832
2018-05-15 07:15:00,13.878667831420898
2018-05-15 07:30:00,13.872264862060547
2018-05-15 07:45:00,13.916001319885254
2018-05-15 08:00:00,14.051492691040039
2018-05-15 08:15:00,14.021940231323242
2018-05-15 08:30:00,14.33678150177002
2018-05-15 08:45:00,14.339921951293945
2018-05-15 09:00:00,14.408203125
2018-05-15 09:15:00,14.333083152770996
2018-05-15 09:30:00,14.358203887939453
2018-05-15 09:45:00,14.406529426574707
2018-05-15 10:00:00,14.606319427490234
2018-05-15 10:15:00,14.440473556518555
2018-05-15 10:30:00,14.685632705688477
2018-05-15 10:45:00,14.719315528869629
2018-05-15 11:00:00,14.794559478759766
2018-05-15 11:15:00,14.7728271484375
2018-05-15 11:30:00,14.611100196838379
2018-05-15 11:45:00,14.796786308288574
2018-05-15 12:00:00,14.825447082519531
2018-05-15 12:15:00,14.673871040344238
2018-05-15 12:30:00,14.879143714904785
2018-05-15 12:45:00,14.717855453491211
2018-05-15 13:00:00,14.811162948608398
2018-05-15 13:15:00,14.919365882873535
2018-05-15 13:30:00,14.960155487060547
2018-05-15 13:45:00,15.105587005615234
2018-05-15 14:00:00,15.299139022827148
2018-05-15 14:15:00,15.497432708740234
2018-05-15 14:30:00,15.627309799194336
2018-05-15 14:45:00,15.557758331298828
2018-05-15 15:00:00,15.644498825073242
2018-05-15 15:15:00,15.800777435302734
2018-05-15 15:30:00,15.807713508605957
2018-05-15 15:45:00,15.827085494995117
2018-05-15 16:00:00,15.910628318786621
2018-05-15 16:15:00,15.929878234863281
2018-05-15 16:30:00,16.004776000976562
2018-05-15 16:45:00,16.03727149963379
2018-05-15 17:00:00,15.921692848205566
2018-05-15 17:15:00,15.990320205688477
2018-05-15 17:30:00,15.959922790527344
2018-05-15 17:45:00,15.877557754516602
2018-05-15 18:00:00,15.955122947692871
2018-05-15 18:15:00,15.81682014465332
2018-05-15 18:30:00,15.92418098449707
2018-05-15 18:45:00,15.569504737854004
2018-05-15 19:00:00,15.501361846923828
2018-05-15 19:15:00,15.373764991760254
2018-05-15 19:30:00,15.265461921691895
2018-05-15 19:45:00,15.264364242553711
2018-05-15 20:00:00,16.275348663330078
2018-05-15 20:15:00,16.2442684173584
2018-05-15 20:30:00,16.20159149169922
2018-05-15 20:45:00,16.15646743774414
2018-05-15 21:00:00,16.109397888183594
2018-05-15 21:15:00,16.06312370300293
2018-05-15 21:30:00,16.0192813873291
2018-05-15 21:45:00,15.968876838684082
2018-05-15 22:00:00,15.924217224121094
2018-05-15 22:15:00,15.87468147277832
2018-05-15 22:30:00,15.819684982299805
2018-05-15 22:45:00,15.765690803527832
2018-05-15 23:00:00,15.71407413482666
2018-05-15 23:15:00,15.662751197814941
2018-05-15 23:30:00,15.609755516052246
2018-05-15 23:45:00,15.569158554077148
2018-05-16 00:00:00,15.528936386108398
2018-05-16 00:15:00,15.49152946472168
2018-05-16 00:30:00,15.468475341796875
2018-05-16 00:45:00,15.44694995880127
2018-05-16 01:00:00,15.426795959472656
2018-05-16 01:15:00,15.404903411865234
2018-05-16 01:30:00,15.380949974060059
2018-05-16 01:45:00,15.351618766784668
2018-05-16 02:00:00,15.316987991333008
2018-05-16 02:15:00,15.277298927307129
2018-05-16 02:30:00,15.23622989654541
2018-05-16 02:45:00,15.198291778564453
2018-05-16 03:00:00,15.162958145141602
2018-05-16 03:15:00,15.120514869689941
2018-05-16 03:30:00,15.075305938720703
2018-05-16 03:45:00,15.038593292236328
2018-05-16 04:00:00,15.003833770751953
2018-05-16 04:15:00,14.975712776184082
2018-05-16 04:30:00,14.942964553833008
2018-05-16 04:45:00,14.922053337097168
2018-05-16 05:00:00,14.907841682434082
2018-05-16 05:15:00,14.899935722351074
2018-05-16 05:30:00,14.892900466918945
2018-05-16 05:45:00,14.889509201049805
2018-05-16 06:00:00,14.894408226013184
2018-05-16 06:15:00,14.91171646118164
2018-05-16 06:30:00,14.939831733703613
2018-05-16 06:45:00,14.971627235412598
2018-05-16 07:00:00,15.008637428283691
2018-05-16 07:15:00,15.050993919372559
2018-05-16 07:30:00,15.096271514892578
2018-05-16 07:45:00,15.139517784118652
2018-05-16 08:00:00,15.177966117858887
2018-05-16 08:15:00,15.211698532104492
2018-05-16 08:30:00,15.240355491638184
2018-05-16 08:45:00,15.26441764831543
2018-05-16 09:00:00,15.274005889892578
2018-05-16 09:15:00,15.268975257873535
2018-05-16 09:30:00,15.256868362426758
2018-05-16 09:45:00,15.232741355895996
2018-05-16 10:00:00,15.201101303100586
2018-05-16 10:15:00,15.163970947265625
2018-05-16 10:30:00,15.129974365234375
2018-05-16 10:45:00,15.099254608154297
2018-05-16 11:00:00,15.07513427734375
2018-05-16 11:15:00,15.055049896240234
2018-05-16 11:30:00,15.043102264404297
2018-05-16 11:45:00,15.033285140991211
2018-05-16 12:00:00,15.025375366210938
2018-05-16 12:15:00,15.017786026000977
2018-05-16 12:30:00,15.016782760620117
2018-05-16 12:45:00,15.020801544189453
2018-05-16 13:00:00,15.033943176269531
2018-05-16 13:15:00,15.057982444763184
2018-05-16 13:30:00,15.08899974822998
2018-05-16 13:45:00,15.129859924316406
2018-05-16 14:00:00,15.183189392089844
2018-05-16 14:15:00,15.244227409362793
2018-05-16 14:30:00,15.308309555053711
2018-05-16 14:45:00,15.37108325958252
2018-05-16 15:00:00,15.42682933807373
2018-05-16 15:15:00,15.478689193725586
2018-05-16 15:30:00,15.51559066772461
2018-05-16 15:45:00,15.533136367797852
2018-05-16 16:00:00,15.539999008178711
2018-05-16 16:15:00,15.539926528930664
2018-05-16 16:30:00,15.540807723999023
2018-05-16 16:45:00,15.523916244506836
2018-05-16 17:00:00,15.504077911376953
2018-05-16 17:15:00,15.490736961364746
2018-05-16 17:30:00,15.476286888122559
2018-05-16 17:45:00,15.464421272277832
2018-05-16 18:00:00,15.446610450744629
2018-05-16 18:15:00,15.423060417175293
2018-05-16 18:30:00,15.394668579101562
2018-05-16 18:45:00,15.364864349365234
2018-05-16 19:00:00,15.321873664855957
2018-05-16 19:15:00,15.273983001708984
2018-05-16 19:30:00,15.224431037902832
2018-05-16 19:45:00,15.179933547973633
2018-05-16 20:00:00,15.941262916418617
2018-05-16 20:15:00,15.93739121533954
2018-05-16 20:30:00,15.93351951426046
2018-05-16 20:45:00,15.929647813181381
2018-05-16 21:00:00,15.925776112102303
2018-05-16 21:15:00,15.921904411023224
2018-05-16 21:30:00,15.918032709944145
2018-05-16 21:45:00,15.914161008865065
2018-05-16 22:00:00,15.910289307785987
2018-05-16 22:15:00,15.906417606706908
2018-05-16 22:30:00,15.902545905627829
2018-05-16 22:45:00,15.898674204548751
2018-05-16 23:00:00,15.894802503469672
2018-05-16 23:15:00,15.890930802390592
2018-05-16 23:30:00,15.887059101311515
2018-05-16 23:45:00,15.883187400232435
2018-05-17 00:00:00,15.879315699153356
2018-05-17 00:15:00,15.875443998074278
2018-05-17 00:30:00,15.871572296995199
2018-05-17 00:45:00,15.86770059591612
2018-05-17 01:00:00,15.86382889483704
2018-05-17 01:15:00,15.859957193757962
2018-05-17 01:30:00,15.856085492678883
2018-05-17 01:45:00,15.852213791599803
2018-05-17 02:00:00,15.848342090520726
2018-05-17 02:15:00,15.844470389441646
2018-05-17 02:30:00,15.840598688362567
2018-05-17 02:45:00,15.83672698728349
2018-05-17 03:00:00,15.83285528620441
2018-05-17 03:15:00,15.82898358512533
2018-05-17 03:30:00,15.825111884046253
2018-05-17 03:45:00,15.821240182967173
2018-05-17 04:00:00,15.817368481888094
2018-05-17 04:15:00,15.813496780809015
2018-05-17 04:30:00,15.809625079729937
2018-05-17 04:45:00,15.805753378650857
2018-05-17 05:00:00,15.801881677571778
2018-05-17 05:15:00,15.7980099764927
2018-05-17 05:30:00,15.794138275413621
2018-05-17 05:45:00,15.790266574334542
2018-05-17 06:00:00,15.786394873255464
2018-05-17 06:15:00,15.782523172176385
2018-05-17 06:30:00,15.778651471097305
2018-05-17 06:45:00,15.774779770018228
2018-05-17 07:00:00,15.770908068939148
2018-05-17 07:15:00,15.767036367860069
2018-05-17 07:30:00,15.763164666780991
2018-05-17 07:45:00,15.759292965701912
2018-05-17 08:00:00,15.755421264622832
2018-05-17 08:15:00,15.751549563543753
2018-05-17 08:30:00,15.747677862464675
2018-05-17 08:45:00,15.743806161385596
2018-05-17 09:00:00,15.739934460306516
2018-05-17 09:15:00,15.736062759227439
2018-05-17 09:30:00,15.73219105814836
2018-05-17 09:45:00,15.72831935706928
2018-05-17 10:00:00,15.724447655990202
2018-05-17 10:15:00,15.720575954911123
2018-05-17 10:30:00,15.716704253832043
2018-05-17 10:45:00,15.712832552752966
2018-05-17 11:00:00,15.708960851673886
2018-05-17 11:15:00,15.705089150594807
2018-05-17 11:30:00,15.701217449515728
2018-05-17 11:45:00,15.69734574843665
2018-05-17 12:00:00,15.69347404735757
2018-05-17 12:15:00,15.689602346278491
2018-05-17 12:30:00,15.685730645199413
2018-05-17 12:45:00,15.681858944120334
2018-05-17 13:00:00,15.677987243041255
2018-05-17 13:15:00,15.674115541962177
2018-05-17 13:30:00,15.670243840883098
2018-05-17 13:45:00,15.666372139804018
2018-05-17 14:00:00,15.66250043872494
2018-05-17 14:15:00,15.658628737645861
2018-05-17 14:30:00,15.654757036566782
2018-05-17 14:45:00,15.650885335487702
2018-05-17 15:00:00,15.647013634408625
2018-05-17 15:15:00,15.643141933329545
2018-05-17 15:30:00,15.639270232250466
2018-05-17 15:45:00,15.635398531171388
2018-05-17 16:00:00,15.631526830092309
2018-05-17 16:15:00,15.62765512901323
2018-05-17 16:30:00,15.623783427934152
2018-05-17 16:45:00,15.619911726855072
2018-05-17 17:00:00,15.616040025775993
2018-05-17 17:15:00,15.612168324696915
2018-05-17 17:30:00,15.608296623617836
2018-05-17 17:45:00,15.604424922538756
2018-05-17 18:00:00,15.600553221459677
2018-05-17 18:15:00,15.5966815203806
2018-05-17 18:30:00,15.59280981930152
2018-05-17 18:45:00,15.58893811822244
2018-05-17 19:00:00,15.585066417143363
2018-05-17 19:15:00,15.581194716064283
2018-05-17 19:30:00,15.577323014985204
2018-05-17 19:45:00,15.573451313906126
2018-05-17 20:00:00,13.028797149658203
2018-05-17 20:15:00,13.008590698242188
2018-05-17 20:30:00,12.911110877990723
2018-05-17 20:45:00,13.050318717956543
2018-05-17 21:00:00,12.745352745056152
2018-05-17 21:15:00,12.620244979858398
2018-05-17 21:30:00,12.960518836975098
2018-05-17 21:45:00,13.46304702758789
2018-05-17 22:00:00,13.290209770202637
2018-05-17 22:15:00,13.056933403015137
2018-05-17 22:30:00,12.904494285583496
2018-05-17 22:45:00,13.120997428894043
2018-05-17 23:00:00,13.325706481933594
2018-05-17 23:15:00,13.121747970581055
2018-05-17 23:30:00,13.284857749938965
2018-05-17 23:45:00,13.245022773742676
2018-05-18 00:00:00,12.518062591552734
2018-05-18 00:15:00,11.789226531982422
2018-05-18 00:30:00,12.074090957641602
2018-05-18 00:45:00,12.186762809753418
2018-05-18 01:00:00,12.220300674438477
2018-05-18 01:15:00,12.473664283752441
2018-05-18 01:30:00,12.485713005065918
2018-05-18 01:45:00,12.810434341430664
2018-05-18 02:00:00,12.44633674621582
2018-05-18 02:15:00,12.58515453338623
2018-05-18 02:30:00,12.541939735412598
2018-05-18 02:45:00,12.926355361938477
2018-05-18 03:00:00,12.65144157409668
2018-05-18 03:15:00,12.961199760437012
2018-05-18 03:30:00,12.474552154541016
2018-05-18 03:45:00,12.197996139526367
2018-05-18 04:00:00,11.776559829711914
2018-05-18 04:15:00,11.783320426940918
2018-05-18 04:30:00,11.890612602233887
2018-05-18 04:45:00,11.715435981750488
2018-05-18 05:00:00,12.210936546325684
2018-05-18 05:15:00,12.236124038696289
2018-05-18 05:30:00,11.951250076293945
2018-05-18 05:45:00,12.069795608520508
2018-05-18 06:00:00,12.388601303100586
2018-05-18 06:15:00,12.443306922912598
2018-05-18 06:30:00,12.488717079162598
2018-05-18 06:45:00,12.716163635253906
2018-05-18 07:00:00,12.617133140563965
2018-05-18 07:15:00,12.520707130432129
2018-05-18 07:30:00,12.586553573608398
2018-05-18 07:45:00,11.770035743713379
2018-05-18 08:00:00,11.911444664001465
2018-05-18 08:15:00,11.860692024230957
2018-05-18 08:30:00,11.963171005249023
2018-05-18 08:45:00,12.300535202026367
2018-05-18 09:00:00,12.549641609191895
2018-05-18 09:15:00,13.066082000732422
2018-05-18 09:30:00,12.903386116027832
2018-05-18 09:45:00,13.233590126037598
2018-05-18 10:00:00,13.134800910949707
2018-05-18 10:15:00,13.651214599609375
2018-05-18 10:30:00,13.307907104492188
2018-05-18 10:45:00,13.240699768066406
2018-05-18 11:00:00,13.324422836303711
2018-05-18 11:15:00,13.35292911529541
2018-05-18 11:30:00,13.075491905212402
2018-05-18 11:45:00,13.11329174041748
2018-05-18 12:00:00,13.383384704589844
2018-05-18 12:15:00,13.360715866088867
2018-05-18 12:30:00,13.693477630615234
2018-05-18 12:45:00,13.833075523376465
2018-05-18 13:00:00,13.91482162475586
2018-05-18 13:15:00,14.159971237182617
2018-05-18 13:30:00,14.495285034179688
2018-05-18 13:45:00,14.789115905761719
2018-05-18 14:00:00,14.856554985046387
2018-05-18 14:15:00,14.628921508789062
2018-05-18 14:30:00,14.878631591796875
2018-05-18 14:45:00,14.503734588623047
2018-05-18 15:00:00,14.449077606201172
2018-05-18 15:15:00,14.436898231506348
2018-05-18 15:30:00,14.792570114135742
2018-05-18 15:45:00,14.591687202453613
2018-05-18 16:00:00,13.987268447875977
2018-05-18 16:15:00,14.357040405273438
2018-05-18 16:30:00,14.33570671081543
2018-05-18 16:45:00,14.483179092407227
2018-05-18 17:00:00,14.557283401489258
2018-05-18 17:15:00,14.293991088867188
2018-05-18 17:30:00,14.722065925598145
2018-05-18 17:45:00,14.718632698059082
2018-05-18 18:00:00,14.811054229736328
2018-05-18 18:15:00,14.712352752685547
2018-05-18 18:30:00,14.850506782531738
2018-05-18 18:45:00,14.983831405639648
2018-05-18 19:00:00,14.561065673828125
2018-05-18 19:15:00,14.507140159606934
2018-05-18 19:30:00,14.221900939941406
2018-05-18 19:45:00,14.137688636779785
2018-05-18 20:00:00,11.822708333532015
2018-05-18 20:15:00,11.822708333532015
2018-05-18 20:30:00,11.822708333532015
2018-05-18 20:45:00,11.822708333532015
2018-05-18 21:00:00,11.822708333532015
2018-05-18 21:15:00,11.822708333532015
2018-05-18 21:30:00,11.822708333532015
2018-05-18 21:45:00,11.822708333532015
2018-05-18 22:00:00,11.822708333532015
2018-05-18 22:15:00,11.822708333532015
2018-05-18 22:30:00,11.822708333532015
2018-05-18 22:45:00,11.822708333532015
2018-05-18 23:00:00,11.822708333532015
2018-05-18 23:15:00,11.822708333532015
2018-05-18 23:30:00,11.822708333532015
2018-05-18 23:45:00,11.822708333532015
2018-05-19 00:00:00,11.822708333532015
2018-05-19 00:15:00,11.822708333532015
2018-05-19 00:30:00,11.822708333532015
2018-05-19 00:45:00,11.822708333532015
2018-05-19 01:00:00,11.822708333532015
2018-05-19 01:15:00,11.822708333532015
2018-05-19 01:30:00,11.822708333532015
2018-05-19 01:45:00,11.822708333532015
2018-05-19 02:00:00,11.822708333532015
2018-05-19 02:15:00,11.822708333532015
2018-05-19 02:30:00,11.822708333532015
2018-05-19 02:45:00,11.822708333532015
2018-05-19 03:00:00,11.822708333532015
2018-05-19 03:15:00,11.822708333532015
2018-05-19 03:30:00,11.822708333532015
2018-05-19 03:45:00,11.822708333532015
2018-05-19 04:00:00,11.822708333532015
2018-05-19 04:15:00,11.822708333532015
2018-05-19 04:30:00,11.822708333532015
2018-05-19 04:45:00,11.822708333532015
2018-05-19 05:00:00,11.822708333532015
2018-05-19 05:15:00,11.822708333532015
2018-05-19 05:30:00,11.822708333532015
2018-05-19 05:45:00,11.822708333532015
2018-05-19 06:00:00,11.822708333532015
2018-05-19 06:15:00,11.822708333532015
2018-05-19 06:30:00,11.822708333532015
2018-05-19 06:45:00,11.822708333532015
2018-05-19 07:00:00,11.822708333532015
2018-05-19 07:15:00,11.822708333532015
2018-05-19 07:30:00,11.822708333532015
2018-05-19 07:45:00,11.822708333532015
2018-05-19 08:00:00,11.822708333532015
2018-05-19 08:15:00,11.822708333532015
2018-05-19 08:30:00,11.822708333532015
2018-05-19 08:45:00,11.822708333532015
2018-05-19 09:00:00,11.822708333532015
2018-05-19 09:15:00,11.822708333532015
2018-05-19 09:30:00,11.822708333532015
2018-05-19 09:45:00,11.822708333532015
2018-05-19 10:00:00,11.822708333532015
2018-05-19 10:15:00,11.822708333532015
2018-05-19 10:30:00,11.822708333532015
2018-05-19 10:45:00,11.822708333532015
2018-05-19 11:00:00,11.822708333532015
2018-05-19 11:15:00,11.822708333532015
2018-05-19 11:30:00,11.822708333532015
2018-05-19 11:45:00,11.822708333532015
2018-05-19 12:00:00,11.822708333532015
2018-05-19 12:15:00,11.822708333532015
2018-05-19 12:30:00,11.822708333532015
2018-05-19 12:45:00,11.822708333532015
2018-05-19 13:00:00,11.822708333532015
2018-05-19 13:15:00,11.822708333532015
2018-05-19 13:30:00,11.822708333532015
2018-05-19 13:45:00,11.822708333532015
2018-05-19 14:00:00,11.822708333532015
2018-05-19 14:15:00,11.822708333532015
2018-05-19 14:30:00,11.822708333532015
2018-05-19 14:45:00,11.822708333532015
2018-05-19 15:00:00,11.822708333532015
2018-05-19 15:15:00,11.822708333532015
2018-05-19 15:30:00,11.822708333532015
2018-05-19 15:45:00,11.822708333532015
2018-05-19 16:00:00,11.822708333532015
2018-05-19 16:15:00,11.822708333532015
2018-05-19 16:30:00,11.822708333532015
2018-05-19 16:45:00,11.822708333532015
2018-05-19 17:00:00,11.822708333532015
2018-05-19 17:15:00,11.822708333532015
2018-05-19 17:30:00,11.822708333532015
2018-05-19 17:45:00,11.822708333532015
2018-05-19 18:00:00,11.822708333532015
2018-05-19 18:15:00,11.822708333532015
2018-05-19 18:30:00,11.822708333532015
2018-05-19 18:45:00,11.822708333532015
2018-05-19 19:00:00,11.822708333532015
2018-05-19 19:15:00,11.822708333532015
2018-05-19 19:30:00,11.822708333532015
2018-05-19 19:45:00,11.822708333532015
2018-05-19 20:00:00,6.752999782562256
2018-05-19 20:15:00,6.752999782562256
2018-05-19 20:30:00,6.752999782562256
2018-05-19 20:45:00,6.752999782562256
2018-05-19 21:00:00,6.752999782562256
2018-05-19 21:15:00,6.752999782562256
2018-05-19 21:30:00,6.752999782562256
2018-05-19 21:45:00,6.752999782562256
2018-05-19 22:00:00,6.752999782562256
2018-05-19 22:15:00,6.752999782562256
2018-05-19 22:30:00,6.752999782562256
2018-05-19 22:45:00,6.752999782562256
2018-05-19 23:00:00,6.752999782562256
2018-05-19 23:15:00,6.752999782562256
2018-05-19 23:30:00,6.752999782562256
2018-05-19 23:45:00,6.752999782562256
2018-05-20 00:00:00,6.752999782562256
2018-05-20 00:15:00,6.752999782562256
2018-05-20 00:30:00,6.752999782562256
2018-05-20 00:45:00,6.752999782562256
2018-05-20 01:00:00,6.752999782562256
2018-05-20 01:15:00,6.752999782562256
2018-05-20 01:30:00,6.752999782562256
2018-05-20 01:45:00,6.752999782562256
2018-05-20 02:00:00,6.752999782562256
2018-05-20 02:15:00,6.752999782562256
2018-05-20 02:30:00,6.752999782562256
2018-05-20 02:45:00,6.752999782562256
2018-05-20 03:00:00,6.752999782562256
2018-05-20 03:15:00,6.752999782562256
2018-05-20 03:30:00,6.752999782562256
2018-05-20 03:45:00,6.752999782562256
2018-05-20 04:00:00,6.752999782562256
2018-05-20 04:15:00,6.752999782562256
2018-05-20 04:30:00,6.752999782562256
2018-05-20 04:45:00,6.752999782562256
2018-05-20 05:00:00,6.752999782562256
2018-05-20 05:15:00,6.752999782562256
2018-05-20 05:30:00,6.752999782562256
2018-05-20 05:45:00,6.752999782562256
2018-05-20 06:00:00,6.752999782562256
2018-05-20 06:15:00,6.752999782562256
2018-05-20 06:30:00,6.752999782562256
2018-05-20 06:45:00,6.752999782562256
2018-05-20 07:00:00,6.752999782562256
2018-05-20 07:15:00,6.752999782562256
2018-05-20 07:30:00,6.752999782562256
2018-05-20 07:45:00,6.752999782562256
2018-05-20 08:00:00,6.752999782562256
2018-05-20 08:15:00,6.752999782562256
2018-05-20 08:30:00,6.752999782562256
2018-05-20 08:45:00,6.752999782562256
2018-05-20 09:00:00,6.752999782562256
2018-05-20 09:15:00,6.752999782562256
2018-05-20 09:30:00,6.752999782562256
2018-05-20 09:45:00,6.752999782562256
2018-05-20 10:00:00,6.752999782562256
2018-05-20 10:15:00,6.752999782562256
2018-05-20 10:30:00,6.752999782562256
2018-05-20 10:45:00,6.752999782562256
2018-05-20 11:00:00,6.752999782562256
2018-05-20 11:15:00,6.752999782562256
2018-05-20 11:30:00,6.752999782562256
2018-05-20 11:45:00,6.752999782562256
2018-05-20 12:00:00,6.752999782562256
2018-05-20 12:15:00,6.752999782562256
2018-05-20 12:30:00,6.752999782562256
2018-05-20 12:45:00,6.752999782562256
2018-05-20 13:00:00,6.752999782562256
2018-05-20 13:15:00,6.752999782562256
2018-05-20 13:30:00,6.752999782562256
2018-05-20 13:45:00,6.752999782562256
2018-05-20 14:00:00,6.752999782562256
2018-05-20 14:15:00,6.752999782562256
2018-05-20 14:30:00,6.752999782562256
2018-05-20 14:45:00,6.752999782562256
2018-05-20 15:00:00,6.752999782562256
2018-05-20 15:15:00,6.752999782562256
2018-05-20 15:30:00,6.752999782562256
2018-05-20 15:45:00,6.752999782562256
2018-05-20 16:00:00,6.752999782562256
2018-05-20 16:15:00,6.752999782562256
2018-05-20 16:30:00,6.752999782562256
2018-05-20 16:45:00,6.752999782562256
2018-05-20 17:00:00,6.752999782562256
2018-05-20 17:15:00,6.752999782562256
2018-05-20 17:30:00,6.752999782562256
2018-05-20 17:45:00,6.752999782562256
2018-05-20 18:00:00,6.752999782562256
2018-05-20 18:15:00,6.752999782562256
2018-05-20 18:30:00,6.752999782562256
2018-05-20 18:45:00,6.752999782562256
2018-05-20 19:00:00,6.752999782562256
2018-05-20 19:15:00,6.752999782562256
2018-05-20 19:30:00,6.752999782562256
2018-05-20 19:45:00,6.752999782562256
2018-05-20 20:00:00,6.698333290716012
2018-05-20 20:15:00,6.698333290716012
2018-05-20 20:30:00,6.698333290716012
2018-05-20 20:45:00,6.698333290716012
2018-05-20 21:00:00,6.698333290716012
2018-05-20 21:15:00,6.698333290716012
2018-05-20 21:30:00,6.698333290716012
2018-05-20 21:45:00,6.698333290716012
2018-05-20 22:00:00,6.698333290716012
2018-05-20 22:15:00,6.698333290716012
2018-05-20 22:30:00,6.698333290716012
2018-05-20 22:45:00,6.698333290716012
2018-05-20 23:00:00,6.698333290716012
2018-05-20 23:15:00,6.698333290716012
2018-05-20 23:30:00,6.698333290716012
2018-05-20 23:45:00,6.698333290716012
2018-05-21 00:00:00,6.698333290716012
2018-05-21 00:15:00,6.698333290716012
2018-05-21 00:30:00,6.698333290716012
2018-05-21 00:45:00,6.698333290716012
2018-05-21 01:00:00,6.698333290716012
2018-05-21 01:15:00,6.698333290716012
2018-05-21 01:30:00,6.698333290716012
2018-05-21 01:45:00,6.698333290716012
2018-05-21 02:00:00,6.698333290716012
2018-05-21 02:15:00,6.698333290716012
2018-05-21 02:30:00,6.698333290716012
2018-05-21 02:45:00,6.698333290716012
2018-05-21 03:00:00,6.698333290716012
2018-05-21 03:15:00,6.698333290716012
2018-05-21 03:30:00,6.698333290716012
2018-05-21 03:45:00,6.698333290716012
2018-05-21 04:00:00,6.698333290716012
2018-05-21 04:15:00,6.698333290716012
2018-05-21 04:30:00,6.698333290716012
2018-05-21 04:45:00,6.698333290716012
2018-05-21 05:00:00,6.698333290716012
2018-05-21 05:15:00,6.698333290716012
2018-05-21 05:30:00,6.698333290716012
2018-05-21 05:45:00,6.698333290716012
2018-05-21 06:00:00,6.698333290716012
2018-05-21 06:15:00,6.698333290716012
2018-05-21 06:30:00,6.698333290716012
2018-05-21 06:45:00,6.698333290716012
2018-05-21 07:00:00,6.698333290716012
2018-05-21 07:15:00,6.698333290716012
2018-05-21 07:30:00,6.698333290716012
2018-05-21 07:45:00,6.698333290716012
2018-05-21 08:00:00,6.698333290716012
2018-05-21 08:15:00,6.698333290716012
2018-05-21 08:30:00,6.698333290716012
2018-05-21 08:45:00,6.698333290716012
2018-05-21 09:00:00,6.698333290716012
2018-05-21 09:15:00,6.698333290716012
2018-05-21 09:30:00,6.698333290716012
2018-05-21 09:45:00,6.698333290716012
2018-05-21 10:00:00,6.698333290716012
2018-05-21 10:15:00,6.698333290716012
2018-05-21 10:30:00,6.698333290716012
2018-05-21 10:45:00,6.698333290716012
2018-05-21 11:00:00,6.698333290716012
2018-05-21 11:15:00,6.698333290716012
2018-05-21 11:30:00,6.698333290716012
2018-05-21 11:45:00,6.698333290716012
2018-05-21 12:00:00,6.698333290716012
2018-05-21 12:15:00,6.698333290716012
2018-05-21 12:30:00,6.698333290716012
2018-05-21 12:45:00,6.698333290716012
2018-05-21 13:00:00,6.698333290716012
2018-05-21 13:15:00,6.698333290716012
2018-05-21 13:30:00,6.698333290716012
2018-05-21 13:45:00,6.698333290716012
2018-05-21 14:00:00,6.698333290716012
2018-05-21 14:15:00,6.698333290716012
2018-05-21 14:30:00,6.698333290716012
2018-05-21 14:45:00,6.698333290716012
2018-05-21 15:00:00,6.698333290716012
2018-05-21 15:15:00,6.698333290716012
2018-05-21 15:30:00,6.698333290716012
2018-05-21 15:45:00,6.698333290716012
2018-05-21 16:00:00,6.698333290716012
2018-05-21 16:15:00,6.698333290716012
2018-05-21 16:30:00,6.698333290716012
2018-05-21 16:45:00,6.698333290716012
2018-05-21 17:00:00,6.698333290716012
2018-05-21 17:15:00,6.698333290716012
2018-05-21 17:30:00,6.698333290716012
2018-05-21 17:45:00,6.698333290716012
2018-05-21 18:00:00,6.698333290716012
2018-05-21 18:15:00,6.698333290716012
2018-05-21 18:30:00,6.698333290716012
2018-05-21 18:45:00,6.698333290716012
2018-05-21 19:00:00,6.698333290716012
2018-05-21 19:15:00,6.698333290716012
2018-05-21 19:30:00,6.698333290716012
2018-05-21 19:45:00,6.698333290716012
2018-05-21 20:00:00,6.687710842086418
2018-05-21 20:15:00,6.692420937618644
2018-05-21 20:30:00,6.697131033150871
2018-05-21 20:45:00,6.701841128683097
2018-05-21 21:00:00,6.706551224215324
2018-05-21 21:15:00,6.71126131974755
2018-05-21 21:30:00,6.7159714152797765
2018-05-21 21:45:00,6.720681510812002
2018-05-21 22:00:00,6.725391606344229
2018-05-21 22:15:00,6.730101701876455
2018-05-21 22:30:00,6.734811797408682
2018-05-21 22:45:00,6.739521892940908
2018-05-21 23:00:00,6.7442319884731345
2018-05-21 23:15:00,6.74894208400536
2018-05-21 23:30:00,6.753652179537587
2018-05-21 23:45:00,6.758362275069813
2018-05-22 00:00:00,6.76307237060204
2018-05-22 00:15:00,6.767782466134266
2018-05-22 00:30:00,6.772492561666493
2018-05-22 00:45:00,6.7772026571987185
2018-05-22 01:00:00,6.781912752730945
2018-05-22 01:15:00,6.786622848263171
2018-05-22 01:30:00,6.791332943795398
2018-05-22 01:45:00,6.796043039327624
2018-05-22 02:00:00,6.800753134859851
2018-05-22 02:15:00,6.805463230392077
2018-05-22 02:30:00,6.810173325924303
2018-05-22 02:45:00,6.814883421456529
2018-05-22 03:00:00,6.819593516988755
2018-05-22 03:15:00,6.824303612520982
2018-05-22 03:30:00,6.829013708053209
2018-05-22 03:45:00,6.833723803585435
2018-05-22 04:00:00,6.8384338991176605
2018-05-22 04:15:00,6.843143994649887
2018-05-22 04:30:00,6.847854090182113
2018-05-22 04:45:00,6.85256418571434
2018-05-22 05:00:00,6.857274281246566
2018-05-22 05:15:00,6.861984376778793
2018-05-22 05:30:00,6.866694472311019
2018-05-22 05:45:00,6.871404567843245
2018-05-22 06:00:00,6.876114663375471
2018-05-22 06:15:00,6.880824758907698
2018-05-22 06:30:00,6.885534854439924
2018-05-22 06:45:00,6.890244949972151
2018-05-22 07:00:00,6.894955045504377
2018-05-22 07:15:00,6.899665141036603
2018-05-22 07:30:00,6.904375236568829
2018-05-22 07:45:00,6.909085332101056
2018-05-22 08:00:00,6.913795427633282
2018-05-22 08:15:00,6.918505523165509
2018-05-22 08:30:00,6.923215618697735
2018-05-22 08:45:00,6.9279257142299615
2018-05-22 09:00:00,6.932635809762187
2018-05-22 09:15:00,6.937345905294414
2018-05-22 09:30:00,6.94205600082664
2018-05-22 09:45:00,6.946766096358867
2018-05-22 10:00:00,6.951476191891093
2018-05-22 10:15:00,6.95618628742332
2018-05-22 10:30:00,6.9608963829555455
2018-05-22 10:45:00,6.965606478487772
2018-05-22 11:00:00,6.970316574019998
2018-05-22 11:15:00,6.975026669552225
2018-05-22 11:30:00,6.979736765084451
2018-05-22 11:45:00,6.984446860616678
2018-05-22 12:00:00,6.9891569561489035
2018-05-22 12:15:00,6.99386705168113
2018-05-22 12:30:00,6.998577147213356
2018-05-22 12:45:00,7.003287242745583
2018-05-22 13:00:00,7.007997338277809
2018-05-22 13:15:00,7.012707433810036
2018-05-22 13:30:00,7.017417529342262
2018-05-22 13:45:00,7.022127624874488
2018-05-22 14:00:00,7.026837720406714
2018-05-22 14:15:00,7.031547815938941
2018-05-22 14:30:00,7.036257911471167
2018-05-22 14:45:00,7.040968007003394
2018-05-22 15:00:00,7.04567810253562
2018-05-22 15:15:00,7.0503881980678464
2018-05-22 15:30:00,7.055098293600072
2018-05-22 15:45:00,7.059808389132299
2018-05-22 16:00:00,7.064518484664525
2018-05-22 16:15:00,7.069228580196752
2018-05-22 16:30:00,7.073938675728978
2018-05-22 16:45:00,7.0786487712612045
2018-05-22 17:00:00,7.08335886679343
2018-05-22 17:15:00,7.088068962325657
2018-05-22 17:30:00,7.092779057857883
2018-05-22 17:45:00,7.097489153390109
2018-05-22 18:00:00,7.102199248922336
2018-05-22 18:15:00,7.106909344454563
2018-05-22 18:30:00,7.1116194399867885
2018-05-22 18:45:00,7.116329535519014
2018-05-22 19:00:00,7.121039631051241
2018-05-22 19:15:00,7.125749726583467
2018-05-22 19:30:00,7.130459822115694
2018-05-22 19:45:00,7.13516991764792
2018-05-22 20:00:00,7.534026622772217
2018-05-22 20:15:00,7.605434417724609
2018-05-22 20:30:00,7.456239700317383
2018-05-22 20:45:00,7.375643253326416
2018-05-22 21:00:00,7.492742538452148
2018-05-22 21:15:00,7.36823844909668
2018-05-22 21:30:00,7.43229341506958
2018-05-22 21:45:00,7.452450752258301
2018-05-22 22:00:00,7.495874404907227
2018-05-22 22:15:00,7.534173488616943
2018-05-22 22:30:00,7.583448886871338
2018-05-22 22:45:00,7.673281192779541
2018-05-22 23:00:00,7.635135173797607
2018-05-22 23:15:00,7.646315097808838
2018-05-22 23:30:00,7.548377990722656
2018-05-22 23:45:00,7.624669075012207
2018-05-23 00:00:00,7.51152229309082
2018-05-23 00:15:00,7.525718688964844
2018-05-23 00:30:00,7.455704212188721
2018-05-23 00:45:00,7.308717250823975
2018-05-23 01:00:00,7.251248359680176
2018-05-23 01:15:00,7.246155738830566
2018-05-23 01:30:00,7.460422515869141
2018-05-23 01:45:00,7.518279552459717
2018-05-23 02:00:00,7.518883228302002
2018-05-23 02:15:00,7.393045425415039
2018-05-23 02:30:00,7.599053859710693
2018-05-23 02:45:00,7.499892234802246
2018-05-23 03:00:00,7.418294906616211
2018-05-23 03:15:00,7.603044033050537
2018-05-23 03:30:00,7.675743579864502
2018-05-23 03:45:00,7.704503059387207
2018-05-23 04:00:00,7.6894850730896
2018-05-23 04:15:00,7.6699981689453125
2018-05-23 04:30:00,7.679221153259277
2018-05-23 04:45:00,7.694298267364502
2018-05-23 05:00:00,7.693090438842773
2018-05-23 05:15:00,7.507072448730469
2018-05-23 05:30:00,7.632692813873291
2018-05-23 05:45:00,7.555879592895508
2018-05-23 06:00:00,7.415016174316406
2018-05-23 06:15:00,7.638120651245117
2018-05-23 06:30:00,7.404887676239014
2018-05-23 06:45:00,7.550120830535889
2018-05-23 07:00:00,7.569353103637695
2018-05-23 07:15:00,7.287356376647949
2018-05-23 07:30:00,7.199937343597412
2018-05-23 07:45:00,7.2391815185546875
2018-05-23 08:00:00,7.071413993835449
2018-05-23 08:15:00,7.056462287902832
2018-05-23 08:30:00,7.086117744445801
2018-05-23 08:45:00,7.032808303833008
2018-05-23 09:00:00,7.035714626312256
2018-05-23 09:15:00,7.058966159820557
2018-05-23 09:30:00,7.027439117431641
2018-05-23 09:45:00,6.9994072914123535
2018-05-23 10:00:00,7.042652130126953
2018-05-23 10:15:00,6.975869655609131
2018-05-23 10:30:00,7.001082420349121
2018-05-23 10:45:00,6.997933387756348
2018-05-23 11:00:00,6.9900970458984375
2018-05-23 11:15:00,7.095663070678711
2018-05-23 11:30:00,7.120815277099609
2018-05-23 11:45:00,7.083799839019775
2018-05-23 12:00:00,7.094837188720703
2018-05-23 12:15:00,7.1995015144348145
2018-05-23 12:30:00,7.093506813049316
2018-05-23 12:45:00,7.256053447723389
2018-05-23 13:00:00,7.238387584686279
2018-05-23 13:15:00,7.09881067276001
2018-05-23 13:30:00,7.3005781173706055
2018-05-23 13:45:00,7.024340629577637
2018-05-23 14:00:00,7.062344551086426
2018-05-23 14:15:00,6.823502063751221
2018-05-23 14:30:00,6.860638618469238
2018-05-23 14:45:00,6.8883891105651855
2018-05-23 15:00:00,6.956798553466797
2018-05-23 15:15:00,7.041419506072998
2018-05-23 15:30:00,7.050276756286621
2018-05-23 15:45:00,6.915451526641846
2018-05-23 16:00:00,6.89478063583374
2018-05-23 16:15:00,6.995981693267822
2018-05-23 16:30:00,6.925964832305908
2018-05-23 16:45:00,6.936583042144775
2018-05-23 17:00:00,6.9885172843933105
2018-05-23 17:15:00,7.084160804748535
2018-05-23 17:30:00,6.933181285858154
2018-05-23 17:45:00,6.888561725616455
2018-05-23 18:00:00,6.962783336639404
2018-05-23 18:15:00,6.835430145263672
2018-05-23 18:30:00,7.023318290710449
2018-05-23 18:45:00,6.857192039489746
2018-05-23 19:00:00,6.904210090637207
2018-05-23 19:15:00,7.174075603485107
2018-05-23 19:30:00,7.091315746307373
2018-05-23 19:45:00,7.2751054763793945
2018-05-23 20:00:00,9.652144432067871
2018-05-23 20:15:00,9.80410099029541
2018-05-23 20:30:00,9.500894546508789
2018-05-23 20:45:00,9.431084632873535
2018-05-23 21:00:00,9.226795196533203
2018-05-23 21:15:00,9.501917839050293
2018-05-23 21:30:00,9.317042350769043
2018-05-23 21:45:00,9.150115966796875
2018-05-23 22:00:00,9.2573823928833
2018-05-23 22:15:00,9.07912826538086
2018-05-23 22:30:00,9.025236129760742
2018-05-23 22:45:00,9.118124008178711
2018-05-23 23:00:00,8.812234878540039
2018-05-23 23:15:00,9.016214370727539
2018-05-23 23:30:00,8.838499069213867
2018-05-23 23:45:00,8.797592163085938
2018-05-24 00:00:00,8.765885353088379
2018-05-24 00:15:00,8.525477409362793
2018-05-24 00:30:00,8.65095329284668
2018-05-24 00:45:00,8.750385284423828
2018-05-24 01:00:00,8.476466178894043
2018-05-24 01:15:00,8.445850372314453
2018-05-24 01:30:00,8.514562606811523
2018-05-24 01:45:00,8.311751365661621
2018-05-24 02:00:00,8.359123229980469
2018-05-24 02:15:00,8.475833892822266
2018-05-24 02:30:00,8.239867210388184
2018-05-24 02:45:00,8.214971542358398
2018-05-24 03:00:00,8.225834846496582
2018-05-24 03:15:00,8.347086906433105
2018-05-24 03:30:00,8.285643577575684
2018-05-24 03:45:00,8.081698417663574
2018-05-24 04:00:00,8.258247375488281
2018-05-24 04:15:00,8.216620445251465
2018-05-24 04:30:00,8.119521141052246
2018-05-24 04:45:00,8.303609848022461
2018-05-24 05:00:00,8.434335708618164
2018-05-24 05:15:00,8.380566596984863
2018-05-24 05:30:00,8.09878158569336
2018-05-24 05:45:00,8.32249927520752
2018-05-24 06:00:00,8.485873222351074
2018-05-24 06:15:00,8.649730682373047
2018-05-24 06:30:00,8.536513328552246
2018-05-24 06:45:00,8.483194351196289
2018-05-24 07:00:00,8.543631553649902
2018-05-24 07:15:00,8.850717544555664
2018-05-24 07:30:00,8.8872652053833
2018-05-24 07:45:00,8.913566589355469
2018-05-24 08:00:00,8.85400390625
2018-05-24 08:15:00,9.138286590576172
2018-05-24 08:30:00,9.040725708007812
2018-05-24 08:45:00,9.205674171447754
2018-05-24 09:00:00,9.07996940612793
2018-05-24 09:15:00,9.349671363830566
2018-05-24 09:30:00,9.318572044372559
2018-05-24 09:45:00,9.540448188781738
2018-05-24 10:00:00,9.521138191223145
2018-05-24 10:15:00,9.819756507873535
2018-05-24 10:30:00,9.702012062072754
2018-05-24 10:45:00,9.817391395568848
2018-05-24 11:00:00,9.87941837310791
2018-05-24 11:15:00,9.927433013916016
2018-05-24 11:30:00,9.792048454284668
2018-05-24 11:45:00,10.020609855651855
2018-05-24 12:00:00,10.090622901916504
2018-05-24 12:15:00,10.252435684204102
2018-05-24 12:30:00,10.233053207397461
2018-05-24 12:45:00,10.341171264648438
2018-05-24 13:00:00,10.463823318481445
2018-05-24 13:15:00,10.298821449279785
2018-05-24 13:30:00,10.435466766357422
2018-05-24 13:45:00,10.59443187713623
2018-05-24 14:00:00,10.660428047180176
2018-05-24 14:15:00,10.735567092895508
2018-05-24 14:30:00,10.664277076721191
2018-05-24 14:45:00,10.503252983093262
2018-05-24 15:00:00,10.794384002685547
2018-05-24 15:15:00,10.88257122039795
2018-05-24 15:30:00,10.818359375
2018-05-24 15:45:00,10.927228927612305
2018-05-24 16:00:00,10.870113372802734
2018-05-24 16:15:00,10.951274871826172
2018-05-24 16:30:00,10.837401390075684
2018-05-24 16:45:00,10.755420684814453
2018-05-24 17:00:00,10.50262451171875
2018-05-24 17:15:00,10.649430274963379
2018-05-24 17:30:00,10.474471092224121
2018-05-24 17:45:00,10.697144508361816
2018-05-24 18:00:00,10.379036903381348
2018-05-24 18:15:00,10.208269119262695
2018-05-24 18:30:00,10.413594245910645
2018-05-24 18:45:00,10.274051666259766
2018-05-24 19:00:00,10.126925468444824
2018-05-24 19:15:00,9.962416648864746
2018-05-24 19:30:00,9.634523391723633
2018-05-24 19:45:00,9.615724563598633
2018-05-24 20:00:00,8.74282169342041
2018-05-24 20:15:00,9.01507568359375
2018-05-24 20:30:00,9.200328826904297
2018-05-24 20:45:00,9.400399208068848
2018-05-24 21:00:00,9.466651916503906
2018-05-24 21:15:00,9.604247093200684
2018-05-24 21:30:00,9.597614288330078
2018-05-24 21:45:00,9.672616958618164
2018-05-24 22:00:00,9.66696834564209
2018-05-24 22:15:00,9.694293975830078
2018-05-24 22:30:00,9.643513679504395
2018-05-24 22:45:00,9.628111839294434
2018-05-24 23:00:00,9.654800415039062
2018-05-24 23:15:00,9.65251350402832
2018-05-24 23:30:00,9.678010940551758
2018-05-24 23:45:00,9.663423538208008
2018-05-25 00:00:00,9.695304870605469
2018-05-25 00:15:00,9.675371170043945
2018-05-25 00:30:00,9.669846534729004
2018-05-25 00:45:00,9.603198051452637
2018-05-25 01:00:00,9.630370140075684
2018-05-25 01:15:00,9.591737747192383
2018-05-25 01:30:00,9.562556266784668
2018-05-25 01:45:00,9.519351959228516
2018-05-25 02:00:00,9.487628936767578
2018-05-25 02:15:00,9.483866691589355
2018-05-25 02:30:00,9.461188316345215
2018-05-25 02:45:00,9.423346519470215
2018-05-25 03:00:00,9.401543617248535
2018-05-25 03:15:00,9.442453384399414
2018-05-25 03:30:00,9.38357162475586
2018-05-25 03:45:00,9.414151191711426
2018-05-25 04:00:00,9.316202163696289
2018-05-25 04:15:00,9.303682327270508
2018-05-25 04:30:00,9.267642974853516
2018-05-25 04:45:00,9.281925201416016
2018-05-25 05:00:00,9.296119689941406
2018-05-25 05:15:00,9.301735877990723
2018-05-25 05:30:00,9.27677059173584
2018-05-25 05:45:00,9.271686553955078
2018-05-25 06:00:00,9.270242691040039
2018-05-25 06:15:00,9.237497329711914
2018-05-25 06:30:00,9.175577163696289
2018-05-25 06:45:00,9.192931175231934
2018-05-25 07:00:00,9.202383041381836
2018-05-25 07:15:00,9.217707633972168
2018-05-25 07:30:00,9.221871376037598
2018-05-25 07:45:00,9.237507820129395
2018-05-25 08:00:00,9.210097312927246
2018-05-25 08:15:00,9.277251243591309
2018-05-25 08:30:00,9.186651229858398
2018-05-25 08:45:00,9.25244426727295
2018-05-25 09:00:00,9.273895263671875
2018-05-25 09:15:00,9.283113479614258
2018-05-25 09:30:00,9.247759819030762
2018-05-25 09:45:00,9.251084327697754
2018-05-25 10:00:00,9.26400089263916
2018-05-25 10:15:00,9.266599655151367
2018-05-25 10:30:00,9.280736923217773
2018-05-25 10:45:00,9.261884689331055
2018-05-25 11:00:00,9.316322326660156
2018-05-25 11:15:00,9.358122825622559
2018-05-25 11:30:00,9.381925582885742
2018-05-25 11:45:00,9.412205696105957
2018-05-25 12:00:00,9.38862419128418
2018-05-25 12:15:00,9.427376747131348
2018-05-25 12:30:00,9.469986915588379
2018-05-25 12:45:00,9.545419692993164
2018-05-25 13:00:00,9.602219581604004
2018-05-25 13:15:00,9.62611198425293
2018-05-25 13:30:00,9.65287971496582
2018-05-25 13:45:00,9.729241371154785
2018-05-25 14:00:00,9.77252197265625
2018-05-25 14:15:00,9.798050880432129
2018-05-25 14:30:00,9.806133270263672
2018-05-25 14:45:00,9.777379989624023
2018-05-25 15:00:00,9.77367115020752
2018-05-25 15:15:00,9.707566261291504
2018-05-25 15:30:00,9.642837524414062
2018-05-25 15:45:00,9.59717082977295
2018-05-25 16:00:00,9.550036430358887
2018-05-25 16:15:00,9.55370044708252
2018-05-25 16:30:00,9.558805465698242
2018-05-25 16:45:00,9.548863410949707
2018-05-25 17:00:00,9.530525207519531
2018-05-25 17:15:00,9.45376205444336
2018-05-25 17:30:00,9.35978889465332
2018-05-25 17:45:00,9.283212661743164
2018-05-25 18:00:00,9.226203918457031
2018-05-25 18:15:00,9.332704544067383
2018-05-25 18:30:00,9.379117965698242
2018-05-25 18:45:00,9.378021240234375
2018-05-25 19:00:00,9.351173400878906
2018-05-25 19:15:00,9.320904731750488
2018-05-25 19:30:00,9.326501846313477
2018-05-25 19:45:00,9.276579856872559
2018-05-25 20:00:00,7.03981376998391
2018-05-25 20:15:00,7.0300996663155155
2018-05-25 20:30:00,7.020385562647121
2018-05-25 20:45:00,7.0106714589787265
2018-05-25 21:00:00,7.000957355310332
2018-05-25 21:15:00,6.991243251641937
2018-05-25 21:30:00,6.981529147973543
2018-05-25 21:45:00,6.971815044305148
2018-05-25 22:00:00,6.962100940636754
2018-05-25 22:15:00,6.952386836968359
2018-05-25 22:30:00,6.942672733299965
2018-05-25 22:45:00,6.93295862963157
2018-05-25 23:00:00,6.923244525963176
2018-05-25 23:15:00,6.913530422294781
2018-05-25 23:30:00,6.903816318626387
2018-05-25 23:45:00,6.894102214957992
2018-05-26 00:00:00,6.8843881112895975
2018-05-26 00:15:00,6.874674007621203
2018-05-26 00:30:00,6.864959903952808
2018-05-26 00:45:00,6.855245800284414
2018-05-26 01:00:00,6.845531696616019
2018-05-26 01:15:00,6.835817592947625
2018-05-26 01:30:00,6.82610348927923
2018-05-26 01:45:00,6.816389385610836
2018-05-26 02:00:00,6.806675281942441
2018-05-26 02:15:00,6.796961178274047
2018-05-26 02:30:00,6.787247074605652
2018-05-26 02:45:00,6.777532970937258
2018-05-26 03:00:00,6.767818867268863
2018-05-26 03:15:00,6.7581047636004685
2018-05-26 03:30:00,6.748390659932074
2018-05-26 03:45:00,6.7386765562636795
2018-05-26 04:00:00,6.728962452595285
2018-05-26 04:15:00,6.71924834892689
2018-05-26 04:30:00,6.709534245258496
2018-05-26 04:45:00,6.699820141590101
2018-05-26 05:00:00,6.690106037921707
2018-05-26 05:15:00,6.680391934253312
2018-05-26 05:30:00,6.670677830584918
2018-05-26 05:45:00,6.660963726916523
2018-05-26 06:00:00,6.651249623248129
2018-05-26 06:15:00,6.641535519579733
2018-05-26 06:30:00,6.63182141591134
2018-05-26 06:45:00,6.622107312242944
2018-05-26 07:00:00,6.61239320857455
2018-05-26 07:15:00,6.602679104906155
2018-05-26 07:30:00,6.5929650012377605
2018-05-26 07:45:00,6.583250897569366
2018-05-26 08:00:00,6.5735367939009715
2018-05-26 08:15:00,6.563822690232577
2018-05-26 08:30:00,6.554108586564182
2018-05-26 08:45:00,6.544394482895788
2018-05-26 09:00:00,6.534680379227393
2018-05-26 09:15:00,6.524966275558999
2018-05-26 09:30:00,6.515252171890604
2018-05-26 09:45:00,6.50553806822221
2018-05-26 10:00:00,6.495823964553815
2018-05-26 10:15:00,6.486109860885421
2018-05-26 10:30:00,6.476395757217026
2018-05-26 10:45:00,6.466681653548632
2018-05-26 11:00:00,6.456967549880237
2018-05-26 11:15:00,6.4472534462118425
2018-05-26 11:30:00,6.437539342543448
2018-05-26 11:45:00,6.427825238875053
2018-05-26 12:00:00,6.418111135206659
2018-05-26 12:15:00,6.408397031538264
2018-05-26 12:30:00,6.39868292786987
2018-05-26 12:45:00,6.388968824201475
2018-05-26 13:00:00,6.379254720533081
2018-05-26 13:15:00,6.369540616864686
2018-05-26 13:30:00,6.359826513196292
2018-05-26 13:45:00,6.350112409527897
2018-05-26 14:00:00,6.340398305859503
2018-05-26 14:15:00,6.330684202191108
2018-05-26 14:30:00,6.3209700985227135
2018-05-26 14:45:00,6.311255994854319
2018-05-26 15:00:00,6.3015418911859244
2018-05-26 15:15:00,6.29182778751753
2018-05-26 15:30:00,6.282113683849135
2018-05-26 15:45:00,6.272399580180741
2018-05-26 16:00:00,6.262685476512346
2018-05-26 16:15:00,6.252971372843952
2018-05-26 16:30:00,6.243257269175556
2018-05-26 16:45:00,6.233543165507163
2018-05-26 17:00:00,6.223829061838767
2018-05-26 17:15:00,6.214114958170374
2018-05-26 17:30:00,6.204400854501978
2018-05-26 17:45:00,6.194686750833584
2018-05-26 18:00:00,6.184972647165189
2018-05-26 18:15:00,6.175258543496795
2018-05-26 18:30:00,6.1655444398284
2018-05-26 18:45:00,6.1558303361600055
2018-05-26 19:00:00,6.146116232491611
2018-05-26 19:15:00,6.1364021288232165
2018-05-26 19:30:00,6.126688025154822
2018-05-26 19:45:00,6.116973921486427
2018-05-26 20:00:00,9.033640589310071
2018-05-26 20:15:00,9.037235032044036
2018-05-26 20:30:00,9.040829474778
2018-05-26 20:45:00,9.044423917511965
2018-05-26 21:00:00,9.048018360245932
2018-05-26 21:15:00,9.051612802979896
2018-05-26 21:30:00,9.055207245713861
2018-05-26 21:45:00,9.058801688447826
2018-05-26 22:00:00,9.06239613118179
2018-05-26 22:15:00,9.065990573915755
2018-05-26 22:30:00,9.06958501664972
2018-05-26 22:45:00,9.073179459383686
2018-05-26 23:00:00,9.076773902117651
2018-05-26 23:15:00,9.080368344851616
2018-05-26 23:30:00,9.08396278758558
2018-05-26 23:45:00,9.087557230319545
2018-05-27 00:00:00,9.09115167305351
2018-05-27 00:15:00,9.094746115787474
2018-05-27 00:30:00,9.098340558521441
2018-05-27 00:45:00,9.101935001255406
2018-05-27 01:00:00,9.10552944398937
2018-05-27 01:15:00,9.109123886723335
2018-05-27 01:30:00,9.1127183294573
2018-05-27 01:45:00,9.116312772191264
2018-05-27 02:00:00,9.11990721492523
2018-05-27 02:15:00,9.123501657659196
2018-05-27 02:30:00,9.12709610039316
2018-05-27 02:45:00,9.130690543127125
2018-05-27 03:00:00,9.13428498586109
2018-05-27 03:15:00,9.137879428595054
2018-05-27 03:30:00,9.14147387132902
2018-05-27 03:45:00,9.145068314062984
2018-05-27 04:00:00,9.14866275679695
2018-05-27 04:15:00,9.152257199530915
2018-05-27 04:30:00,9.15585164226488
2018-05-27 04:45:00,9.159446084998844
2018-05-27 05:00:00,9.163040527732809
2018-05-27 05:15:00,9.166634970466774
2018-05-27 05:30:00,9.170229413200738
2018-05-27 05:45:00,9.173823855934703
2018-05-27 06:00:00,9.177418298668668
2018-05-27 06:15:00,9.181012741402634
2018-05-27 06:30:00,9.184607184136599
2018-05-27 06:45:00,9.188201626870564
2018-05-27 07:00:00,9.191796069604528
2018-05-27 07:15:00,9.195390512338493
2018-05-27 07:30:00,9.198984955072458
2018-05-27 07:45:00,9.202579397806423
2018-05-27 08:00:00,9.206173840540387
2018-05-27 08:15:00,9.209768283274352
2018-05-27 08:30:00,9.213362726008318
2018-05-27 08:45:00,9.216957168742283
2018-05-27 09:00:00,9.220551611476248
2018-05-27 09:15:00,9.224146054210212
2018-05-27 09:30:00,9.227740496944177
2018-05-27 09:45:00,9.231334939678142
2018-05-27 10:00:00,9.234929382412107
2018-05-27 10:15:00,9.238523825146071
2018-05-27 10:30:00,9.242118267880036
2018-05-27 10:45:00,9.245712710614002
2018-05-27 11:00:00,9.249307153347967
2018-05-27 11:15:00,9.252901596081932
2018-05-27 11:30:00,9.256496038815897
2018-05-27 11:45:00,9.260090481549861
2018-05-27 12:00:00,9.263684924283826
2018-05-27 12:15:00,9.26727936701779
2018-05-27 12:30:00,9.270873809751755
2018-05-27 12:45:00,9.27446825248572
2018-05-27 13:00:00,9.278062695219685
2018-05-27 13:15:00,9.281657137953651
2018-05-27 13:30:00,9.285251580687616
2018-05-27 13:45:00,9.28884602342158
2018-05-27 14:00:00,9.292440466155545
2018-05-27 14:15:00,9.29603490888951
2018-05-27 14:30:00,9.299629351623475
2018-05-27 14:45:00,9.30322379435744
2018-05-27 15:00:00,9.306818237091406
2018-05-27 15:15:00,9.31041267982537
2018-05-27 15:30:00,9.314007122559335
2018-05-27 15:45:00,9.3176015652933
2018-05-27 16:00:00,9.321196008027265
2018-05-27 16:15:00,9.32479045076123
2018-05-27 16:30:00,9.328384893495194
2018-05-27 16:45:00,9.33197933622916
2018-05-27 17:00:00,9.335573778963125
2018-05-27 17:15:00,9.33916822169709
2018-05-27 17:30:00,9.342762664431055
2018-05-27 17:45:00,9.34635710716502
2018-05-27 18:00:00,9.349951549898984
2018-05-27 18:15:00,9.353545992632949
2018-05-27 18:30:00,9.357140435366915
2018-05-27 18:45:00,9.360734878100878
2018-05-27 19:00:00,9.364329320834845
2018-05-27 19:15:00,9.36792376356881
2018-05-27 19:30:00,9.371518206302774
2018-05-27 19:45:00,9.375112649036739
2018-05-27 20:00:00,10.211607933044434
2018-05-27 20:15:00,10.222460746765137
2018-05-27 20:30:00,10.209651947021484
2018-05-27 20:45:00,10.195783615112305
2018-05-27 21:00:00,10.172374725341797
2018-05-27 21:15:00,10.144903182983398
2018-05-27 21:30:00,10.122368812561035
2018-05-27 21:45:00,10.102118492126465
2018-05-27 22:00:00,10.082128524780273
2018-05-27 22:15:00,10.048604965209961
2018-05-27 22:30:00,10.019845962524414
2018-05-27 22:45:00,9.986592292785645
2018-05-27 23:00:00,9.949898719787598
2018-05-27 23:15:00,9.915986061096191
2018-05-27 23:30:00,9.87824821472168
2018-05-27 23:45:00,9.846433639526367
2018-05-28 00:00:00,9.814453125
2018-05-28 00:15:00,9.787790298461914
2018-05-28 00:30:00,9.77207088470459
2018-05-28 00:45:00,9.756861686706543
2018-05-28 01:00:00,9.748072624206543
2018-05-28 01:15:00,9.745587348937988
2018-05-28 01:30:00,9.738840103149414
2018-05-28 01:45:00,9.72987174987793
2018-05-28 02:00:00,9.718100547790527
2018-05-28 02:15:00,9.711235046386719
2018-05-28 02:30:00,9.697134017944336
2018-05-28 02:45:00,9.691288948059082
2018-05-28 03:00:00,9.692652702331543
2018-05-28 03:15:00,9.689849853515625
2018-05-28 03:30:00,9.696969032287598
2018-05-28 03:45:00,9.708793640136719
2018-05-28 04:00:00,9.713507652282715
2018-05-28 04:15:00,9.710155487060547
2018-05-28 04:30:00,9.707789421081543
2018-05-28 04:45:00,9.7041597366333
2018-05-28 05:00:00,9.692459106445312
2018-05-28 05:15:00,9.682981491088867
2018-05-28 05:30:00,9.670040130615234
2018-05-28 05:45:00,9.6553373336792
2018-05-28 06:00:00,9.643526077270508
2018-05-28 06:15:00,9.63786792755127
2018-05-28 06:30:00,9.631196975708008
2018-05-28 06:45:00,9.620596885681152
2018-05-28 07:00:00,9.617388725280762
2018-05-28 07:15:00,9.615683555603027
2018-05-28 07:30:00,9.613986015319824
2018-05-28 07:45:00,9.609817504882812
2018-05-28 08:00:00,9.607400894165039
2018-05-28 08:15:00,9.61160945892334
2018-05-28 08:30:00,9.617422103881836
2018-05-28 08:45:00,9.620800018310547
2018-05-28 09:00:00,9.633996963500977
2018-05-28 09:15:00,9.643904685974121
2018-05-28 09:30:00,9.656026840209961
2018-05-28 09:45:00,9.67126178741455
2018-05-28 10:00:00,9.678049087524414
2018-05-28 10:15:00,9.686274528503418
2018-05-28 10:30:00,9.692643165588379
2018-05-28 10:45:00,9.705362319946289
2018-05-28 11:00:00,9.716922760009766
2018-05-28 11:15:00,9.730803489685059
2018-05-28 11:30:00,9.748180389404297
2018-05-28 11:45:00,9.771077156066895
2018-05-28 12:00:00,9.791624069213867
2018-05-28 12:15:00,9.811805725097656
2018-05-28 12:30:00,9.837428092956543
2018-05-28 12:45:00,9.86355972290039
2018-05-28 13:00:00,9.891748428344727
2018-05-28 13:15:00,9.91299819946289
2018-05-28 13:30:00,9.93272590637207
2018-05-28 13:45:00,9.953268051147461
2018-05-28 14:00:00,9.978585243225098
2018-05-28 14:15:00,10.00491714477539
2018-05-28 14:30:00,10.029227256774902
2018-05-28 14:45:00,10.050048828125
2018-05-28 15:00:00,10.066835403442383
2018-05-28 15:15:00,10.082463264465332
2018-05-28 15:30:00,10.088411331176758
2018-05-28 15:45:00,10.082588195800781
2018-05-28 16:00:00,10.073994636535645
2018-05-28 16:15:00,10.066765785217285
2018-05-28 16:30:00,10.053744316101074
2018-05-28 16:45:00,10.03630542755127
2018-05-28 17:00:00,10.015913009643555
2018-05-28 17:15:00,9.998839378356934
2018-05-28 17:30:00,9.979147911071777
2018-05-28 17:45:00,9.951284408569336
2018-05-28 18:00:00,9.921435356140137
2018-05-28 18:15:00,9.882326126098633
2018-05-28 18:30:00,9.845980644226074
2018-05-28 18:45:00,9.804319381713867
2018-05-28 19:00:00,9.761290550231934
2018-05-28 19:15:00,9.722681045532227
2018-05-28 19:30:00,9.687089920043945
2018-05-28 19:45:00,9.6554594039917
2018-05-28 20:00:00,10.90018367767334
2018-05-28 20:15:00,10.72414779663086
2018-05-28 20:30:00,10.69469165802002
2018-05-28 20:45:00,10.625846862792969
2018-05-28 21:00:00,10.645074844360352
2018-05-28 21:15:00,10.669426918029785
2018-05-28 21:30:00,10.626401901245117
2018-05-28 21:45:00,10.537149429321289
2018-05-28 22:00:00,10.579880714416504
2018-05-28 22:15:00,10.468915939331055
2018-05-28 22:30:00,10.46696949005127
2018-05-28 22:45:00,10.43274974822998
2018-05-28 23:00:00,10.527595520019531
2018-05-28 23:15:00,10.528253555297852
2018-05-28 23:30:00,10.445377349853516
2018-05-28 23:45:00,10.518319129943848
2018-05-29 00:00:00,10.467374801635742
2018-05-29 00:15:00,10.449390411376953
2018-05-29 00:30:00,10.45539379119873
2018-05-29 00:45:00,10.340868949890137
2018-05-29 01:00:00,10.396829605102539
2018-05-29 01:15:00,10.375014305114746
2018-05-29 01:30:00,10.34703254699707
2018-05-29 01:45:00,10.324196815490723
2018-05-29 02:00:00,10.258524894714355
2018-05-29 02:15:00,10.15788459777832
2018-05-29 02:30:00,10.245494842529297
2018-05-29 02:45:00,10.227187156677246
2018-05-29 03:00:00,10.107924461364746
2018-05-29 03:15:00,10.213040351867676
2018-05-29 03:30:00,10.209699630737305
2018-05-29 03:45:00,10.235118865966797
2018-05-29 04:00:00,10.324682235717773
2018-05-29 04:15:00,10.27092456817627
2018-05-29 04:30:00,10.178942680358887
2018-05-29 04:45:00,10.12406063079834
2018-05-29 05:00:00,10.149116516113281
2018-05-29 05:15:00,10.084196090698242
2018-05-29 05:30:00,10.071815490722656
2018-05-29 05:45:00,10.088873863220215
2018-05-29 06:00:00,10.146888732910156
2018-05-29 06:15:00,10.07806396484375
2018-05-29 06:30:00,10.172994613647461
2018-05-29 06:45:00,10.179838180541992
2018-05-29 07:00:00,10.219900131225586
2018-05-29 07:15:00,10.159093856811523
2018-05-29 07:30:00,10.196093559265137
2018-05-29 07:45:00,10.236729621887207
2018-05-29 08:00:00,10.480785369873047
2018-05-29 08:15:00,10.412636756896973
2018-05-29 08:30:00,10.33970832824707
2018-05-29 08:45:00,10.350109100341797
2018-05-29 09:00:00,10.38686752319336
2018-05-29 09:15:00,10.375083923339844
2018-05-29 09:30:00,10.2435884475708
2018-05-29 09:45:00,10.371889114379883
2018-05-29 10:00:00,10.482881546020508
2018-05-29 10:15:00,10.429798126220703
2018-05-29 10:30:00,10.487285614013672
2018-05-29 10:45:00,10.525091171264648
2018-05-29 11:00:00,10.526095390319824
2018-05-29 11:15:00,10.668961524963379
2018-05-29 11:30:00,10.652106285095215
2018-05-29 11:45:00,10.690217971801758
2018-05-29 12:00:00,10.94797420501709
2018-05-29 12:15:00,10.90239429473877
2018-05-29 12:30:00,10.954113960266113
2018-05-29 12:45:00,10.96715259552002
2018-05-29 13:00:00,10.936488151550293
2018-05-29 13:15:00,10.94926929473877
2018-05-29 13:30:00,11.030339241027832
2018-05-29 13:45:00,11.065872192382812
2018-05-29 14:00:00,11.129230499267578
2018-05-29 14:15:00,11.145602226257324
2018-05-29 14:30:00,11.09687328338623
2018-05-29 14:45:00,11.143123626708984
2018-05-29 15:00:00,11.112141609191895
2018-05-29 15:15:00,11.131662368774414
2018-05-29 15:30:00,11.101760864257812
2018-05-29 15:45:00,11.110918998718262
2018-05-29 16:00:00,11.354094505310059
2018-05-29 16:15:00,11.12772274017334
2018-05-29 16:30:00,11.076961517333984
2018-05-29 16:45:00,11.069402694702148
2018-05-29 17:00:00,11.095945358276367
2018-05-29 17:15:00,11.075428009033203
2018-05-29 17:30:00,11.07740592956543
2018-05-29 17:45:00,11.086809158325195
2018-05-29 18:00:00,11.030624389648438
2018-05-29 18:15:00,11.008065223693848
2018-05-29 18:30:00,11.030631065368652
2018-05-29 18:45:00,10.95754623413086
2018-05-29 19:00:00,10.988809585571289
2018-05-29 19:15:00,10.952223777770996
2018-05-29 19:30:00,10.888306617736816
2018-05-29 19:45:00,10.921541213989258
2018-05-29 20:00:00,10.727834801891094
2018-05-29 20:15:00,10.733755532942194
2018-05-29 20:30:00,10.739676263993292
2018-05-29 20:45:00,10.74559699504439
2018-05-29 21:00:00,10.75151772609549
2018-05-29 21:15:00,10.757438457146588
2018-05-29 21:30:00,10.763359188197688
2018-05-29 21:45:00,10.769279919248786
2018-05-29 22:00:00,10.775200650299885
2018-05-29 22:15:00,10.781121381350983
2018-05-29 22:30:00,10.787042112402082
2018-05-29 22:45:00,10.79296284345318
2018-05-29 23:00:00,10.79888357450428
2018-05-29 23:15:00,10.804804305555379
2018-05-29 23:30:00,10.810725036606478
2018-05-29 23:45:00,10.816645767657576
2018-05-30 00:00:00,10.822566498708674
2018-05-30 00:15:00,10.828487229759775
2018-05-30 00:30:00,10.834407960810873
2018-05-30 00:45:00,10.840328691861972
2018-05-30 01:00:00,10.84624942291307
2018-05-30 01:15:00,10.852170153964169
2018-05-30 01:30:00,10.858090885015269
2018-05-30 01:45:00,10.864011616066367
2018-05-30 02:00:00,10.869932347117466
2018-05-30 02:15:00,10.875853078168564
2018-05-30 02:30:00,10.881773809219663
2018-05-30 02:45:00,10.887694540270761
2018-05-30 03:00:00,10.893615271321861
2018-05-30 03:15:00,10.89953600237296
2018-05-30 03:30:00,10.905456733424058
2018-05-30 03:45:00,10.911377464475157
2018-05-30 04:00:00,10.917298195526255
2018-05-30 04:15:00,10.923218926577356
2018-05-30 04:30:00,10.929139657628454
2018-05-30 04:45:00,10.935060388679553
2018-05-30 05:00:00,10.940981119730651
2018-05-30 05:15:00,10.94690185078175
2018-05-30 05:30:00,10.95282258183285
2018-05-30 05:45:00,10.958743312883948
2018-05-30 06:00:00,10.964664043935047
2018-05-30 06:15:00,10.970584774986145
2018-05-30 06:30:00,10.976505506037244
2018-05-30 06:45:00,10.982426237088342
2018-05-30 07:00:00,10.988346968139442
2018-05-30 07:15:00,10.99426769919054
2018-05-30 07:30:00,11.00018843024164
2018-05-30 07:45:00,11.006109161292738
2018-05-30 08:00:00,11.012029892343836
2018-05-30 08:15:00,11.017950623394936
2018-05-30 08:30:00,11.023871354446035
2018-05-30 08:45:00,11.029792085497133
2018-05-30 09:00:00,11.035712816548232
2018-05-30 09:15:00,11.04163354759933
2018-05-30 09:30:00,11.04755427865043
2018-05-30 09:45:00,11.053475009701529
2018-05-30 10:00:00,11.059395740752628
2018-05-30 10:15:00,11.065316471803726
2018-05-30 10:30:00,11.071237202854824
2018-05-30 10:45:00,11.077157933905923
2018-05-30 11:00:00,11.083078664957023
2018-05-30 11:15:00,11.088999396008122
2018-05-30 11:30:00,11.09492012705922
2018-05-30 11:45:00,11.100840858110319
2018-05-30 12:00:00,11.106761589161417
2018-05-30 12:15:00,11.112682320212517
2018-05-30 12:30:00,11.118603051263616
2018-05-30 12:45:00,11.124523782314714
2018-05-30 13:00:00,11.130444513365813
2018-05-30 13:15:00,11.136365244416911
2018-05-30 13:30:00,11.142285975468011
2018-05-30 13:45:00,11.14820670651911
2018-05-30 14:00:00,11.154127437570208
2018-05-30 14:15:00,11.160048168621307
2018-05-30 14:30:00,11.165968899672405
2018-05-30 14:45:00,11.171889630723506
2018-05-30 15:00:00,11.177810361774604
2018-05-30 15:15:00,11.183731092825703
2018-05-30 15:30:00,11.189651823876801
2018-05-30 15:45:00,11.1955725549279
2018-05-30 16:00:00,11.201493285978998
2018-05-30 16:15:00,11.207414017030098
2018-05-30 16:30:00,11.213334748081197
2018-05-30 16:45:00,11.219255479132295
2018-05-30 17:00:00,11.225176210183394
2018-05-30 17:15:00,11.231096941234492
2018-05-30 17:30:00,11.237017672285592
2018-05-30 17:45:00,11.24293840333669
2018-05-30 18:00:00,11.24885913438779
2018-05-30 18:15:00,11.254779865438888
2018-05-30 18:30:00,11.260700596489986
2018-05-30 18:45:00,11.266621327541085
2018-05-30 19:00:00,11.272542058592185
2018-05-30 19:15:00,11.278462789643283
2018-05-30 19:30:00,11.284383520694382
2018-05-30 19:45:00,11.29030425174548
2018-05-30 20:00:00,10.598423957824707
2018-05-30 20:15:00,10.554466247558594
2018-05-30 20:30:00,10.469517707824707
2018-05-30 20:45:00,10.420207977294922
2018-05-30 21:00:00,10.408926963806152
2018-05-30 21:15:00,10.442827224731445
2018-05-30 21:30:00,10.462599754333496
2018-05-30 21:45:00,10.418990135192871
2018-05-30 22:00:00,10.566661834716797
2018-05-30 22:15:00,10.429287910461426
2018-05-30 22:30:00,10.456165313720703
2018-05-30 22:45:00,10.480696678161621
2018-05-30 23:00:00,10.430418968200684
2018-05-30 23:15:00,10.310388565063477
2018-05-30 23:30:00,10.28112506866455
2018-05-30 23:45:00,10.400470733642578
2018-05-31 00:00:00,10.323799133300781
2018-05-31 00:15:00,10.31567668914795
2018-05-31 00:30:00,10.24987506866455
2018-05-31 00:45:00,10.230012893676758
2018-05-31 01:00:00,10.180378913879395
2018-05-31 01:15:00,10.189580917358398
2018-05-31 01:30:00,10.298562049865723
2018-05-31 01:45:00,10.255702018737793
2018-05-31 02:00:00,10.11628532409668
2018-05-31 02:15:00,10.021794319152832
2018-05-31 02:30:00,9.98849868774414
2018-05-31 02:45:00,10.038944244384766
2018-05-31 03:00:00,10.00414752960205
2018-05-31 03:15:00,10.040404319763184
2018-05-31 03:30:00,10.120972633361816
2018-05-31 03:45:00,10.172625541687012
2018-05-31 04:00:00,10.276105880737305
2018-05-31 04:15:00,10.226795196533203
2018-05-31 04:30:00,10.34156608581543
2018-05-31 04:45:00,10.255350112915039
2018-05-31 05:00:00,10.14470386505127
2018-05-31 05:15:00,10.261222839355469
2018-05-31 05:30:00,10.154162406921387
2018-05-31 05:45:00,10.119674682617188
2018-05-31 06:00:00,10.094805717468262
2018-05-31 06:15:00,10.109368324279785
2018-05-31 06:30:00,10.011114120483398
2018-05-31 06:45:00,10.045385360717773
2018-05-31 07:00:00,10.184881210327148
2018-05-31 07:15:00,10.170624732971191
2018-05-31 07:30:00,10.263890266418457
2018-05-31 07:45:00,10.445547103881836
2018-05-31 08:00:00,10.741165161132812
2018-05-31 08:15:00,10.778844833374023
2018-05-31 08:30:00,10.726251602172852
2018-05-31 08:45:00,10.797284126281738
2018-05-31 09:00:00,10.769969940185547
2018-05-31 09:15:00,10.833236694335938
2018-05-31 09:30:00,10.680315017700195
2018-05-31 09:45:00,10.788846969604492
2018-05-31 10:00:00,10.82714557647705
2018-05-31 10:15:00,10.803706169128418
2018-05-31 10:30:00,10.758152961730957
2018-05-31 10:45:00,10.790446281433105
2018-05-31 11:00:00,10.898242950439453
2018-05-31 11:15:00,10.98910140991211
2018-05-31 11:30:00,11.101457595825195
2018-05-31 11:45:00,11.19155502319336
2018-05-31 12:00:00,11.282153129577637
2018-05-31 12:15:00,11.24594497680664
2018-05-31 12:30:00,11.193743705749512
2018-05-31 12:45:00,11.229716300964355
2018-05-31 13:00:00,11.08029556274414
2018-05-31 13:15:00,11.138425827026367
2018-05-31 13:30:00,11.142189025878906
2018-05-31 13:45:00,11.153539657592773
2018-05-31 14:00:00,11.141815185546875
2018-05-31 14:15:00,11.136937141418457
2018-05-31 14:30:00,11.119523048400879
2018-05-31 14:45:00,11.088685989379883
2018-05-31 15:00:00,11.117696762084961
2018-05-31 15:15:00,11.056282043457031
2018-05-31 15:30:00,11.070537567138672
2018-05-31 15:45:00,11.210270881652832
2018-05-31 16:00:00,11.076805114746094
2018-05-31 16:15:00,10.827835083007812
2018-05-31 16:30:00,10.804759979248047
2018-05-31 16:45:00,10.789137840270996
2018-05-31 17:00:00,10.71555233001709
2018-05-31 17:15:00,10.67033576965332
2018-05-31 17:30:00,10.571125984191895
2018-05-31 17:45:00,10.6425142288208
2018-05-31 18:00:00,10.540376663208008
2018-05-31 18:15:00,10.599799156188965
2018-05-31 18:30:00,10.558894157409668
2018-05-31 18:45:00,10.56760311126709
2018-05-31 19:00:00,10.527189254760742
2018-05-31 19:15:00,10.54391098022461
2018-05-31 19:30:00,10.549455642700195
2018-05-31 19:45:00,10.528595924377441
2018-05-31 20:00:00,10.414052079447623
2018-05-31 20:15:00,10.41412737236623
2018-05-31 20:30:00,10.414202665284837
2018-05-31 20:45:00,10.414277958203442
2018-05-31 21:00:00,10.41435325112205
2018-05-31 21:15:00,10.414428544040655
2018-05-31 21:30:00,10.414503836959263
2018-05-31 21:45:00,10.414579129877868
2018-05-31 22:00:00,10.414654422796474
2018-05-31 22:15:00,10.414729715715081
2018-05-31 22:30:00,10.414805008633687
2018-05-31 22:45:00,10.414880301552293
2018-05-31 23:00:00,10.414955594470898
2018-05-31 23:15:00,10.415030887389506
2018-05-31 23:30:00,10.415106180308111
2018-05-31 23:45:00,10.415181473226717
2018-06-01 00:00:00,10.415256766145323
2018-06-01 00:15:00,10.41533205906393
2018-06-01 00:30:00,10.415407351982537
2018-06-01 00:45:00,10.415482644901143
2018-06-01 01:00:00,10.41555793781975
2018-06-01 01:15:00,10.415633230738356
2018-06-01 01:30:00,10.415708523656962
2018-06-01 01:45:00,10.415783816575567
2018-06-01 02:00:00,10.415859109494175
2018-06-01 02:15:00,10.41593440241278
2018-06-01 02:30:00,10.416009695331386
2018-06-01 02:45:00,10.416084988249992
2018-06-01 03:00:00,10.4161602811686
2018-06-01 03:15:00,10.416235574087205
2018-06-01 03:30:00,10.416310867005812
2018-06-01 03:45:00,10.416386159924418
2018-06-01 04:00:00,10.416461452843025
2018-06-01 04:15:00,10.416536745761631
2018-06-01 04:30:00,10.416612038680237
2018-06-01 04:45:00,10.416687331598842
2018-06-01 05:00:00,10.41676262451745
2018-06-01 05:15:00,10.416837917436055
2018-06-01 05:30:00,10.416913210354661
2018-06-01 05:45:00,10.416988503273268
2018-06-01 06:00:00,10.417063796191874
2018-06-01 06:15:00,10.41713908911048
2018-06-01 06:30:00,10.417214382029087
2018-06-01 06:45:00,10.417289674947693
2018-06-01 07:00:00,10.4173649678663
2018-06-01 07:15:00,10.417440260784906
2018-06-01 07:30:00,10.417515553703511
2018-06-01 07:45:00,10.417590846622119
2018-06-01 08:00:00,10.417666139540724
2018-06-01 08:15:00,10.41774143245933
2018-06-01 08:30:00,10.417816725377936
2018-06-01 08:45:00,10.417892018296543
2018-06-01 09:00:00,10.417967311215149
2018-06-01 09:15:00,10.418042604133754
2018-06-01 09:30:00,10.418117897052362
2018-06-01 09:45:00,10.418193189970967
2018-06-01 10:00:00,10.418268482889575
2018-06-01 10:15:00,10.41834377580818
2018-06-01 10:30:00,10.418419068726788
2018-06-01 10:45:00,10.418494361645394
2018-06-01 11:00:00,10.418569654564
2018-06-01 11:15:00,10.418644947482605
2018-06-01 11:30:00,10.418720240401212
2018-06-01 11:45:00,10.418795533319818
2018-06-01 12:00:00,10.418870826238424
2018-06-01 12:15:00,10.41894611915703
2018-06-01 12:30:00,10.419021412075637
2018-06-01 12:45:00,10.419096704994242
2018-06-01 13:00:00,10.41917199791285
2018-06-01 13:15:00,10.419247290831455
2018-06-01 13:30:00,10.419322583750063
2018-06-01 13:45:00,10.419397876668668
2018-06-01 14:00:00,10.419473169587274
2018-06-01 14:15:00,10.41954846250588
2018-06-01 14:30:00,10.419623755424487
2018-06-01 14:45:00,10.419699048343093
2018-06-01 15:00:00,10.419774341261698
2018-06-01 15:15:00,10.419849634180306
2018-06-01 15:30:00,10.419924927098911
2018-06-01 15:45:00,10.420000220017517
2018-06-01 16:00:00,10.420075512936124
2018-06-01 16:15:00,10.42015080585473
2018-06-01 16:30:00,10.420226098773337
2018-06-01 16:45:00,10.420301391691943
2018-06-01 17:00:00,10.420376684610549
2018-06-01 17:15:00,10.420451977529156
2018-06-01 17:30:00,10.420527270447762
2018-06-01 17:45:00,10.420602563366367
2018-06-01 18:00:00,10.420677856284973
2018-06-01 18:15:00,10.42075314920358
2018-06-01 18:30:00,10.420828442122186
2018-06-01 18:45:00,10.420903735040792
2018-06-01 19:00:00,10.4209790279594
2018-06-01 19:15:00,10.421054320878005
2018-06-01 19:30:00,10.421129613796612
2018-06-01 19:45:00,10.421204906715218
2018-06-01 20:00:00,9.452770233154297
2018-06-01 20:15:00,9.537839889526367
2018-06-01 20:30:00,9.508463859558105
2018-06-01 20:45:00,9.439737319946289
2018-06-01 21:00:00,9.358572006225586
2018-06-01 21:15:00,9.314270973205566
2018-06-01 21:30:00,9.332097053527832
2018-06-01 21:45:00,9.448573112487793
2018-06-01 22:00:00,9.52700424194336
2018-06-01 22:15:00,9.612005233764648
2018-06-01 22:30:00,9.7172212600708
2018-06-01 22:45:00,9.765767097473145
2018-06-01 23:00:00,9.768233299255371
2018-06-01 23:15:00,9.792801856994629
2018-06-01 23:30:00,9.837599754333496
2018-06-01 23:45:00,9.857844352722168
2018-06-02 00:00:00,9.909234046936035
2018-06-02 00:15:00,9.94973087310791
2018-06-02 00:30:00,9.959467887878418
2018-06-02 00:45:00,9.938220977783203
2018-06-02 01:00:00,9.913700103759766
2018-06-02 01:15:00,9.876639366149902
2018-06-02 01:30:00,9.831554412841797
2018-06-02 01:45:00,9.784605026245117
2018-06-02 02:00:00,9.755777359008789
2018-06-02 02:15:00,9.73912525177002
2018-06-02 02:30:00,9.760298728942871
2018-06-02 02:45:00,9.794692993164062
2018-06-02 03:00:00,9.832728385925293
2018-06-02 03:15:00,9.880562782287598
2018-06-02 03:30:00,9.934422492980957
2018-06-02 03:45:00,9.994199752807617
2018-06-02 04:00:00,9.999815940856934
2018-06-02 04:15:00,10.026132583618164
2018-06-02 04:30:00,10.059216499328613
2018-06-02 04:45:00,10.0982027053833
2018-06-02 05:00:00,10.14427661895752
2018-06-02 05:15:00,10.188582420349121
2018-06-02 05:30:00,10.230620384216309
2018-06-02 05:45:00,10.270288467407227
2018-06-02 06:00:00,10.301071166992188
2018-06-02 06:15:00,10.353622436523438
2018-06-02 06:30:00,10.385501861572266
2018-06-02 06:45:00,10.40822696685791
2018-06-02 07:00:00,10.445274353027344
2018-06-02 07:15:00,10.43396282196045
2018-06-02 07:30:00,10.449871063232422
2018-06-02 07:45:00,10.446754455566406
2018-06-02 08:00:00,10.447787284851074
2018-06-02 08:15:00,10.44909954071045
2018-06-02 08:30:00,10.369823455810547
2018-06-02 08:45:00,10.355897903442383
2018-06-02 09:00:00,10.238424301147461
2018-06-02 09:15:00,10.17913818359375
2018-06-02 09:30:00,10.107274055480957
2018-06-02 09:45:00,10.019122123718262
2018-06-02 10:00:00,9.948265075683594
2018-06-02 10:15:00,9.944855690002441
2018-06-02 10:30:00,9.932429313659668
2018-06-02 10:45:00,9.954216957092285
2018-06-02 11:00:00,9.95975399017334
2018-06-02 11:15:00,9.981222152709961
2018-06-02 11:30:00,10.021669387817383
2018-06-02 11:45:00,10.041021347045898
2018-06-02 12:00:00,10.09392261505127
2018-06-02 12:15:00,10.108487129211426
2018-06-02 12:30:00,10.145740509033203
2018-06-02 12:45:00,10.109421730041504
2018-06-02 13:00:00,10.134040832519531
2018-06-02 13:15:00,10.060989379882812
2018-06-02 13:30:00,9.930787086486816
2018-06-02 13:45:00,9.833220481872559
2018-06-02 14:00:00,9.652477264404297
2018-06-02 14:15:00,9.548864364624023
2018-06-02 14:30:00,9.467265129089355
2018-06-02 14:45:00,9.451178550720215
2018-06-02 15:00:00,9.401982307434082
2018-06-02 15:15:00,9.42637825012207
2018-06-02 15:30:00,9.454936981201172
2018-06-02 15:45:00,9.414186477661133
2018-06-02 16:00:00,9.530786514282227
2018-06-02 16:15:00,9.512675285339355
2018-06-02 16:30:00,9.544564247131348
2018-06-02 16:45:00,9.52904224395752
2018-06-02 17:00:00,9.590791702270508
2018-06-02 17:15:00,9.620991706848145
2018-06-02 17:30:00,9.674873352050781
2018-06-02 17:45:00,9.62443733215332
2018-06-02 18:00:00,9.61991024017334
2018-06-02 18:15:00,9.546426773071289
2018-06-02 18:30:00,9.504749298095703
2018-06-02 18:45:00,9.456082344055176
2018-06-02 19:00:00,9.4263916015625
2018-06-02 19:15:00,9.40249252319336
2018-06-02 19:30:00,9.452954292297363
2018-06-02 19:45:00,10.193267822265625
2018-06-02 20:00:00,9.652499035352987
2018-06-02 20:15:00,9.60038769361646
2018-06-02 20:30:00,9.548276351879933
2018-06-02 20:45:00,9.49616501014341
2018-06-02 21:00:00,9.444053668406882
2018-06-02 21:15:00,9.391942326670355
2018-06-02 21:30:00,9.339830984933828
2018-06-02 21:45:00,9.2877196431973
2018-06-02 22:00:00,9.235608301460775
2018-06-02 22:15:00,9.183496959724248
2018-06-02 22:30:00,9.131385617987723
2018-06-02 22:45:00,9.079274276251196
2018-06-02 23:00:00,9.027162934514669
2018-06-02 23:15:00,8.975051592778142
2018-06-02 23:30:00,8.922940251041616
2018-06-02 23:45:00,8.87082890930509
2018-06-03 00:00:00,8.818717567568564
2018-06-03 00:15:00,8.766606225832039
2018-06-03 00:30:00,8.714494884095512
2018-06-03 00:45:00,8.662383542358985
2018-06-03 01:00:00,8.610272200622457
2018-06-03 01:15:00,8.55816085888593
2018-06-03 01:30:00,8.506049517149405
2018-06-03 01:45:00,8.45393817541288
2018-06-03 02:00:00,8.401826833676353
2018-06-03 02:15:00,8.349715491939826
2018-06-03 02:30:00,8.297604150203298
2018-06-03 02:45:00,8.245492808466771
2018-06-03 03:00:00,8.193381466730246
2018-06-03 03:15:00,8.141270124993719
2018-06-03 03:30:00,8.089158783257194
2018-06-03 03:45:00,8.037047441520667
2018-06-03 04:00:00,7.98493609978414
2018-06-03 04:15:00,7.932824758047614
2018-06-03 04:30:00,7.880713416311087
2018-06-03 04:45:00,7.82860207457456
2018-06-03 05:00:00,7.776490732838034
2018-06-03 05:15:00,7.724379391101508
2018-06-03 05:30:00,7.672268049364981
2018-06-03 05:45:00,7.620156707628455
2018-06-03 06:00:00,7.568045365891928
2018-06-03 06:15:00,7.515934024155401
2018-06-03 06:30:00,7.463822682418876
2018-06-03 06:45:00,7.4117113406823485
2018-06-03 07:00:00,7.359599998945823
2018-06-03 07:15:00,7.307488657209296
2018-06-03 07:30:00,7.255377315472769
2018-06-03 07:45:00,7.203265973736244
2018-06-03 08:00:00,7.151154631999717
2018-06-03 08:15:00,7.0990432902631895
2018-06-03 08:30:00,7.046931948526665
2018-06-03 08:45:00,6.994820606790138
2018-06-03 09:00:00,6.942709265053612
2018-06-03 09:15:00,6.890597923317085
2018-06-03 09:30:00,6.8384865815805576
2018-06-03 09:45:00,6.786375239844031
2018-06-03 10:00:00,6.734263898107504
2018-06-03 10:15:00,6.682152556370979
2018-06-03 10:30:00,6.630041214634453
2018-06-03 10:45:00,6.577929872897926
2018-06-03 11:00:00,6.5258185311613985
2018-06-03 11:15:00,6.473707189424873
2018-06-03 11:30:00,6.421595847688346
2018-06-03 11:45:00,6.36948450595182
2018-06-03 12:00:00,6.317373164215294
2018-06-03 12:15:00,6.265261822478767
2018-06-03 12:30:00,6.213150480742241
2018-06-03 12:45:00,6.161039139005714
2018-06-03 13:00:00,6.108927797269187
2018-06-03 13:15:00,6.056816455532661
2018-06-03 13:30:00,6.004705113796134
2018-06-03 13:45:00,5.952593772059608
2018-06-03 14:00:00,5.900482430323082
2018-06-03 14:15:00,5.848371088586555
2018-06-03 14:30:00,5.796259746850029
2018-06-03 14:45:00,5.744148405113502
2018-06-03 15:00:00,5.692037063376975
2018-06-03 15:15:00,5.6399257216404495
2018-06-03 15:30:00,5.587814379903923
2018-06-03 15:45:00,5.535703038167396
2018-06-03 16:00:00,5.48359169643087
2018-06-03 16:15:00,5.431480354694343
2018-06-03 16:30:00,5.3793690129578176
2018-06-03 16:45:00,5.3272576712212905
2018-06-03 17:00:00,5.275146329484764
2018-06-03 17:15:00,5.223034987748239
2018-06-03 17:30:00,5.170923646011712
2018-06-03 17:45:00,5.118812304275185
2018-06-03 18:00:00,5.0667009625386585
2018-06-03 18:15:00,5.014589620802131
2018-06-03 18:30:00,4.962478279065605
2018-06-03 18:45:00,4.91036693732908
2018-06-03 19:00:00,4.858255595592553
2018-06-03 19:15:00,4.806144253856027
2018-06-03 19:30:00,4.7540329121194995
2018-06-03 19:45:00,4.701921570382972
2018-06-03 20:00:00,10.420144081115723
2018-06-03 20:15:00,10.571925163269043
2018-06-03 20:30:00,10.385530471801758
2018-06-03 20:45:00,10.222773551940918
2018-06-03 21:00:00,10.240897178649902
2018-06-03 21:15:00,10.239102363586426
2018-06-03 21:30:00,10.21859359741211
2018-06-03 21:45:00,10.198272705078125
2018-06-03 22:00:00,10.157999038696289
2018-06-03 22:15:00,10.074026107788086
2018-06-03 22:30:00,10.059964179992676
2018-06-03 22:45:00,10.193181037902832
2018-06-03 23:00:00,10.07889461517334
2018-06-03 23:15:00,10.008515357971191
2018-06-03 23:30:00,9.978014945983887
2018-06-03 23:45:00,9.934280395507812
2018-06-04 00:00:00,9.999063491821289
2018-06-04 00:15:00,9.777423858642578
2018-06-04 00:30:00,9.954465866088867
2018-06-04 00:45:00,9.713115692138672
2018-06-04 01:00:00,9.779862403869629
2018-06-04 01:15:00,9.738978385925293
2018-06-04 01:30:00,9.721680641174316
2018-06-04 01:45:00,9.757588386535645
2018-06-04 02:00:00,9.638471603393555
2018-06-04 02:15:00,9.874503135681152
2018-06-04 02:30:00,9.626472473144531
2018-06-04 02:45:00,9.644124031066895
2018-06-04 03:00:00,9.554157257080078
2018-06-04 03:15:00,9.632894515991211
2018-06-04 03:30:00,9.613649368286133
2018-06-04 03:45:00,9.668298721313477
2018-06-04 04:00:00,9.577449798583984
2018-06-04 04:15:00,9.468854904174805
2018-06-04 04:30:00,9.605317115783691
2018-06-04 04:45:00,9.46118450164795
2018-06-04 05:00:00,9.704005241394043
2018-06-04 05:15:00,9.577954292297363
2018-06-04 05:30:00,9.403696060180664
2018-06-04 05:45:00,9.576640129089355
2018-06-04 06:00:00,9.624191284179688
2018-06-04 06:15:00,9.672330856323242
2018-06-04 06:30:00,9.69951343536377
2018-06-04 06:45:00,9.67055892944336
2018-06-04 07:00:00,9.750905990600586
2018-06-04 07:15:00,9.620987892150879
2018-06-04 07:30:00,9.772407531738281
2018-06-04 07:45:00,9.8053560256958
2018-06-04 08:00:00,9.911633491516113
2018-06-04 08:15:00,9.823715209960938
2018-06-04 08:30:00,10.105381965637207
2018-06-04 08:45:00,10.050701141357422
2018-06-04 09:00:00,10.003066062927246
2018-06-04 09:15:00,10.142278671264648
2018-06-04 09:30:00,10.16927719116211
2018-06-04 09:45:00,10.27515983581543
2018-06-04 10:00:00,10.343077659606934
2018-06-04 10:15:00,10.565378189086914
2018-06-04 10:30:00,10.489397048950195
2018-06-04 10:45:00,10.598958015441895
2018-06-04 11:00:00,10.583943367004395
2018-06-04 11:15:00,10.784343719482422
2018-06-04 11:30:00,10.713479995727539
2018-06-04 11:45:00,10.964681625366211
2018-06-04 12:00:00,10.823419570922852
2018-06-04 12:15:00,10.952988624572754
2018-06-04 12:30:00,10.956382751464844
2018-06-04 12:45:00,11.013391494750977
2018-06-04 13:00:00,11.247048377990723
2018-06-04 13:15:00,11.171000480651855
2018-06-04 13:30:00,11.229232788085938
2018-06-04 13:45:00,11.421494483947754
2018-06-04 14:00:00,11.4331693649292
2018-06-04 14:15:00,11.439888000488281
2018-06-04 14:30:00,11.527932167053223
2018-06-04 14:45:00,11.505210876464844
2018-06-04 15:00:00,11.62147045135498
2018-06-04 15:15:00,11.6201171875
2018-06-04 15:30:00,11.58013916015625
2018-06-04 15:45:00,11.6405029296875
2018-06-04 16:00:00,11.704651832580566
2018-06-04 16:15:00,11.646297454833984
2018-06-04 16:30:00,11.631688117980957
2018-06-04 16:45:00,11.57064151763916
2018-06-04 17:00:00,11.43757438659668
2018-06-04 17:15:00,11.422057151794434
2018-06-04 17:30:00,11.25772476196289
2018-06-04 17:45:00,11.25583267211914
2018-06-04 18:00:00,11.31412124633789
2018-06-04 18:15:00,11.153499603271484
2018-06-04 18:30:00,10.996329307556152
2018-06-04 18:45:00,11.044807434082031
2018-06-04 19:00:00,10.891464233398438
2018-06-04 19:15:00,10.90577507019043
2018-06-04 19:30:00,10.724570274353027
2018-06-04 19:45:00,10.71200180053711
2018-06-04 20:00:00,9.507885932922363
2018-06-04 20:15:00,9.67015552520752
2018-06-04 20:30:00,9.389703750610352
2018-06-04 20:45:00,9.222442626953125
2018-06-04 21:00:00,9.224618911743164
2018-06-04 21:15:00,9.345138549804688
2018-06-04 21:30:00,9.205351829528809
2018-06-04 21:45:00,9.177478790283203
2018-06-04 22:00:00,9.213907241821289
2018-06-04 22:15:00,9.01098918914795
2018-06-04 22:30:00,9.06153392791748
2018-06-04 22:45:00,9.00698184967041
2018-06-04 23:00:00,8.988473892211914
2018-06-04 23:15:00,8.98990535736084
2018-06-04 23:30:00,9.01588249206543
2018-06-04 23:45:00,8.908496856689453
2018-06-05 00:00:00,9.020734786987305
2018-06-05 00:15:00,8.873259544372559
2018-06-05 00:30:00,8.858290672302246
2018-06-05 00:45:00,8.730142593383789
2018-06-05 01:00:00,8.941096305847168
2018-06-05 01:15:00,8.68454360961914
2018-06-05 01:30:00,8.811300277709961
2018-06-05 01:45:00,8.683947563171387
2018-06-05 02:00:00,8.726903915405273
2018-06-05 02:15:00,8.718331336975098
2018-06-05 02:30:00,8.807011604309082
2018-06-05 02:45:00,8.46798324584961
2018-06-05 03:00:00,8.692167282104492
2018-06-05 03:15:00,8.745647430419922
2018-06-05 03:30:00,8.687803268432617
2018-06-05 03:45:00,8.72555923461914
2018-06-05 04:00:00,8.651439666748047
2018-06-05 04:15:00,8.79503059387207
2018-06-05 04:30:00,8.712305068969727
2018-06-05 04:45:00,8.649157524108887
2018-06-05 05:00:00,8.681572914123535
2018-06-05 05:15:00,8.835673332214355
2018-06-05 05:30:00,8.771584510803223
2018-06-05 05:45:00,8.77905559539795
2018-06-05 06:00:00,8.81535816192627
2018-06-05 06:15:00,8.999650955200195
2018-06-05 06:30:00,9.009400367736816
2018-06-05 06:45:00,9.007880210876465
2018-06-05 07:00:00,9.06977653503418
2018-06-05 07:15:00,9.1259183883667
2018-06-05 07:30:00,9.251782417297363
2018-06-05 07:45:00,9.40728759765625
2018-06-05 08:00:00,9.270224571228027
2018-06-05 08:15:00,9.44691276550293
2018-06-05 08:30:00,9.46631908416748
2018-06-05 08:45:00,9.660794258117676
2018-06-05 09:00:00,9.503875732421875
2018-06-05 09:15:00,9.66882610321045
2018-06-05 09:30:00,9.698580741882324
2018-06-05 09:45:00,9.808159828186035
2018-06-05 10:00:00,9.696962356567383
2018-06-05 10:15:00,9.899065017700195
2018-06-05 10:30:00,10.046419143676758
2018-06-05 10:45:00,10.066967964172363
2018-06-05 11:00:00,10.125672340393066
2018-06-05 11:15:00,10.257811546325684
2018-06-05 11:30:00,10.126559257507324
2018-06-05 11:45:00,10.312021255493164
2018-06-05 12:00:00,10.302767753601074
2018-06-05 12:15:00,10.439589500427246
2018-06-05 12:30:00,10.379611015319824
2018-06-05 12:45:00,10.46308422088623
2018-06-05 13:00:00,10.403664588928223
2018-06-05 13:15:00,10.618680953979492
2018-06-05 13:30:00,10.530081748962402
2018-06-05 13:45:00,10.69771671295166
2018-06-05 14:00:00,10.725244522094727
2018-06-05 14:15:00,10.549811363220215
2018-06-05 14:30:00,10.647968292236328
2018-06-05 14:45:00,10.593879699707031
2018-06-05 15:00:00,10.662602424621582
2018-06-05 15:15:00,10.573124885559082
2018-06-05 15:30:00,10.518433570861816
2018-06-05 15:45:00,10.624159812927246
2018-06-05 16:00:00,10.558056831359863
2018-06-05 16:15:00,10.425434112548828
2018-06-05 16:30:00,10.563206672668457
2018-06-05 16:45:00,10.414361953735352
2018-06-05 17:00:00,10.343629837036133
2018-06-05 17:15:00,10.331239700317383
2018-06-05 17:30:00,10.260903358459473
2018-06-05 17:45:00,10.144577980041504
2018-06-05 18:00:00,10.323738098144531
2018-06-05 18:15:00,10.262089729309082
2018-06-05 18:30:00,10.04147720336914
2018-06-05 18:45:00,9.99337387084961
2018-06-05 19:00:00,10.019282341003418
2018-06-05 19:15:00,10.046589851379395
2018-06-05 19:30:00,9.786175727844238
2018-06-05 19:45:00,9.737357139587402
2018-06-05 20:00:00,9.399744033813477
2018-06-05 20:15:00,9.470900535583496
2018-06-05 20:30:00,9.423369407653809
2018-06-05 20:45:00,9.485635757446289
2018-06-05 21:00:00,9.42832088470459
2018-06-05 21:15:00,9.479141235351562
2018-06-05 21:30:00,9.416070938110352
2018-06-05 21:45:00,9.410928726196289
2018-06-05 22:00:00,9.519742965698242
2018-06-05 22:15:00,9.478370666503906
2018-06-05 22:30:00,9.487879753112793
2018-06-05 22:45:00,9.457117080688477
2018-06-05 23:00:00,9.5233736038208
2018-06-05 23:15:00,9.5134859085083
2018-06-05 23:30:00,9.529126167297363
2018-06-05 23:45:00,9.5482816696167
2018-06-06 00:00:00,9.478693008422852
2018-06-06 00:15:00,9.456487655639648
2018-06-06 00:30:00,9.455198287963867
2018-06-06 00:45:00,9.446146965026855
2018-06-06 01:00:00,9.449775695800781
2018-06-06 01:15:00,9.450020790100098
2018-06-06 01:30:00,9.428376197814941
2018-06-06 01:45:00,9.445914268493652
2018-06-06 02:00:00,9.405021667480469
2018-06-06 02:15:00,9.451061248779297
2018-06-06 02:30:00,9.424251556396484
2018-06-06 02:45:00,9.406126022338867
2018-06-06 03:00:00,9.420856475830078
2018-06-06 03:15:00,9.425071716308594
2018-06-06 03:30:00,9.44442081451416
2018-06-06 03:45:00,9.514569282531738
2018-06-06 04:00:00,9.416446685791016
2018-06-06 04:15:00,9.38267707824707
2018-06-06 04:30:00,9.443178176879883
2018-06-06 04:45:00,9.43838882446289
2018-06-06 05:00:00,9.42723274230957
2018-06-06 05:15:00,9.408675193786621
2018-06-06 05:30:00,9.383599281311035
2018-06-06 05:45:00,9.406694412231445
2018-06-06 06:00:00,9.44944953918457
2018-06-06 06:15:00,9.417343139648438
2018-06-06 06:30:00,9.42348575592041
2018-06-06 06:45:00,9.456047058105469
2018-06-06 07:00:00,9.396492958068848
2018-06-06 07:15:00,9.485299110412598
2018-06-06 07:30:00,9.482736587524414
2018-06-06 07:45:00,9.506826400756836
2018-06-06 08:00:00,9.558039665222168
2018-06-06 08:15:00,9.571208953857422
2018-06-06 08:30:00,9.564319610595703
2018-06-06 08:45:00,9.583717346191406
2018-06-06 09:00:00,9.562232971191406
2018-06-06 09:15:00,9.557663917541504
2018-06-06 09:30:00,9.538798332214355
2018-06-06 09:45:00,9.537551879882812
2018-06-06 10:00:00,9.620122909545898
2018-06-06 10:15:00,9.595582008361816
2018-06-06 10:30:00,9.644453048706055
2018-06-06 10:45:00,9.691374778747559
2018-06-06 11:00:00,9.680447578430176
2018-06-06 11:15:00,9.71220588684082
2018-06-06 11:30:00,9.810012817382812
2018-06-06 11:45:00,9.817708969116211
2018-06-06 12:00:00,9.82003116607666
2018-06-06 12:15:00,9.867307662963867
2018-06-06 12:30:00,9.879283905029297
2018-06-06 12:45:00,9.884881019592285
2018-06-06 13:00:00,9.866740226745605
2018-06-06 13:15:00,9.862064361572266
2018-06-06 13:30:00,9.93713665008545
2018-06-06 13:45:00,9.942755699157715
2018-06-06 14:00:00,10.023772239685059
2018-06-06 14:15:00,10.087977409362793
2018-06-06 14:30:00,10.002631187438965
2018-06-06 14:45:00,10.079325675964355
2018-06-06 15:00:00,10.087457656860352
2018-06-06 15:15:00,10.091996192932129
2018-06-06 15:30:00,10.103557586669922
2018-06-06 15:45:00,10.031192779541016
2018-06-06 16:00:00,10.070155143737793
2018-06-06 16:15:00,10.103462219238281
2018-06-06 16:30:00,10.058234214782715
2018-06-06 16:45:00,10.019664764404297
2018-06-06 17:00:00,10.023503303527832
2018-06-06 17:15:00,10.019189834594727
2018-06-06 17:30:00,9.958868026733398
2018-06-06 17:45:00,9.978434562683105
2018-06-06 18:00:00,9.932909965515137
2018-06-06 18:15:00,9.906815528869629
2018-06-06 18:30:00,9.89890193939209
2018-06-06 18:45:00,9.896271705627441
2018-06-06 19:00:00,9.946795463562012
2018-06-06 19:15:00,9.879915237426758
2018-06-06 19:30:00,9.863068580627441
2018-06-06 19:45:00,9.860225677490234
2018-06-06 20:00:00,10.837953567504883
2018-06-06 20:15:00,10.962102890014648
2018-06-06 20:30:00,10.895256996154785
2018-06-06 20:45:00,10.99973201751709
2018-06-06 21:00:00,10.993659973144531
2018-06-06 21:15:00,10.838056564331055
2018-06-06 21:30:00,10.903810501098633
2018-06-06 21:45:00,10.889068603515625
2018-06-06 22:00:00,10.661142349243164
2018-06-06 22:15:00,10.517587661743164
2018-06-06 22:30:00,10.57856273651123
2018-06-06 22:45:00,10.531516075134277
2018-06-06 23:00:00,10.718938827514648
2018-06-06 23:15:00,10.715126037597656
2018-06-06 23:30:00,10.62884521484375
2018-06-06 23:45:00,10.51613712310791
2018-06-07 00:00:00,10.434904098510742
2018-06-07 00:15:00,10.360913276672363
2018-06-07 00:30:00,10.328694343566895
2018-06-07 00:45:00,10.291778564453125
2018-06-07 01:00:00,10.470477104187012
2018-06-07 01:15:00,10.459073066711426
2018-06-07 01:30:00,10.462769508361816
2018-06-07 01:45:00,10.458334922790527
2018-06-07 02:00:00,10.41412353515625
2018-06-07 02:15:00,10.377008438110352
2018-06-07 02:30:00,10.32430362701416
2018-06-07 02:45:00,10.263969421386719
2018-06-07 03:00:00,10.352005958557129
2018-06-07 03:15:00,10.283122062683105
2018-06-07 03:30:00,10.017521858215332
2018-06-07 03:45:00,10.066373825073242
2018-06-07 04:00:00,10.077632904052734
2018-06-07 04:15:00,9.81982707977295
2018-06-07 04:30:00,9.825535774230957
2018-06-07 04:45:00,9.737561225891113
2018-06-07 05:00:00,9.825950622558594
2018-06-07 05:15:00,9.639290809631348
2018-06-07 05:30:00,9.600433349609375
2018-06-07 05:45:00,9.902810096740723
2018-06-07 06:00:00,9.747476577758789
2018-06-07 06:15:00,9.66849136352539
2018-06-07 06:30:00,9.973292350769043
2018-06-07 06:45:00,9.938150405883789
2018-06-07 07:00:00,9.902833938598633
2018-06-07 07:15:00,9.959015846252441
2018-06-07 07:30:00,10.094674110412598
2018-06-07 07:45:00,10.220671653747559
2018-06-07 08:00:00,10.377556800842285
2018-06-07 08:15:00,10.273728370666504
2018-06-07 08:30:00,10.554564476013184
2018-06-07 08:45:00,10.515193939208984
2018-06-07 09:00:00,10.588820457458496
2018-06-07 09:15:00,10.532081604003906
2018-06-07 09:30:00,10.739058494567871
2018-06-07 09:45:00,10.65884780883789
2018-06-07 10:00:00,10.62763500213623
2018-06-07 10:15:00,10.489405632019043
2018-06-07 10:30:00,10.74191951751709
2018-06-07 10:45:00,10.697272300720215
2018-06-07 11:00:00,10.748103141784668
2018-06-07 11:15:00,10.746641159057617
2018-06-07 11:30:00,10.674842834472656
2018-06-07 11:45:00,10.723580360412598
2018-06-07 12:00:00,10.748231887817383
2018-06-07 12:15:00,10.689425468444824
2018-06-07 12:30:00,11.00224781036377
2018-06-07 12:45:00,10.993536949157715
2018-06-07 13:00:00,11.183052062988281
2018-06-07 13:15:00,11.367844581604004
2018-06-07 13:30:00,11.560839653015137
2018-06-07 13:45:00,11.559131622314453
2018-06-07 14:00:00,11.917299270629883
2018-06-07 14:15:00,11.98454761505127
2018-06-07 14:30:00,12.20992660522461
2018-06-07 14:45:00,12.377894401550293
2018-06-07 15:00:00,12.39135456085205
2018-06-07 15:15:00,12.376766204833984
2018-06-07 15:30:00,12.318373680114746
2018-06-07 15:45:00,12.4447021484375
2018-06-07 16:00:00,12.486189842224121
2018-06-07 16:15:00,12.173768997192383
2018-06-07 16:30:00,12.19229507446289
2018-06-07 16:45:00,11.996397018432617
2018-06-07 17:00:00,12.078934669494629
2018-06-07 17:15:00,11.987817764282227
2018-06-07 17:30:00,11.911040306091309
2018-06-07 17:45:00,11.663951873779297
2018-06-07 18:00:00,11.498096466064453
2018-06-07 18:15:00,11.457143783569336
2018-06-07 18:30:00,11.357297897338867
2018-06-07 18:45:00,11.164761543273926
2018-06-07 19:00:00,10.963881492614746
2018-06-07 19:15:00,10.84593391418457
2018-06-07 19:30:00,10.703150749206543
2018-06-07 19:45:00,10.725479125976562
2018-06-07 20:00:00,11.447175979614258
2018-06-07 20:15:00,11.388875961303711
2018-06-07 20:30:00,11.300949096679688
2018-06-07 20:45:00,11.273092269897461
2018-06-07 21:00:00,11.304569244384766
2018-06-07 21:15:00,11.228862762451172
2018-06-07 21:30:00,11.195878982543945
2018-06-07 21:45:00,11.171290397644043
2018-06-07 22:00:00,11.151252746582031
2018-06-07 22:15:00,11.091407775878906
2018-06-07 22:30:00,11.095595359802246
2018-06-07 22:45:00,10.983711242675781
2018-06-07 23:00:00,11.028217315673828
2018-06-07 23:15:00,10.95445442199707
2018-06-07 23:30:00,10.902914047241211
2018-06-07 23:45:00,10.939805030822754
2018-06-08 00:00:00,10.907781600952148
2018-06-08 00:15:00,10.892268180847168
2018-06-08 00:30:00,10.907451629638672
2018-06-08 00:45:00,10.915443420410156
2018-06-08 01:00:00,10.993124008178711
2018-06-08 01:15:00,10.868584632873535
2018-06-08 01:30:00,10.929308891296387
2018-06-08 01:45:00,10.926156997680664
2018-06-08 02:00:00,10.957849502563477
2018-06-08 02:15:00,10.831366539001465
2018-06-08 02:30:00,10.85633373260498
2018-06-08 02:45:00,10.734552383422852
2018-06-08 03:00:00,10.7600736618042
2018-06-08 03:15:00,10.698440551757812
2018-06-08 03:30:00,10.787471771240234
2018-06-08 03:45:00,10.759230613708496
2018-06-08 04:00:00,10.681705474853516
2018-06-08 04:15:00,10.667488098144531
2018-06-08 04:30:00,10.654714584350586
2018-06-08 04:45:00,10.606839179992676
2018-06-08 05:00:00,10.649669647216797
2018-06-08 05:15:00,10.641040802001953
2018-06-08 05:30:00,10.658129692077637
2018-06-08 05:45:00,10.641682624816895
2018-06-08 06:00:00,10.611416816711426
2018-06-08 06:15:00,10.641817092895508
2018-06-08 06:30:00,10.70217227935791
2018-06-08 06:45:00,10.72872543334961
2018-06-08 07:00:00,10.849464416503906
2018-06-08 07:15:00,10.815052032470703
2018-06-08 07:30:00,10.797297477722168
2018-06-08 07:45:00,10.854461669921875
2018-06-08 08:00:00,10.966667175292969
2018-06-08 08:15:00,10.890095710754395
2018-06-08 08:30:00,10.939212799072266
2018-06-08 08:45:00,10.9144868850708
2018-06-08 09:00:00,11.03357982635498
2018-06-08 09:15:00,11.081218719482422
2018-06-08 09:30:00,10.960147857666016
2018-06-08 09:45:00,11.169595718383789
2018-06-08 10:00:00,11.18949031829834
2018-06-08 10:15:00,11.311713218688965
2018-06-08 10:30:00,11.385852813720703
2018-06-08 10:45:00,11.388799667358398
2018-06-08 11:00:00,11.495430946350098
2018-06-08 11:15:00,11.676815032958984
2018-06-08 11:30:00,11.715078353881836
2018-06-08 11:45:00,11.881372451782227
2018-06-08 12:00:00,11.844586372375488
2018-06-08 12:15:00,11.834864616394043
2018-06-08 12:30:00,11.874472618103027
2018-06-08 12:45:00,11.98314380645752
2018-06-08 13:00:00,11.931653022766113
2018-06-08 13:15:00,11.96623420715332
2018-06-08 13:30:00,12.13067626953125
2018-06-08 13:45:00,12.034910202026367
2018-06-08 14:00:00,12.160659790039062
2018-06-08 14:15:00,12.129598617553711
2018-06-08 14:30:00,12.233044624328613
2018-06-08 14:45:00,12.287994384765625
2018-06-08 15:00:00,12.283293724060059
2018-06-08 15:15:00,12.334759712219238
2018-06-08 15:30:00,12.268510818481445
2018-06-08 15:45:00,12.185073852539062
2018-06-08 16:00:00,12.076129913330078
2018-06-08 16:15:00,12.213960647583008
2018-06-08 16:30:00,12.132022857666016
2018-06-08 16:45:00,12.023579597473145
2018-06-08 17:00:00,11.986039161682129
2018-06-08 17:15:00,11.956539154052734
2018-06-08 17:30:00,11.944222450256348
2018-06-08 17:45:00,11.938285827636719
2018-06-08 18:00:00,11.918557167053223
2018-06-08 18:15:00,11.871725082397461
2018-06-08 18:30:00,11.830275535583496
2018-06-08 18:45:00,11.740283012390137
2018-06-08 19:00:00,11.763944625854492
2018-06-08 19:15:00,11.678556442260742
2018-06-08 19:30:00,11.682644844055176
2018-06-08 19:45:00,11.680838584899902
2018-06-08 20:00:00,9.138422012329102
2018-06-08 20:15:00,9.179871559143066
2018-06-08 20:30:00,9.2216157913208
2018-06-08 20:45:00,9.247612953186035
2018-06-08 21:00:00,9.226964950561523
2018-06-08 21:15:00,9.246817588806152
2018-06-08 21:30:00,9.305973052978516
2018-06-08 21:45:00,9.333538055419922
2018-06-08 22:00:00,9.30248737335205
2018-06-08 22:15:00,9.287689208984375
2018-06-08 22:30:00,9.276973724365234
2018-06-08 22:45:00,9.214552879333496
2018-06-08 23:00:00,9.309334754943848
2018-06-08 23:15:00,9.375809669494629
2018-06-08 23:30:00,9.428215026855469
2018-06-08 23:45:00,9.475059509277344
2018-06-09 00:00:00,9.492940902709961
2018-06-09 00:15:00,9.47915267944336
2018-06-09 00:30:00,9.519424438476562
2018-06-09 00:45:00,9.641694068908691
2018-06-09 01:00:00,9.64815902709961
2018-06-09 01:15:00,9.659855842590332
2018-06-09 01:30:00,9.70682144165039
2018-06-09 01:45:00,9.809308052062988
2018-06-09 02:00:00,9.878076553344727
2018-06-09 02:15:00,9.936423301696777
2018-06-09 02:30:00,9.994938850402832
2018-06-09 02:45:00,9.965127944946289
2018-06-09 03:00:00,9.978312492370605
2018-06-09 03:15:00,9.98890209197998
2018-06-09 03:30:00,9.995292663574219
2018-06-09 03:45:00,10.045082092285156
2018-06-09 04:00:00,10.074501991271973
2018-06-09 04:15:00,10.075340270996094
2018-06-09 04:30:00,10.091400146484375
2018-06-09 04:45:00,10.102155685424805
2018-06-09 05:00:00,10.157876014709473
2018-06-09 05:15:00,10.135682106018066
2018-06-09 05:30:00,10.107919692993164
2018-06-09 05:45:00,10.121960639953613
2018-06-09 06:00:00,10.151609420776367
2018-06-09 06:15:00,10.15444564819336
2018-06-09 06:30:00,10.103678703308105
2018-06-09 06:45:00,10.12770938873291
2018-06-09 07:00:00,10.030837059020996
2018-06-09 07:15:00,10.061395645141602
2018-06-09 07:30:00,10.031079292297363
2018-06-09 07:45:00,9.996981620788574
2018-06-09 08:00:00,10.005583763122559
2018-06-09 08:15:00,9.899203300476074
2018-06-09 08:30:00,9.941701889038086
2018-06-09 08:45:00,9.925163269042969
2018-06-09 09:00:00,9.90573787689209
2018-06-09 09:15:00,9.906490325927734
2018-06-09 09:30:00,9.968661308288574
2018-06-09 09:45:00,9.995574951171875
2018-06-09 10:00:00,9.984318733215332
2018-06-09 10:15:00,9.9802827835083
2018-06-09 10:30:00,9.998129844665527
2018-06-09 10:45:00,9.985319137573242
2018-06-09 11:00:00,10.01710033416748
2018-06-09 11:15:00,10.050116539001465
2018-06-09 11:30:00,9.977453231811523
2018-06-09 11:45:00,10.031242370605469
2018-06-09 12:00:00,10.011175155639648
2018-06-09 12:15:00,10.011405944824219
2018-06-09 12:30:00,10.035111427307129
2018-06-09 12:45:00,10.046297073364258
2018-06-09 13:00:00,10.074919700622559
2018-06-09 13:15:00,10.079635620117188
2018-06-09 13:30:00,10.067380905151367
2018-06-09 13:45:00,10.108413696289062
2018-06-09 14:00:00,10.111761093139648
2018-06-09 14:15:00,10.127131462097168
2018-06-09 14:30:00,10.140654563903809
2018-06-09 14:45:00,10.15863037109375
2018-06-09 15:00:00,10.11954116821289
2018-06-09 15:15:00,10.097208976745605
2018-06-09 15:30:00,10.114706039428711
2018-06-09 15:45:00,10.019964218139648
2018-06-09 16:00:00,9.98788070678711
2018-06-09 16:15:00,9.995011329650879
2018-06-09 16:30:00,10.00158405303955
2018-06-09 16:45:00,10.011361122131348
2018-06-09 17:00:00,9.988840103149414
2018-06-09 17:15:00,9.998628616333008
2018-06-09 17:30:00,9.974722862243652
2018-06-09 17:45:00,10.01509952545166
2018-06-09 18:00:00,10.08848762512207
2018-06-09 18:15:00,10.09892749786377
2018-06-09 18:30:00,10.090943336486816
2018-06-09 18:45:00,10.096721649169922
2018-06-09 19:00:00,10.129659652709961
2018-06-09 19:15:00,10.104506492614746
2018-06-09 19:30:00,10.160441398620605
2018-06-09 19:45:00,10.147808074951172
2018-06-09 20:00:00,7.172552146017551
2018-06-09 20:15:00,7.172552146017551
2018-06-09 20:30:00,7.172552146017551
2018-06-09 20:45:00,7.172552146017551
2018-06-09 21:00:00,7.172552146017551
2018-06-09 21:15:00,7.172552146017551
2018-06-09 21:30:00,7.172552146017551
2018-06-09 21:45:00,7.172552146017551
2018-06-09 22:00:00,7.172552146017551
2018-06-09 22:15:00,7.172552146017551
2018-06-09 22:30:00,7.172552146017551
2018-06-09 22:45:00,7.172552146017551
2018-06-09 23:00:00,7.172552146017551
2018-06-09 23:15:00,7.172552146017551
2018-06-09 23:30:00,7.172552146017551
2018-06-09 23:45:00,7.172552146017551
2018-06-10 00:00:00,7.172552146017551
2018-06-10 00:15:00,7.172552146017551
2018-06-10 00:30:00,7.172552146017551
2018-06-10 00:45:00,7.172552146017551
2018-06-10 01:00:00,7.172552146017551
2018-06-10 01:15:00,7.172552146017551
2018-06-10 01:30:00,7.172552146017551
2018-06-10 01:45:00,7.172552146017551
2018-06-10 02:00:00,7.172552146017551
2018-06-10 02:15:00,7.172552146017551
2018-06-10 02:30:00,7.172552146017551
2018-06-10 02:45:00,7.172552146017551
2018-06-10 03:00:00,7.172552146017551
2018-06-10 03:15:00,7.172552146017551
2018-06-10 03:30:00,7.172552146017551
2018-06-10 03:45:00,7.172552146017551
2018-06-10 04:00:00,7.172552146017551
2018-06-10 04:15:00,7.172552146017551
2018-06-10 04:30:00,7.172552146017551
2018-06-10 04:45:00,7.172552146017551
2018-06-10 05:00:00,7.172552146017551
2018-06-10 05:15:00,7.172552146017551
2018-06-10 05:30:00,7.172552146017551
2018-06-10 05:45:00,7.172552146017551
2018-06-10 06:00:00,7.172552146017551
2018-06-10 06:15:00,7.172552146017551
2018-06-10 06:30:00,7.172552146017551
2018-06-10 06:45:00,7.172552146017551
2018-06-10 07:00:00,7.172552146017551
2018-06-10 07:15:00,7.172552146017551
2018-06-10 07:30:00,7.172552146017551
2018-06-10 07:45:00,7.172552146017551
2018-06-10 08:00:00,7.172552146017551
2018-06-10 08:15:00,7.172552146017551
2018-06-10 08:30:00,7.172552146017551
2018-06-10 08:45:00,7.172552146017551
2018-06-10 09:00:00,7.172552146017551
2018-06-10 09:15:00,7.172552146017551
2018-06-10 09:30:00,7.172552146017551
2018-06-10 09:45:00,7.172552146017551
2018-06-10 10:00:00,7.172552146017551
2018-06-10 10:15:00,7.172552146017551
2018-06-10 10:30:00,7.172552146017551
2018-06-10 10:45:00,7.172552146017551
2018-06-10 11:00:00,7.172552146017551
2018-06-10 11:15:00,7.172552146017551
2018-06-10 11:30:00,7.172552146017551
2018-06-10 11:45:00,7.172552146017551
2018-06-10 12:00:00,7.172552146017551
2018-06-10 12:15:00,7.172552146017551
2018-06-10 12:30:00,7.172552146017551
2018-06-10 12:45:00,7.172552146017551
2018-06-10 13:00:00,7.172552146017551
2018-06-10 13:15:00,7.172552146017551
2018-06-10 13:30:00,7.172552146017551
2018-06-10 13:45:00,7.172552146017551
2018-06-10 14:00:00,7.172552146017551
2018-06-10 14:15:00,7.172552146017551
2018-06-10 14:30:00,7.172552146017551
2018-06-10 14:45:00,7.172552146017551
2018-06-10 15:00:00,7.172552146017551
2018-06-10 15:15:00,7.172552146017551
2018-06-10 15:30:00,7.172552146017551
2018-06-10 15:45:00,7.172552146017551
2018-06-10 16:00:00,7.172552146017551
2018-06-10 16:15:00,7.172552146017551
2018-06-10 16:30:00,7.172552146017551
2018-06-10 16:45:00,7.172552146017551
2018-06-10 17:00:00,7.172552146017551
2018-06-10 17:15:00,7.172552146017551
2018-06-10 17:30:00,7.172552146017551
2018-06-10 17:45:00,7.172552146017551
2018-06-10 18:00:00,7.172552146017551
2018-06-10 18:15:00,7.172552146017551
2018-06-10 18:30:00,7.172552146017551
2018-06-10 18:45:00,7.172552146017551
2018-06-10 19:00:00,7.172552146017551
2018-06-10 19:15:00,7.172552146017551
2018-06-10 19:30:00,7.172552146017551
2018-06-10 19:45:00,7.172552146017551
2018-06-10 20:00:00,8.794527053833008
2018-06-10 20:15:00,8.774685859680176
2018-06-10 20:30:00,8.749364852905273
2018-06-10 20:45:00,8.724297523498535
2018-06-10 21:00:00,8.7081298828125
2018-06-10 21:15:00,8.702875137329102
2018-06-10 21:30:00,8.699880599975586
2018-06-10 21:45:00,8.692547798156738
2018-06-10 22:00:00,8.68848991394043
2018-06-10 22:15:00,8.677897453308105
2018-06-10 22:30:00,8.666696548461914
2018-06-10 22:45:00,8.653404235839844
2018-06-10 23:00:00,8.638503074645996
2018-06-10 23:15:00,8.6111421585083
2018-06-10 23:30:00,8.578079223632812
2018-06-10 23:45:00,8.556472778320312
2018-06-11 00:00:00,8.536985397338867
2018-06-11 00:15:00,8.51853084564209
2018-06-11 00:30:00,8.508123397827148
2018-06-11 00:45:00,8.503328323364258
2018-06-11 01:00:00,8.501969337463379
2018-06-11 01:15:00,8.506590843200684
2018-06-11 01:30:00,8.51390266418457
2018-06-11 01:45:00,8.513411521911621
2018-06-11 02:00:00,8.507200241088867
2018-06-11 02:15:00,8.500201225280762
2018-06-11 02:30:00,8.48680591583252
2018-06-11 02:45:00,8.46728801727295
2018-06-11 03:00:00,8.449538230895996
2018-06-11 03:15:00,8.431685447692871
2018-06-11 03:30:00,8.419325828552246
2018-06-11 03:45:00,8.416091918945312
2018-06-11 04:00:00,8.4179048538208
2018-06-11 04:15:00,8.424361228942871
2018-06-11 04:30:00,8.433051109313965
2018-06-11 04:45:00,8.443431854248047
2018-06-11 05:00:00,8.456867218017578
2018-06-11 05:15:00,8.470087051391602
2018-06-11 05:30:00,8.473796844482422
2018-06-11 05:45:00,8.4763822555542
2018-06-11 06:00:00,8.476913452148438
2018-06-11 06:15:00,8.477185249328613
2018-06-11 06:30:00,8.48153018951416
2018-06-11 06:45:00,8.487759590148926
2018-06-11 07:00:00,8.495241165161133
2018-06-11 07:15:00,8.50488567352295
2018-06-11 07:30:00,8.51844310760498
2018-06-11 07:45:00,8.530157089233398
2018-06-11 08:00:00,8.53510856628418
2018-06-11 08:15:00,8.536117553710938
2018-06-11 08:30:00,8.5364408493042
2018-06-11 08:45:00,8.53478717803955
2018-06-11 09:00:00,8.531418800354004
2018-06-11 09:15:00,8.527820587158203
2018-06-11 09:30:00,8.523735046386719
2018-06-11 09:45:00,8.519271850585938
2018-06-11 10:00:00,8.512849807739258
2018-06-11 10:15:00,8.50892162322998
2018-06-11 10:30:00,8.504429817199707
2018-06-11 10:45:00,8.50145149230957
2018-06-11 11:00:00,8.501289367675781
2018-06-11 11:15:00,8.502561569213867
2018-06-11 11:30:00,8.5073881149292
2018-06-11 11:45:00,8.513653755187988
2018-06-11 12:00:00,8.521242141723633
2018-06-11 12:15:00,8.527342796325684
2018-06-11 12:30:00,8.534505844116211
2018-06-11 12:45:00,8.54333209991455
2018-06-11 13:00:00,8.553735733032227
2018-06-11 13:15:00,8.562406539916992
2018-06-11 13:30:00,8.574551582336426
2018-06-11 13:45:00,8.588767051696777
2018-06-11 14:00:00,8.60138988494873
2018-06-11 14:15:00,8.61085319519043
2018-06-11 14:30:00,8.618773460388184
2018-06-11 14:45:00,8.623514175415039
2018-06-11 15:00:00,8.623345375061035
2018-06-11 15:15:00,8.617876052856445
2018-06-11 15:30:00,8.604252815246582
2018-06-11 15:45:00,8.580918312072754
2018-06-11 16:00:00,8.556266784667969
2018-06-11 16:15:00,8.526248931884766
2018-06-11 16:30:00,8.491684913635254
2018-06-11 16:45:00,8.454877853393555
2018-06-11 17:00:00,8.419656753540039
2018-06-11 17:15:00,8.384812355041504
2018-06-11 17:30:00,8.350667953491211
2018-06-11 17:45:00,8.313417434692383
2018-06-11 18:00:00,8.282866477966309
2018-06-11 18:15:00,8.251485824584961
2018-06-11 18:30:00,8.226999282836914
2018-06-11 18:45:00,8.202591896057129
2018-06-11 19:00:00,8.177604675292969
2018-06-11 19:15:00,8.151616096496582
2018-06-11 19:30:00,8.120901107788086
2018-06-11 19:45:00,8.08942985534668
2018-06-11 20:00:00,10.28955307738707
2018-06-11 20:15:00,10.308761267687588
2018-06-11 20:30:00,10.327969457988106
2018-06-11 20:45:00,10.347177648288623
2018-06-11 21:00:00,10.36638583858914
2018-06-11 21:15:00,10.385594028889658
2018-06-11 21:30:00,10.404802219190175
2018-06-11 21:45:00,10.424010409490693
2018-06-11 22:00:00,10.44321859979121
2018-06-11 22:15:00,10.462426790091728
2018-06-11 22:30:00,10.481634980392245
2018-06-11 22:45:00,10.500843170692763
2018-06-11 23:00:00,10.52005136099328
2018-06-11 23:15:00,10.539259551293798
2018-06-11 23:30:00,10.558467741594315
2018-06-11 23:45:00,10.577675931894833
2018-06-12 00:00:00,10.59688412219535
2018-06-12 00:15:00,10.616092312495867
2018-06-12 00:30:00,10.635300502796385
2018-06-12 00:45:00,10.654508693096902
2018-06-12 01:00:00,10.67371688339742
2018-06-12 01:15:00,10.692925073697937
2018-06-12 01:30:00,10.712133263998455
2018-06-12 01:45:00,10.731341454298972
2018-06-12 02:00:00,10.75054964459949
2018-06-12 02:15:00,10.769757834900007
2018-06-12 02:30:00,10.788966025200525
2018-06-12 02:45:00,10.808174215501042
2018-06-12 03:00:00,10.82738240580156
2018-06-12 03:15:00,10.846590596102077
2018-06-12 03:30:00,10.865798786402594
2018-06-12 03:45:00,10.885006976703112
2018-06-12 04:00:00,10.90421516700363
2018-06-12 04:15:00,10.923423357304147
2018-06-12 04:30:00,10.942631547604664
2018-06-12 04:45:00,10.961839737905182
2018-06-12 05:00:00,10.9810479282057
2018-06-12 05:15:00,11.000256118506217
2018-06-12 05:30:00,11.019464308806734
2018-06-12 05:45:00,11.038672499107252
2018-06-12 06:00:00,11.057880689407769
2018-06-12 06:15:00,11.077088879708286
2018-06-12 06:30:00,11.096297070008804
2018-06-12 06:45:00,11.115505260309321
2018-06-12 07:00:00,11.134713450609839
2018-06-12 07:15:00,11.153921640910356
2018-06-12 07:30:00,11.173129831210874
2018-06-12 07:45:00,11.19233802151139
2018-06-12 08:00:00,11.211546211811907
2018-06-12 08:15:00,11.230754402112424
2018-06-12 08:30:00,11.249962592412942
2018-06-12 08:45:00,11.26917078271346
2018-06-12 09:00:00,11.288378973013977
2018-06-12 09:15:00,11.307587163314494
2018-06-12 09:30:00,11.326795353615012
2018-06-12 09:45:00,11.34600354391553
2018-06-12 10:00:00,11.365211734216047
2018-06-12 10:15:00,11.384419924516564
2018-06-12 10:30:00,11.403628114817081
2018-06-12 10:45:00,11.422836305117599
2018-06-12 11:00:00,11.442044495418116
2018-06-12 11:15:00,11.461252685718634
2018-06-12 11:30:00,11.480460876019151
2018-06-12 11:45:00,11.499669066319669
2018-06-12 12:00:00,11.518877256620186
2018-06-12 12:15:00,11.538085446920704
2018-06-12 12:30:00,11.557293637221221
2018-06-12 12:45:00,11.576501827521739
2018-06-12 13:00:00,11.595710017822256
2018-06-12 13:15:00,11.614918208122774
2018-06-12 13:30:00,11.634126398423291
2018-06-12 13:45:00,11.653334588723808
2018-06-12 14:00:00,11.672542779024326
2018-06-12 14:15:00,11.691750969324843
2018-06-12 14:30:00,11.71095915962536
2018-06-12 14:45:00,11.730167349925878
2018-06-12 15:00:00,11.749375540226396
2018-06-12 15:15:00,11.768583730526913
2018-06-12 15:30:00,11.78779192082743
2018-06-12 15:45:00,11.807000111127948
2018-06-12 16:00:00,11.826208301428466
2018-06-12 16:15:00,11.845416491728983
2018-06-12 16:30:00,11.8646246820295
2018-06-12 16:45:00,11.883832872330018
2018-06-12 17:00:00,11.903041062630535
2018-06-12 17:15:00,11.922249252931053
2018-06-12 17:30:00,11.94145744323157
2018-06-12 17:45:00,11.960665633532088
2018-06-12 18:00:00,11.979873823832605
2018-06-12 18:15:00,11.999082014133123
2018-06-12 18:30:00,12.01829020443364
2018-06-12 18:45:00,12.037498394734158
2018-06-12 19:00:00,12.056706585034675
2018-06-12 19:15:00,12.075914775335193
2018-06-12 19:30:00,12.09512296563571
2018-06-12 19:45:00,12.114331155936227
2018-06-12 20:00:00,11.728730201721191
2018-06-12 20:15:00,11.847742080688477
2018-06-12 20:30:00,11.691839218139648
2018-06-12 20:45:00,11.765069961547852
2018-06-12 21:00:00,11.733924865722656
2018-06-12 21:15:00,11.56060791015625
2018-06-12 21:30:00,11.69271469116211
2018-06-12 21:45:00,11.66551685333252
2018-06-12 22:00:00,11.458812713623047
2018-06-12 22:15:00,11.357550621032715
2018-06-12 22:30:00,11.377246856689453
2018-06-12 22:45:00,11.324613571166992
2018-06-12 23:00:00,11.442156791687012
2018-06-12 23:15:00,11.338948249816895
2018-06-12 23:30:00,11.321435928344727
2018-06-12 23:45:00,11.229239463806152
2018-06-13 00:00:00,11.069473266601562
2018-06-13 00:15:00,11.04955005645752
2018-06-13 00:30:00,10.941128730773926
2018-06-13 00:45:00,10.864334106445312
2018-06-13 01:00:00,10.993881225585938
2018-06-13 01:15:00,10.864286422729492
2018-06-13 01:30:00,10.880414009094238
2018-06-13 01:45:00,10.859374046325684
2018-06-13 02:00:00,10.78353214263916
2018-06-13 02:15:00,10.811293601989746
2018-06-13 02:30:00,10.743268966674805
2018-06-13 02:45:00,10.690403938293457
2018-06-13 03:00:00,10.750383377075195
2018-06-13 03:15:00,10.732732772827148
2018-06-13 03:30:00,10.652929306030273
2018-06-13 03:45:00,10.627006530761719
2018-06-13 04:00:00,10.711504936218262
2018-06-13 04:15:00,10.55152702331543
2018-06-13 04:30:00,10.474648475646973
2018-06-13 04:45:00,10.494302749633789
2018-06-13 05:00:00,10.495574951171875
2018-06-13 05:15:00,10.400135040283203
2018-06-13 05:30:00,10.321428298950195
2018-06-13 05:45:00,10.517353057861328
2018-06-13 06:00:00,10.510589599609375
2018-06-13 06:15:00,10.439796447753906
2018-06-13 06:30:00,10.673568725585938
2018-06-13 06:45:00,10.570023536682129
2018-06-13 07:00:00,10.641902923583984
2018-06-13 07:15:00,10.639606475830078
2018-06-13 07:30:00,10.716164588928223
2018-06-13 07:45:00,10.72785758972168
2018-06-13 08:00:00,10.884488105773926
2018-06-13 08:15:00,10.730295181274414
2018-06-13 08:30:00,10.930975914001465
2018-06-13 08:45:00,10.958772659301758
2018-06-13 09:00:00,11.047616958618164
2018-06-13 09:15:00,10.952803611755371
2018-06-13 09:30:00,11.036642074584961
2018-06-13 09:45:00,11.10042667388916
2018-06-13 10:00:00,11.082364082336426
2018-06-13 10:15:00,11.075407028198242
2018-06-13 10:30:00,11.231679916381836
2018-06-13 10:45:00,11.17629623413086
2018-06-13 11:00:00,11.156163215637207
2018-06-13 11:15:00,11.143126487731934
2018-06-13 11:30:00,11.086158752441406
2018-06-13 11:45:00,11.116860389709473
2018-06-13 12:00:00,11.236225128173828
2018-06-13 12:15:00,11.158102035522461
2018-06-13 12:30:00,11.440709114074707
2018-06-13 12:45:00,11.51846694946289
2018-06-13 13:00:00,11.719846725463867
2018-06-13 13:15:00,11.738563537597656
2018-06-13 13:30:00,11.930405616760254
2018-06-13 13:45:00,11.985321044921875
2018-06-13 14:00:00,12.148726463317871
2018-06-13 14:15:00,12.322790145874023
2018-06-13 14:30:00,12.417744636535645
2018-06-13 14:45:00,12.598016738891602
2018-06-13 15:00:00,12.586871147155762
2018-06-13 15:15:00,12.657008171081543
2018-06-13 15:30:00,12.657571792602539
2018-06-13 15:45:00,12.830349922180176
2018-06-13 16:00:00,12.764436721801758
2018-06-13 16:15:00,12.659584999084473
2018-06-13 16:30:00,12.59949779510498
2018-06-13 16:45:00,12.474242210388184
2018-06-13 17:00:00,12.59062385559082
2018-06-13 17:15:00,12.506552696228027
2018-06-13 17:30:00,12.333919525146484
2018-06-13 17:45:00,12.180089950561523
2018-06-13 18:00:00,12.096477508544922
2018-06-13 18:15:00,11.941411972045898
2018-06-13 18:30:00,11.95356559753418
2018-06-13 18:45:00,11.686239242553711
2018-06-13 19:00:00,11.596132278442383
2018-06-13 19:15:00,11.488988876342773
2018-06-13 19:30:00,11.393431663513184
2018-06-13 19:45:00,11.41646957397461
2018-06-13 20:00:00,11.019818305969238
2018-06-13 20:15:00,10.89941692352295
2018-06-13 20:30:00,10.965993881225586
2018-06-13 20:45:00,10.864398002624512
2018-06-13 21:00:00,10.80685043334961
2018-06-13 21:15:00,11.010644912719727
2018-06-13 21:30:00,10.957275390625
2018-06-13 21:45:00,10.761476516723633
2018-06-13 22:00:00,10.897923469543457
2018-06-13 22:15:00,10.874048233032227
2018-06-13 22:30:00,10.88113784790039
2018-06-13 22:45:00,10.756787300109863
2018-06-13 23:00:00,10.878150939941406
2018-06-13 23:15:00,10.724720001220703
2018-06-13 23:30:00,10.80966854095459
2018-06-13 23:45:00,10.73037338256836
2018-06-14 00:00:00,10.753988265991211
2018-06-14 00:15:00,10.763690948486328
2018-06-14 00:30:00,10.781838417053223
2018-06-14 00:45:00,10.670371055603027
2018-06-14 01:00:00,10.648162841796875
2018-06-14 01:15:00,10.627348899841309
2018-06-14 01:30:00,10.683774948120117
2018-06-14 01:45:00,10.655110359191895
2018-06-14 02:00:00,10.572710037231445
2018-06-14 02:15:00,10.55508804321289
2018-06-14 02:30:00,10.54494857788086
2018-06-14 02:45:00,10.4899320602417
2018-06-14 03:00:00,10.401351928710938
2018-06-14 03:15:00,10.505864143371582
2018-06-14 03:30:00,10.412169456481934
2018-06-14 03:45:00,10.591499328613281
2018-06-14 04:00:00,10.672785758972168
2018-06-14 04:15:00,10.487700462341309
2018-06-14 04:30:00,10.545453071594238
2018-06-14 04:45:00,10.505249977111816
2018-06-14 05:00:00,10.56063175201416
2018-06-14 05:15:00,10.41462230682373
2018-06-14 05:30:00,10.521465301513672
2018-06-14 05:45:00,10.44071102142334
2018-06-14 06:00:00,10.444025993347168
2018-06-14 06:15:00,10.420032501220703
2018-06-14 06:30:00,10.379776000976562
2018-06-14 06:45:00,10.514490127563477
2018-06-14 07:00:00,10.40308666229248
2018-06-14 07:15:00,10.574911117553711
2018-06-14 07:30:00,10.557552337646484
2018-06-14 07:45:00,10.662823677062988
2018-06-14 08:00:00,11.12987995147705
2018-06-14 08:15:00,11.073909759521484
2018-06-14 08:30:00,11.099719047546387
2018-06-14 08:45:00,11.040828704833984
2018-06-14 09:00:00,11.0198974609375
2018-06-14 09:15:00,11.105883598327637
2018-06-14 09:30:00,10.887951850891113
2018-06-14 09:45:00,10.936594009399414
2018-06-14 10:00:00,11.06944751739502
2018-06-14 10:15:00,10.947385787963867
2018-06-14 10:30:00,11.086320877075195
2018-06-14 10:45:00,11.31484603881836
2018-06-14 11:00:00,11.253214836120605
2018-06-14 11:15:00,11.495892524719238
2018-06-14 11:30:00,11.488975524902344
2018-06-14 11:45:00,11.47879695892334
2018-06-14 12:00:00,11.990763664245605
2018-06-14 12:15:00,11.96923542022705
2018-06-14 12:30:00,12.03424072265625
2018-06-14 12:45:00,12.073352813720703
2018-06-14 13:00:00,11.955606460571289
2018-06-14 13:15:00,12.125659942626953
2018-06-14 13:30:00,12.252070426940918
2018-06-14 13:45:00,12.27248477935791
2018-06-14 14:00:00,12.233888626098633
2018-06-14 14:15:00,12.290925979614258
2018-06-14 14:30:00,12.246212005615234
2018-06-14 14:45:00,12.371102333068848
2018-06-14 15:00:00,12.337919235229492
2018-06-14 15:15:00,12.355575561523438
2018-06-14 15:30:00,12.354963302612305
2018-06-14 15:45:00,12.328715324401855
2018-06-14 16:00:00,12.859006881713867
2018-06-14 16:15:00,12.546331405639648
2018-06-14 16:30:00,12.383827209472656
2018-06-14 16:45:00,12.23593807220459
2018-06-14 17:00:00,12.16849422454834
2018-06-14 17:15:00,12.170047760009766
2018-06-14 17:30:00,12.059159278869629
2018-06-14 17:45:00,12.047574996948242
2018-06-14 18:00:00,12.003820419311523
2018-06-14 18:15:00,11.885703086853027
2018-06-14 18:30:00,11.90307331085205
2018-06-14 18:45:00,11.796363830566406
2018-06-14 19:00:00,11.921161651611328
2018-06-14 19:15:00,11.760112762451172
2018-06-14 19:30:00,11.729963302612305
2018-06-14 19:45:00,11.764542579650879
2018-06-14 20:00:00,11.248555183410645
2018-06-14 20:15:00,11.129791259765625
2018-06-14 20:30:00,11.226595878601074
2018-06-14 20:45:00,11.095512390136719
2018-06-14 21:00:00,11.040292739868164
2018-06-14 21:15:00,11.172490119934082
2018-06-14 21:30:00,11.122475624084473
2018-06-14 21:45:00,11.067256927490234
2018-06-14 22:00:00,11.070561408996582
2018-06-14 22:15:00,11.040983200073242
2018-06-14 22:30:00,11.114985466003418
2018-06-14 22:45:00,11.042524337768555
2018-06-14 23:00:00,11.11561107635498
2018-06-14 23:15:00,11.004803657531738
2018-06-14 23:30:00,11.021777153015137
2018-06-14 23:45:00,10.892875671386719
2018-06-15 00:00:00,10.861655235290527
2018-06-15 00:15:00,10.912633895874023
2018-06-15 00:30:00,10.93212604522705
2018-06-15 00:45:00,10.876431465148926
2018-06-15 01:00:00,10.831949234008789
2018-06-15 01:15:00,10.85780143737793
2018-06-15 01:30:00,10.857842445373535
2018-06-15 01:45:00,10.899778366088867
2018-06-15 02:00:00,10.757057189941406
2018-06-15 02:15:00,10.72960090637207
2018-06-15 02:30:00,10.734306335449219
2018-06-15 02:45:00,10.70549488067627
2018-06-15 03:00:00,10.646613121032715
2018-06-15 03:15:00,10.705611228942871
2018-06-15 03:30:00,10.673665046691895
2018-06-15 03:45:00,10.809003829956055
2018-06-15 04:00:00,10.815275192260742
2018-06-15 04:15:00,10.730239868164062
2018-06-15 04:30:00,10.710862159729004
2018-06-15 04:45:00,10.725764274597168
2018-06-15 05:00:00,10.75139331817627
2018-06-15 05:15:00,10.64151668548584
2018-06-15 05:30:00,10.682695388793945
2018-06-15 05:45:00,10.674498558044434
2018-06-15 06:00:00,10.676551818847656
2018-06-15 06:15:00,10.628089904785156
2018-06-15 06:30:00,10.631185531616211
2018-06-15 06:45:00,10.753311157226562
2018-06-15 07:00:00,10.676870346069336
2018-06-15 07:15:00,10.727315902709961
2018-06-15 07:30:00,10.784442901611328
2018-06-15 07:45:00,10.824692726135254
2018-06-15 08:00:00,11.15616512298584
2018-06-15 08:15:00,11.168628692626953
2018-06-15 08:30:00,11.116988182067871
2018-06-15 08:45:00,11.115933418273926
2018-06-15 09:00:00,11.098766326904297
2018-06-15 09:15:00,11.109654426574707
2018-06-15 09:30:00,10.974241256713867
2018-06-15 09:45:00,11.088366508483887
2018-06-15 10:00:00,11.147631645202637
2018-06-15 10:15:00,11.11752986907959
2018-06-15 10:30:00,11.185977935791016
2018-06-15 10:45:00,11.380829811096191
2018-06-15 11:00:00,11.315838813781738
2018-06-15 11:15:00,11.444950103759766
2018-06-15 11:30:00,11.4230375289917
2018-06-15 11:45:00,11.416751861572266
2018-06-15 12:00:00,11.727932929992676
2018-06-15 12:15:00,11.78645133972168
2018-06-15 12:30:00,11.828872680664062
2018-06-15 12:45:00,11.936725616455078
2018-06-15 13:00:00,11.812111854553223
2018-06-15 13:15:00,11.930425643920898
2018-06-15 13:30:00,12.054661750793457
2018-06-15 13:45:00,12.109597206115723
2018-06-15 14:00:00,12.093754768371582
2018-06-15 14:15:00,12.128250122070312
2018-06-15 14:30:00,12.109142303466797
2018-06-15 14:45:00,12.179414749145508
2018-06-15 15:00:00,12.16341781616211
2018-06-15 15:15:00,12.17164421081543
2018-06-15 15:30:00,12.088319778442383
2018-06-15 15:45:00,12.115456581115723
2018-06-15 16:00:00,12.224331855773926
2018-06-15 16:15:00,12.119559288024902
2018-06-15 16:30:00,12.024958610534668
2018-06-15 16:45:00,11.972258567810059
2018-06-15 17:00:00,11.93639087677002
2018-06-15 17:15:00,11.920303344726562
2018-06-15 17:30:00,11.911432266235352
2018-06-15 17:45:00,11.921311378479004
2018-06-15 18:00:00,11.909603118896484
2018-06-15 18:15:00,11.867110252380371
2018-06-15 18:30:00,11.89183521270752
2018-06-15 18:45:00,11.73498249053955
2018-06-15 19:00:00,11.771596908569336
2018-06-15 19:15:00,11.722434997558594
2018-06-15 19:30:00,11.699705123901367
2018-06-15 19:45:00,11.703956604003906
2018-06-15 20:00:00,10.148460388183594
2018-06-15 20:15:00,10.22109317779541
2018-06-15 20:30:00,10.230320930480957
2018-06-15 20:45:00,10.162069320678711
2018-06-15 21:00:00,10.064485549926758
2018-06-15 21:15:00,10.139067649841309
2018-06-15 21:30:00,10.090658187866211
2018-06-15 21:45:00,10.041549682617188
2018-06-15 22:00:00,10.156895637512207
2018-06-15 22:15:00,10.020652770996094
2018-06-15 22:30:00,10.102604866027832
2018-06-15 22:45:00,10.04460620880127
2018-06-15 23:00:00,9.882745742797852
2018-06-15 23:15:00,10.060824394226074
2018-06-15 23:30:00,9.924145698547363
2018-06-15 23:45:00,9.94546127319336
2018-06-16 00:00:00,10.007944107055664
2018-06-16 00:15:00,9.86841106414795
2018-06-16 00:30:00,9.980409622192383
2018-06-16 00:45:00,9.912656784057617
2018-06-16 01:00:00,9.824040412902832
2018-06-16 01:15:00,9.831164360046387
2018-06-16 01:30:00,9.888970375061035
2018-06-16 01:45:00,9.722053527832031
2018-06-16 02:00:00,9.808640480041504
2018-06-16 02:15:00,9.808282852172852
2018-06-16 02:30:00,9.832542419433594
2018-06-16 02:45:00,9.832375526428223
2018-06-16 03:00:00,9.805194854736328
2018-06-16 03:15:00,9.910903930664062
2018-06-16 03:30:00,9.865142822265625
2018-06-16 03:45:00,9.841972351074219
2018-06-16 04:00:00,9.858123779296875
2018-06-16 04:15:00,9.945741653442383
2018-06-16 04:30:00,9.884851455688477
2018-06-16 04:45:00,9.831758499145508
2018-06-16 05:00:00,10.050636291503906
2018-06-16 05:15:00,10.115362167358398
2018-06-16 05:30:00,9.845402717590332
2018-06-16 05:45:00,9.944013595581055
2018-06-16 06:00:00,10.088360786437988
2018-06-16 06:15:00,10.065710067749023
2018-06-16 06:30:00,10.145488739013672
2018-06-16 06:45:00,10.118969917297363
2018-06-16 07:00:00,10.155832290649414
2018-06-16 07:15:00,10.31439208984375
2018-06-16 07:30:00,10.350640296936035
2018-06-16 07:45:00,10.342952728271484
2018-06-16 08:00:00,10.209428787231445
2018-06-16 08:15:00,10.369847297668457
2018-06-16 08:30:00,10.305996894836426
2018-06-16 08:45:00,10.500675201416016
2018-06-16 09:00:00,10.348612785339355
2018-06-16 09:15:00,10.499300003051758
2018-06-16 09:30:00,10.561590194702148
2018-06-16 09:45:00,10.650623321533203
2018-06-16 10:00:00,10.44588851928711
2018-06-16 10:15:00,10.703472137451172
2018-06-16 10:30:00,10.639617919921875
2018-06-16 10:45:00,10.68026351928711
2018-06-16 11:00:00,10.741744041442871
2018-06-16 11:15:00,10.730072975158691
2018-06-16 11:30:00,10.662795066833496
2018-06-16 11:45:00,10.777670860290527
2018-06-16 12:00:00,10.895153045654297
2018-06-16 12:15:00,10.953672409057617
2018-06-16 12:30:00,10.931650161743164
2018-06-16 12:45:00,10.978291511535645
2018-06-16 13:00:00,10.886759757995605
2018-06-16 13:15:00,10.893330574035645
2018-06-16 13:30:00,10.848344802856445
2018-06-16 13:45:00,11.048577308654785
2018-06-16 14:00:00,11.030306816101074
2018-06-16 14:15:00,11.003061294555664
2018-06-16 14:30:00,11.080070495605469
2018-06-16 14:45:00,11.054500579833984
2018-06-16 15:00:00,11.143999099731445
2018-06-16 15:15:00,11.16682243347168
2018-06-16 15:30:00,11.140690803527832
2018-06-16 15:45:00,11.163759231567383
2018-06-16 16:00:00,11.118520736694336
2018-06-16 16:15:00,11.081406593322754
2018-06-16 16:30:00,11.110214233398438
2018-06-16 16:45:00,11.109484672546387
2018-06-16 17:00:00,10.953606605529785
2018-06-16 17:15:00,10.948593139648438
2018-06-16 17:30:00,10.884693145751953
2018-06-16 17:45:00,11.032480239868164
2018-06-16 18:00:00,10.954288482666016
2018-06-16 18:15:00,10.961904525756836
2018-06-16 18:30:00,10.799880027770996
2018-06-16 18:45:00,10.794156074523926
2018-06-16 19:00:00,10.794992446899414
2018-06-16 19:15:00,10.591670036315918
2018-06-16 19:30:00,10.548501968383789
2018-06-16 19:45:00,10.495820999145508
2018-06-16 20:00:00,9.025481946197907
2018-06-16 20:15:00,8.956645459582585
2018-06-16 20:30:00,8.887808972967266
2018-06-16 20:45:00,8.818972486351946
2018-06-16 21:00:00,8.750135999736624
2018-06-16 21:15:00,8.681299513121305
2018-06-16 21:30:00,8.612463026505983
2018-06-16 21:45:00,8.543626539890663
2018-06-16 22:00:00,8.474790053275342
2018-06-16 22:15:00,8.40595356666002
2018-06-16 22:30:00,8.3371170800447
2018-06-16 22:45:00,8.268280593429381
2018-06-16 23:00:00,8.19944410681406
2018-06-16 23:15:00,8.130607620198738
2018-06-16 23:30:00,8.061771133583418
2018-06-16 23:45:00,7.992934646968096
2018-06-17 00:00:00,7.924098160352778
2018-06-17 00:15:00,7.8552616737374565
2018-06-17 00:30:00,7.786425187122135
2018-06-17 00:45:00,7.7175887005068144
2018-06-17 01:00:00,7.648752213891493
2018-06-17 01:15:00,7.579915727276173
2018-06-17 01:30:00,7.511079240660852
2018-06-17 01:45:00,7.442242754045532
2018-06-17 02:00:00,7.373406267430211
2018-06-17 02:15:00,7.304569780814891
2018-06-17 02:30:00,7.23573329419957
2018-06-17 02:45:00,7.166896807584249
2018-06-17 03:00:00,7.098060320968928
2018-06-17 03:15:00,7.029223834353607
2018-06-17 03:30:00,6.960387347738288
2018-06-17 03:45:00,6.891550861122967
2018-06-17 04:00:00,6.822714374507646
2018-06-17 04:15:00,6.753877887892324
2018-06-17 04:30:00,6.685041401277004
2018-06-17 04:45:00,6.616204914661684
2018-06-17 05:00:00,6.547368428046362
2018-06-17 05:15:00,6.478531941431043
2018-06-17 05:30:00,6.409695454815721
2018-06-17 05:45:00,6.340858968200401
2018-06-17 06:00:00,6.27202248158508
2018-06-17 06:15:00,6.203185994969759
2018-06-17 06:30:00,6.134349508354438
2018-06-17 06:45:00,6.065513021739117
2018-06-17 07:00:00,5.9966765351237985
2018-06-17 07:15:00,5.927840048508477
2018-06-17 07:30:00,5.859003561893156
2018-06-17 07:45:00,5.790167075277835
2018-06-17 08:00:00,5.721330588662514
2018-06-17 08:15:00,5.652494102047193
2018-06-17 08:30:00,5.583657615431874
2018-06-17 08:45:00,5.5148211288165525
2018-06-17 09:00:00,5.445984642201232
2018-06-17 09:15:00,5.37714815558591
2018-06-17 09:30:00,5.308311668970591
2018-06-17 09:45:00,5.23947518235527
2018-06-17 10:00:00,5.170638695739949
2018-06-17 10:15:00,5.101802209124629
2018-06-17 10:30:00,5.032965722509307
2018-06-17 10:45:00,4.964129235893988
2018-06-17 11:00:00,4.895292749278666
2018-06-17 11:15:00,4.826456262663346
2018-06-17 11:30:00,4.757619776048024
2018-06-17 11:45:00,4.688783289432704
2018-06-17 12:00:00,4.619946802817385
2018-06-17 12:15:00,4.551110316202062
2018-06-17 12:30:00,4.482273829586743
2018-06-17 12:45:00,4.413437342971422
2018-06-17 13:00:00,4.3446008563561
2018-06-17 13:15:00,4.27576436974078
2018-06-17 13:30:00,4.2069278831254575
2018-06-17 13:45:00,4.1380913965101405
2018-06-17 14:00:00,4.069254909894818
2018-06-17 14:15:00,4.000418423279498
2018-06-17 14:30:00,3.9315819366641755
2018-06-17 14:45:00,3.862745450048856
2018-06-17 15:00:00,3.7939089634335357
2018-06-17 15:15:00,3.7250724768182133
2018-06-17 15:30:00,3.6562359902028936
2018-06-17 15:45:00,3.587399503587574
2018-06-17 16:00:00,3.5185630169722537
2018-06-17 16:15:00,3.4497265303569313
2018-06-17 16:30:00,3.3808900437416116
2018-06-17 16:45:00,3.3120535571262892
2018-06-17 17:00:00,3.243217070510969
2018-06-17 17:15:00,3.1743805838956494
2018-06-17 17:30:00,3.1055440972803297
2018-06-17 17:45:00,3.0367076106650073
2018-06-17 18:00:00,2.967871124049687
2018-06-17 18:15:00,2.8990346374343647
2018-06-17 18:30:00,2.830198150819045
2018-06-17 18:45:00,2.761361664203725
2018-06-17 19:00:00,2.692525177588405
2018-06-17 19:15:00,2.6236886909730828
2018-06-17 19:30:00,2.554852204357763
2018-06-17 19:45:00,2.486015717742443
2018-06-17 20:00:00,10.20165729522705
2018-06-17 20:15:00,10.090004920959473
2018-06-17 20:30:00,9.991320610046387
2018-06-17 20:45:00,9.862447738647461
2018-06-17 21:00:00,9.714193344116211
2018-06-17 21:15:00,9.788896560668945
2018-06-17 21:30:00,9.726314544677734
2018-06-17 21:45:00,9.619535446166992
2018-06-17 22:00:00,9.613984107971191
2018-06-17 22:15:00,9.550553321838379
2018-06-17 22:30:00,9.458724021911621
2018-06-17 22:45:00,9.431668281555176
2018-06-17 23:00:00,9.35323429107666
2018-06-17 23:15:00,9.288726806640625
2018-06-17 23:30:00,9.281856536865234
2018-06-17 23:45:00,9.154138565063477
2018-06-18 00:00:00,9.20877456665039
2018-06-18 00:15:00,9.067391395568848
2018-06-18 00:30:00,9.108979225158691
2018-06-18 00:45:00,8.953385353088379
2018-06-18 01:00:00,8.99487590789795
2018-06-18 01:15:00,8.914873123168945
2018-06-18 01:30:00,8.893815040588379
2018-06-18 01:45:00,8.914483070373535
2018-06-18 02:00:00,8.823314666748047
2018-06-18 02:15:00,8.836394309997559
2018-06-18 02:30:00,8.849222183227539
2018-06-18 02:45:00,8.895576477050781
2018-06-18 03:00:00,8.618064880371094
2018-06-18 03:15:00,8.76993179321289
2018-06-18 03:30:00,8.759012222290039
2018-06-18 03:45:00,8.700613021850586
2018-06-18 04:00:00,8.641634941101074
2018-06-18 04:15:00,8.667854309082031
2018-06-18 04:30:00,8.657035827636719
2018-06-18 04:45:00,8.611115455627441
2018-06-18 05:00:00,8.820218086242676
2018-06-18 05:15:00,8.732860565185547
2018-06-18 05:30:00,8.531331062316895
2018-06-18 05:45:00,8.62304973602295
2018-06-18 06:00:00,8.634421348571777
2018-06-18 06:15:00,8.749327659606934
2018-06-18 06:30:00,8.721980094909668
2018-06-18 06:45:00,8.79978084564209
2018-06-18 07:00:00,8.833245277404785
2018-06-18 07:15:00,8.684758186340332
2018-06-18 07:30:00,8.864803314208984
2018-06-18 07:45:00,8.88467025756836
2018-06-18 08:00:00,8.981283187866211
2018-06-18 08:15:00,8.948766708374023
2018-06-18 08:30:00,9.084969520568848
2018-06-18 08:45:00,9.070565223693848
2018-06-18 09:00:00,9.114511489868164
2018-06-18 09:15:00,9.305380821228027
2018-06-18 09:30:00,9.333717346191406
2018-06-18 09:45:00,9.356494903564453
2018-06-18 10:00:00,9.494804382324219
2018-06-18 10:15:00,9.68628978729248
2018-06-18 10:30:00,9.564719200134277
2018-06-18 10:45:00,9.667088508605957
2018-06-18 11:00:00,9.81320858001709
2018-06-18 11:15:00,9.960472106933594
2018-06-18 11:30:00,10.003655433654785
2018-06-18 11:45:00,10.201105117797852
2018-06-18 12:00:00,10.160233497619629
2018-06-18 12:15:00,10.209017753601074
2018-06-18 12:30:00,10.325525283813477
2018-06-18 12:45:00,10.45166015625
2018-06-18 13:00:00,10.530916213989258
2018-06-18 13:15:00,10.48481559753418
2018-06-18 13:30:00,10.588388442993164
2018-06-18 13:45:00,10.71603775024414
2018-06-18 14:00:00,10.786372184753418
2018-06-18 14:15:00,10.842840194702148
2018-06-18 14:30:00,10.97744083404541
2018-06-18 14:45:00,10.981392860412598
2018-06-18 15:00:00,11.07453441619873
2018-06-18 15:15:00,11.183666229248047
2018-06-18 15:30:00,11.002359390258789
2018-06-18 15:45:00,11.20120906829834
2018-06-18 16:00:00,11.133096694946289
2018-06-18 16:15:00,11.13566780090332
2018-06-18 16:30:00,11.047831535339355
2018-06-18 16:45:00,11.181289672851562
2018-06-18 17:00:00,10.954256057739258
2018-06-18 17:15:00,10.923285484313965
2018-06-18 17:30:00,10.80398178100586
2018-06-18 17:45:00,10.793193817138672
2018-06-18 18:00:00,10.956514358520508
2018-06-18 18:15:00,10.709110260009766
2018-06-18 18:30:00,10.571566581726074
2018-06-18 18:45:00,10.461055755615234
2018-06-18 19:00:00,10.453919410705566
2018-06-18 19:15:00,10.448417663574219
2018-06-18 19:30:00,10.273049354553223
2018-06-18 19:45:00,10.195758819580078
2018-06-18 20:00:00,10.719781723746443
2018-06-18 20:15:00,10.573646257825015
2018-06-18 20:30:00,10.427510791903584
2018-06-18 20:45:00,10.281375325982156
2018-06-18 21:00:00,10.135239860060725
2018-06-18 21:15:00,9.989104394139297
2018-06-18 21:30:00,9.842968928217866
2018-06-18 21:45:00,9.696833462296437
2018-06-18 22:00:00,9.550697996375007
2018-06-18 22:15:00,9.404562530453578
2018-06-18 22:30:00,9.258427064532148
2018-06-18 22:45:00,9.11229159861072
2018-06-18 23:00:00,8.966156132689289
2018-06-18 23:15:00,8.82002066676786
2018-06-18 23:30:00,8.67388520084643
2018-06-18 23:45:00,8.527749734925
2018-06-19 00:00:00,8.38161426900357
2018-06-19 00:15:00,8.235478803082142
2018-06-19 00:30:00,8.089343337160711
2018-06-19 00:45:00,7.943207871239283
2018-06-19 01:00:00,7.797072405317852
2018-06-19 01:15:00,7.6509369393964235
2018-06-19 01:30:00,7.504801473474993
2018-06-19 01:45:00,7.3586660075535635
2018-06-19 02:00:00,7.212530541632134
2018-06-19 02:15:00,7.066395075710704
2018-06-19 02:30:00,6.920259609789275
2018-06-19 02:45:00,6.774124143867845
2018-06-19 03:00:00,6.627988677946416
2018-06-19 03:15:00,6.481853212024986
2018-06-19 03:30:00,6.3357177461035565
2018-06-19 03:45:00,6.189582280182127
2018-06-19 04:00:00,6.043446814260697
2018-06-19 04:15:00,5.897311348339268
2018-06-19 04:30:00,5.751175882417838
2018-06-19 04:45:00,5.605040416496409
2018-06-19 05:00:00,5.458904950574979
2018-06-19 05:15:00,5.31276948465355
2018-06-19 05:30:00,5.16663401873212
2018-06-19 05:45:00,5.0204985528106905
2018-06-19 06:00:00,4.874363086889261
2018-06-19 06:15:00,4.728227620967831
2018-06-19 06:30:00,4.582092155046402
2018-06-19 06:45:00,4.435956689124972
2018-06-19 07:00:00,4.289821223203543
2018-06-19 07:15:00,4.143685757282113
2018-06-19 07:30:00,3.9975502913606835
2018-06-19 07:45:00,3.851414825439253
2018-06-19 08:00:00,3.7052793595178235
2018-06-19 08:15:00,3.559143893596394
2018-06-19 08:30:00,3.4130084276749644
2018-06-19 08:45:00,3.266872961753535
2018-06-19 09:00:00,3.1207374958321052
2018-06-19 09:15:00,2.9746020299106757
2018-06-19 09:30:00,2.828466563989247
2018-06-19 09:45:00,2.6823310980678166
2018-06-19 10:00:00,2.536195632146388
2018-06-19 10:15:00,2.3900601662249574
2018-06-19 10:30:00,2.2439247003035288
2018-06-19 10:45:00,2.0977892343820983
2018-06-19 11:00:00,1.9516537684606696
2018-06-19 11:15:00,1.8055183025392392
2018-06-19 11:30:00,1.6593828366178105
2018-06-19 11:45:00,1.51324737069638
2018-06-19 12:00:00,1.3671119047749496
2018-06-19 12:15:00,1.220976438853521
2018-06-19 12:30:00,1.0748409729320905
2018-06-19 12:45:00,0.9287055070106618
2018-06-19 13:00:00,0.7825700410892313
2018-06-19 13:15:00,0.6364345751678027
2018-06-19 13:30:00,0.4902991092463722
2018-06-19 13:45:00,0.34416364332494354
2018-06-19 14:00:00,0.19802817740351308
2018-06-19 14:15:00,0.05189271148208441
2018-06-19 14:30:00,-0.09424275443934604
2018-06-19 14:45:00,-0.24037822036077472
2018-06-19 15:00:00,-0.38651368628220517
2018-06-19 15:15:00,-0.5326491522036338
2018-06-19 15:30:00,-0.6787846181250643
2018-06-19 15:45:00,-0.824920084046493
2018-06-19 16:00:00,-0.9710555499679234
2018-06-19 16:15:00,-1.117191015889352
2018-06-19 16:30:00,-1.2633264818107826
2018-06-19 16:45:00,-1.4094619477322112
2018-06-19 17:00:00,-1.5555974136536417
2018-06-19 17:15:00,-1.7017328795750704
2018-06-19 17:30:00,-1.8478683454965008
2018-06-19 17:45:00,-1.9940038114179295
2018-06-19 18:00:00,-2.14013927733936
2018-06-19 18:15:00,-2.2862747432607886
2018-06-19 18:30:00,-2.432410209182219
2018-06-19 18:45:00,-2.5785456751036477
2018-06-19 19:00:00,-2.724681141025078
2018-06-19 19:15:00,-2.870816606946507
2018-06-19 19:30:00,-3.0169520728679373
2018-06-19 19:45:00,-3.1630875387893678
2018-06-19 20:00:00,8.67022916674614
2018-06-19 20:15:00,8.67022916674614
2018-06-19 20:30:00,8.67022916674614
2018-06-19 20:45:00,8.67022916674614
2018-06-19 21:00:00,8.67022916674614
2018-06-19 21:15:00,8.67022916674614
2018-06-19 21:30:00,8.67022916674614
2018-06-19 21:45:00,8.67022916674614
2018-06-19 22:00:00,8.67022916674614
2018-06-19 22:15:00,8.67022916674614
2018-06-19 22:30:00,8.67022916674614
2018-06-19 22:45:00,8.67022916674614
2018-06-19 23:00:00,8.67022916674614
2018-06-19 23:15:00,8.67022916674614
2018-06-19 23:30:00,8.67022916674614
2018-06-19 23:45:00,8.67022916674614
2018-06-20 00:00:00,8.67022916674614
2018-06-20 00:15:00,8.67022916674614
2018-06-20 00:30:00,8.67022916674614
2018-06-20 00:45:00,8.67022916674614
2018-06-20 01:00:00,8.67022916674614
2018-06-20 01:15:00,8.67022916674614
2018-06-20 01:30:00,8.67022916674614
2018-06-20 01:45:00,8.67022916674614
2018-06-20 02:00:00,8.67022916674614
2018-06-20 02:15:00,8.67022916674614
2018-06-20 02:30:00,8.67022916674614
2018-06-20 02:45:00,8.67022916674614
2018-06-20 03:00:00,8.67022916674614
2018-06-20 03:15:00,8.67022916674614
2018-06-20 03:30:00,8.67022916674614
2018-06-20 03:45:00,8.67022916674614
2018-06-20 04:00:00,8.67022916674614
2018-06-20 04:15:00,8.67022916674614
2018-06-20 04:30:00,8.67022916674614
2018-06-20 04:45:00,8.67022916674614
2018-06-20 05:00:00,8.67022916674614
2018-06-20 05:15:00,8.67022916674614
2018-06-20 05:30:00,8.67022916674614
2018-06-20 05:45:00,8.67022916674614
2018-06-20 06:00:00,8.67022916674614
2018-06-20 06:15:00,8.67022916674614
2018-06-20 06:30:00,8.67022916674614
2018-06-20 06:45:00,8.67022916674614
2018-06-20 07:00:00,8.67022916674614
2018-06-20 07:15:00,8.67022916674614
2018-06-20 07:30:00,8.67022916674614
2018-06-20 07:45:00,8.67022916674614
2018-06-20 08:00:00,8.67022916674614
2018-06-20 08:15:00,8.67022916674614
2018-06-20 08:30:00,8.67022916674614
2018-06-20 08:45:00,8.67022916674614
2018-06-20 09:00:00,8.67022916674614
2018-06-20 09:15:00,8.67022916674614
2018-06-20 09:30:00,8.67022916674614
2018-06-20 09:45:00,8.67022916674614
2018-06-20 10:00:00,8.67022916674614
2018-06-20 10:15:00,8.67022916674614
2018-06-20 10:30:00,8.67022916674614
2018-06-20 10:45:00,8.67022916674614
2018-06-20 11:00:00,8.67022916674614
2018-06-20 11:15:00,8.67022916674614
2018-06-20 11:30:00,8.67022916674614
2018-06-20 11:45:00,8.67022916674614
2018-06-20 12:00:00,8.67022916674614
2018-06-20 12:15:00,8.67022916674614
2018-06-20 12:30:00,8.67022916674614
2018-06-20 12:45:00,8.67022916674614
2018-06-20 13:00:00,8.67022916674614
2018-06-20 13:15:00,8.67022916674614
2018-06-20 13:30:00,8.67022916674614
2018-06-20 13:45:00,8.67022916674614
2018-06-20 14:00:00,8.67022916674614
2018-06-20 14:15:00,8.67022916674614
2018-06-20 14:30:00,8.67022916674614
2018-06-20 14:45:00,8.67022916674614
2018-06-20 15:00:00,8.67022916674614
2018-06-20 15:15:00,8.67022916674614
2018-06-20 15:30:00,8.67022916674614
2018-06-20 15:45:00,8.67022916674614
2018-06-20 16:00:00,8.67022916674614
2018-06-20 16:15:00,8.67022916674614
2018-06-20 16:30:00,8.67022916674614
2018-06-20 16:45:00,8.67022916674614
2018-06-20 17:00:00,8.67022916674614
2018-06-20 17:15:00,8.67022916674614
2018-06-20 17:30:00,8.67022916674614
2018-06-20 17:45:00,8.67022916674614
2018-06-20 18:00:00,8.67022916674614
2018-06-20 18:15:00,8.67022916674614
2018-06-20 18:30:00,8.67022916674614
2018-06-20 18:45:00,8.67022916674614
2018-06-20 19:00:00,8.67022916674614
2018-06-20 19:15:00,8.67022916674614
2018-06-20 19:30:00,8.67022916674614
2018-06-20 19:45:00,8.67022916674614
2018-06-20 20:00:00,7.5776562839746475
2018-06-20 20:15:00,7.5776562839746475
2018-06-20 20:30:00,7.5776562839746475
2018-06-20 20:45:00,7.5776562839746475
2018-06-20 21:00:00,7.5776562839746475
2018-06-20 21:15:00,7.5776562839746475
2018-06-20 21:30:00,7.5776562839746475
2018-06-20 21:45:00,7.5776562839746475
2018-06-20 22:00:00,7.5776562839746475
2018-06-20 22:15:00,7.5776562839746475
2018-06-20 22:30:00,7.5776562839746475
2018-06-20 22:45:00,7.5776562839746475
2018-06-20 23:00:00,7.5776562839746475
2018-06-20 23:15:00,7.5776562839746475
2018-06-20 23:30:00,7.5776562839746475
2018-06-20 23:45:00,7.5776562839746475
2018-06-21 00:00:00,7.5776562839746475
2018-06-21 00:15:00,7.5776562839746475
2018-06-21 00:30:00,7.5776562839746475
2018-06-21 00:45:00,7.5776562839746475
2018-06-21 01:00:00,7.5776562839746475
2018-06-21 01:15:00,7.5776562839746475
2018-06-21 01:30:00,7.5776562839746475
2018-06-21 01:45:00,7.5776562839746475
2018-06-21 02:00:00,7.5776562839746475
2018-06-21 02:15:00,7.5776562839746475
2018-06-21 02:30:00,7.5776562839746475
2018-06-21 02:45:00,7.5776562839746475
2018-06-21 03:00:00,7.5776562839746475
2018-06-21 03:15:00,7.5776562839746475
2018-06-21 03:30:00,7.5776562839746475
2018-06-21 03:45:00,7.5776562839746475
2018-06-21 04:00:00,7.5776562839746475
2018-06-21 04:15:00,7.5776562839746475
2018-06-21 04:30:00,7.5776562839746475
2018-06-21 04:45:00,7.5776562839746475
2018-06-21 05:00:00,7.5776562839746475
2018-06-21 05:15:00,7.5776562839746475
2018-06-21 05:30:00,7.5776562839746475
2018-06-21 05:45:00,7.5776562839746475
2018-06-21 06:00:00,7.5776562839746475
2018-06-21 06:15:00,7.5776562839746475
2018-06-21 06:30:00,7.5776562839746475
2018-06-21 06:45:00,7.5776562839746475
2018-06-21 07:00:00,7.5776562839746475
2018-06-21 07:15:00,7.5776562839746475
2018-06-21 07:30:00,7.5776562839746475
2018-06-21 07:45:00,7.5776562839746475
2018-06-21 08:00:00,7.5776562839746475
2018-06-21 08:15:00,7.5776562839746475
2018-06-21 08:30:00,7.5776562839746475
2018-06-21 08:45:00,7.5776562839746475
2018-06-21 09:00:00,7.5776562839746475
2018-06-21 09:15:00,7.5776562839746475
2018-06-21 09:30:00,7.5776562839746475
2018-06-21 09:45:00,7.5776562839746475
2018-06-21 10:00:00,7.5776562839746475
2018-06-21 10:15:00,7.5776562839746475
2018-06-21 10:30:00,7.5776562839746475
2018-06-21 10:45:00,7.5776562839746475
2018-06-21 11:00:00,7.5776562839746475
2018-06-21 11:15:00,7.5776562839746475
2018-06-21 11:30:00,7.5776562839746475
2018-06-21 11:45:00,7.5776562839746475
2018-06-21 12:00:00,7.5776562839746475
2018-06-21 12:15:00,7.5776562839746475
2018-06-21 12:30:00,7.5776562839746475
2018-06-21 12:45:00,7.5776562839746475
2018-06-21 13:00:00,7.5776562839746475
2018-06-21 13:15:00,7.5776562839746475
2018-06-21 13:30:00,7.5776562839746475
2018-06-21 13:45:00,7.5776562839746475
2018-06-21 14:00:00,7.5776562839746475
2018-06-21 14:15:00,7.5776562839746475
2018-06-21 14:30:00,7.5776562839746475
2018-06-21 14:45:00,7.5776562839746475
2018-06-21 15:00:00,7.5776562839746475
2018-06-21 15:15:00,7.5776562839746475
2018-06-21 15:30:00,7.5776562839746475
2018-06-21 15:45:00,7.5776562839746475
2018-06-21 16:00:00,7.5776562839746475
2018-06-21 16:15:00,7.5776562839746475
2018-06-21 16:30:00,7.5776562839746475
2018-06-21 16:45:00,7.5776562839746475
2018-06-21 17:00:00,7.5776562839746475
2018-06-21 17:15:00,7.5776562839746475
2018-06-21 17:30:00,7.5776562839746475
2018-06-21 17:45:00,7.5776562839746475
2018-06-21 18:00:00,7.5776562839746475
2018-06-21 18:15:00,7.5776562839746475
2018-06-21 18:30:00,7.5776562839746475
2018-06-21 18:45:00,7.5776562839746475
2018-06-21 19:00:00,7.5776562839746475
2018-06-21 19:15:00,7.5776562839746475
2018-06-21 19:30:00,7.5776562839746475
2018-06-21 19:45:00,7.5776562839746475
2018-06-21 20:00:00,8.801568031311035
2018-06-21 20:15:00,8.80421257019043
2018-06-21 20:30:00,8.796573638916016
2018-06-21 20:45:00,8.790203094482422
2018-06-21 21:00:00,8.78302001953125
2018-06-21 21:15:00,8.776989936828613
2018-06-21 21:30:00,8.762028694152832
2018-06-21 21:45:00,8.746190071105957
2018-06-21 22:00:00,8.736475944519043
2018-06-21 22:15:00,8.720252990722656
2018-06-21 22:30:00,8.71253776550293
2018-06-21 22:45:00,8.700872421264648
2018-06-21 23:00:00,8.693974494934082
2018-06-21 23:15:00,8.689645767211914
2018-06-21 23:30:00,8.680699348449707
2018-06-21 23:45:00,8.674171447753906
2018-06-22 00:00:00,8.662708282470703
2018-06-22 00:15:00,8.646086692810059
2018-06-22 00:30:00,8.634714126586914
2018-06-22 00:45:00,8.614245414733887
2018-06-22 01:00:00,8.59468936920166
2018-06-22 01:15:00,8.575617790222168
2018-06-22 01:30:00,8.550464630126953
2018-06-22 01:45:00,8.522947311401367
2018-06-22 02:00:00,8.498251914978027
2018-06-22 02:15:00,8.473045349121094
2018-06-22 02:30:00,8.44764518737793
2018-06-22 02:45:00,8.422452926635742
2018-06-22 03:00:00,8.401171684265137
2018-06-22 03:15:00,8.383280754089355
2018-06-22 03:30:00,8.36475658416748
2018-06-22 03:45:00,8.34693717956543
2018-06-22 04:00:00,8.330397605895996
2018-06-22 04:15:00,8.320987701416016
2018-06-22 04:30:00,8.302671432495117
2018-06-22 04:45:00,8.295758247375488
2018-06-22 05:00:00,8.283899307250977
2018-06-22 05:15:00,8.275017738342285
2018-06-22 05:30:00,8.270651817321777
2018-06-22 05:45:00,8.272285461425781
2018-06-22 06:00:00,8.271326065063477
2018-06-22 06:15:00,8.27404499053955
2018-06-22 06:30:00,8.272713661193848
2018-06-22 06:45:00,8.270485877990723
2018-06-22 07:00:00,8.279168128967285
2018-06-22 07:15:00,8.287277221679688
2018-06-22 07:30:00,8.298577308654785
2018-06-22 07:45:00,8.303033828735352
2018-06-22 08:00:00,8.30585765838623
2018-06-22 08:15:00,8.306119918823242
2018-06-22 08:30:00,8.306289672851562
2018-06-22 08:45:00,8.300100326538086
2018-06-22 09:00:00,8.295783996582031
2018-06-22 09:15:00,8.293819427490234
2018-06-22 09:30:00,8.293378829956055
2018-06-22 09:45:00,8.29676628112793
2018-06-22 10:00:00,8.29807186126709
2018-06-22 10:15:00,8.304220199584961
2018-06-22 10:30:00,8.305414199829102
2018-06-22 10:45:00,8.313222885131836
2018-06-22 11:00:00,8.322214126586914
2018-06-22 11:15:00,8.3319730758667
2018-06-22 11:30:00,8.345993995666504
2018-06-22 11:45:00,8.362788200378418
2018-06-22 12:00:00,8.377297401428223
2018-06-22 12:15:00,8.392334938049316
2018-06-22 12:30:00,8.410846710205078
2018-06-22 12:45:00,8.434581756591797
2018-06-22 13:00:00,8.46473217010498
2018-06-22 13:15:00,8.493882179260254
2018-06-22 13:30:00,8.52820110321045
2018-06-22 13:45:00,8.564992904663086
2018-06-22 14:00:00,8.605012893676758
2018-06-22 14:15:00,8.642080307006836
2018-06-22 14:30:00,8.674212455749512
2018-06-22 14:45:00,8.702532768249512
2018-06-22 15:00:00,8.725776672363281
2018-06-22 15:15:00,8.744407653808594
2018-06-22 15:30:00,8.760022163391113
2018-06-22 15:45:00,8.770532608032227
2018-06-22 16:00:00,8.7776517868042
2018-06-22 16:15:00,8.783178329467773
2018-06-22 16:30:00,8.786300659179688
2018-06-22 16:45:00,8.784505844116211
2018-06-22 17:00:00,8.779731750488281
2018-06-22 17:15:00,8.772439002990723
2018-06-22 17:30:00,8.758439064025879
2018-06-22 17:45:00,8.737563133239746
2018-06-22 18:00:00,8.709125518798828
2018-06-22 18:15:00,8.674506187438965
2018-06-22 18:30:00,8.642050743103027
2018-06-22 18:45:00,8.607394218444824
2018-06-22 19:00:00,8.576613426208496
2018-06-22 19:15:00,8.552730560302734
2018-06-22 19:30:00,8.526250839233398
2018-06-22 19:45:00,8.503005027770996
2018-06-22 20:00:00,6.395729189117749
2018-06-22 20:15:00,6.395729189117749
2018-06-22 20:30:00,6.395729189117749
2018-06-22 20:45:00,6.395729189117749
2018-06-22 21:00:00,6.395729189117749
2018-06-22 21:15:00,6.395729189117749
2018-06-22 21:30:00,6.395729189117749
2018-06-22 21:45:00,6.395729189117749
2018-06-22 22:00:00,6.395729189117749
2018-06-22 22:15:00,6.395729189117749
2018-06-22 22:30:00,6.395729189117749
2018-06-22 22:45:00,6.395729189117749
2018-06-22 23:00:00,6.395729189117749
2018-06-22 23:15:00,6.395729189117749
2018-06-22 23:30:00,6.395729189117749
2018-06-22 23:45:00,6.395729189117749
2018-06-23 00:00:00,6.395729189117749
2018-06-23 00:15:00,6.395729189117749
2018-06-23 00:30:00,6.395729189117749
2018-06-23 00:45:00,6.395729189117749
2018-06-23 01:00:00,6.395729189117749
2018-06-23 01:15:00,6.395729189117749
2018-06-23 01:30:00,6.395729189117749
2018-06-23 01:45:00,6.395729189117749
2018-06-23 02:00:00,6.395729189117749
2018-06-23 02:15:00,6.395729189117749
2018-06-23 02:30:00,6.395729189117749
2018-06-23 02:45:00,6.395729189117749
2018-06-23 03:00:00,6.395729189117749
2018-06-23 03:15:00,6.395729189117749
2018-06-23 03:30:00,6.395729189117749
2018-06-23 03:45:00,6.395729189117749
2018-06-23 04:00:00,6.395729189117749
2018-06-23 04:15:00,6.395729189117749
2018-06-23 04:30:00,6.395729189117749
2018-06-23 04:45:00,6.395729189117749
2018-06-23 05:00:00,6.395729189117749
2018-06-23 05:15:00,6.395729189117749
2018-06-23 05:30:00,6.395729189117749
2018-06-23 05:45:00,6.395729189117749
2018-06-23 06:00:00,6.395729189117749
2018-06-23 06:15:00,6.395729189117749
2018-06-23 06:30:00,6.395729189117749
2018-06-23 06:45:00,6.395729189117749
2018-06-23 07:00:00,6.395729189117749
2018-06-23 07:15:00,6.395729189117749
2018-06-23 07:30:00,6.395729189117749
2018-06-23 07:45:00,6.395729189117749
2018-06-23 08:00:00,6.395729189117749
2018-06-23 08:15:00,6.395729189117749
2018-06-23 08:30:00,6.395729189117749
2018-06-23 08:45:00,6.395729189117749
2018-06-23 09:00:00,6.395729189117749
2018-06-23 09:15:00,6.395729189117749
2018-06-23 09:30:00,6.395729189117749
2018-06-23 09:45:00,6.395729189117749
2018-06-23 10:00:00,6.395729189117749
2018-06-23 10:15:00,6.395729189117749
2018-06-23 10:30:00,6.395729189117749
2018-06-23 10:45:00,6.395729189117749
2018-06-23 11:00:00,6.395729189117749
2018-06-23 11:15:00,6.395729189117749
2018-06-23 11:30:00,6.395729189117749
2018-06-23 11:45:00,6.395729189117749
2018-06-23 12:00:00,6.395729189117749
2018-06-23 12:15:00,6.395729189117749
2018-06-23 12:30:00,6.395729189117749
2018-06-23 12:45:00,6.395729189117749
2018-06-23 13:00:00,6.395729189117749
2018-06-23 13:15:00,6.395729189117749
2018-06-23 13:30:00,6.395729189117749
2018-06-23 13:45:00,6.395729189117749
2018-06-23 14:00:00,6.395729189117749
2018-06-23 14:15:00,6.395729189117749
2018-06-23 14:30:00,6.395729189117749
2018-06-23 14:45:00,6.395729189117749
2018-06-23 15:00:00,6.395729189117749
2018-06-23 15:15:00,6.395729189117749
2018-06-23 15:30:00,6.395729189117749
2018-06-23 15:45:00,6.395729189117749
2018-06-23 16:00:00,6.395729189117749
2018-06-23 16:15:00,6.395729189117749
2018-06-23 16:30:00,6.395729189117749
2018-06-23 16:45:00,6.395729189117749
2018-06-23 17:00:00,6.395729189117749
2018-06-23 17:15:00,6.395729189117749
2018-06-23 17:30:00,6.395729189117749
2018-06-23 17:45:00,6.395729189117749
2018-06-23 18:00:00,6.395729189117749
2018-06-23 18:15:00,6.395729189117749
2018-06-23 18:30:00,6.395729189117749
2018-06-23 18:45:00,6.395729189117749
2018-06-23 19:00:00,6.395729189117749
2018-06-23 19:15:00,6.395729189117749
2018-06-23 19:30:00,6.395729189117749
2018-06-23 19:45:00,6.395729189117749
2018-06-23 20:00:00,7.079732894897461
2018-06-23 20:15:00,7.192151069641113
2018-06-23 20:30:00,7.227566242218018
2018-06-23 20:45:00,7.216882228851318
2018-06-23 21:00:00,7.166723728179932
2018-06-23 21:15:00,7.113891124725342
2018-06-23 21:30:00,7.061248779296875
2018-06-23 21:45:00,6.9917426109313965
2018-06-23 22:00:00,6.940006732940674
2018-06-23 22:15:00,6.873898029327393
2018-06-23 22:30:00,6.824466228485107
2018-06-23 22:45:00,6.855393886566162
2018-06-23 23:00:00,6.830296039581299
2018-06-23 23:15:00,6.871939182281494
2018-06-23 23:30:00,6.913207530975342
2018-06-23 23:45:00,6.910317897796631
2018-06-24 00:00:00,6.922910690307617
2018-06-24 00:15:00,6.9193949699401855
2018-06-24 00:30:00,6.920631408691406
2018-06-24 00:45:00,6.949956893920898
2018-06-24 01:00:00,6.9850311279296875
2018-06-24 01:15:00,7.004421710968018
2018-06-24 01:30:00,7.010122299194336
2018-06-24 01:45:00,7.003170490264893
2018-06-24 02:00:00,7.004732131958008
2018-06-24 02:15:00,6.993208408355713
2018-06-24 02:30:00,6.97172737121582
2018-06-24 02:45:00,6.996796607971191
2018-06-24 03:00:00,6.9463324546813965
2018-06-24 03:15:00,6.971829414367676
2018-06-24 03:30:00,6.994923114776611
2018-06-24 03:45:00,6.994010925292969
2018-06-24 04:00:00,7.011961936950684
2018-06-24 04:15:00,7.028738021850586
2018-06-24 04:30:00,7.032430648803711
2018-06-24 04:45:00,7.0903401374816895
2018-06-24 05:00:00,7.11865234375
2018-06-24 05:15:00,7.108761787414551
2018-06-24 05:30:00,7.1180548667907715
2018-06-24 05:45:00,7.1144022941589355
2018-06-24 06:00:00,7.114322662353516
2018-06-24 06:15:00,7.085459232330322
2018-06-24 06:30:00,7.064764976501465
2018-06-24 06:45:00,7.042178630828857
2018-06-24 07:00:00,7.01383638381958
2018-06-24 07:15:00,7.016632556915283
2018-06-24 07:30:00,6.988309383392334
2018-06-24 07:45:00,6.98742151260376
2018-06-24 08:00:00,7.0117506980896
2018-06-24 08:15:00,7.015380859375
2018-06-24 08:30:00,7.020859241485596
2018-06-24 08:45:00,7.028468608856201
2018-06-24 09:00:00,7.028719425201416
2018-06-24 09:15:00,7.040396213531494
2018-06-24 09:30:00,7.045459747314453
2018-06-24 09:45:00,7.042721748352051
2018-06-24 10:00:00,7.017045021057129
2018-06-24 10:15:00,7.008889198303223
2018-06-24 10:30:00,6.994557857513428
2018-06-24 10:45:00,6.977115154266357
2018-06-24 11:00:00,6.972084045410156
2018-06-24 11:15:00,6.951787948608398
2018-06-24 11:30:00,6.947518825531006
2018-06-24 11:45:00,6.973832607269287
2018-06-24 12:00:00,6.960198402404785
2018-06-24 12:15:00,6.965168476104736
2018-06-24 12:30:00,6.967006683349609
2018-06-24 12:45:00,6.952798843383789
2018-06-24 13:00:00,6.9712677001953125
2018-06-24 13:15:00,6.987571716308594
2018-06-24 13:30:00,6.978779315948486
2018-06-24 13:45:00,6.960878372192383
2018-06-24 14:00:00,6.907413959503174
2018-06-24 14:15:00,6.866527557373047
2018-06-24 14:30:00,6.8223676681518555
2018-06-24 14:45:00,6.738283157348633
2018-06-24 15:00:00,6.705386161804199
2018-06-24 15:15:00,6.725888252258301
2018-06-24 15:30:00,6.762461185455322
2018-06-24 15:45:00,6.819371700286865
2018-06-24 16:00:00,6.8912272453308105
2018-06-24 16:15:00,6.942245960235596
2018-06-24 16:30:00,7.0073394775390625
2018-06-24 16:45:00,7.028818130493164
2018-06-24 17:00:00,7.075806617736816
2018-06-24 17:15:00,7.0955963134765625
2018-06-24 17:30:00,7.145251274108887
2018-06-24 17:45:00,7.114908218383789
2018-06-24 18:00:00,7.0711798667907715
2018-06-24 18:15:00,7.043245315551758
2018-06-24 18:30:00,6.983500003814697
2018-06-24 18:45:00,6.892307758331299
2018-06-24 19:00:00,6.795164585113525
2018-06-24 19:15:00,6.663219451904297
2018-06-24 19:30:00,6.624266147613525
2018-06-24 19:45:00,6.713345050811768
2018-06-24 20:00:00,8.70127010345459
2018-06-24 20:15:00,8.710684776306152
2018-06-24 20:30:00,8.616802215576172
2018-06-24 20:45:00,8.609007835388184
2018-06-24 21:00:00,8.448946952819824
2018-06-24 21:15:00,8.57222843170166
2018-06-24 21:30:00,8.486931800842285
2018-06-24 21:45:00,8.425036430358887
2018-06-24 22:00:00,8.361043930053711
2018-06-24 22:15:00,8.399055480957031
2018-06-24 22:30:00,8.24677562713623
2018-06-24 22:45:00,8.27322769165039
2018-06-24 23:00:00,8.15006160736084
2018-06-24 23:15:00,8.205559730529785
2018-06-24 23:30:00,8.211102485656738
2018-06-24 23:45:00,8.015503883361816
2018-06-25 00:00:00,8.05839729309082
2018-06-25 00:15:00,7.939184188842773
2018-06-25 00:30:00,7.955404758453369
2018-06-25 00:45:00,8.016316413879395
2018-06-25 01:00:00,7.819437503814697
2018-06-25 01:15:00,7.826631546020508
2018-06-25 01:30:00,7.775365352630615
2018-06-25 01:45:00,7.686972618103027
2018-06-25 02:00:00,7.708588123321533
2018-06-25 02:15:00,7.748608112335205
2018-06-25 02:30:00,7.750473499298096
2018-06-25 02:45:00,7.684920310974121
2018-06-25 03:00:00,7.611362457275391
2018-06-25 03:15:00,7.654263973236084
2018-06-25 03:30:00,7.714850425720215
2018-06-25 03:45:00,7.6280517578125
2018-06-25 04:00:00,7.610559463500977
2018-06-25 04:15:00,7.656245708465576
2018-06-25 04:30:00,7.553013324737549
2018-06-25 04:45:00,7.697729110717773
2018-06-25 05:00:00,7.684112071990967
2018-06-25 05:15:00,7.8063225746154785
2018-06-25 05:30:00,7.664861679077148
2018-06-25 05:45:00,7.619061470031738
2018-06-25 06:00:00,7.695158958435059
2018-06-25 06:15:00,7.813879489898682
2018-06-25 06:30:00,7.7316975593566895
2018-06-25 06:45:00,7.775609493255615
2018-06-25 07:00:00,7.754870414733887
2018-06-25 07:15:00,7.797636032104492
2018-06-25 07:30:00,7.919236660003662
2018-06-25 07:45:00,7.8887104988098145
2018-06-25 08:00:00,7.845067501068115
2018-06-25 08:15:00,8.017346382141113
2018-06-25 08:30:00,8.039419174194336
2018-06-25 08:45:00,8.12101936340332
2018-06-25 09:00:00,8.112021446228027
2018-06-25 09:15:00,8.239459037780762
2018-06-25 09:30:00,8.211160659790039
2018-06-25 09:45:00,8.403276443481445
2018-06-25 10:00:00,8.410072326660156
2018-06-25 10:15:00,8.510171890258789
2018-06-25 10:30:00,8.387269020080566
2018-06-25 10:45:00,8.52638053894043
2018-06-25 11:00:00,8.701233863830566
2018-06-25 11:15:00,8.673550605773926
2018-06-25 11:30:00,8.692167282104492
2018-06-25 11:45:00,8.723514556884766
2018-06-25 12:00:00,8.816946983337402
2018-06-25 12:15:00,8.899195671081543
2018-06-25 12:30:00,9.0184326171875
2018-06-25 12:45:00,9.01291275024414
2018-06-25 13:00:00,9.124689102172852
2018-06-25 13:15:00,9.0623197555542
2018-06-25 13:30:00,9.106019020080566
2018-06-25 13:45:00,9.047926902770996
2018-06-25 14:00:00,9.17299747467041
2018-06-25 14:15:00,9.16830062866211
2018-06-25 14:30:00,9.130132675170898
2018-06-25 14:45:00,9.13272476196289
2018-06-25 15:00:00,9.1277494430542
2018-06-25 15:15:00,9.218531608581543
2018-06-25 15:30:00,9.173964500427246
2018-06-25 15:45:00,9.220293998718262
2018-06-25 16:00:00,9.26020336151123
2018-06-25 16:15:00,9.161916732788086
2018-06-25 16:30:00,9.153705596923828
2018-06-25 16:45:00,9.183194160461426
2018-06-25 17:00:00,9.016569137573242
2018-06-25 17:15:00,8.983349800109863
2018-06-25 17:30:00,8.935142517089844
2018-06-25 17:45:00,9.035895347595215
2018-06-25 18:00:00,8.929386138916016
2018-06-25 18:15:00,8.843986511230469
2018-06-25 18:30:00,8.775771141052246
2018-06-25 18:45:00,8.885741233825684
2018-06-25 19:00:00,8.821593284606934
2018-06-25 19:15:00,8.772393226623535
2018-06-25 19:30:00,8.599370956420898
2018-06-25 19:45:00,8.466192245483398
2018-06-25 20:00:00,11.0661503354731
2018-06-25 20:15:00,11.053312791038033
2018-06-25 20:30:00,11.040475246602966
2018-06-25 20:45:00,11.0276377021679
2018-06-25 21:00:00,11.014800157732834
2018-06-25 21:15:00,11.001962613297767
2018-06-25 21:30:00,10.9891250688627
2018-06-25 21:45:00,10.976287524427633
2018-06-25 22:00:00,10.963449979992566
2018-06-25 22:15:00,10.950612435557499
2018-06-25 22:30:00,10.937774891122432
2018-06-25 22:45:00,10.924937346687367
2018-06-25 23:00:00,10.9120998022523
2018-06-25 23:15:00,10.899262257817233
2018-06-25 23:30:00,10.886424713382166
2018-06-25 23:45:00,10.873587168947099
2018-06-26 00:00:00,10.860749624512032
2018-06-26 00:15:00,10.847912080076965
2018-06-26 00:30:00,10.8350745356419
2018-06-26 00:45:00,10.822236991206832
2018-06-26 01:00:00,10.809399446771765
2018-06-26 01:15:00,10.796561902336698
2018-06-26 01:30:00,10.783724357901631
2018-06-26 01:45:00,10.770886813466564
2018-06-26 02:00:00,10.758049269031497
2018-06-26 02:15:00,10.745211724596432
2018-06-26 02:30:00,10.732374180161365
2018-06-26 02:45:00,10.719536635726296
2018-06-26 03:00:00,10.706699091291231
2018-06-26 03:15:00,10.693861546856162
2018-06-26 03:30:00,10.681024002421097
2018-06-26 03:45:00,10.66818645798603
2018-06-26 04:00:00,10.655348913550963
2018-06-26 04:15:00,10.642511369115896
2018-06-26 04:30:00,10.629673824680829
2018-06-26 04:45:00,10.616836280245762
2018-06-26 05:00:00,10.603998735810695
2018-06-26 05:15:00,10.591161191375628
2018-06-26 05:30:00,10.578323646940563
2018-06-26 05:45:00,10.565486102505496
2018-06-26 06:00:00,10.552648558070429
2018-06-26 06:15:00,10.539811013635362
2018-06-26 06:30:00,10.526973469200295
2018-06-26 06:45:00,10.514135924765228
2018-06-26 07:00:00,10.50129838033016
2018-06-26 07:15:00,10.488460835895095
2018-06-26 07:30:00,10.475623291460028
2018-06-26 07:45:00,10.462785747024961
2018-06-26 08:00:00,10.449948202589894
2018-06-26 08:15:00,10.437110658154827
2018-06-26 08:30:00,10.42427311371976
2018-06-26 08:45:00,10.411435569284693
2018-06-26 09:00:00,10.398598024849626
2018-06-26 09:15:00,10.385760480414561
2018-06-26 09:30:00,10.372922935979492
2018-06-26 09:45:00,10.360085391544427
2018-06-26 10:00:00,10.347247847109358
2018-06-26 10:15:00,10.334410302674293
2018-06-26 10:30:00,10.321572758239226
2018-06-26 10:45:00,10.308735213804159
2018-06-26 11:00:00,10.295897669369092
2018-06-26 11:15:00,10.283060124934025
2018-06-26 11:30:00,10.270222580498958
2018-06-26 11:45:00,10.25738503606389
2018-06-26 12:00:00,10.244547491628824
2018-06-26 12:15:00,10.231709947193758
2018-06-26 12:30:00,10.218872402758691
2018-06-26 12:45:00,10.206034858323624
2018-06-26 13:00:00,10.193197313888557
2018-06-26 13:15:00,10.18035976945349
2018-06-26 13:30:00,10.167522225018423
2018-06-26 13:45:00,10.154684680583356
2018-06-26 14:00:00,10.141847136148291
2018-06-26 14:15:00,10.129009591713224
2018-06-26 14:30:00,10.116172047278157
2018-06-26 14:45:00,10.10333450284309
2018-06-26 15:00:00,10.090496958408023
2018-06-26 15:15:00,10.077659413972956
2018-06-26 15:30:00,10.064821869537889
2018-06-26 15:45:00,10.051984325102822
2018-06-26 16:00:00,10.039146780667757
2018-06-26 16:15:00,10.026309236232688
2018-06-26 16:30:00,10.013471691797623
2018-06-26 16:45:00,10.000634147362554
2018-06-26 17:00:00,9.987796602927489
2018-06-26 17:15:00,9.974959058492422
2018-06-26 17:30:00,9.962121514057355
2018-06-26 17:45:00,9.949283969622288
2018-06-26 18:00:00,9.93644642518722
2018-06-26 18:15:00,9.923608880752154
2018-06-26 18:30:00,9.910771336317087
2018-06-26 18:45:00,9.897933791882021
2018-06-26 19:00:00,9.885096247446954
2018-06-26 19:15:00,9.872258703011887
2018-06-26 19:30:00,9.85942115857682
2018-06-26 19:45:00,9.846583614141753
