time_stamp,predicted_ans
2017-09-01 00:00:00,31.873228073120117
2017-09-01 01:00:00,30.091827392578125
2017-09-01 02:00:00,28.948890686035156
2017-09-01 03:00:00,28.932758331298828
2017-09-01 04:00:00,29.271265029907227
2017-09-01 05:00:00,29.705852508544922
2017-09-01 06:00:00,32.55478286743164
2017-09-01 07:00:00,35.542236328125
2017-09-01 08:00:00,35.84101867675781
2017-09-01 09:00:00,36.35521697998047
2017-09-01 10:00:00,36.22029495239258
2017-09-01 11:00:00,35.949283599853516
2017-09-01 12:00:00,35.05509567260742
2017-09-01 13:00:00,32.741432189941406
2017-09-01 14:00:00,31.537933349609375
2017-09-01 15:00:00,30.830530166625977
2017-09-01 16:00:00,32.32829666137695
2017-09-01 17:00:00,35.622718811035156
2017-09-01 18:00:00,37.49359893798828
2017-09-01 19:00:00,38.263153076171875
2017-09-01 20:00:00,36.59815979003906
2017-09-01 21:00:00,34.85002517700195
2017-09-01 22:00:00,32.445526123046875
2017-09-01 23:00:00,31.061012268066406
2017-09-02 00:00:00,29.92230224609375
2017-09-02 01:00:00,28.489727020263672
2017-09-02 02:00:00,26.737136840820312
2017-09-02 03:00:00,26.21621322631836
2017-09-02 04:00:00,25.85425567626953
2017-09-02 05:00:00,26.942155838012695
2017-09-02 06:00:00,28.905811309814453
2017-09-02 07:00:00,30.427268981933594
2017-09-02 08:00:00,31.80476951599121
2017-09-02 09:00:00,31.357498168945312
2017-09-02 10:00:00,31.370214462280273
2017-09-02 11:00:00,31.609127044677734
2017-09-02 12:00:00,30.94789695739746
2017-09-02 13:00:00,29.283206939697266
2017-09-02 14:00:00,28.013994216918945
2017-09-02 15:00:00,26.436016082763672
2017-09-02 16:00:00,28.981149673461914
2017-09-02 17:00:00,32.70352554321289
2017-09-02 18:00:00,35.15730285644531
2017-09-02 19:00:00,36.8063850402832
2017-09-02 20:00:00,36.243682861328125
2017-09-02 21:00:00,33.79756164550781
2017-09-02 22:00:00,30.637514114379883
2017-09-02 23:00:00,28.799427032470703
2017-09-03 00:00:00,27.540420532226562
2017-09-03 01:00:00,26.284748077392578
2017-09-03 02:00:00,24.225072860717773
2017-09-03 03:00:00,23.64820098876953
2017-09-03 04:00:00,23.70794677734375
2017-09-03 05:00:00,26.203506469726562
2017-09-03 06:00:00,30.223346710205078
2017-09-03 07:00:00,33.16558074951172
2017-09-03 08:00:00,33.98137664794922
2017-09-03 09:00:00,34.488548278808594
2017-09-03 10:00:00,34.6923828125
2017-09-03 11:00:00,33.77633285522461
2017-09-03 12:00:00,32.61324691772461
2017-09-03 13:00:00,31.4830379486084
2017-09-03 14:00:00,30.147327423095703
2017-09-03 15:00:00,30.434886932373047
2017-09-03 16:00:00,33.238746643066406
2017-09-03 17:00:00,36.83956527709961
2017-09-03 18:00:00,39.370399475097656
2017-09-03 19:00:00,41.097354888916016
2017-09-03 20:00:00,40.33448028564453
2017-09-03 21:00:00,37.83925247192383
2017-09-03 22:00:00,34.431148529052734
2017-09-03 23:00:00,31.586246490478516
2017-09-04 00:00:00,30.34747886657715
2017-09-04 01:00:00,28.26137924194336
2017-09-04 02:00:00,27.454917907714844
2017-09-04 03:00:00,27.21550750732422
2017-09-04 04:00:00,27.656436920166016
2017-09-04 05:00:00,30.000858306884766
2017-09-04 06:00:00,35.574798583984375
2017-09-04 07:00:00,40.4404296875
2017-09-04 08:00:00,42.70478439331055
2017-09-04 09:00:00,42.69028854370117
2017-09-04 10:00:00,40.99367904663086
2017-09-04 11:00:00,39.809654235839844
2017-09-04 12:00:00,37.81949234008789
2017-09-04 13:00:00,36.57149124145508
2017-09-04 14:00:00,35.84339904785156
2017-09-04 15:00:00,36.44084548950195
2017-09-04 16:00:00,38.458412170410156
2017-09-04 17:00:00,41.472679138183594
2017-09-04 18:00:00,44.171348571777344
2017-09-04 19:00:00,44.625709533691406
2017-09-04 20:00:00,42.967708587646484
2017-09-04 21:00:00,39.63399887084961
2017-09-04 22:00:00,36.3680305480957
2017-09-04 23:00:00,33.40094757080078
2017-09-05 00:00:00,32.38479995727539
2017-09-05 01:00:00,30.732336044311523
2017-09-05 02:00:00,29.955528259277344
2017-09-05 03:00:00,30.698749542236328
2017-09-05 04:00:00,31.370702743530273
2017-09-05 05:00:00,33.46090316772461
2017-09-05 06:00:00,38.26936340332031
2017-09-05 07:00:00,41.34791946411133
2017-09-05 08:00:00,42.59203338623047
2017-09-05 09:00:00,43.07765579223633
2017-09-05 10:00:00,42.84953308105469
2017-09-05 11:00:00,40.33436965942383
2017-09-05 12:00:00,39.334991455078125
2017-09-05 13:00:00,37.31618881225586
2017-09-05 14:00:00,36.58708572387695
2017-09-05 15:00:00,37.30207061767578
2017-09-05 16:00:00,38.9288444519043
2017-09-05 17:00:00,41.18117141723633
2017-09-05 18:00:00,43.573020935058594
2017-09-05 19:00:00,44.99333572387695
2017-09-05 20:00:00,44.607261657714844
2017-09-05 21:00:00,42.92898178100586
2017-09-05 22:00:00,39.59563064575195
2017-09-05 23:00:00,36.68734359741211
2017-09-06 00:00:00,33.293556213378906
2017-09-06 01:00:00,31.735307693481445
2017-09-06 02:00:00,31.350032806396484
2017-09-06 03:00:00,30.79755210876465
2017-09-06 04:00:00,31.828214645385742
2017-09-06 05:00:00,33.912208557128906
2017-09-06 06:00:00,37.5836067199707
2017-09-06 07:00:00,41.620635986328125
2017-09-06 08:00:00,43.04880905151367
2017-09-06 09:00:00,43.41254425048828
2017-09-06 10:00:00,42.64204788208008
2017-09-06 11:00:00,40.66236114501953
2017-09-06 12:00:00,39.086585998535156
2017-09-06 13:00:00,38.18164825439453
2017-09-06 14:00:00,37.76978302001953
2017-09-06 15:00:00,37.70677185058594
2017-09-06 16:00:00,39.143402099609375
2017-09-06 17:00:00,41.99339294433594
2017-09-06 18:00:00,43.786067962646484
2017-09-06 19:00:00,45.279144287109375
2017-09-06 20:00:00,44.67249298095703
2017-09-06 21:00:00,41.86652755737305
2017-09-06 22:00:00,38.79256820678711
2017-09-06 23:00:00,36.71759796142578
2017-09-07 00:00:00,33.763465881347656
2017-09-07 01:00:00,31.519617080688477
2017-09-07 02:00:00,31.453575134277344
2017-09-07 03:00:00,29.929763793945312
2017-09-07 04:00:00,31.666414260864258
2017-09-07 05:00:00,34.13854217529297
2017-09-07 06:00:00,36.864967346191406
2017-09-07 07:00:00,40.71867370605469
2017-09-07 08:00:00,42.17930603027344
2017-09-07 09:00:00,42.95275115966797
2017-09-07 10:00:00,41.19490051269531
2017-09-07 11:00:00,41.079891204833984
2017-09-07 12:00:00,38.489871978759766
2017-09-07 13:00:00,37.88977813720703
2017-09-07 14:00:00,37.872772216796875
2017-09-07 15:00:00,38.29066848754883
2017-09-07 16:00:00,39.24530792236328
2017-09-07 17:00:00,41.01190948486328
2017-09-07 18:00:00,43.49678039550781
2017-09-07 19:00:00,45.20342254638672
2017-09-07 20:00:00,45.11040496826172
2017-09-07 21:00:00,42.08633041381836
2017-09-07 22:00:00,38.92154312133789
2017-09-07 23:00:00,36.61735153198242
2017-09-08 00:00:00,33.31792449951172
2017-09-08 01:00:00,31.80872344970703
2017-09-08 02:00:00,31.22364044189453
2017-09-08 03:00:00,31.02117156982422
2017-09-08 04:00:00,31.980043411254883
2017-09-08 05:00:00,34.58604431152344
2017-09-08 06:00:00,37.61051940917969
2017-09-08 07:00:00,41.00288772583008
2017-09-08 08:00:00,42.69001007080078
2017-09-08 09:00:00,43.12555694580078
2017-09-08 10:00:00,41.756126403808594
2017-09-08 11:00:00,40.10797882080078
2017-09-08 12:00:00,40.0796012878418
2017-09-08 13:00:00,37.205135345458984
2017-09-08 14:00:00,36.659969329833984
2017-09-08 15:00:00,37.530174255371094
2017-09-08 16:00:00,38.0679931640625
2017-09-08 17:00:00,40.68647003173828
2017-09-08 18:00:00,42.4818115234375
2017-09-08 19:00:00,43.398887634277344
2017-09-08 20:00:00,42.046329498291016
2017-09-08 21:00:00,40.417537689208984
2017-09-08 22:00:00,37.1920280456543
2017-09-08 23:00:00,34.60597229003906
2017-09-09 00:00:00,27.634658813476562
2017-09-09 01:00:00,23.24887466430664
2017-09-09 02:00:00,21.866392135620117
2017-09-09 03:00:00,19.99707794189453
2017-09-09 04:00:00,19.899145126342773
2017-09-09 05:00:00,21.105457305908203
2017-09-09 06:00:00,24.152606964111328
2017-09-09 07:00:00,26.822998046875
2017-09-09 08:00:00,25.13711929321289
2017-09-09 09:00:00,25.202783584594727
2017-09-09 10:00:00,24.84652328491211
2017-09-09 11:00:00,20.539840698242188
2017-09-09 12:00:00,17.96129608154297
2017-09-09 13:00:00,15.687376022338867
2017-09-09 14:00:00,14.927513122558594
2017-09-09 15:00:00,15.515888214111328
2017-09-09 16:00:00,15.330612182617188
2017-09-09 17:00:00,19.601974487304688
2017-09-09 18:00:00,24.568883895874023
2017-09-09 19:00:00,27.35909080505371
2017-09-09 20:00:00,27.545860290527344
2017-09-09 21:00:00,27.050058364868164
2017-09-09 22:00:00,24.612512588500977
2017-09-09 23:00:00,21.252384185791016
2017-09-10 00:00:00,19.019718170166016
2017-09-10 01:00:00,16.987794876098633
2017-09-10 02:00:00,14.441856384277344
2017-09-10 03:00:00,13.314476013183594
2017-09-10 04:00:00,14.80743408203125
2017-09-10 05:00:00,16.398517608642578
2017-09-10 06:00:00,19.97476577758789
2017-09-10 07:00:00,21.587066650390625
2017-09-10 08:00:00,22.23958969116211
2017-09-10 09:00:00,21.401304244995117
2017-09-10 10:00:00,21.50643539428711
2017-09-10 11:00:00,20.169628143310547
2017-09-10 12:00:00,17.546581268310547
2017-09-10 13:00:00,16.007150650024414
2017-09-10 14:00:00,15.783109664916992
2017-09-10 15:00:00,16.354434967041016
2017-09-10 16:00:00,17.915176391601562
2017-09-10 17:00:00,21.350997924804688
2017-09-10 18:00:00,25.76024055480957
2017-09-10 19:00:00,27.27789306640625
2017-09-10 20:00:00,28.855911254882812
2017-09-10 21:00:00,26.543777465820312
2017-09-10 22:00:00,26.729530334472656
2017-09-10 23:00:00,24.52031707763672
2017-09-11 00:00:00,22.375864028930664
2017-09-11 01:00:00,22.248037338256836
2017-09-11 02:00:00,19.602394104003906
2017-09-11 03:00:00,17.677745819091797
2017-09-11 04:00:00,20.392196655273438
2017-09-11 05:00:00,23.651674270629883
2017-09-11 06:00:00,26.11532211303711
2017-09-11 07:00:00,32.51115798950195
2017-09-11 08:00:00,32.0306396484375
2017-09-11 09:00:00,33.95797348022461
2017-09-11 10:00:00,32.719364166259766
2017-09-11 11:00:00,30.910551071166992
2017-09-11 12:00:00,28.809988021850586
2017-09-11 13:00:00,27.89514923095703
2017-09-11 14:00:00,25.315502166748047
2017-09-11 15:00:00,24.847110748291016
2017-09-11 16:00:00,27.096891403198242
2017-09-11 17:00:00,30.92952537536621
2017-09-11 18:00:00,34.04719161987305
2017-09-11 19:00:00,37.639156341552734
2017-09-11 20:00:00,38.33160400390625
2017-09-11 21:00:00,38.07182693481445
2017-09-11 22:00:00,34.99829864501953
2017-09-11 23:00:00,29.72901153564453
2017-09-12 00:00:00,28.09260368347168
2017-09-12 01:00:00,25.32682991027832
2017-09-12 02:00:00,24.224164962768555
2017-09-12 03:00:00,23.190269470214844
2017-09-12 04:00:00,25.497087478637695
2017-09-12 05:00:00,27.165023803710938
2017-09-12 06:00:00,33.13407897949219
2017-09-12 07:00:00,36.459110260009766
2017-09-12 08:00:00,38.99939727783203
2017-09-12 09:00:00,37.74223327636719
2017-09-12 10:00:00,37.767425537109375
2017-09-12 11:00:00,35.87256622314453
2017-09-12 12:00:00,33.08124542236328
2017-09-12 13:00:00,30.090595245361328
2017-09-12 14:00:00,29.114124298095703
2017-09-12 15:00:00,30.15017318725586
2017-09-12 16:00:00,30.740325927734375
2017-09-12 17:00:00,32.893428802490234
2017-09-12 18:00:00,35.586334228515625
2017-09-12 19:00:00,38.46859359741211
2017-09-12 20:00:00,40.4462890625
2017-09-12 21:00:00,35.39229965209961
2017-09-12 22:00:00,33.03185272216797
2017-09-12 23:00:00,31.874048233032227
2017-09-13 00:00:00,25.917022705078125
2017-09-13 01:00:00,25.4804744720459
2017-09-13 02:00:00,23.21493148803711
2017-09-13 03:00:00,23.225786209106445
2017-09-13 04:00:00,24.033084869384766
2017-09-13 05:00:00,25.49793243408203
2017-09-13 06:00:00,29.63361358642578
2017-09-13 07:00:00,34.034278869628906
2017-09-13 08:00:00,36.40571594238281
2017-09-13 09:00:00,37.693756103515625
2017-09-13 10:00:00,35.359413146972656
2017-09-13 11:00:00,33.819313049316406
2017-09-13 12:00:00,32.7393913269043
2017-09-13 13:00:00,30.076684951782227
2017-09-13 14:00:00,27.46966552734375
2017-09-13 15:00:00,26.34996223449707
2017-09-13 16:00:00,27.41197967529297
2017-09-13 17:00:00,31.98521614074707
2017-09-13 18:00:00,35.579891204833984
2017-09-13 19:00:00,36.79245376586914
2017-09-13 20:00:00,35.92097091674805
2017-09-13 21:00:00,32.80341720581055
2017-09-13 22:00:00,29.62476348876953
2017-09-13 23:00:00,26.609052658081055
2017-09-14 00:00:00,25.31222152709961
2017-09-14 01:00:00,23.012969970703125
2017-09-14 02:00:00,21.45414924621582
2017-09-14 03:00:00,19.647056579589844
2017-09-14 04:00:00,18.694419860839844
2017-09-14 05:00:00,19.990093231201172
2017-09-14 06:00:00,23.431076049804688
2017-09-14 07:00:00,28.955596923828125
2017-09-14 08:00:00,22.996849060058594
2017-09-14 09:00:00,23.581499099731445
2017-09-14 10:00:00,23.523561477661133
2017-09-14 11:00:00,23.85369110107422
2017-09-14 12:00:00,22.58667755126953
2017-09-14 13:00:00,22.8814754486084
2017-09-14 14:00:00,21.76227569580078
2017-09-14 15:00:00,20.161603927612305
2017-09-14 16:00:00,21.473073959350586
2017-09-14 17:00:00,24.16530418395996
2017-09-14 18:00:00,30.67879295349121
2017-09-14 19:00:00,32.68524932861328
2017-09-14 20:00:00,33.3878173828125
2017-09-14 21:00:00,29.780105590820312
2017-09-14 22:00:00,26.056913375854492
2017-09-14 23:00:00,22.87501335144043
2017-09-15 00:00:00,17.580181121826172
2017-09-15 01:00:00,15.740702629089355
2017-09-15 02:00:00,15.261457443237305
2017-09-15 03:00:00,11.820603370666504
2017-09-15 04:00:00,13.426847457885742
2017-09-15 05:00:00,15.262476921081543
2017-09-15 06:00:00,18.518110275268555
2017-09-15 07:00:00,25.047840118408203
2017-09-15 08:00:00,28.494455337524414
2017-09-15 09:00:00,31.325305938720703
2017-09-15 10:00:00,29.46343994140625
2017-09-15 11:00:00,26.75897216796875
2017-09-15 12:00:00,26.61811065673828
2017-09-15 13:00:00,24.228973388671875
2017-09-15 14:00:00,21.15554428100586
2017-09-15 15:00:00,17.971206665039062
2017-09-15 16:00:00,20.166187286376953
2017-09-15 17:00:00,25.06353759765625
2017-09-15 18:00:00,34.17586898803711
2017-09-15 19:00:00,39.15787887573242
2017-09-15 20:00:00,38.5307731628418
2017-09-15 21:00:00,35.61636734008789
2017-09-15 22:00:00,30.25644874572754
2017-09-15 23:00:00,26.60683822631836
2017-09-16 00:00:00,23.129880905151367
2017-09-16 01:00:00,22.29387092590332
2017-09-16 02:00:00,20.756322860717773
2017-09-16 03:00:00,20.239341735839844
2017-09-16 04:00:00,19.577880859375
2017-09-16 05:00:00,22.840608596801758
2017-09-16 06:00:00,28.300500869750977
2017-09-16 07:00:00,33.77579879760742
2017-09-16 08:00:00,38.64897918701172
2017-09-16 09:00:00,39.280391693115234
2017-09-16 10:00:00,38.202178955078125
2017-09-16 11:00:00,35.02995300292969
2017-09-16 12:00:00,33.2187614440918
2017-09-16 13:00:00,30.981748580932617
2017-09-16 14:00:00,29.22242546081543
2017-09-16 15:00:00,27.471187591552734
2017-09-16 16:00:00,28.11224365234375
2017-09-16 17:00:00,30.60620880126953
2017-09-16 18:00:00,35.87555694580078
2017-09-16 19:00:00,40.38739776611328
2017-09-16 20:00:00,41.17089080810547
2017-09-16 21:00:00,35.24728775024414
2017-09-16 22:00:00,30.681787490844727
2017-09-16 23:00:00,26.116775512695312
2017-09-17 00:00:00,33.24090576171875
2017-09-17 01:00:00,31.46120834350586
2017-09-17 02:00:00,31.65205192565918
2017-09-17 03:00:00,30.511096954345703
2017-09-17 04:00:00,29.158267974853516
2017-09-17 05:00:00,29.066898345947266
2017-09-17 06:00:00,34.50851058959961
2017-09-17 07:00:00,37.91485595703125
2017-09-17 08:00:00,38.089603424072266
2017-09-17 09:00:00,35.946571350097656
2017-09-17 10:00:00,35.14720916748047
2017-09-17 11:00:00,33.71754455566406
2017-09-17 12:00:00,31.80221939086914
2017-09-17 13:00:00,30.16309356689453
2017-09-17 14:00:00,29.337966918945312
2017-09-17 15:00:00,29.4558048248291
2017-09-17 16:00:00,30.49759864807129
2017-09-17 17:00:00,35.13738250732422
2017-09-17 18:00:00,40.267066955566406
2017-09-17 19:00:00,41.80339813232422
2017-09-17 20:00:00,42.216957092285156
2017-09-17 21:00:00,39.14375305175781
2017-09-17 22:00:00,36.068565368652344
2017-09-17 23:00:00,31.668243408203125
2017-09-18 00:00:00,29.247743606567383
2017-09-18 01:00:00,29.618953704833984
2017-09-18 02:00:00,30.12579345703125
2017-09-18 03:00:00,30.4637508392334
2017-09-18 04:00:00,29.03984832763672
2017-09-18 05:00:00,31.240501403808594
2017-09-18 06:00:00,36.49697494506836
2017-09-18 07:00:00,41.8912353515625
2017-09-18 08:00:00,42.564369201660156
2017-09-18 09:00:00,40.796722412109375
2017-09-18 10:00:00,39.052669525146484
2017-09-18 11:00:00,37.216400146484375
2017-09-18 12:00:00,35.339195251464844
2017-09-18 13:00:00,34.06549835205078
2017-09-18 14:00:00,32.47260665893555
2017-09-18 15:00:00,31.85865020751953
2017-09-18 16:00:00,33.29209518432617
2017-09-18 17:00:00,36.73652648925781
2017-09-18 18:00:00,41.05709457397461
2017-09-18 19:00:00,43.964080810546875
2017-09-18 20:00:00,43.25947570800781
2017-09-18 21:00:00,39.51677703857422
2017-09-18 22:00:00,36.429840087890625
2017-09-18 23:00:00,33.320735931396484
2017-09-19 00:00:00,30.86730194091797
2017-09-19 01:00:00,28.738021850585938
2017-09-19 02:00:00,27.985212326049805
2017-09-19 03:00:00,27.331022262573242
2017-09-19 04:00:00,25.800556182861328
2017-09-19 05:00:00,27.206409454345703
2017-09-19 06:00:00,32.139015197753906
2017-09-19 07:00:00,34.51021957397461
2017-09-19 08:00:00,32.82942199707031
2017-09-19 09:00:00,30.341060638427734
2017-09-19 10:00:00,29.28767967224121
2017-09-19 11:00:00,27.8096923828125
2017-09-19 12:00:00,26.54575538635254
2017-09-19 13:00:00,26.77126121520996
2017-09-19 14:00:00,25.56218147277832
2017-09-19 15:00:00,24.808826446533203
2017-09-19 16:00:00,25.786420822143555
2017-09-19 17:00:00,29.078292846679688
2017-09-19 18:00:00,33.39299011230469
2017-09-19 19:00:00,34.59248352050781
2017-09-19 20:00:00,36.185264587402344
2017-09-19 21:00:00,34.68241882324219
2017-09-19 22:00:00,32.06926727294922
2017-09-19 23:00:00,29.610044479370117
2017-09-20 00:00:00,28.4245548248291
2017-09-20 01:00:00,25.359825134277344
2017-09-20 02:00:00,24.4868106842041
2017-09-20 03:00:00,20.884410858154297
2017-09-20 04:00:00,19.44338035583496
2017-09-20 05:00:00,22.25295066833496
2017-09-20 06:00:00,27.647666931152344
2017-09-20 07:00:00,29.81985092163086
2017-09-20 08:00:00,28.00893783569336
2017-09-20 09:00:00,26.5728759765625
2017-09-20 10:00:00,24.813737869262695
2017-09-20 11:00:00,23.710832595825195
2017-09-20 12:00:00,22.066864013671875
2017-09-20 13:00:00,21.687397003173828
2017-09-20 14:00:00,19.451780319213867
2017-09-20 15:00:00,18.390254974365234
2017-09-20 16:00:00,19.198774337768555
2017-09-20 17:00:00,22.57171630859375
2017-09-20 18:00:00,26.38253402709961
2017-09-20 19:00:00,27.584280014038086
2017-09-20 20:00:00,27.64005470275879
2017-09-20 21:00:00,26.040386199951172
2017-09-20 22:00:00,25.72800064086914
2017-09-20 23:00:00,24.056922912597656
2017-09-21 00:00:00,33.01422882080078
2017-09-21 01:00:00,31.462556838989258
2017-09-21 02:00:00,30.8846492767334
2017-09-21 03:00:00,30.124507904052734
2017-09-21 04:00:00,30.157135009765625
2017-09-21 05:00:00,32.27731704711914
2017-09-21 06:00:00,38.274078369140625
2017-09-21 07:00:00,44.2517204284668
2017-09-21 08:00:00,45.83570098876953
2017-09-21 09:00:00,44.907203674316406
2017-09-21 10:00:00,43.81296157836914
2017-09-21 11:00:00,41.85771942138672
2017-09-21 12:00:00,39.723052978515625
2017-09-21 13:00:00,38.24570846557617
2017-09-21 14:00:00,36.98905944824219
2017-09-21 15:00:00,35.908935546875
2017-09-21 16:00:00,37.63531494140625
2017-09-21 17:00:00,42.38931655883789
2017-09-21 18:00:00,47.00438690185547
2017-09-21 19:00:00,50.37834167480469
2017-09-21 20:00:00,48.271270751953125
2017-09-21 21:00:00,43.727840423583984
2017-09-21 22:00:00,39.8072509765625
2017-09-21 23:00:00,36.549861907958984
2017-09-22 00:00:00,34.74252700805664
2017-09-22 01:00:00,32.78129577636719
2017-09-22 02:00:00,31.31710433959961
2017-09-22 03:00:00,30.19843101501465
2017-09-22 04:00:00,30.156383514404297
2017-09-22 05:00:00,32.27617645263672
2017-09-22 06:00:00,37.46190643310547
2017-09-22 07:00:00,41.50800704956055
2017-09-22 08:00:00,42.24774169921875
2017-09-22 09:00:00,42.82315444946289
2017-09-22 10:00:00,41.020023345947266
2017-09-22 11:00:00,39.240264892578125
2017-09-22 12:00:00,35.78521728515625
2017-09-22 13:00:00,34.07002639770508
2017-09-22 14:00:00,32.985042572021484
2017-09-22 15:00:00,33.58214569091797
2017-09-22 16:00:00,35.54288101196289
2017-09-22 17:00:00,39.0260124206543
2017-09-22 18:00:00,43.34076690673828
2017-09-22 19:00:00,45.637054443359375
2017-09-22 20:00:00,43.82997131347656
2017-09-22 21:00:00,39.49314498901367
2017-09-22 22:00:00,36.60694122314453
2017-09-22 23:00:00,34.274044036865234
2017-09-23 00:00:00,33.076812744140625
2017-09-23 01:00:00,30.705307006835938
2017-09-23 02:00:00,29.453088760375977
2017-09-23 03:00:00,28.767440795898438
2017-09-23 04:00:00,28.35544204711914
2017-09-23 05:00:00,28.927959442138672
2017-09-23 06:00:00,30.959430694580078
2017-09-23 07:00:00,34.56884002685547
2017-09-23 08:00:00,35.60306167602539
2017-09-23 09:00:00,35.61381912231445
2017-09-23 10:00:00,36.32465362548828
2017-09-23 11:00:00,35.05147933959961
2017-09-23 12:00:00,32.91565704345703
2017-09-23 13:00:00,30.223209381103516
2017-09-23 14:00:00,28.06737518310547
2017-09-23 15:00:00,27.763263702392578
2017-09-23 16:00:00,30.086441040039062
2017-09-23 17:00:00,34.277244567871094
2017-09-23 18:00:00,39.520450592041016
2017-09-23 19:00:00,42.858421325683594
2017-09-23 20:00:00,41.56206512451172
2017-09-23 21:00:00,37.07946014404297
2017-09-23 22:00:00,33.6462516784668
2017-09-23 23:00:00,30.572765350341797
2017-09-24 00:00:00,28.940963745117188
2017-09-24 01:00:00,27.602188110351562
2017-09-24 02:00:00,25.8353271484375
2017-09-24 03:00:00,24.694026947021484
2017-09-24 04:00:00,24.628477096557617
2017-09-24 05:00:00,24.4566593170166
2017-09-24 06:00:00,27.12689208984375
2017-09-24 07:00:00,31.1595516204834
2017-09-24 08:00:00,32.26838684082031
2017-09-24 09:00:00,31.862377166748047
2017-09-24 10:00:00,33.05750274658203
2017-09-24 11:00:00,31.983417510986328
2017-09-24 12:00:00,30.480506896972656
2017-09-24 13:00:00,28.651357650756836
2017-09-24 14:00:00,27.52750015258789
2017-09-24 15:00:00,26.776321411132812
2017-09-24 16:00:00,28.971569061279297
2017-09-24 17:00:00,32.57078552246094
2017-09-24 18:00:00,38.360965728759766
2017-09-24 19:00:00,43.693138122558594
2017-09-24 20:00:00,42.7784423828125
2017-09-24 21:00:00,39.4727668762207
2017-09-24 22:00:00,36.22940444946289
2017-09-24 23:00:00,32.84605026245117
2017-09-25 00:00:00,34.326072692871094
2017-09-25 01:00:00,30.91289520263672
2017-09-25 02:00:00,29.40386199951172
2017-09-25 03:00:00,29.00389862060547
2017-09-25 04:00:00,29.852182388305664
2017-09-25 05:00:00,34.14583969116211
2017-09-25 06:00:00,38.70303726196289
2017-09-25 07:00:00,42.88750076293945
2017-09-25 08:00:00,43.94686508178711
2017-09-25 09:00:00,45.02384567260742
2017-09-25 10:00:00,44.046810150146484
2017-09-25 11:00:00,41.63536071777344
2017-09-25 12:00:00,40.45615768432617
2017-09-25 13:00:00,38.12151336669922
2017-09-25 14:00:00,37.1180419921875
2017-09-25 15:00:00,37.16209411621094
2017-09-25 16:00:00,40.74285888671875
2017-09-25 17:00:00,43.36016082763672
2017-09-25 18:00:00,47.35989761352539
2017-09-25 19:00:00,49.695701599121094
2017-09-25 20:00:00,48.02576446533203
2017-09-25 21:00:00,45.109886169433594
2017-09-25 22:00:00,41.36172866821289
2017-09-25 23:00:00,38.958492279052734
2017-09-26 00:00:00,35.33881759643555
2017-09-26 01:00:00,32.811241149902344
2017-09-26 02:00:00,33.19967269897461
2017-09-26 03:00:00,31.79320526123047
2017-09-26 04:00:00,33.194515228271484
2017-09-26 05:00:00,36.15443420410156
2017-09-26 06:00:00,41.69670867919922
2017-09-26 07:00:00,45.371524810791016
2017-09-26 08:00:00,48.670833587646484
2017-09-26 09:00:00,47.4439582824707
2017-09-26 10:00:00,46.50202178955078
2017-09-26 11:00:00,44.393463134765625
2017-09-26 12:00:00,42.819583892822266
2017-09-26 13:00:00,41.1781120300293
2017-09-26 14:00:00,39.53215789794922
2017-09-26 15:00:00,40.09096145629883
2017-09-26 16:00:00,43.24067687988281
2017-09-26 17:00:00,46.19060516357422
2017-09-26 18:00:00,49.558170318603516
2017-09-26 19:00:00,50.876861572265625
2017-09-26 20:00:00,48.553550720214844
2017-09-26 21:00:00,46.12944030761719
2017-09-26 22:00:00,41.90959167480469
2017-09-26 23:00:00,39.272953033447266
2017-09-27 00:00:00,37.03275680541992
2017-09-27 01:00:00,34.13241195678711
2017-09-27 02:00:00,32.8624382019043
2017-09-27 03:00:00,31.958681106567383
2017-09-27 04:00:00,34.53456115722656
2017-09-27 05:00:00,37.669864654541016
2017-09-27 06:00:00,41.09680938720703
2017-09-27 07:00:00,45.378173828125
2017-09-27 08:00:00,47.653141021728516
2017-09-27 09:00:00,47.778385162353516
2017-09-27 10:00:00,44.820030212402344
2017-09-27 11:00:00,43.59748077392578
2017-09-27 12:00:00,40.978965759277344
2017-09-27 13:00:00,39.77462387084961
2017-09-27 14:00:00,38.71308898925781
2017-09-27 15:00:00,39.301334381103516
2017-09-27 16:00:00,42.34816360473633
2017-09-27 17:00:00,45.02560806274414
2017-09-27 18:00:00,48.18959045410156
2017-09-27 19:00:00,50.17321014404297
2017-09-27 20:00:00,49.03108215332031
2017-09-27 21:00:00,44.991973876953125
2017-09-27 22:00:00,41.34369659423828
2017-09-27 23:00:00,39.82468795776367
2017-09-28 00:00:00,35.78147888183594
2017-09-28 01:00:00,35.38920593261719
2017-09-28 02:00:00,32.45220947265625
2017-09-28 03:00:00,32.43260192871094
2017-09-28 04:00:00,34.67671203613281
2017-09-28 05:00:00,36.95319747924805
2017-09-28 06:00:00,41.74382781982422
2017-09-28 07:00:00,45.75413513183594
2017-09-28 08:00:00,47.49177932739258
2017-09-28 09:00:00,46.61588668823242
2017-09-28 10:00:00,45.784263610839844
2017-09-28 11:00:00,42.632652282714844
2017-09-28 12:00:00,40.37416076660156
2017-09-28 13:00:00,38.45893859863281
2017-09-28 14:00:00,38.186336517333984
2017-09-28 15:00:00,38.75626754760742
2017-09-28 16:00:00,40.268863677978516
2017-09-28 17:00:00,44.600128173828125
2017-09-28 18:00:00,47.303932189941406
2017-09-28 19:00:00,48.81976318359375
2017-09-28 20:00:00,48.39906692504883
2017-09-28 21:00:00,44.45043182373047
2017-09-28 22:00:00,41.36170959472656
2017-09-28 23:00:00,38.663055419921875
2017-09-29 00:00:00,30.28290557861328
2017-09-29 01:00:00,28.855382919311523
2017-09-29 02:00:00,28.059688568115234
2017-09-29 03:00:00,28.07475471496582
2017-09-29 04:00:00,27.413921356201172
2017-09-29 05:00:00,28.4552001953125
2017-09-29 06:00:00,33.34775161743164
2017-09-29 07:00:00,38.984493255615234
2017-09-29 08:00:00,39.11831283569336
2017-09-29 09:00:00,38.402565002441406
2017-09-29 10:00:00,36.9154052734375
2017-09-29 11:00:00,35.67498016357422
2017-09-29 12:00:00,34.036808013916016
2017-09-29 13:00:00,31.696170806884766
2017-09-29 14:00:00,30.19635009765625
2017-09-29 15:00:00,31.021015167236328
2017-09-29 16:00:00,33.34318161010742
2017-09-29 17:00:00,37.66511535644531
2017-09-29 18:00:00,40.19941329956055
2017-09-29 19:00:00,41.55754470825195
2017-09-29 20:00:00,37.700347900390625
2017-09-29 21:00:00,33.715206146240234
2017-09-29 22:00:00,31.375961303710938
2017-09-29 23:00:00,29.422515869140625
2017-09-30 00:00:00,27.36450958251953
2017-09-30 01:00:00,25.8712100982666
2017-09-30 02:00:00,23.53810691833496
2017-09-30 03:00:00,23.284435272216797
2017-09-30 04:00:00,22.61296844482422
2017-09-30 05:00:00,23.902667999267578
2017-09-30 06:00:00,28.990638732910156
2017-09-30 07:00:00,32.55373001098633
2017-09-30 08:00:00,33.90565872192383
2017-09-30 09:00:00,33.30105972290039
2017-09-30 10:00:00,32.979408264160156
2017-09-30 11:00:00,32.078487396240234
2017-09-30 12:00:00,30.135900497436523
2017-09-30 13:00:00,27.63957977294922
2017-09-30 14:00:00,27.40900993347168
2017-09-30 15:00:00,27.35049819946289
2017-09-30 16:00:00,30.934226989746094
2017-09-30 17:00:00,35.482643127441406
2017-09-30 18:00:00,40.0655517578125
2017-09-30 19:00:00,41.31601333618164
2017-09-30 20:00:00,38.33793640136719
2017-09-30 21:00:00,33.537628173828125
2017-09-30 22:00:00,31.22254180908203
2017-09-30 23:00:00,28.556743621826172
2017-10-01 00:00:00,26.89664649963379
2017-10-01 01:00:00,24.087310791015625
2017-10-01 02:00:00,22.347227096557617
2017-10-01 03:00:00,23.216102600097656
2017-10-01 04:00:00,23.467178344726562
2017-10-01 05:00:00,26.176626205444336
2017-10-01 06:00:00,32.001556396484375
2017-10-01 07:00:00,37.53153991699219
2017-10-01 08:00:00,38.72230529785156
2017-10-01 09:00:00,38.27869415283203
2017-10-01 10:00:00,37.325836181640625
2017-10-01 11:00:00,36.770782470703125
2017-10-01 12:00:00,33.84430694580078
2017-10-01 13:00:00,32.1273078918457
2017-10-01 14:00:00,31.421409606933594
2017-10-01 15:00:00,32.22934341430664
2017-10-01 16:00:00,35.436222076416016
2017-10-01 17:00:00,39.57799530029297
2017-10-01 18:00:00,43.390289306640625
2017-10-01 19:00:00,44.906429290771484
2017-10-01 20:00:00,42.84858703613281
2017-10-01 21:00:00,37.816200256347656
2017-10-01 22:00:00,34.81520080566406
2017-10-01 23:00:00,31.952335357666016
2017-10-02 00:00:00,30.291900634765625
2017-10-02 01:00:00,28.526504516601562
2017-10-02 02:00:00,28.137203216552734
2017-10-02 03:00:00,28.623573303222656
2017-10-02 04:00:00,29.41876792907715
2017-10-02 05:00:00,32.17947006225586
2017-10-02 06:00:00,40.40849685668945
2017-10-02 07:00:00,47.463584899902344
2017-10-02 08:00:00,48.622989654541016
2017-10-02 09:00:00,47.150543212890625
2017-10-02 10:00:00,44.6342887878418
2017-10-02 11:00:00,42.80177688598633
2017-10-02 12:00:00,39.771488189697266
2017-10-02 13:00:00,38.668975830078125
2017-10-02 14:00:00,38.758079528808594
2017-10-02 15:00:00,38.895694732666016
2017-10-02 16:00:00,41.80743408203125
2017-10-02 17:00:00,45.376136779785156
2017-10-02 18:00:00,48.88144302368164
2017-10-02 19:00:00,49.40745544433594
2017-10-02 20:00:00,45.25371170043945
2017-10-02 21:00:00,40.176353454589844
2017-10-02 22:00:00,36.946571350097656
2017-10-02 23:00:00,34.367183685302734
2017-10-03 00:00:00,9.674339294433594
2017-10-03 01:00:00,7.230609893798828
2017-10-03 02:00:00,6.518304824829102
2017-10-03 03:00:00,9.10959243774414
2017-10-03 04:00:00,11.178239822387695
2017-10-03 05:00:00,15.758434295654297
2017-10-03 06:00:00,22.518096923828125
2017-10-03 07:00:00,29.239234924316406
2017-10-03 08:00:00,32.919673919677734
2017-10-03 09:00:00,34.6318359375
2017-10-03 10:00:00,33.91128921508789
2017-10-03 11:00:00,31.881771087646484
2017-10-03 12:00:00,30.816259384155273
2017-10-03 13:00:00,27.917654037475586
2017-10-03 14:00:00,27.75409507751465
2017-10-03 15:00:00,28.837526321411133
2017-10-03 16:00:00,32.694881439208984
2017-10-03 17:00:00,38.79581069946289
2017-10-03 18:00:00,42.165367126464844
2017-10-03 19:00:00,42.47589874267578
2017-10-03 20:00:00,38.91279602050781
2017-10-03 21:00:00,35.46162033081055
2017-10-03 22:00:00,27.356250762939453
2017-10-03 23:00:00,24.186452865600586
2017-10-04 00:00:00,20.431819915771484
2017-10-04 01:00:00,17.895336151123047
2017-10-04 02:00:00,17.390817642211914
2017-10-04 03:00:00,17.61288833618164
2017-10-04 04:00:00,21.319175720214844
2017-10-04 05:00:00,24.077747344970703
2017-10-04 06:00:00,32.16298294067383
2017-10-04 07:00:00,36.84286117553711
2017-10-04 08:00:00,41.082984924316406
2017-10-04 09:00:00,41.59769058227539
2017-10-04 10:00:00,41.51286315917969
2017-10-04 11:00:00,38.434017181396484
2017-10-04 12:00:00,36.79056930541992
2017-10-04 13:00:00,35.90554428100586
2017-10-04 14:00:00,35.09622573852539
2017-10-04 15:00:00,34.67021179199219
2017-10-04 16:00:00,37.985347747802734
2017-10-04 17:00:00,43.54209518432617
2017-10-04 18:00:00,46.49296569824219
2017-10-04 19:00:00,47.28173828125
2017-10-04 20:00:00,43.44382858276367
2017-10-04 21:00:00,38.35162353515625
2017-10-04 22:00:00,32.685001373291016
2017-10-04 23:00:00,27.693174362182617
2017-10-05 00:00:00,25.696571350097656
2017-10-05 01:00:00,21.308414459228516
2017-10-05 02:00:00,21.346267700195312
2017-10-05 03:00:00,19.96007537841797
2017-10-05 04:00:00,25.34461212158203
2017-10-05 05:00:00,27.10405731201172
2017-10-05 06:00:00,32.01241683959961
2017-10-05 07:00:00,38.475460052490234
2017-10-05 08:00:00,40.609256744384766
2017-10-05 09:00:00,42.7108154296875
2017-10-05 10:00:00,38.274017333984375
2017-10-05 11:00:00,38.79916763305664
2017-10-05 12:00:00,33.63759231567383
2017-10-05 13:00:00,36.065460205078125
2017-10-05 14:00:00,34.08659362792969
2017-10-05 15:00:00,36.14444351196289
2017-10-05 16:00:00,40.6457633972168
2017-10-05 17:00:00,43.47843933105469
2017-10-05 18:00:00,48.935813903808594
2017-10-05 19:00:00,47.661865234375
2017-10-05 20:00:00,44.59286117553711
2017-10-05 21:00:00,38.59894943237305
2017-10-05 22:00:00,33.60505676269531
2017-10-05 23:00:00,29.85024642944336
2017-10-06 00:00:00,26.28945541381836
2017-10-06 01:00:00,24.246349334716797
2017-10-06 02:00:00,21.059913635253906
2017-10-06 03:00:00,22.212100982666016
2017-10-06 04:00:00,26.345293045043945
2017-10-06 05:00:00,30.109949111938477
2017-10-06 06:00:00,32.8133544921875
2017-10-06 07:00:00,36.00535202026367
2017-10-06 08:00:00,43.027469635009766
2017-10-06 09:00:00,40.74767303466797
2017-10-06 10:00:00,38.702022552490234
2017-10-06 11:00:00,36.589595794677734
2017-10-06 12:00:00,33.070980072021484
2017-10-06 13:00:00,30.300512313842773
2017-10-06 14:00:00,29.768150329589844
2017-10-06 15:00:00,30.46926498413086
2017-10-06 16:00:00,34.37493896484375
2017-10-06 17:00:00,40.47541046142578
2017-10-06 18:00:00,41.99850845336914
2017-10-06 19:00:00,42.20365524291992
2017-10-06 20:00:00,38.704673767089844
2017-10-06 21:00:00,33.9510383605957
2017-10-06 22:00:00,29.286399841308594
2017-10-06 23:00:00,23.68539810180664
2017-10-07 00:00:00,22.34564971923828
2017-10-07 01:00:00,21.343687057495117
2017-10-07 02:00:00,20.852134704589844
2017-10-07 03:00:00,20.497591018676758
2017-10-07 04:00:00,22.31785011291504
2017-10-07 05:00:00,27.931976318359375
2017-10-07 06:00:00,38.084434509277344
2017-10-07 07:00:00,45.326133728027344
2017-10-07 08:00:00,45.023658752441406
2017-10-07 09:00:00,40.746700286865234
2017-10-07 10:00:00,38.164093017578125
2017-10-07 11:00:00,35.48046112060547
2017-10-07 12:00:00,32.84252166748047
2017-10-07 13:00:00,28.550067901611328
2017-10-07 14:00:00,26.0917911529541
2017-10-07 15:00:00,25.443899154663086
2017-10-07 16:00:00,27.66188621520996
2017-10-07 17:00:00,36.090641021728516
2017-10-07 18:00:00,42.30521774291992
2017-10-07 19:00:00,44.53031921386719
2017-10-07 20:00:00,37.22671127319336
2017-10-07 21:00:00,34.404972076416016
2017-10-07 22:00:00,29.361202239990234
2017-10-07 23:00:00,26.146276473999023
2017-10-08 00:00:00,23.100448608398438
2017-10-08 01:00:00,23.972850799560547
2017-10-08 02:00:00,21.442174911499023
2017-10-08 03:00:00,21.32158088684082
2017-10-08 04:00:00,21.38860511779785
2017-10-08 05:00:00,27.568145751953125
2017-10-08 06:00:00,36.39862060546875
2017-10-08 07:00:00,41.0439453125
2017-10-08 08:00:00,40.53429412841797
2017-10-08 09:00:00,38.97529983520508
2017-10-08 10:00:00,34.292171478271484
2017-10-08 11:00:00,32.593994140625
2017-10-08 12:00:00,27.651517868041992
2017-10-08 13:00:00,24.630706787109375
2017-10-08 14:00:00,23.450088500976562
2017-10-08 15:00:00,22.751306533813477
2017-10-08 16:00:00,26.511016845703125
2017-10-08 17:00:00,32.79023742675781
2017-10-08 18:00:00,40.4927864074707
2017-10-08 19:00:00,42.846168518066406
2017-10-08 20:00:00,38.76078414916992
2017-10-08 21:00:00,35.31399917602539
2017-10-08 22:00:00,31.773944854736328
2017-10-08 23:00:00,26.786598205566406
2017-10-09 00:00:00,25.22895622253418
2017-10-09 01:00:00,24.676246643066406
2017-10-09 02:00:00,22.414325714111328
2017-10-09 03:00:00,22.323745727539062
2017-10-09 04:00:00,23.25880241394043
2017-10-09 05:00:00,27.39188575744629
2017-10-09 06:00:00,34.36017608642578
2017-10-09 07:00:00,37.84747314453125
2017-10-09 08:00:00,38.789939880371094
2017-10-09 09:00:00,36.39219665527344
2017-10-09 10:00:00,33.952110290527344
2017-10-09 11:00:00,30.218700408935547
2017-10-09 12:00:00,23.11585235595703
2017-10-09 13:00:00,19.6107177734375
2017-10-09 14:00:00,18.412473678588867
2017-10-09 15:00:00,18.41942024230957
2017-10-09 16:00:00,22.60986328125
2017-10-09 17:00:00,29.635013580322266
2017-10-09 18:00:00,36.73991394042969
2017-10-09 19:00:00,41.90138244628906
2017-10-09 20:00:00,39.04633331298828
2017-10-09 21:00:00,35.95488357543945
2017-10-09 22:00:00,30.52646255493164
2017-10-09 23:00:00,24.388879776000977
2017-10-10 00:00:00,21.586463928222656
2017-10-10 01:00:00,20.46539878845215
2017-10-10 02:00:00,19.473722457885742
2017-10-10 03:00:00,20.299135208129883
2017-10-10 04:00:00,23.226449966430664
2017-10-10 05:00:00,26.61140251159668
2017-10-10 06:00:00,35.3885498046875
2017-10-10 07:00:00,42.30856704711914
2017-10-10 08:00:00,41.72392272949219
2017-10-10 09:00:00,37.78607177734375
2017-10-10 10:00:00,33.81077194213867
2017-10-10 11:00:00,31.93500518798828
2017-10-10 12:00:00,26.966617584228516
2017-10-10 13:00:00,22.313758850097656
2017-10-10 14:00:00,21.06534767150879
2017-10-10 15:00:00,19.04366111755371
2017-10-10 16:00:00,21.800750732421875
2017-10-10 17:00:00,29.393709182739258
2017-10-10 18:00:00,37.68006896972656
2017-10-10 19:00:00,40.792083740234375
2017-10-10 20:00:00,36.0235710144043
2017-10-10 21:00:00,33.76905059814453
2017-10-10 22:00:00,30.225696563720703
2017-10-10 23:00:00,24.028427124023438
2017-10-11 00:00:00,22.06307601928711
2017-10-11 01:00:00,23.165639877319336
2017-10-11 02:00:00,23.000198364257812
2017-10-11 03:00:00,24.219879150390625
2017-10-11 04:00:00,24.753826141357422
2017-10-11 05:00:00,27.606002807617188
2017-10-11 06:00:00,32.26649856567383
2017-10-11 07:00:00,39.22550582885742
2017-10-11 08:00:00,45.1141357421875
2017-10-11 09:00:00,42.544654846191406
2017-10-11 10:00:00,37.369415283203125
2017-10-11 11:00:00,35.955596923828125
2017-10-11 12:00:00,32.48020935058594
2017-10-11 13:00:00,30.277088165283203
2017-10-11 14:00:00,29.17032241821289
2017-10-11 15:00:00,31.01576805114746
2017-10-11 16:00:00,32.164939880371094
2017-10-11 17:00:00,35.227970123291016
2017-10-11 18:00:00,42.4853515625
2017-10-11 19:00:00,43.418514251708984
2017-10-11 20:00:00,38.21049118041992
2017-10-11 21:00:00,35.44331741333008
2017-10-11 22:00:00,34.670997619628906
2017-10-11 23:00:00,31.388662338256836
2017-10-12 00:00:00,27.230087280273438
2017-10-12 01:00:00,26.12018394470215
2017-10-12 02:00:00,25.99943733215332
2017-10-12 03:00:00,25.879831314086914
2017-10-12 04:00:00,29.366676330566406
2017-10-12 05:00:00,31.408679962158203
2017-10-12 06:00:00,37.066566467285156
2017-10-12 07:00:00,43.73809814453125
2017-10-12 08:00:00,49.0589599609375
2017-10-12 09:00:00,47.75634765625
2017-10-12 10:00:00,43.770729064941406
2017-10-12 11:00:00,41.76755905151367
2017-10-12 12:00:00,38.846824645996094
2017-10-12 13:00:00,34.56047821044922
2017-10-12 14:00:00,34.7947998046875
2017-10-12 15:00:00,33.94753646850586
2017-10-12 16:00:00,35.2364387512207
2017-10-12 17:00:00,39.35345458984375
2017-10-12 18:00:00,46.48323440551758
2017-10-12 19:00:00,48.303955078125
2017-10-12 20:00:00,41.996177673339844
2017-10-12 21:00:00,37.99176025390625
2017-10-12 22:00:00,37.32429885864258
2017-10-12 23:00:00,33.675479888916016
2017-10-13 00:00:00,30.989431381225586
2017-10-13 01:00:00,28.979164123535156
2017-10-13 02:00:00,28.446094512939453
2017-10-13 03:00:00,26.351030349731445
2017-10-13 04:00:00,25.45108985900879
2017-10-13 05:00:00,26.86461067199707
2017-10-13 06:00:00,29.58731460571289
2017-10-13 07:00:00,34.39329528808594
2017-10-13 08:00:00,35.76482391357422
2017-10-13 09:00:00,34.22531509399414
2017-10-13 10:00:00,30.187576293945312
2017-10-13 11:00:00,31.324623107910156
2017-10-13 12:00:00,28.801212310791016
2017-10-13 13:00:00,28.40972900390625
2017-10-13 14:00:00,27.17364501953125
2017-10-13 15:00:00,28.266658782958984
2017-10-13 16:00:00,25.915470123291016
2017-10-13 17:00:00,31.07630157470703
2017-10-13 18:00:00,35.60123825073242
2017-10-13 19:00:00,35.31544494628906
2017-10-13 20:00:00,30.114404678344727
2017-10-13 21:00:00,27.407625198364258
2017-10-13 22:00:00,26.91806983947754
2017-10-13 23:00:00,24.548683166503906
2017-10-14 00:00:00,22.76242446899414
2017-10-14 01:00:00,21.80511474609375
2017-10-14 02:00:00,20.19391632080078
2017-10-14 03:00:00,17.74817657470703
2017-10-14 04:00:00,17.50809097290039
2017-10-14 05:00:00,18.22313690185547
2017-10-14 06:00:00,17.832061767578125
2017-10-14 07:00:00,21.49724769592285
2017-10-14 08:00:00,26.57830047607422
2017-10-14 09:00:00,26.591482162475586
2017-10-14 10:00:00,24.56182861328125
2017-10-14 11:00:00,24.48267364501953
2017-10-14 12:00:00,21.06396484375
2017-10-14 13:00:00,17.705293655395508
2017-10-14 14:00:00,16.15411376953125
2017-10-14 15:00:00,16.055416107177734
2017-10-14 16:00:00,16.06869888305664
2017-10-14 17:00:00,18.983295440673828
2017-10-14 18:00:00,23.604215621948242
2017-10-14 19:00:00,26.828290939331055
2017-10-14 20:00:00,21.06072998046875
2017-10-14 21:00:00,20.788541793823242
2017-10-14 22:00:00,17.833370208740234
2017-10-14 23:00:00,14.38623332977295
2017-10-15 00:00:00,29.12713050842285
2017-10-15 01:00:00,23.920501708984375
2017-10-15 02:00:00,22.269832611083984
2017-10-15 03:00:00,22.28823471069336
2017-10-15 04:00:00,23.331647872924805
2017-10-15 05:00:00,29.007322311401367
2017-10-15 06:00:00,37.633689880371094
2017-10-15 07:00:00,39.22575378417969
2017-10-15 08:00:00,38.77325439453125
2017-10-15 09:00:00,38.47816467285156
2017-10-15 10:00:00,35.15178680419922
2017-10-15 11:00:00,31.381669998168945
2017-10-15 12:00:00,28.29993438720703
2017-10-15 13:00:00,25.069032669067383
2017-10-15 14:00:00,22.86602210998535
2017-10-15 15:00:00,28.761207580566406
2017-10-15 16:00:00,32.10926818847656
2017-10-15 17:00:00,39.98259353637695
2017-10-15 18:00:00,43.934017181396484
2017-10-15 19:00:00,46.942596435546875
2017-10-15 20:00:00,44.239078521728516
2017-10-15 21:00:00,39.5942497253418
2017-10-15 22:00:00,34.067623138427734
2017-10-15 23:00:00,31.413185119628906
2017-10-16 00:00:00,27.792665481567383
2017-10-16 01:00:00,24.196819305419922
2017-10-16 02:00:00,25.364482879638672
2017-10-16 03:00:00,25.36517906188965
2017-10-16 04:00:00,27.802356719970703
2017-10-16 05:00:00,34.313331604003906
2017-10-16 06:00:00,42.130218505859375
2017-10-16 07:00:00,46.13865280151367
2017-10-16 08:00:00,49.309532165527344
2017-10-16 09:00:00,47.46460723876953
2017-10-16 10:00:00,43.68655014038086
2017-10-16 11:00:00,41.66140365600586
2017-10-16 12:00:00,36.384368896484375
2017-10-16 13:00:00,35.06842041015625
2017-10-16 14:00:00,34.215232849121094
2017-10-16 15:00:00,36.10280227661133
2017-10-16 16:00:00,43.301170349121094
2017-10-16 17:00:00,48.784027099609375
2017-10-16 18:00:00,53.559730529785156
2017-10-16 19:00:00,52.993431091308594
2017-10-16 20:00:00,49.67414474487305
2017-10-16 21:00:00,47.120697021484375
2017-10-16 22:00:00,39.82460403442383
2017-10-16 23:00:00,36.84112548828125
2017-10-17 00:00:00,33.38005065917969
2017-10-17 01:00:00,29.919357299804688
2017-10-17 02:00:00,29.54609489440918
2017-10-17 03:00:00,31.257661819458008
2017-10-17 04:00:00,36.809471130371094
2017-10-17 05:00:00,43.1718864440918
2017-10-17 06:00:00,48.08903121948242
2017-10-17 07:00:00,53.853179931640625
2017-10-17 08:00:00,53.17775344848633
2017-10-17 09:00:00,52.31681442260742
2017-10-17 10:00:00,48.33209228515625
2017-10-17 11:00:00,42.45753860473633
2017-10-17 12:00:00,40.44667053222656
2017-10-17 13:00:00,37.87295150756836
2017-10-17 14:00:00,38.19208908081055
2017-10-17 15:00:00,40.27778244018555
2017-10-17 16:00:00,45.28778839111328
2017-10-17 17:00:00,50.002174377441406
2017-10-17 18:00:00,51.713043212890625
2017-10-17 19:00:00,51.32847595214844
2017-10-17 20:00:00,47.89952087402344
2017-10-17 21:00:00,42.92512893676758
2017-10-17 22:00:00,37.139339447021484
2017-10-17 23:00:00,34.25498962402344
2017-10-18 00:00:00,29.47856330871582
2017-10-18 01:00:00,28.94342613220215
2017-10-18 02:00:00,28.2976016998291
2017-10-18 03:00:00,28.097064971923828
2017-10-18 04:00:00,32.967041015625
2017-10-18 05:00:00,38.22107696533203
2017-10-18 06:00:00,45.324981689453125
2017-10-18 07:00:00,50.0133056640625
2017-10-18 08:00:00,51.44042205810547
2017-10-18 09:00:00,46.71099090576172
2017-10-18 10:00:00,45.267494201660156
2017-10-18 11:00:00,39.95486831665039
2017-10-18 12:00:00,36.75709915161133
2017-10-18 13:00:00,33.502716064453125
2017-10-18 14:00:00,35.448524475097656
2017-10-18 15:00:00,36.70297622680664
2017-10-18 16:00:00,40.979286193847656
2017-10-18 17:00:00,46.633018493652344
2017-10-18 18:00:00,49.284568786621094
2017-10-18 19:00:00,49.37919998168945
2017-10-18 20:00:00,45.305049896240234
2017-10-18 21:00:00,39.253360748291016
2017-10-18 22:00:00,35.663124084472656
2017-10-18 23:00:00,32.82625198364258
2017-10-19 00:00:00,35.69830322265625
2017-10-19 01:00:00,34.67044448852539
2017-10-19 02:00:00,35.08534240722656
2017-10-19 03:00:00,34.67401885986328
2017-10-19 04:00:00,36.19364929199219
2017-10-19 05:00:00,39.9289665222168
2017-10-19 06:00:00,48.84564971923828
2017-10-19 07:00:00,60.320518493652344
2017-10-19 08:00:00,61.88977813720703
2017-10-19 09:00:00,57.34705352783203
2017-10-19 10:00:00,55.115901947021484
2017-10-19 11:00:00,50.22101593017578
2017-10-19 12:00:00,45.59639358520508
2017-10-19 13:00:00,42.051109313964844
2017-10-19 14:00:00,44.17631912231445
2017-10-19 15:00:00,47.226318359375
2017-10-19 16:00:00,51.54258346557617
2017-10-19 17:00:00,56.692779541015625
2017-10-19 18:00:00,64.6605453491211
2017-10-19 19:00:00,62.98844909667969
2017-10-19 20:00:00,53.49054718017578
2017-10-19 21:00:00,46.525360107421875
2017-10-19 22:00:00,41.727378845214844
2017-10-19 23:00:00,37.6093864440918
2017-10-20 00:00:00,34.66096878051758
2017-10-20 01:00:00,33.2039794921875
2017-10-20 02:00:00,33.47352981567383
2017-10-20 03:00:00,32.09299850463867
2017-10-20 04:00:00,34.36450958251953
2017-10-20 05:00:00,37.689170837402344
2017-10-20 06:00:00,46.279815673828125
2017-10-20 07:00:00,55.46149444580078
2017-10-20 08:00:00,59.307647705078125
2017-10-20 09:00:00,54.05952072143555
2017-10-20 10:00:00,50.80482482910156
2017-10-20 11:00:00,48.334171295166016
2017-10-20 12:00:00,41.3656120300293
2017-10-20 13:00:00,37.02427291870117
2017-10-20 14:00:00,40.20622634887695
2017-10-20 15:00:00,43.7801628112793
2017-10-20 16:00:00,47.875972747802734
2017-10-20 17:00:00,55.40004348754883
2017-10-20 18:00:00,62.5711669921875
2017-10-20 19:00:00,62.79530334472656
2017-10-20 20:00:00,51.559940338134766
2017-10-20 21:00:00,46.20061111450195
2017-10-20 22:00:00,41.797672271728516
2017-10-20 23:00:00,38.06618118286133
2017-10-21 00:00:00,35.60411071777344
2017-10-21 01:00:00,32.646488189697266
2017-10-21 02:00:00,32.51622009277344
2017-10-21 03:00:00,32.58509063720703
2017-10-21 04:00:00,29.390865325927734
2017-10-21 05:00:00,31.287052154541016
2017-10-21 06:00:00,37.11363220214844
2017-10-21 07:00:00,45.15497589111328
2017-10-21 08:00:00,47.703956604003906
2017-10-21 09:00:00,44.09474182128906
2017-10-21 10:00:00,43.3667106628418
2017-10-21 11:00:00,40.26950454711914
2017-10-21 12:00:00,36.14463806152344
2017-10-21 13:00:00,31.386754989624023
2017-10-21 14:00:00,31.719249725341797
2017-10-21 15:00:00,36.029998779296875
2017-10-21 16:00:00,40.851722717285156
2017-10-21 17:00:00,50.54833984375
2017-10-21 18:00:00,59.085296630859375
2017-10-21 19:00:00,57.7877197265625
2017-10-21 20:00:00,46.14336013793945
2017-10-21 21:00:00,39.12226104736328
2017-10-21 22:00:00,38.02391052246094
2017-10-21 23:00:00,35.634090423583984
2017-10-22 00:00:00,32.156105041503906
2017-10-22 01:00:00,31.588045120239258
2017-10-22 02:00:00,30.328594207763672
2017-10-22 03:00:00,28.21087646484375
2017-10-22 04:00:00,26.849449157714844
2017-10-22 05:00:00,29.48278045654297
2017-10-22 06:00:00,34.922889709472656
2017-10-22 07:00:00,40.083984375
2017-10-22 08:00:00,41.898704528808594
2017-10-22 09:00:00,38.37881088256836
2017-10-22 10:00:00,36.48900604248047
2017-10-22 11:00:00,36.46278381347656
2017-10-22 12:00:00,28.898353576660156
2017-10-22 13:00:00,25.44684410095215
2017-10-22 14:00:00,25.191938400268555
2017-10-22 15:00:00,28.223888397216797
2017-10-22 16:00:00,30.171133041381836
2017-10-22 17:00:00,40.7684440612793
2017-10-22 18:00:00,51.15839385986328
2017-10-22 19:00:00,52.46330261230469
2017-10-22 20:00:00,42.64320373535156
2017-10-22 21:00:00,36.65428924560547
2017-10-22 22:00:00,33.75569534301758
2017-10-22 23:00:00,30.820682525634766
2017-10-23 00:00:00,26.251190185546875
2017-10-23 01:00:00,24.560997009277344
2017-10-23 02:00:00,21.742387771606445
2017-10-23 03:00:00,20.17801284790039
2017-10-23 04:00:00,22.928665161132812
2017-10-23 05:00:00,27.730022430419922
2017-10-23 06:00:00,34.211795806884766
2017-10-23 07:00:00,43.293880462646484
2017-10-23 08:00:00,46.54132080078125
2017-10-23 09:00:00,46.23229217529297
2017-10-23 10:00:00,42.16609191894531
2017-10-23 11:00:00,41.06037139892578
2017-10-23 12:00:00,37.98929214477539
2017-10-23 13:00:00,37.284149169921875
2017-10-23 14:00:00,38.40109634399414
2017-10-23 15:00:00,41.20783233642578
2017-10-23 16:00:00,44.51802062988281
2017-10-23 17:00:00,51.174346923828125
2017-10-23 18:00:00,56.118003845214844
2017-10-23 19:00:00,53.54552459716797
2017-10-23 20:00:00,44.82523727416992
2017-10-23 21:00:00,41.01627731323242
2017-10-23 22:00:00,38.40277099609375
2017-10-23 23:00:00,33.44157791137695
2017-10-24 00:00:00,30.435392379760742
2017-10-24 01:00:00,27.524433135986328
2017-10-24 02:00:00,27.794708251953125
2017-10-24 03:00:00,26.978931427001953
2017-10-24 04:00:00,27.46827507019043
2017-10-24 05:00:00,33.874481201171875
2017-10-24 06:00:00,42.56047439575195
2017-10-24 07:00:00,50.470123291015625
2017-10-24 08:00:00,55.03993225097656
2017-10-24 09:00:00,53.20701599121094
2017-10-24 10:00:00,47.63526916503906
2017-10-24 11:00:00,44.354591369628906
2017-10-24 12:00:00,38.60730743408203
2017-10-24 13:00:00,38.291133880615234
2017-10-24 14:00:00,38.8921012878418
2017-10-24 15:00:00,40.98514938354492
2017-10-24 16:00:00,43.746376037597656
2017-10-24 17:00:00,52.42711639404297
2017-10-24 18:00:00,57.02106857299805
2017-10-24 19:00:00,52.058956146240234
2017-10-24 20:00:00,45.938385009765625
2017-10-24 21:00:00,38.67964172363281
2017-10-24 22:00:00,33.44847869873047
2017-10-24 23:00:00,29.135692596435547
2017-10-25 00:00:00,28.871753692626953
2017-10-25 01:00:00,25.827594757080078
2017-10-25 02:00:00,24.20107650756836
2017-10-25 03:00:00,25.11960220336914
2017-10-25 04:00:00,27.19839096069336
2017-10-25 05:00:00,32.09791564941406
2017-10-25 06:00:00,40.97862243652344
2017-10-25 07:00:00,50.80244445800781
2017-10-25 08:00:00,53.7835693359375
2017-10-25 09:00:00,52.0529899597168
2017-10-25 10:00:00,48.63427734375
2017-10-25 11:00:00,45.24432373046875
2017-10-25 12:00:00,41.04894256591797
2017-10-25 13:00:00,38.00893783569336
2017-10-25 14:00:00,41.12593078613281
2017-10-25 15:00:00,44.747528076171875
2017-10-25 16:00:00,48.66460418701172
2017-10-25 17:00:00,54.53357696533203
2017-10-25 18:00:00,58.19263458251953
2017-10-25 19:00:00,55.17243957519531
2017-10-25 20:00:00,47.07273483276367
2017-10-25 21:00:00,41.863948822021484
2017-10-25 22:00:00,36.62101364135742
2017-10-25 23:00:00,34.11534881591797
2017-10-26 00:00:00,33.513328552246094
2017-10-26 01:00:00,31.78013801574707
2017-10-26 02:00:00,30.278549194335938
2017-10-26 03:00:00,31.045364379882812
2017-10-26 04:00:00,32.218467712402344
2017-10-26 05:00:00,35.4808349609375
2017-10-26 06:00:00,44.961265563964844
2017-10-26 07:00:00,52.33402633666992
2017-10-26 08:00:00,55.97108459472656
2017-10-26 09:00:00,54.389434814453125
2017-10-26 10:00:00,49.538753509521484
2017-10-26 11:00:00,47.798892974853516
2017-10-26 12:00:00,43.024749755859375
2017-10-26 13:00:00,40.147499084472656
2017-10-26 14:00:00,42.768043518066406
2017-10-26 15:00:00,46.14794921875
2017-10-26 16:00:00,48.554931640625
2017-10-26 17:00:00,56.160858154296875
2017-10-26 18:00:00,62.77091598510742
2017-10-26 19:00:00,57.89146423339844
2017-10-26 20:00:00,50.21883010864258
2017-10-26 21:00:00,47.138587951660156
2017-10-26 22:00:00,40.88872528076172
2017-10-26 23:00:00,38.16020202636719
2017-10-27 00:00:00,29.624725341796875
2017-10-27 01:00:00,27.78510284423828
2017-10-27 02:00:00,26.270614624023438
2017-10-27 03:00:00,26.716304779052734
2017-10-27 04:00:00,28.151872634887695
2017-10-27 05:00:00,30.743408203125
2017-10-27 06:00:00,36.65058898925781
2017-10-27 07:00:00,41.7413330078125
2017-10-27 08:00:00,42.24686813354492
2017-10-27 09:00:00,42.23467254638672
2017-10-27 10:00:00,40.155818939208984
2017-10-27 11:00:00,37.417510986328125
2017-10-27 12:00:00,35.286895751953125
2017-10-27 13:00:00,33.7479362487793
2017-10-27 14:00:00,31.10215187072754
2017-10-27 15:00:00,32.122779846191406
2017-10-27 16:00:00,36.2130126953125
2017-10-27 17:00:00,40.685585021972656
2017-10-27 18:00:00,44.39994812011719
2017-10-27 19:00:00,43.26403045654297
2017-10-27 20:00:00,40.80561065673828
2017-10-27 21:00:00,36.913108825683594
2017-10-27 22:00:00,33.86684036254883
2017-10-27 23:00:00,31.25303077697754
2017-10-28 00:00:00,28.51327133178711
2017-10-28 01:00:00,25.24929428100586
2017-10-28 02:00:00,23.865612030029297
2017-10-28 03:00:00,22.381263732910156
2017-10-28 04:00:00,22.866037368774414
2017-10-28 05:00:00,22.798782348632812
2017-10-28 06:00:00,26.668617248535156
2017-10-28 07:00:00,33.482093811035156
2017-10-28 08:00:00,30.498489379882812
2017-10-28 09:00:00,30.558387756347656
2017-10-28 10:00:00,30.274246215820312
2017-10-28 11:00:00,29.922359466552734
2017-10-28 12:00:00,28.324520111083984
2017-10-28 13:00:00,27.028480529785156
2017-10-28 14:00:00,25.537141799926758
2017-10-28 15:00:00,24.383604049682617
2017-10-28 16:00:00,29.101285934448242
2017-10-28 17:00:00,34.636844635009766
2017-10-28 18:00:00,39.868186950683594
2017-10-28 19:00:00,40.260948181152344
2017-10-28 20:00:00,37.12286376953125
2017-10-28 21:00:00,34.385704040527344
2017-10-28 22:00:00,31.341651916503906
2017-10-28 23:00:00,27.402034759521484
2017-10-29 00:00:00,23.472620010375977
2017-10-29 01:00:00,20.256208419799805
2017-10-29 02:00:00,18.985485076904297
2017-10-29 03:00:00,16.94905662536621
2017-10-29 04:00:00,17.511518478393555
2017-10-29 05:00:00,18.365612030029297
2017-10-29 06:00:00,20.62482452392578
2017-10-29 07:00:00,24.18062400817871
2017-10-29 08:00:00,30.423187255859375
2017-10-29 09:00:00,30.613868713378906
2017-10-29 10:00:00,31.291645050048828
2017-10-29 11:00:00,30.752819061279297
2017-10-29 12:00:00,30.618270874023438
2017-10-29 13:00:00,26.06085968017578
2017-10-29 14:00:00,26.526992797851562
2017-10-29 15:00:00,26.238229751586914
2017-10-29 16:00:00,28.36517333984375
2017-10-29 17:00:00,33.68639373779297
2017-10-29 18:00:00,41.150875091552734
2017-10-29 19:00:00,44.08186340332031
2017-10-29 20:00:00,37.90024185180664
2017-10-29 21:00:00,34.18785858154297
2017-10-29 22:00:00,30.616535186767578
2017-10-29 23:00:00,27.163429260253906
2017-10-30 00:00:00,24.204544067382812
2017-10-30 01:00:00,21.506078720092773
2017-10-30 02:00:00,20.213380813598633
2017-10-30 03:00:00,19.465707778930664
2017-10-30 04:00:00,21.48360824584961
2017-10-30 05:00:00,26.41069793701172
2017-10-30 06:00:00,34.605690002441406
2017-10-30 07:00:00,43.666019439697266
2017-10-30 08:00:00,46.47298812866211
2017-10-30 09:00:00,45.18993377685547
2017-10-30 10:00:00,42.82452392578125
2017-10-30 11:00:00,39.88496017456055
2017-10-30 12:00:00,37.0922737121582
2017-10-30 13:00:00,34.515663146972656
2017-10-30 14:00:00,33.87821960449219
2017-10-30 15:00:00,32.176570892333984
2017-10-30 16:00:00,37.00568771362305
2017-10-30 17:00:00,43.134483337402344
2017-10-30 18:00:00,48.63810729980469
2017-10-30 19:00:00,47.741050720214844
2017-10-30 20:00:00,42.558380126953125
2017-10-30 21:00:00,35.839454650878906
2017-10-30 22:00:00,32.01789474487305
2017-10-30 23:00:00,28.740947723388672
2017-10-31 00:00:00,38.86102294921875
2017-10-31 01:00:00,37.5549201965332
2017-10-31 02:00:00,31.13007164001465
2017-10-31 03:00:00,29.617433547973633
2017-10-31 04:00:00,29.557052612304688
2017-10-31 05:00:00,37.18925094604492
2017-10-31 06:00:00,39.05002212524414
2017-10-31 07:00:00,50.2763557434082
2017-10-31 08:00:00,48.82393264770508
2017-10-31 09:00:00,48.633758544921875
2017-10-31 10:00:00,43.49829864501953
2017-10-31 11:00:00,36.29802703857422
2017-10-31 12:00:00,31.03704071044922
2017-10-31 13:00:00,26.79312515258789
2017-10-31 14:00:00,27.889156341552734
2017-10-31 15:00:00,38.667755126953125
2017-10-31 16:00:00,50.22332000732422
2017-10-31 17:00:00,54.69437789916992
2017-10-31 18:00:00,57.69856262207031
2017-10-31 19:00:00,48.255455017089844
2017-10-31 20:00:00,44.28133010864258
2017-10-31 21:00:00,34.769798278808594
2017-10-31 22:00:00,26.349790573120117
2017-10-31 23:00:00,16.19259262084961
2017-11-01 00:00:00,15.640315055847168
2017-11-01 01:00:00,15.385668754577637
2017-11-01 02:00:00,13.269818305969238
2017-11-01 03:00:00,15.388751983642578
2017-11-01 04:00:00,16.305070877075195
2017-11-01 05:00:00,19.14055061340332
2017-11-01 06:00:00,28.111398696899414
2017-11-01 07:00:00,41.1845703125
2017-11-01 08:00:00,47.47966384887695
2017-11-01 09:00:00,45.760658264160156
2017-11-01 10:00:00,42.646732330322266
2017-11-01 11:00:00,43.999080657958984
2017-11-01 12:00:00,35.7308235168457
2017-11-01 13:00:00,34.24858474731445
2017-11-01 14:00:00,36.077430725097656
2017-11-01 15:00:00,43.915069580078125
2017-11-01 16:00:00,58.81916427612305
2017-11-01 17:00:00,61.87241744995117
2017-11-01 18:00:00,63.368839263916016
2017-11-01 19:00:00,55.41975402832031
2017-11-01 20:00:00,49.128543853759766
2017-11-01 21:00:00,42.51304244995117
2017-11-01 22:00:00,36.646358489990234
2017-11-01 23:00:00,19.180063247680664
2017-11-02 00:00:00,21.27068519592285
2017-11-02 01:00:00,25.965200424194336
2017-11-02 02:00:00,21.969470977783203
2017-11-02 03:00:00,16.671823501586914
2017-11-02 04:00:00,16.29154396057129
2017-11-02 05:00:00,21.92316246032715
2017-11-02 06:00:00,26.140422821044922
2017-11-02 07:00:00,39.31742477416992
2017-11-02 08:00:00,33.607948303222656
2017-11-02 09:00:00,41.66716384887695
2017-11-02 10:00:00,35.06182098388672
2017-11-02 11:00:00,31.019941329956055
2017-11-02 12:00:00,26.839330673217773
2017-11-02 13:00:00,28.277700424194336
2017-11-02 14:00:00,28.728870391845703
2017-11-02 15:00:00,35.397064208984375
2017-11-02 16:00:00,52.00746154785156
2017-11-02 17:00:00,61.48176193237305
2017-11-02 18:00:00,58.3992805480957
2017-11-02 19:00:00,48.6013298034668
2017-11-02 20:00:00,39.4105110168457
2017-11-02 21:00:00,37.52096176147461
2017-11-02 22:00:00,28.24863624572754
2017-11-02 23:00:00,11.948925971984863
2017-11-03 00:00:00,20.38950538635254
2017-11-03 01:00:00,21.88348960876465
2017-11-03 02:00:00,19.658056259155273
2017-11-03 03:00:00,16.9810733795166
2017-11-03 04:00:00,22.954212188720703
2017-11-03 05:00:00,26.653804779052734
2017-11-03 06:00:00,32.03616714477539
2017-11-03 07:00:00,31.020248413085938
2017-11-03 08:00:00,35.75289535522461
2017-11-03 09:00:00,38.79872131347656
2017-11-03 10:00:00,35.99317169189453
2017-11-03 11:00:00,30.95317268371582
2017-11-03 12:00:00,28.287574768066406
2017-11-03 13:00:00,20.737016677856445
2017-11-03 14:00:00,16.209625244140625
2017-11-03 15:00:00,24.804994583129883
2017-11-03 16:00:00,36.28477478027344
2017-11-03 17:00:00,46.28471374511719
2017-11-03 18:00:00,45.950687408447266
2017-11-03 19:00:00,38.64019012451172
2017-11-03 20:00:00,38.977718353271484
2017-11-03 21:00:00,31.73154640197754
2017-11-03 22:00:00,30.02519989013672
2017-11-03 23:00:00,16.78353500366211
2017-11-04 00:00:00,35.016231536865234
2017-11-04 01:00:00,32.706398010253906
2017-11-04 02:00:00,32.83323287963867
2017-11-04 03:00:00,33.10340118408203
2017-11-04 04:00:00,36.319366455078125
2017-11-04 05:00:00,40.99884796142578
2017-11-04 06:00:00,47.827877044677734
2017-11-04 07:00:00,53.407962799072266
2017-11-04 08:00:00,52.54657745361328
2017-11-04 09:00:00,49.150840759277344
2017-11-04 10:00:00,46.246490478515625
2017-11-04 11:00:00,46.30521011352539
2017-11-04 12:00:00,44.74883270263672
2017-11-04 13:00:00,42.63182067871094
2017-11-04 14:00:00,45.1185302734375
2017-11-04 15:00:00,48.4445915222168
2017-11-04 16:00:00,53.6172981262207
2017-11-04 17:00:00,58.61543273925781
2017-11-04 18:00:00,58.628448486328125
2017-11-04 19:00:00,52.80972671508789
2017-11-04 20:00:00,46.41956329345703
2017-11-04 21:00:00,40.27175521850586
2017-11-04 22:00:00,39.190277099609375
2017-11-04 23:00:00,37.49807357788086
2017-11-05 00:00:00,34.00778579711914
2017-11-05 01:00:00,33.24305725097656
2017-11-05 02:00:00,33.08442687988281
2017-11-05 03:00:00,34.245479583740234
2017-11-05 04:00:00,37.9616813659668
2017-11-05 05:00:00,42.733360290527344
2017-11-05 06:00:00,49.247684478759766
2017-11-05 07:00:00,55.284912109375
2017-11-05 08:00:00,55.522804260253906
2017-11-05 09:00:00,51.74492645263672
2017-11-05 10:00:00,48.59321594238281
2017-11-05 11:00:00,47.762046813964844
2017-11-05 12:00:00,45.575645446777344
2017-11-05 13:00:00,43.644561767578125
2017-11-05 14:00:00,43.998573303222656
2017-11-05 15:00:00,47.15222930908203
2017-11-05 16:00:00,53.062442779541016
2017-11-05 17:00:00,57.262481689453125
2017-11-05 18:00:00,57.26002502441406
2017-11-05 19:00:00,52.92052459716797
2017-11-05 20:00:00,45.12094497680664
2017-11-05 21:00:00,40.253807067871094
2017-11-05 22:00:00,38.410247802734375
2017-11-05 23:00:00,34.96477508544922
2017-11-06 00:00:00,32.62969207763672
2017-11-06 01:00:00,32.16511535644531
2017-11-06 02:00:00,32.18505859375
2017-11-06 03:00:00,32.6751594543457
2017-11-06 04:00:00,35.64673614501953
2017-11-06 05:00:00,40.53430938720703
2017-11-06 06:00:00,46.94313049316406
2017-11-06 07:00:00,50.81071472167969
2017-11-06 08:00:00,52.299320220947266
2017-11-06 09:00:00,49.290809631347656
2017-11-06 10:00:00,46.27616882324219
2017-11-06 11:00:00,45.355960845947266
2017-11-06 12:00:00,42.69635009765625
2017-11-06 13:00:00,41.49468994140625
2017-11-06 14:00:00,41.67744445800781
2017-11-06 15:00:00,46.12200927734375
2017-11-06 16:00:00,51.20811462402344
2017-11-06 17:00:00,55.47340393066406
2017-11-06 18:00:00,55.43974304199219
2017-11-06 19:00:00,51.520084381103516
2017-11-06 20:00:00,44.550621032714844
2017-11-06 21:00:00,40.073848724365234
2017-11-06 22:00:00,37.13868713378906
2017-11-06 23:00:00,34.82417297363281
2017-11-07 00:00:00,32.013633728027344
2017-11-07 01:00:00,30.701889038085938
2017-11-07 02:00:00,30.4803524017334
2017-11-07 03:00:00,30.357608795166016
2017-11-07 04:00:00,32.129249572753906
2017-11-07 05:00:00,34.48902130126953
2017-11-07 06:00:00,39.54304122924805
2017-11-07 07:00:00,43.572662353515625
2017-11-07 08:00:00,45.114810943603516
2017-11-07 09:00:00,42.68516159057617
2017-11-07 10:00:00,40.799930572509766
2017-11-07 11:00:00,39.79106521606445
2017-11-07 12:00:00,38.24782180786133
2017-11-07 13:00:00,36.264984130859375
2017-11-07 14:00:00,37.492862701416016
2017-11-07 15:00:00,39.94664764404297
2017-11-07 16:00:00,44.46049499511719
2017-11-07 17:00:00,47.90135192871094
2017-11-07 18:00:00,49.614776611328125
2017-11-07 19:00:00,44.9328498840332
2017-11-07 20:00:00,39.692054748535156
2017-11-07 21:00:00,36.68633270263672
2017-11-07 22:00:00,34.69689178466797
2017-11-07 23:00:00,32.60783386230469
2017-11-08 00:00:00,36.059303283691406
2017-11-08 01:00:00,35.46194839477539
2017-11-08 02:00:00,36.12133026123047
2017-11-08 03:00:00,38.742244720458984
2017-11-08 04:00:00,41.45507049560547
2017-11-08 05:00:00,44.62217712402344
2017-11-08 06:00:00,51.6732292175293
2017-11-08 07:00:00,56.15892791748047
2017-11-08 08:00:00,58.40650939941406
2017-11-08 09:00:00,59.16030502319336
2017-11-08 10:00:00,59.6348876953125
2017-11-08 11:00:00,59.727901458740234
2017-11-08 12:00:00,58.84892272949219
2017-11-08 13:00:00,58.289833068847656
2017-11-08 14:00:00,57.97416305541992
2017-11-08 15:00:00,59.296409606933594
2017-11-08 16:00:00,63.343109130859375
2017-11-08 17:00:00,66.15306091308594
2017-11-08 18:00:00,66.55474853515625
2017-11-08 19:00:00,62.720069885253906
2017-11-08 20:00:00,56.473876953125
2017-11-08 21:00:00,47.6434326171875
2017-11-08 22:00:00,41.96263122558594
2017-11-08 23:00:00,40.08543395996094
2017-11-09 00:00:00,38.055755615234375
2017-11-09 01:00:00,37.08919906616211
2017-11-09 02:00:00,38.48912811279297
2017-11-09 03:00:00,39.37360763549805
2017-11-09 04:00:00,41.96936798095703
2017-11-09 05:00:00,46.142250061035156
2017-11-09 06:00:00,50.578956604003906
2017-11-09 07:00:00,55.45897674560547
2017-11-09 08:00:00,56.88691711425781
2017-11-09 09:00:00,60.46056365966797
2017-11-09 10:00:00,59.911964416503906
2017-11-09 11:00:00,61.3188591003418
2017-11-09 12:00:00,58.458984375
2017-11-09 13:00:00,57.422943115234375
2017-11-09 14:00:00,58.01303482055664
2017-11-09 15:00:00,60.899810791015625
2017-11-09 16:00:00,62.914390563964844
2017-11-09 17:00:00,66.35865783691406
2017-11-09 18:00:00,64.27719116210938
2017-11-09 19:00:00,60.79735565185547
2017-11-09 20:00:00,54.478485107421875
2017-11-09 21:00:00,51.1350212097168
2017-11-09 22:00:00,45.031272888183594
2017-11-09 23:00:00,41.501705169677734
2017-11-10 00:00:00,37.15611267089844
2017-11-10 01:00:00,36.08851623535156
2017-11-10 02:00:00,37.58392333984375
2017-11-10 03:00:00,37.97834396362305
2017-11-10 04:00:00,41.38548278808594
2017-11-10 05:00:00,44.96892547607422
2017-11-10 06:00:00,47.92493438720703
2017-11-10 07:00:00,53.400604248046875
2017-11-10 08:00:00,52.28709030151367
2017-11-10 09:00:00,53.78201675415039
2017-11-10 10:00:00,54.41465759277344
2017-11-10 11:00:00,53.590511322021484
2017-11-10 12:00:00,53.03547668457031
2017-11-10 13:00:00,51.885616302490234
2017-11-10 14:00:00,51.13997268676758
2017-11-10 15:00:00,51.996131896972656
2017-11-10 16:00:00,55.52241516113281
2017-11-10 17:00:00,58.68370819091797
2017-11-10 18:00:00,58.96611022949219
2017-11-10 19:00:00,54.499305725097656
2017-11-10 20:00:00,51.086849212646484
2017-11-10 21:00:00,44.89241409301758
2017-11-10 22:00:00,38.77048873901367
2017-11-10 23:00:00,36.588497161865234
2017-11-11 00:00:00,33.929344177246094
2017-11-11 01:00:00,32.00078582763672
2017-11-11 02:00:00,31.661808013916016
2017-11-11 03:00:00,29.106054306030273
2017-11-11 04:00:00,32.13361358642578
2017-11-11 05:00:00,36.169918060302734
2017-11-11 06:00:00,39.63627243041992
2017-11-11 07:00:00,41.36717224121094
2017-11-11 08:00:00,43.746337890625
2017-11-11 09:00:00,41.95906448364258
2017-11-11 10:00:00,43.70573043823242
2017-11-11 11:00:00,41.87309265136719
2017-11-11 12:00:00,38.55485153198242
2017-11-11 13:00:00,37.82218933105469
2017-11-11 14:00:00,39.52292251586914
2017-11-11 15:00:00,39.47004699707031
2017-11-11 16:00:00,43.043968200683594
2017-11-11 17:00:00,46.377655029296875
2017-11-11 18:00:00,46.108821868896484
2017-11-11 19:00:00,43.68059158325195
2017-11-11 20:00:00,37.77357482910156
2017-11-11 21:00:00,32.7490348815918
2017-11-11 22:00:00,27.50284767150879
2017-11-11 23:00:00,25.62788963317871
2017-11-12 00:00:00,28.470064163208008
2017-11-12 01:00:00,29.465877532958984
2017-11-12 02:00:00,31.08481216430664
2017-11-12 03:00:00,35.74736785888672
2017-11-12 04:00:00,37.010807037353516
2017-11-12 05:00:00,39.7193603515625
2017-11-12 06:00:00,44.10678482055664
2017-11-12 07:00:00,45.37757873535156
2017-11-12 08:00:00,45.418853759765625
2017-11-12 09:00:00,47.369468688964844
2017-11-12 10:00:00,47.894004821777344
2017-11-12 11:00:00,45.01190185546875
2017-11-12 12:00:00,41.99040222167969
2017-11-12 13:00:00,43.14109802246094
2017-11-12 14:00:00,42.71214294433594
2017-11-12 15:00:00,43.862152099609375
2017-11-12 16:00:00,40.15245056152344
2017-11-12 17:00:00,44.3283576965332
2017-11-12 18:00:00,45.09315872192383
2017-11-12 19:00:00,43.17681884765625
2017-11-12 20:00:00,41.264896392822266
2017-11-12 21:00:00,38.29673385620117
2017-11-12 22:00:00,36.282440185546875
2017-11-12 23:00:00,32.45195770263672
2017-11-13 00:00:00,30.914833068847656
2017-11-13 01:00:00,28.571203231811523
2017-11-13 02:00:00,28.930809020996094
2017-11-13 03:00:00,27.1491641998291
2017-11-13 04:00:00,27.888126373291016
2017-11-13 05:00:00,30.12342071533203
2017-11-13 06:00:00,35.307674407958984
2017-11-13 07:00:00,40.22950744628906
2017-11-13 08:00:00,20.6554012298584
2017-11-13 09:00:00,22.40515899658203
2017-11-13 10:00:00,23.517824172973633
2017-11-13 11:00:00,26.492828369140625
2017-11-13 12:00:00,27.590370178222656
2017-11-13 13:00:00,28.462770462036133
2017-11-13 14:00:00,28.881479263305664
2017-11-13 15:00:00,31.32492446899414
2017-11-13 16:00:00,35.09783935546875
2017-11-13 17:00:00,39.44212341308594
2017-11-13 18:00:00,42.646175384521484
2017-11-13 19:00:00,42.24585723876953
2017-11-13 20:00:00,39.16184997558594
2017-11-13 21:00:00,35.236751556396484
2017-11-13 22:00:00,32.637351989746094
2017-11-13 23:00:00,27.603179931640625
2017-11-14 00:00:00,8.99954605102539
2017-11-14 01:00:00,5.594821929931641
2017-11-14 02:00:00,9.922477722167969
2017-11-14 03:00:00,8.559371948242188
2017-11-14 04:00:00,8.793834686279297
2017-11-14 05:00:00,10.032760620117188
2017-11-14 06:00:00,23.411901473999023
2017-11-14 07:00:00,26.304332733154297
2017-11-14 08:00:00,33.2819709777832
2017-11-14 09:00:00,36.3841552734375
2017-11-14 10:00:00,36.65918731689453
2017-11-14 11:00:00,37.41449737548828
2017-11-14 12:00:00,37.35631561279297
2017-11-14 13:00:00,38.296348571777344
2017-11-14 14:00:00,39.54631423950195
2017-11-14 15:00:00,41.1427116394043
2017-11-14 16:00:00,34.319541931152344
2017-11-14 17:00:00,38.36737060546875
2017-11-14 18:00:00,43.11201477050781
2017-11-14 19:00:00,40.94053649902344
2017-11-14 20:00:00,35.789710998535156
2017-11-14 21:00:00,33.342262268066406
2017-11-14 22:00:00,28.154003143310547
2017-11-14 23:00:00,26.584213256835938
2017-11-15 00:00:00,23.77325439453125
2017-11-15 01:00:00,19.949462890625
2017-11-15 02:00:00,21.930234909057617
2017-11-15 03:00:00,23.904653549194336
2017-11-15 04:00:00,29.079805374145508
2017-11-15 05:00:00,34.61445617675781
2017-11-15 06:00:00,39.566383361816406
2017-11-15 07:00:00,48.452178955078125
2017-11-15 08:00:00,53.87554931640625
2017-11-15 09:00:00,52.21761703491211
2017-11-15 10:00:00,49.69941329956055
2017-11-15 11:00:00,49.215084075927734
2017-11-15 12:00:00,47.80215072631836
2017-11-15 13:00:00,45.760719299316406
2017-11-15 14:00:00,49.46966552734375
2017-11-15 15:00:00,51.28889465332031
2017-11-15 16:00:00,54.45704650878906
2017-11-15 17:00:00,54.83482360839844
2017-11-15 18:00:00,54.60255432128906
2017-11-15 19:00:00,49.58760452270508
2017-11-15 20:00:00,43.05464553833008
2017-11-15 21:00:00,37.71923828125
2017-11-15 22:00:00,33.846031188964844
2017-11-15 23:00:00,27.944915771484375
2017-11-16 00:00:00,38.17095184326172
2017-11-16 01:00:00,38.844764709472656
2017-11-16 02:00:00,39.34037780761719
2017-11-16 03:00:00,43.836181640625
2017-11-16 04:00:00,45.905677795410156
2017-11-16 05:00:00,48.42823791503906
2017-11-16 06:00:00,60.81390380859375
2017-11-16 07:00:00,63.209266662597656
2017-11-16 08:00:00,67.76604461669922
2017-11-16 09:00:00,68.14260864257812
2017-11-16 10:00:00,67.94723510742188
2017-11-16 11:00:00,64.94378662109375
2017-11-16 12:00:00,66.22917175292969
2017-11-16 13:00:00,63.69626235961914
2017-11-16 14:00:00,64.10517120361328
2017-11-16 15:00:00,70.519287109375
2017-11-16 16:00:00,78.79121398925781
2017-11-16 17:00:00,82.24411010742188
2017-11-16 18:00:00,81.97373962402344
2017-11-16 19:00:00,72.98165893554688
2017-11-16 20:00:00,61.817848205566406
2017-11-16 21:00:00,53.862030029296875
2017-11-16 22:00:00,44.69771957397461
2017-11-16 23:00:00,41.7697639465332
2017-11-17 00:00:00,36.536460876464844
2017-11-17 01:00:00,34.844566345214844
2017-11-17 02:00:00,37.747344970703125
2017-11-17 03:00:00,39.417823791503906
2017-11-17 04:00:00,43.60832595825195
2017-11-17 05:00:00,50.09646224975586
2017-11-17 06:00:00,53.32430648803711
2017-11-17 07:00:00,60.83460235595703
2017-11-17 08:00:00,60.18512725830078
2017-11-17 09:00:00,62.95073318481445
2017-11-17 10:00:00,62.273319244384766
2017-11-17 11:00:00,60.1304817199707
2017-11-17 12:00:00,59.98048400878906
2017-11-17 13:00:00,59.41826248168945
2017-11-17 14:00:00,56.19895553588867
2017-11-17 15:00:00,63.96062469482422
2017-11-17 16:00:00,69.32255554199219
2017-11-17 17:00:00,75.361328125
2017-11-17 18:00:00,71.2117691040039
2017-11-17 19:00:00,65.89896392822266
2017-11-17 20:00:00,57.434749603271484
2017-11-17 21:00:00,48.3757209777832
2017-11-17 22:00:00,40.808834075927734
2017-11-17 23:00:00,37.947933197021484
2017-11-18 00:00:00,31.34465217590332
2017-11-18 01:00:00,27.46017837524414
2017-11-18 02:00:00,29.381996154785156
2017-11-18 03:00:00,30.730445861816406
2017-11-18 04:00:00,30.901508331298828
2017-11-18 05:00:00,39.501800537109375
2017-11-18 06:00:00,43.2742919921875
2017-11-18 07:00:00,50.34580993652344
2017-11-18 08:00:00,49.50334930419922
2017-11-18 09:00:00,49.61601638793945
2017-11-18 10:00:00,49.95882034301758
2017-11-18 11:00:00,44.6439208984375
2017-11-18 12:00:00,44.966209411621094
2017-11-18 13:00:00,42.34735107421875
2017-11-18 14:00:00,45.30105209350586
2017-11-18 15:00:00,48.35500717163086
2017-11-18 16:00:00,53.698272705078125
2017-11-18 17:00:00,61.94573974609375
2017-11-18 18:00:00,57.59129333496094
2017-11-18 19:00:00,56.3372802734375
2017-11-18 20:00:00,46.7723388671875
2017-11-18 21:00:00,35.958587646484375
2017-11-18 22:00:00,29.729066848754883
2017-11-18 23:00:00,26.951730728149414
2017-11-19 00:00:00,21.041168212890625
2017-11-19 01:00:00,18.80622100830078
2017-11-19 02:00:00,18.244871139526367
2017-11-19 03:00:00,18.096952438354492
2017-11-19 04:00:00,21.266212463378906
2017-11-19 05:00:00,26.885683059692383
2017-11-19 06:00:00,33.837623596191406
2017-11-19 07:00:00,37.193458557128906
2017-11-19 08:00:00,38.31450653076172
2017-11-19 09:00:00,37.754425048828125
2017-11-19 10:00:00,39.525333404541016
2017-11-19 11:00:00,38.80918884277344
2017-11-19 12:00:00,37.61722183227539
2017-11-19 13:00:00,35.75940704345703
2017-11-19 14:00:00,37.42711639404297
2017-11-19 15:00:00,43.40977096557617
2017-11-19 16:00:00,50.72740936279297
2017-11-19 17:00:00,57.53370666503906
2017-11-19 18:00:00,57.36091995239258
2017-11-19 19:00:00,51.63169860839844
2017-11-19 20:00:00,43.05949020385742
2017-11-19 21:00:00,36.250732421875
2017-11-19 22:00:00,31.69561767578125
2017-11-19 23:00:00,27.57636070251465
2017-11-20 00:00:00,7.333387851715088
2017-11-20 01:00:00,4.884158134460449
2017-11-20 02:00:00,2.8820199966430664
2017-11-20 03:00:00,2.0027589797973633
2017-11-20 04:00:00,2.711470603942871
2017-11-20 05:00:00,4.634274959564209
2017-11-20 06:00:00,8.472465515136719
2017-11-20 07:00:00,13.255321502685547
2017-11-20 08:00:00,16.352628707885742
2017-11-20 09:00:00,17.636959075927734
2017-11-20 10:00:00,16.787132263183594
2017-11-20 11:00:00,15.463695526123047
2017-11-20 12:00:00,13.809304237365723
2017-11-20 13:00:00,12.395492553710938
2017-11-20 14:00:00,12.85333251953125
2017-11-20 15:00:00,15.269109725952148
2017-11-20 16:00:00,17.27103614807129
2017-11-20 17:00:00,18.318063735961914
2017-11-20 18:00:00,17.61067771911621
2017-11-20 19:00:00,15.515096664428711
2017-11-20 20:00:00,13.040827751159668
2017-11-20 21:00:00,11.63976764678955
2017-11-20 22:00:00,10.417886734008789
2017-11-20 23:00:00,8.907228469848633
2017-11-21 00:00:00,7.487671375274658
2017-11-21 01:00:00,6.11677360534668
2017-11-21 02:00:00,5.049716949462891
2017-11-21 03:00:00,4.813057899475098
2017-11-21 04:00:00,5.860947608947754
2017-11-21 05:00:00,7.681057929992676
2017-11-21 06:00:00,11.39875316619873
2017-11-21 07:00:00,15.433259963989258
2017-11-21 08:00:00,19.024093627929688
2017-11-21 09:00:00,20.338647842407227
2017-11-21 10:00:00,19.743240356445312
2017-11-21 11:00:00,18.380069732666016
2017-11-21 12:00:00,16.467716217041016
2017-11-21 13:00:00,14.831657409667969
2017-11-21 14:00:00,15.309064865112305
2017-11-21 15:00:00,17.386760711669922
2017-11-21 16:00:00,19.41552734375
2017-11-21 17:00:00,20.222171783447266
2017-11-21 18:00:00,20.049907684326172
2017-11-21 19:00:00,17.930343627929688
2017-11-21 20:00:00,16.14963722229004
2017-11-21 21:00:00,14.749485969543457
2017-11-21 22:00:00,13.525930404663086
2017-11-21 23:00:00,12.12889289855957
2017-11-22 00:00:00,11.094653129577637
2017-11-22 01:00:00,9.940162658691406
2017-11-22 02:00:00,9.251715660095215
2017-11-22 03:00:00,9.419039726257324
2017-11-22 04:00:00,11.013615608215332
2017-11-22 05:00:00,13.83299732208252
2017-11-22 06:00:00,18.134918212890625
2017-11-22 07:00:00,23.287479400634766
2017-11-22 08:00:00,27.295425415039062
2017-11-22 09:00:00,28.72394561767578
2017-11-22 10:00:00,28.14862823486328
2017-11-22 11:00:00,26.512083053588867
2017-11-22 12:00:00,24.928396224975586
2017-11-22 13:00:00,24.067729949951172
2017-11-22 14:00:00,24.995594024658203
2017-11-22 15:00:00,26.83013916015625
2017-11-22 16:00:00,29.464366912841797
2017-11-22 17:00:00,29.65996551513672
2017-11-22 18:00:00,29.267074584960938
2017-11-22 19:00:00,26.943248748779297
2017-11-22 20:00:00,24.613967895507812
2017-11-22 21:00:00,23.566986083984375
2017-11-22 22:00:00,22.305702209472656
2017-11-22 23:00:00,21.335573196411133
2017-11-23 00:00:00,20.087936401367188
2017-11-23 01:00:00,18.73177719116211
2017-11-23 02:00:00,18.532546997070312
2017-11-23 03:00:00,18.671539306640625
2017-11-23 04:00:00,20.108383178710938
2017-11-23 05:00:00,22.666444778442383
2017-11-23 06:00:00,26.83730697631836
2017-11-23 07:00:00,31.786453247070312
2017-11-23 08:00:00,35.84657287597656
2017-11-23 09:00:00,37.20795440673828
2017-11-23 10:00:00,36.314002990722656
2017-11-23 11:00:00,34.43183898925781
2017-11-23 12:00:00,32.176815032958984
2017-11-23 13:00:00,30.38993263244629
2017-11-23 14:00:00,30.16591453552246
2017-11-23 15:00:00,31.57577896118164
2017-11-23 16:00:00,33.236114501953125
2017-11-23 17:00:00,34.46726989746094
2017-11-23 18:00:00,33.27434158325195
2017-11-23 19:00:00,30.325092315673828
2017-11-23 20:00:00,26.77401351928711
2017-11-23 21:00:00,24.502330780029297
2017-11-23 22:00:00,22.25171661376953
2017-11-23 23:00:00,20.04936981201172
2017-11-24 00:00:00,17.830045700073242
2017-11-24 01:00:00,19.116397857666016
2017-11-24 02:00:00,17.731508255004883
2017-11-24 03:00:00,20.651782989501953
2017-11-24 04:00:00,22.666593551635742
2017-11-24 05:00:00,24.977951049804688
2017-11-24 06:00:00,31.30621337890625
2017-11-24 07:00:00,35.077728271484375
2017-11-24 08:00:00,36.123382568359375
2017-11-24 09:00:00,35.78664779663086
2017-11-24 10:00:00,35.045772552490234
2017-11-24 11:00:00,30.110780715942383
2017-11-24 12:00:00,27.950559616088867
2017-11-24 13:00:00,29.024866104125977
2017-11-24 14:00:00,30.083648681640625
2017-11-24 15:00:00,31.86880874633789
2017-11-24 16:00:00,33.34197998046875
2017-11-24 17:00:00,35.917823791503906
2017-11-24 18:00:00,37.68498229980469
2017-11-24 19:00:00,34.20993423461914
2017-11-24 20:00:00,32.58333206176758
2017-11-24 21:00:00,29.214916229248047
2017-11-24 22:00:00,25.735454559326172
2017-11-24 23:00:00,21.58002281188965
2017-11-25 00:00:00,17.928422927856445
2017-11-25 01:00:00,15.156816482543945
2017-11-25 02:00:00,12.706937789916992
2017-11-25 03:00:00,12.73539924621582
2017-11-25 04:00:00,13.715568542480469
2017-11-25 05:00:00,17.390634536743164
2017-11-25 06:00:00,21.51429557800293
2017-11-25 07:00:00,27.676525115966797
2017-11-25 08:00:00,18.393245697021484
2017-11-25 09:00:00,19.805755615234375
2017-11-25 10:00:00,19.35047149658203
2017-11-25 11:00:00,20.90870475769043
2017-11-25 12:00:00,20.043048858642578
2017-11-25 13:00:00,18.515674591064453
2017-11-25 14:00:00,20.225704193115234
2017-11-25 15:00:00,21.82072639465332
2017-11-25 16:00:00,27.148174285888672
2017-11-25 17:00:00,32.999820709228516
2017-11-25 18:00:00,35.25649642944336
2017-11-25 19:00:00,34.15065383911133
2017-11-25 20:00:00,28.75652503967285
2017-11-25 21:00:00,25.629844665527344
2017-11-25 22:00:00,21.195369720458984
2017-11-25 23:00:00,16.920976638793945
2017-11-26 00:00:00,10.843709945678711
2017-11-26 01:00:00,6.036069869995117
2017-11-26 02:00:00,6.364368438720703
2017-11-26 03:00:00,2.9451942443847656
2017-11-26 04:00:00,2.5943145751953125
2017-11-26 05:00:00,0.2653961181640625
2017-11-26 06:00:00,5.889385223388672
2017-11-26 07:00:00,12.93972396850586
2017-11-26 08:00:00,18.064281463623047
2017-11-26 09:00:00,18.325572967529297
2017-11-26 10:00:00,21.1057186126709
2017-11-26 11:00:00,22.240100860595703
2017-11-26 12:00:00,22.51913833618164
2017-11-26 13:00:00,19.07309341430664
2017-11-26 14:00:00,22.402448654174805
2017-11-26 15:00:00,23.56777572631836
2017-11-26 16:00:00,23.15127182006836
2017-11-26 17:00:00,26.03066062927246
2017-11-26 18:00:00,26.286624908447266
2017-11-26 19:00:00,26.527851104736328
2017-11-26 20:00:00,23.995288848876953
2017-11-26 21:00:00,21.422611236572266
2017-11-26 22:00:00,17.48603630065918
2017-11-26 23:00:00,14.890039443969727
2017-11-27 00:00:00,9.75687026977539
2017-11-27 01:00:00,5.401361465454102
2017-11-27 02:00:00,5.63499641418457
2017-11-27 03:00:00,4.048671722412109
2017-11-27 04:00:00,7.322519302368164
2017-11-27 05:00:00,15.633699417114258
2017-11-27 06:00:00,23.287294387817383
2017-11-27 07:00:00,34.88077163696289
2017-11-27 08:00:00,42.171260833740234
2017-11-27 09:00:00,40.37353515625
2017-11-27 10:00:00,37.865692138671875
2017-11-27 11:00:00,36.15471267700195
2017-11-27 12:00:00,33.01667785644531
2017-11-27 13:00:00,31.98703956604004
2017-11-27 14:00:00,34.75062942504883
2017-11-27 15:00:00,37.153648376464844
2017-11-27 16:00:00,41.72346115112305
2017-11-27 17:00:00,43.50491714477539
2017-11-27 18:00:00,44.95132064819336
2017-11-27 19:00:00,40.46113586425781
2017-11-27 20:00:00,30.89583396911621
2017-11-27 21:00:00,26.003738403320312
2017-11-27 22:00:00,21.26987075805664
2017-11-27 23:00:00,17.63309097290039
2017-11-28 00:00:00,8.103090286254883
2017-11-28 01:00:00,7.618976593017578
2017-11-28 02:00:00,10.219331741333008
2017-11-28 03:00:00,11.922746658325195
2017-11-28 04:00:00,13.023849487304688
2017-11-28 05:00:00,18.408920288085938
2017-11-28 06:00:00,28.006423950195312
2017-11-28 07:00:00,32.87376022338867
2017-11-28 08:00:00,37.06639862060547
2017-11-28 09:00:00,34.82668685913086
2017-11-28 10:00:00,34.596588134765625
2017-11-28 11:00:00,33.08509063720703
2017-11-28 12:00:00,31.840103149414062
2017-11-28 13:00:00,30.644210815429688
2017-11-28 14:00:00,31.5117130279541
2017-11-28 15:00:00,32.86348342895508
2017-11-28 16:00:00,36.389381408691406
2017-11-28 17:00:00,40.48440170288086
2017-11-28 18:00:00,41.921241760253906
2017-11-28 19:00:00,40.22779846191406
2017-11-28 20:00:00,34.311317443847656
2017-11-28 21:00:00,31.63692283630371
2017-11-28 22:00:00,26.486671447753906
2017-11-28 23:00:00,20.347476959228516
2017-11-29 00:00:00,16.645124435424805
2017-11-29 01:00:00,14.557193756103516
2017-11-29 02:00:00,14.217470169067383
2017-11-29 03:00:00,15.504329681396484
2017-11-29 04:00:00,17.332218170166016
2017-11-29 05:00:00,22.878440856933594
2017-11-29 06:00:00,29.315839767456055
2017-11-29 07:00:00,32.72647476196289
2017-11-29 08:00:00,35.904640197753906
2017-11-29 09:00:00,34.828575134277344
2017-11-29 10:00:00,34.897613525390625
2017-11-29 11:00:00,34.84688949584961
2017-11-29 12:00:00,33.291385650634766
2017-11-29 13:00:00,33.771541595458984
2017-11-29 14:00:00,33.868438720703125
2017-11-29 15:00:00,34.533992767333984
2017-11-29 16:00:00,38.052494049072266
2017-11-29 17:00:00,43.873558044433594
2017-11-29 18:00:00,43.77553939819336
2017-11-29 19:00:00,43.93084716796875
2017-11-29 20:00:00,37.72688293457031
2017-11-29 21:00:00,33.09761428833008
2017-11-29 22:00:00,29.8640079498291
2017-11-29 23:00:00,25.250835418701172
2017-11-30 00:00:00,21.13153839111328
2017-11-30 01:00:00,20.32238006591797
2017-11-30 02:00:00,19.820056915283203
2017-11-30 03:00:00,21.301815032958984
2017-11-30 04:00:00,22.660930633544922
2017-11-30 05:00:00,28.49852180480957
2017-11-30 06:00:00,35.02649688720703
2017-11-30 07:00:00,37.84571838378906
2017-11-30 08:00:00,39.12410354614258
2017-11-30 09:00:00,37.542057037353516
2017-11-30 10:00:00,36.535308837890625
2017-11-30 11:00:00,35.9296989440918
2017-11-30 12:00:00,34.259552001953125
2017-11-30 13:00:00,34.23637390136719
2017-11-30 14:00:00,36.3160285949707
2017-11-30 15:00:00,37.54247283935547
2017-11-30 16:00:00,38.982913970947266
2017-11-30 17:00:00,44.206573486328125
2017-11-30 18:00:00,45.145294189453125
2017-11-30 19:00:00,44.11957931518555
2017-11-30 20:00:00,39.37803649902344
2017-11-30 21:00:00,36.192996978759766
2017-11-30 22:00:00,31.315935134887695
2017-11-30 23:00:00,28.231401443481445
2017-12-01 00:00:00,24.28937530517578
2017-12-01 01:00:00,22.226974487304688
2017-12-01 02:00:00,23.83380126953125
2017-12-01 03:00:00,22.47166633605957
2017-12-01 04:00:00,24.46197509765625
2017-12-01 05:00:00,30.299514770507812
2017-12-01 06:00:00,36.98690414428711
2017-12-01 07:00:00,39.9719123840332
2017-12-01 08:00:00,40.34287643432617
2017-12-01 09:00:00,38.40376663208008
2017-12-01 10:00:00,38.24266052246094
2017-12-01 11:00:00,38.34710693359375
2017-12-01 12:00:00,35.07158279418945
2017-12-01 13:00:00,34.71595001220703
2017-12-01 14:00:00,34.80755615234375
2017-12-01 15:00:00,35.68669891357422
2017-12-01 16:00:00,37.408042907714844
2017-12-01 17:00:00,41.237518310546875
2017-12-01 18:00:00,40.08966064453125
2017-12-01 19:00:00,39.67073440551758
2017-12-01 20:00:00,34.8770637512207
2017-12-01 21:00:00,32.57100296020508
2017-12-01 22:00:00,31.48421859741211
2017-12-01 23:00:00,27.210590362548828
2017-12-02 00:00:00,35.83271408081055
2017-12-02 01:00:00,31.802797317504883
2017-12-02 02:00:00,30.339536666870117
2017-12-02 03:00:00,30.541908264160156
2017-12-02 04:00:00,33.69865417480469
2017-12-02 05:00:00,35.913597106933594
2017-12-02 06:00:00,50.41770935058594
2017-12-02 07:00:00,69.17645263671875
2017-12-02 08:00:00,70.38473510742188
2017-12-02 09:00:00,71.37789916992188
2017-12-02 10:00:00,71.38011169433594
2017-12-02 11:00:00,71.188232421875
2017-12-02 12:00:00,69.90470886230469
2017-12-02 13:00:00,69.26969146728516
2017-12-02 14:00:00,69.8163833618164
2017-12-02 15:00:00,68.87403869628906
2017-12-02 16:00:00,74.65406799316406
2017-12-02 17:00:00,81.73788452148438
2017-12-02 18:00:00,80.9512939453125
2017-12-02 19:00:00,68.17711639404297
2017-12-02 20:00:00,57.84272384643555
2017-12-02 21:00:00,45.595306396484375
2017-12-02 22:00:00,39.236812591552734
2017-12-02 23:00:00,33.521236419677734
2017-12-03 00:00:00,31.522794723510742
2017-12-03 01:00:00,27.399044036865234
2017-12-03 02:00:00,25.128719329833984
2017-12-03 03:00:00,25.869163513183594
2017-12-03 04:00:00,26.16317367553711
2017-12-03 05:00:00,27.004791259765625
2017-12-03 06:00:00,36.71342468261719
2017-12-03 07:00:00,53.39787673950195
2017-12-03 08:00:00,58.01003646850586
2017-12-03 09:00:00,57.717838287353516
2017-12-03 10:00:00,60.710121154785156
2017-12-03 11:00:00,59.122047424316406
2017-12-03 12:00:00,56.43396759033203
2017-12-03 13:00:00,52.30000305175781
2017-12-03 14:00:00,49.9728889465332
2017-12-03 15:00:00,54.279563903808594
2017-12-03 16:00:00,58.20941162109375
2017-12-03 17:00:00,67.17279815673828
2017-12-03 18:00:00,65.88383483886719
2017-12-03 19:00:00,57.31649398803711
2017-12-03 20:00:00,49.18977737426758
2017-12-03 21:00:00,41.05531311035156
2017-12-03 22:00:00,32.791259765625
2017-12-03 23:00:00,28.973323822021484
2017-12-04 00:00:00,25.945018768310547
2017-12-04 01:00:00,20.13559341430664
2017-12-04 02:00:00,19.139728546142578
2017-12-04 03:00:00,19.687503814697266
2017-12-04 04:00:00,17.228317260742188
2017-12-04 05:00:00,18.807662963867188
2017-12-04 06:00:00,25.40221405029297
2017-12-04 07:00:00,37.98988342285156
2017-12-04 08:00:00,38.77940368652344
2017-12-04 09:00:00,41.292137145996094
2017-12-04 10:00:00,44.64406204223633
2017-12-04 11:00:00,43.80964660644531
2017-12-04 12:00:00,43.53373718261719
2017-12-04 13:00:00,43.491111755371094
2017-12-04 14:00:00,39.73522186279297
2017-12-04 15:00:00,41.37174606323242
2017-12-04 16:00:00,49.964576721191406
2017-12-04 17:00:00,60.511924743652344
2017-12-04 18:00:00,61.29165267944336
2017-12-04 19:00:00,51.61620330810547
2017-12-04 20:00:00,45.13642120361328
2017-12-04 21:00:00,37.88614273071289
2017-12-04 22:00:00,33.62882995605469
2017-12-04 23:00:00,28.378524780273438
2017-12-05 00:00:00,22.56558609008789
2017-12-05 01:00:00,16.442272186279297
2017-12-05 02:00:00,13.422454833984375
2017-12-05 03:00:00,15.65633773803711
2017-12-05 04:00:00,17.090133666992188
2017-12-05 05:00:00,19.093040466308594
2017-12-05 06:00:00,29.492677688598633
2017-12-05 07:00:00,42.8653564453125
2017-12-05 08:00:00,44.4774284362793
2017-12-05 09:00:00,44.140174865722656
2017-12-05 10:00:00,46.407936096191406
2017-12-05 11:00:00,46.1990852355957
2017-12-05 12:00:00,44.72124099731445
2017-12-05 13:00:00,45.626163482666016
2017-12-05 14:00:00,50.14231872558594
2017-12-05 15:00:00,53.623172760009766
2017-12-05 16:00:00,58.57932662963867
2017-12-05 17:00:00,66.78109741210938
2017-12-05 18:00:00,67.52439880371094
2017-12-05 19:00:00,56.12999725341797
2017-12-05 20:00:00,47.27210235595703
2017-12-05 21:00:00,44.00291061401367
2017-12-05 22:00:00,31.165029525756836
2017-12-05 23:00:00,29.534025192260742
2017-12-06 00:00:00,20.297985076904297
2017-12-06 01:00:00,18.64540672302246
2017-12-06 02:00:00,20.14828872680664
2017-12-06 03:00:00,20.512866973876953
2017-12-06 04:00:00,23.725994110107422
2017-12-06 05:00:00,27.03357696533203
2017-12-06 06:00:00,31.22796630859375
2017-12-06 07:00:00,36.370277404785156
2017-12-06 08:00:00,40.21160888671875
2017-12-06 09:00:00,42.37887954711914
2017-12-06 10:00:00,40.373748779296875
2017-12-06 11:00:00,42.13777160644531
2017-12-06 12:00:00,41.86405563354492
2017-12-06 13:00:00,40.9326286315918
2017-12-06 14:00:00,41.042457580566406
2017-12-06 15:00:00,42.63903045654297
2017-12-06 16:00:00,44.77105712890625
2017-12-06 17:00:00,45.91649627685547
2017-12-06 18:00:00,46.12651824951172
2017-12-06 19:00:00,43.577396392822266
2017-12-06 20:00:00,39.75396728515625
2017-12-06 21:00:00,34.775814056396484
2017-12-06 22:00:00,31.831371307373047
2017-12-06 23:00:00,29.683408737182617
2017-12-07 00:00:00,27.321996688842773
2017-12-07 01:00:00,26.663846969604492
2017-12-07 02:00:00,26.092090606689453
2017-12-07 03:00:00,26.80341339111328
2017-12-07 04:00:00,30.562652587890625
2017-12-07 05:00:00,32.73691177368164
2017-12-07 06:00:00,38.4123420715332
2017-12-07 07:00:00,41.211238861083984
2017-12-07 08:00:00,44.81672668457031
2017-12-07 09:00:00,46.280517578125
2017-12-07 10:00:00,46.55244445800781
2017-12-07 11:00:00,45.248565673828125
2017-12-07 12:00:00,45.41693878173828
2017-12-07 13:00:00,44.614540100097656
2017-12-07 14:00:00,45.03532028198242
2017-12-07 15:00:00,45.925933837890625
2017-12-07 16:00:00,48.48052215576172
2017-12-07 17:00:00,48.65757751464844
2017-12-07 18:00:00,48.96137237548828
2017-12-07 19:00:00,46.219295501708984
2017-12-07 20:00:00,43.85915756225586
2017-12-07 21:00:00,38.962738037109375
2017-12-07 22:00:00,36.85618591308594
2017-12-07 23:00:00,34.42164611816406
2017-12-08 00:00:00,32.3217887878418
2017-12-08 01:00:00,31.389387130737305
2017-12-08 02:00:00,31.141342163085938
2017-12-08 03:00:00,32.004459381103516
2017-12-08 04:00:00,34.08322525024414
2017-12-08 05:00:00,36.13792419433594
2017-12-08 06:00:00,38.396366119384766
2017-12-08 07:00:00,41.68333435058594
2017-12-08 08:00:00,44.150390625
2017-12-08 09:00:00,44.42451858520508
2017-12-08 10:00:00,43.89246368408203
2017-12-08 11:00:00,44.79454803466797
2017-12-08 12:00:00,43.68006134033203
2017-12-08 13:00:00,43.4837646484375
2017-12-08 14:00:00,43.559791564941406
2017-12-08 15:00:00,45.1454963684082
2017-12-08 16:00:00,48.061729431152344
2017-12-08 17:00:00,49.526214599609375
2017-12-08 18:00:00,47.92368698120117
2017-12-08 19:00:00,46.79066467285156
2017-12-08 20:00:00,43.57823944091797
2017-12-08 21:00:00,42.61126708984375
2017-12-08 22:00:00,38.42268371582031
2017-12-08 23:00:00,35.717811584472656
2017-12-09 00:00:00,33.606414794921875
2017-12-09 01:00:00,33.75052261352539
2017-12-09 02:00:00,31.804582595825195
2017-12-09 03:00:00,30.135671615600586
2017-12-09 04:00:00,33.20130157470703
2017-12-09 05:00:00,35.051597595214844
2017-12-09 06:00:00,37.13734436035156
2017-12-09 07:00:00,39.063987731933594
2017-12-09 08:00:00,42.50044631958008
2017-12-09 09:00:00,41.361045837402344
2017-12-09 10:00:00,43.00233459472656
2017-12-09 11:00:00,40.659175872802734
2017-12-09 12:00:00,38.46990966796875
2017-12-09 13:00:00,37.829105377197266
2017-12-09 14:00:00,38.667945861816406
2017-12-09 15:00:00,39.03110885620117
2017-12-09 16:00:00,42.042972564697266
2017-12-09 17:00:00,44.01593017578125
2017-12-09 18:00:00,41.89558410644531
2017-12-09 19:00:00,43.14774703979492
2017-12-09 20:00:00,39.78287887573242
2017-12-09 21:00:00,37.80336380004883
2017-12-09 22:00:00,32.50524139404297
2017-12-09 23:00:00,29.764545440673828
2017-12-10 00:00:00,10.282735824584961
2017-12-10 01:00:00,11.452659606933594
2017-12-10 02:00:00,10.359264373779297
2017-12-10 03:00:00,12.160506248474121
2017-12-10 04:00:00,12.84549331665039
2017-12-10 05:00:00,14.538766860961914
2017-12-10 06:00:00,17.785573959350586
2017-12-10 07:00:00,20.42173194885254
2017-12-10 08:00:00,22.15241241455078
2017-12-10 09:00:00,22.02606773376465
2017-12-10 10:00:00,22.73606300354004
2017-12-10 11:00:00,19.20226287841797
2017-12-10 12:00:00,19.44827651977539
2017-12-10 13:00:00,18.790061950683594
2017-12-10 14:00:00,18.212717056274414
2017-12-10 15:00:00,19.765016555786133
2017-12-10 16:00:00,21.201942443847656
2017-12-10 17:00:00,23.46755027770996
2017-12-10 18:00:00,24.626602172851562
2017-12-10 19:00:00,23.208820343017578
2017-12-10 20:00:00,22.056303024291992
2017-12-10 21:00:00,19.864273071289062
2017-12-10 22:00:00,17.450801849365234
2017-12-10 23:00:00,14.795877456665039
2017-12-11 00:00:00,12.08159351348877
2017-12-11 01:00:00,10.130014419555664
2017-12-11 02:00:00,8.056873321533203
2017-12-11 03:00:00,8.084205627441406
2017-12-11 04:00:00,7.624853134155273
2017-12-11 05:00:00,8.709711074829102
2017-12-11 06:00:00,12.131378173828125
2017-12-11 07:00:00,17.46687889099121
2017-12-11 08:00:00,11.604265213012695
2017-12-11 09:00:00,13.50398063659668
2017-12-11 10:00:00,12.791482925415039
2017-12-11 11:00:00,13.83609390258789
2017-12-11 12:00:00,12.948290824890137
2017-12-11 13:00:00,11.757364273071289
2017-12-11 14:00:00,11.932003021240234
2017-12-11 15:00:00,13.567917823791504
2017-12-11 16:00:00,17.47229766845703
2017-12-11 17:00:00,21.711219787597656
2017-12-11 18:00:00,24.027578353881836
2017-12-11 19:00:00,24.397254943847656
2017-12-11 20:00:00,21.795852661132812
2017-12-11 21:00:00,18.786151885986328
2017-12-11 22:00:00,16.57021713256836
2017-12-11 23:00:00,12.662056922912598
2017-12-12 00:00:00,6.087654113769531
2017-12-12 01:00:00,2.9874820709228516
2017-12-12 02:00:00,2.9400100708007812
2017-12-12 03:00:00,1.2682209014892578
2017-12-12 04:00:00,1.0095958709716797
2017-12-12 05:00:00,-0.10390663146972656
2017-12-12 06:00:00,3.029926300048828
2017-12-12 07:00:00,7.344348907470703
2017-12-12 08:00:00,13.792672157287598
2017-12-12 09:00:00,13.6665678024292
2017-12-12 10:00:00,16.331418991088867
2017-12-12 11:00:00,17.02385902404785
2017-12-12 12:00:00,16.598886489868164
2017-12-12 13:00:00,13.507015228271484
2017-12-12 14:00:00,15.395176887512207
2017-12-12 15:00:00,16.924165725708008
2017-12-12 16:00:00,14.752325057983398
2017-12-12 17:00:00,18.429973602294922
2017-12-12 18:00:00,20.033924102783203
2017-12-12 19:00:00,19.407602310180664
2017-12-12 20:00:00,17.537254333496094
2017-12-12 21:00:00,15.752681732177734
2017-12-12 22:00:00,12.828750610351562
2017-12-12 23:00:00,10.570257186889648
2017-12-13 00:00:00,7.162267684936523
2017-12-13 01:00:00,4.49888801574707
2017-12-13 02:00:00,4.475116729736328
2017-12-13 03:00:00,3.0594329833984375
2017-12-13 04:00:00,5.546543121337891
2017-12-13 05:00:00,10.487861633300781
2017-12-13 06:00:00,14.939811706542969
2017-12-13 07:00:00,25.520862579345703
2017-12-13 08:00:00,29.345876693725586
2017-12-13 09:00:00,28.719568252563477
2017-12-13 10:00:00,27.165943145751953
2017-12-13 11:00:00,25.53554344177246
2017-12-13 12:00:00,23.00341033935547
2017-12-13 13:00:00,21.251543045043945
2017-12-13 14:00:00,23.229366302490234
2017-12-13 15:00:00,23.32396125793457
2017-12-13 16:00:00,26.99806785583496
2017-12-13 17:00:00,29.90458106994629
2017-12-13 18:00:00,32.34473419189453
2017-12-13 19:00:00,30.01358985900879
2017-12-13 20:00:00,24.29839324951172
2017-12-13 21:00:00,20.75369644165039
2017-12-13 22:00:00,17.436080932617188
2017-12-13 23:00:00,14.17469596862793
2017-12-14 00:00:00,9.561767578125
2017-12-14 01:00:00,8.53509521484375
2017-12-14 02:00:00,9.276506423950195
2017-12-14 03:00:00,9.103158950805664
2017-12-14 04:00:00,10.149480819702148
2017-12-14 05:00:00,17.423337936401367
2017-12-14 06:00:00,22.741626739501953
2017-12-14 07:00:00,30.692331314086914
2017-12-14 08:00:00,34.38752365112305
2017-12-14 09:00:00,36.15193557739258
2017-12-14 10:00:00,36.397464752197266
2017-12-14 11:00:00,37.3253173828125
2017-12-14 12:00:00,37.87751770019531
2017-12-14 13:00:00,39.690853118896484
2017-12-14 14:00:00,37.076148986816406
2017-12-14 15:00:00,35.179771423339844
2017-12-14 16:00:00,39.15167999267578
2017-12-14 17:00:00,38.210880279541016
2017-12-14 18:00:00,38.619571685791016
2017-12-14 19:00:00,37.291385650634766
2017-12-14 20:00:00,33.58454513549805
2017-12-14 21:00:00,29.554533004760742
2017-12-14 22:00:00,24.67902374267578
2017-12-14 23:00:00,23.225345611572266
2017-12-15 00:00:00,20.271560668945312
2017-12-15 01:00:00,16.27529525756836
2017-12-15 02:00:00,16.61876678466797
2017-12-15 03:00:00,13.496072769165039
2017-12-15 04:00:00,20.652530670166016
2017-12-15 05:00:00,21.150768280029297
2017-12-15 06:00:00,29.662155151367188
2017-12-15 07:00:00,37.11703872680664
2017-12-15 08:00:00,37.96087646484375
2017-12-15 09:00:00,39.84769058227539
2017-12-15 10:00:00,38.58871841430664
2017-12-15 11:00:00,40.6816291809082
2017-12-15 12:00:00,39.548912048339844
2017-12-15 13:00:00,37.794429779052734
2017-12-15 14:00:00,37.17469787597656
2017-12-15 15:00:00,35.3326301574707
2017-12-15 16:00:00,33.68193817138672
2017-12-15 17:00:00,34.21500778198242
2017-12-15 18:00:00,35.4237060546875
2017-12-15 19:00:00,35.802276611328125
2017-12-15 20:00:00,32.86320495605469
2017-12-15 21:00:00,27.96212387084961
2017-12-15 22:00:00,23.911523818969727
2017-12-15 23:00:00,20.136730194091797
2017-12-16 00:00:00,17.12940216064453
2017-12-16 01:00:00,14.70860767364502
2017-12-16 02:00:00,11.103090286254883
2017-12-16 03:00:00,10.240720748901367
2017-12-16 04:00:00,7.963237762451172
2017-12-16 05:00:00,15.526857376098633
2017-12-16 06:00:00,19.325485229492188
2017-12-16 07:00:00,22.9886531829834
2017-12-16 08:00:00,24.10291862487793
2017-12-16 09:00:00,28.048412322998047
2017-12-16 10:00:00,25.1835880279541
2017-12-16 11:00:00,25.91142463684082
2017-12-16 12:00:00,24.419212341308594
2017-12-16 13:00:00,23.669353485107422
2017-12-16 14:00:00,23.53691864013672
2017-12-16 15:00:00,20.37735939025879
2017-12-16 16:00:00,23.725439071655273
2017-12-16 17:00:00,22.736034393310547
2017-12-16 18:00:00,22.96803855895996
2017-12-16 19:00:00,22.509719848632812
2017-12-16 20:00:00,23.30257225036621
2017-12-16 21:00:00,19.044208526611328
2017-12-16 22:00:00,14.869193077087402
2017-12-16 23:00:00,10.940681457519531
2017-12-17 00:00:00,7.1239166259765625
2017-12-17 01:00:00,5.565418243408203
2017-12-17 02:00:00,2.732311248779297
2017-12-17 03:00:00,1.5853252410888672
2017-12-17 04:00:00,3.535675048828125
2017-12-17 05:00:00,6.087093353271484
2017-12-17 06:00:00,13.892568588256836
2017-12-17 07:00:00,17.637897491455078
2017-12-17 08:00:00,19.018875122070312
2017-12-17 09:00:00,20.67924690246582
2017-12-17 10:00:00,23.159826278686523
2017-12-17 11:00:00,20.465682983398438
2017-12-17 12:00:00,20.50543785095215
2017-12-17 13:00:00,22.246061325073242
2017-12-17 14:00:00,18.617149353027344
2017-12-17 15:00:00,16.429702758789062
2017-12-17 16:00:00,18.88558578491211
2017-12-17 17:00:00,21.60114860534668
2017-12-17 18:00:00,17.93282699584961
2017-12-17 19:00:00,19.107463836669922
2017-12-17 20:00:00,19.131589889526367
2017-12-17 21:00:00,19.460002899169922
2017-12-17 22:00:00,15.10154914855957
2017-12-17 23:00:00,12.892263412475586
2017-12-18 00:00:00,27.355201721191406
2017-12-18 01:00:00,25.31630516052246
2017-12-18 02:00:00,24.588043212890625
2017-12-18 03:00:00,25.668716430664062
2017-12-18 04:00:00,25.910154342651367
2017-12-18 05:00:00,32.518402099609375
2017-12-18 06:00:00,36.68452835083008
2017-12-18 07:00:00,43.02412033081055
2017-12-18 08:00:00,45.381141662597656
2017-12-18 09:00:00,47.09868240356445
2017-12-18 10:00:00,47.923133850097656
2017-12-18 11:00:00,46.2876091003418
2017-12-18 12:00:00,45.53450012207031
2017-12-18 13:00:00,45.60234832763672
2017-12-18 14:00:00,45.171993255615234
2017-12-18 15:00:00,44.99982452392578
2017-12-18 16:00:00,52.485904693603516
2017-12-18 17:00:00,54.22704315185547
2017-12-18 18:00:00,55.87876892089844
2017-12-18 19:00:00,52.75921630859375
2017-12-18 20:00:00,46.89506912231445
2017-12-18 21:00:00,42.74778747558594
2017-12-18 22:00:00,37.773338317871094
2017-12-18 23:00:00,33.6883659362793
2017-12-19 00:00:00,30.082786560058594
2017-12-19 01:00:00,28.086227416992188
2017-12-19 02:00:00,28.334033966064453
2017-12-19 03:00:00,31.027732849121094
2017-12-19 04:00:00,33.99544143676758
2017-12-19 05:00:00,38.31208038330078
2017-12-19 06:00:00,45.14622116088867
2017-12-19 07:00:00,48.65498352050781
2017-12-19 08:00:00,52.28107452392578
2017-12-19 09:00:00,52.45716857910156
2017-12-19 10:00:00,54.03632354736328
2017-12-19 11:00:00,52.56119918823242
2017-12-19 12:00:00,51.07049560546875
2017-12-19 13:00:00,52.96797180175781
2017-12-19 14:00:00,48.75379943847656
2017-12-19 15:00:00,54.010536193847656
2017-12-19 16:00:00,56.476470947265625
2017-12-19 17:00:00,59.08511734008789
2017-12-19 18:00:00,57.772796630859375
2017-12-19 19:00:00,54.63349914550781
2017-12-19 20:00:00,47.19275665283203
2017-12-19 21:00:00,44.88274002075195
2017-12-19 22:00:00,37.828269958496094
2017-12-19 23:00:00,34.80366516113281
2017-12-20 00:00:00,30.510231018066406
2017-12-20 01:00:00,27.081588745117188
2017-12-20 02:00:00,26.13800811767578
2017-12-20 03:00:00,28.696834564208984
2017-12-20 04:00:00,32.63362503051758
2017-12-20 05:00:00,38.056453704833984
2017-12-20 06:00:00,43.16668701171875
2017-12-20 07:00:00,47.21040344238281
2017-12-20 08:00:00,52.105308532714844
2017-12-20 09:00:00,53.32695388793945
2017-12-20 10:00:00,50.50168228149414
2017-12-20 11:00:00,49.97763442993164
2017-12-20 12:00:00,47.19135284423828
2017-12-20 13:00:00,47.242462158203125
2017-12-20 14:00:00,46.1163330078125
2017-12-20 15:00:00,50.05149841308594
2017-12-20 16:00:00,54.60279846191406
2017-12-20 17:00:00,57.13286590576172
2017-12-20 18:00:00,55.01044845581055
2017-12-20 19:00:00,53.41729736328125
2017-12-20 20:00:00,47.385005950927734
2017-12-20 21:00:00,42.109764099121094
2017-12-20 22:00:00,35.957340240478516
2017-12-20 23:00:00,34.372535705566406
2017-12-21 00:00:00,28.532207489013672
2017-12-21 01:00:00,26.83141326904297
2017-12-21 02:00:00,24.27065658569336
2017-12-21 03:00:00,26.04043197631836
2017-12-21 04:00:00,31.872262954711914
2017-12-21 05:00:00,37.10542297363281
2017-12-21 06:00:00,41.642242431640625
2017-12-21 07:00:00,47.454345703125
2017-12-21 08:00:00,50.14152908325195
2017-12-21 09:00:00,49.90586853027344
2017-12-21 10:00:00,51.322364807128906
2017-12-21 11:00:00,50.40104675292969
2017-12-21 12:00:00,46.87360382080078
2017-12-21 13:00:00,46.9227409362793
2017-12-21 14:00:00,47.2593879699707
2017-12-21 15:00:00,50.45025634765625
2017-12-21 16:00:00,54.2271728515625
2017-12-21 17:00:00,58.89643096923828
2017-12-21 18:00:00,54.786895751953125
2017-12-21 19:00:00,52.641056060791016
2017-12-21 20:00:00,47.38006591796875
2017-12-21 21:00:00,41.15929412841797
2017-12-21 22:00:00,39.608543395996094
2017-12-21 23:00:00,36.39177322387695
2017-12-22 00:00:00,35.8580322265625
2017-12-22 01:00:00,35.360294342041016
2017-12-22 02:00:00,33.93611145019531
2017-12-22 03:00:00,33.338096618652344
2017-12-22 04:00:00,34.44268798828125
2017-12-22 05:00:00,39.69269943237305
2017-12-22 06:00:00,42.31155776977539
2017-12-22 07:00:00,49.64859390258789
2017-12-22 08:00:00,51.28639221191406
2017-12-22 09:00:00,55.986366271972656
2017-12-22 10:00:00,55.173011779785156
2017-12-22 11:00:00,54.5905876159668
2017-12-22 12:00:00,51.25631332397461
2017-12-22 13:00:00,52.99705123901367
2017-12-22 14:00:00,55.051143646240234
2017-12-22 15:00:00,54.02292251586914
2017-12-22 16:00:00,56.786712646484375
2017-12-22 17:00:00,58.768089294433594
2017-12-22 18:00:00,60.461639404296875
2017-12-22 19:00:00,56.78892517089844
2017-12-22 20:00:00,54.71233367919922
2017-12-22 21:00:00,47.34241485595703
2017-12-22 22:00:00,38.32625198364258
2017-12-22 23:00:00,37.364463806152344
2017-12-23 00:00:00,32.66078186035156
2017-12-23 01:00:00,31.012788772583008
2017-12-23 02:00:00,29.608821868896484
2017-12-23 03:00:00,25.92076873779297
2017-12-23 04:00:00,26.36920738220215
2017-12-23 05:00:00,28.28107261657715
2017-12-23 06:00:00,35.649559020996094
2017-12-23 07:00:00,38.07646942138672
2017-12-23 08:00:00,41.076725006103516
2017-12-23 09:00:00,41.25544738769531
2017-12-23 10:00:00,39.03069305419922
2017-12-23 11:00:00,42.83898162841797
2017-12-23 12:00:00,39.142555236816406
2017-12-23 13:00:00,39.527099609375
2017-12-23 14:00:00,39.760963439941406
2017-12-23 15:00:00,38.579833984375
2017-12-23 16:00:00,42.544837951660156
2017-12-23 17:00:00,43.71153259277344
2017-12-23 18:00:00,43.086334228515625
2017-12-23 19:00:00,40.811195373535156
2017-12-23 20:00:00,35.03745651245117
2017-12-23 21:00:00,32.316680908203125
2017-12-23 22:00:00,25.576370239257812
2017-12-23 23:00:00,19.978450775146484
2017-12-24 00:00:00,19.100173950195312
2017-12-24 01:00:00,17.609539031982422
2017-12-24 02:00:00,13.933006286621094
2017-12-24 03:00:00,13.888225555419922
2017-12-24 04:00:00,15.239421844482422
2017-12-24 05:00:00,19.25497817993164
2017-12-24 06:00:00,23.242502212524414
2017-12-24 07:00:00,26.246225357055664
2017-12-24 08:00:00,31.025543212890625
2017-12-24 09:00:00,33.79631805419922
2017-12-24 10:00:00,31.569841384887695
2017-12-24 11:00:00,32.881629943847656
2017-12-24 12:00:00,34.68060302734375
2017-12-24 13:00:00,35.96187210083008
2017-12-24 14:00:00,36.43885803222656
2017-12-24 15:00:00,34.568885803222656
2017-12-24 16:00:00,40.377994537353516
2017-12-24 17:00:00,42.80445098876953
2017-12-24 18:00:00,44.4359245300293
2017-12-24 19:00:00,41.488529205322266
2017-12-24 20:00:00,39.2862548828125
2017-12-24 21:00:00,33.6824951171875
2017-12-24 22:00:00,25.92281723022461
2017-12-24 23:00:00,24.865394592285156
2017-12-25 00:00:00,24.534605026245117
2017-12-25 01:00:00,24.75619888305664
2017-12-25 02:00:00,24.852460861206055
2017-12-25 03:00:00,25.988460540771484
2017-12-25 04:00:00,30.387235641479492
2017-12-25 05:00:00,34.52626037597656
2017-12-25 06:00:00,39.444602966308594
2017-12-25 07:00:00,46.33369445800781
2017-12-25 08:00:00,51.35239028930664
2017-12-25 09:00:00,52.71805191040039
2017-12-25 10:00:00,53.16533660888672
2017-12-25 11:00:00,54.795719146728516
2017-12-25 12:00:00,52.7724609375
2017-12-25 13:00:00,54.69230651855469
2017-12-25 14:00:00,56.54813766479492
2017-12-25 15:00:00,58.13892364501953
2017-12-25 16:00:00,58.64396667480469
2017-12-25 17:00:00,62.90011978149414
2017-12-25 18:00:00,59.504722595214844
2017-12-25 19:00:00,56.1686897277832
2017-12-25 20:00:00,51.77985763549805
2017-12-25 21:00:00,47.59400939941406
2017-12-25 22:00:00,41.04445266723633
2017-12-25 23:00:00,36.43077087402344
2017-12-26 00:00:00,18.072216033935547
2017-12-26 01:00:00,11.163633346557617
2017-12-26 02:00:00,12.06875228881836
2017-12-26 03:00:00,13.148774147033691
2017-12-26 04:00:00,14.164341926574707
2017-12-26 05:00:00,16.65665054321289
2017-12-26 06:00:00,20.808042526245117
2017-12-26 07:00:00,29.088590621948242
2017-12-26 08:00:00,35.38809585571289
2017-12-26 09:00:00,41.962554931640625
2017-12-26 10:00:00,40.41199493408203
2017-12-26 11:00:00,41.41078186035156
2017-12-26 12:00:00,37.42969512939453
2017-12-26 13:00:00,31.516040802001953
2017-12-26 14:00:00,29.233158111572266
2017-12-26 15:00:00,29.523778915405273
2017-12-26 16:00:00,32.01190185546875
2017-12-26 17:00:00,35.3736457824707
2017-12-26 18:00:00,34.235145568847656
2017-12-26 19:00:00,33.72246551513672
2017-12-26 20:00:00,33.506256103515625
2017-12-26 21:00:00,28.87896156311035
2017-12-26 22:00:00,25.089656829833984
2017-12-26 23:00:00,20.092466354370117
2017-12-27 00:00:00,14.933880805969238
2017-12-27 01:00:00,11.589266777038574
2017-12-27 02:00:00,11.789511680603027
2017-12-27 03:00:00,9.602561950683594
2017-12-27 04:00:00,14.470468521118164
2017-12-27 05:00:00,16.487449645996094
2017-12-27 06:00:00,25.384946823120117
2017-12-27 07:00:00,28.5362606048584
2017-12-27 08:00:00,40.262672424316406
2017-12-27 09:00:00,45.91594696044922
2017-12-27 10:00:00,46.49291229248047
2017-12-27 11:00:00,43.39973068237305
2017-12-27 12:00:00,37.73774719238281
2017-12-27 13:00:00,31.640300750732422
2017-12-27 14:00:00,32.946022033691406
2017-12-27 15:00:00,28.842119216918945
2017-12-27 16:00:00,30.337230682373047
2017-12-27 17:00:00,33.38140869140625
2017-12-27 18:00:00,36.96265411376953
2017-12-27 19:00:00,33.6744384765625
2017-12-27 20:00:00,31.655046463012695
2017-12-27 21:00:00,27.95645523071289
2017-12-27 22:00:00,22.925090789794922
2017-12-27 23:00:00,19.539989471435547
2017-12-28 00:00:00,15.786223411560059
2017-12-28 01:00:00,10.28874683380127
2017-12-28 02:00:00,8.580489158630371
2017-12-28 03:00:00,10.183444023132324
2017-12-28 04:00:00,12.173382759094238
2017-12-28 05:00:00,13.961262702941895
2017-12-28 06:00:00,22.315956115722656
2017-12-28 07:00:00,24.40749740600586
2017-12-28 08:00:00,34.228309631347656
2017-12-28 09:00:00,35.09779357910156
2017-12-28 10:00:00,38.1649169921875
2017-12-28 11:00:00,39.01202392578125
2017-12-28 12:00:00,35.85441207885742
2017-12-28 13:00:00,32.70707702636719
2017-12-28 14:00:00,28.058712005615234
2017-12-28 15:00:00,28.9561710357666
2017-12-28 16:00:00,32.07709503173828
2017-12-28 17:00:00,35.711090087890625
2017-12-28 18:00:00,36.16449737548828
2017-12-28 19:00:00,35.6771354675293
2017-12-28 20:00:00,30.20942497253418
2017-12-28 21:00:00,28.25796890258789
2017-12-28 22:00:00,25.45916175842285
2017-12-28 23:00:00,23.78542137145996
2017-12-29 00:00:00,17.327808380126953
2017-12-29 01:00:00,17.367660522460938
2017-12-29 02:00:00,13.851358413696289
2017-12-29 03:00:00,13.719380378723145
2017-12-29 04:00:00,16.188987731933594
2017-12-29 05:00:00,16.722394943237305
2017-12-29 06:00:00,17.784496307373047
2017-12-29 07:00:00,23.110675811767578
2017-12-29 08:00:00,31.828962326049805
2017-12-29 09:00:00,35.897705078125
2017-12-29 10:00:00,37.00548553466797
2017-12-29 11:00:00,33.8811149597168
2017-12-29 12:00:00,29.983224868774414
2017-12-29 13:00:00,29.72611427307129
2017-12-29 14:00:00,26.132488250732422
2017-12-29 15:00:00,24.724769592285156
2017-12-29 16:00:00,27.685171127319336
2017-12-29 17:00:00,31.32293701171875
2017-12-29 18:00:00,35.49635696411133
2017-12-29 19:00:00,34.785308837890625
2017-12-29 20:00:00,26.822189331054688
2017-12-29 21:00:00,24.53264617919922
2017-12-29 22:00:00,23.79224395751953
2017-12-29 23:00:00,15.001138687133789
2017-12-30 00:00:00,9.962054252624512
2017-12-30 01:00:00,5.215457916259766
2017-12-30 02:00:00,3.8669300079345703
2017-12-30 03:00:00,4.581747055053711
2017-12-30 04:00:00,4.068210601806641
2017-12-30 05:00:00,1.6962432861328125
2017-12-30 06:00:00,12.124406814575195
2017-12-30 07:00:00,7.992597579956055
2017-12-30 08:00:00,14.01205825805664
2017-12-30 09:00:00,23.68025016784668
2017-12-30 10:00:00,16.041038513183594
2017-12-30 11:00:00,15.06894302368164
2017-12-30 12:00:00,12.149924278259277
2017-12-30 13:00:00,15.37469482421875
2017-12-30 14:00:00,15.977900505065918
2017-12-30 15:00:00,15.039078712463379
2017-12-30 16:00:00,29.017061233520508
2017-12-30 17:00:00,25.92938232421875
2017-12-30 18:00:00,35.19232940673828
2017-12-30 19:00:00,32.1758918762207
2017-12-30 20:00:00,28.4295654296875
2017-12-30 21:00:00,31.289142608642578
2017-12-30 22:00:00,21.556711196899414
2017-12-30 23:00:00,18.3017578125
2017-12-31 00:00:00,17.88568878173828
2017-12-31 01:00:00,12.049184799194336
2017-12-31 02:00:00,15.026315689086914
2017-12-31 03:00:00,14.910783767700195
2017-12-31 04:00:00,12.96507740020752
2017-12-31 05:00:00,17.907197952270508
2017-12-31 06:00:00,11.030303955078125
2017-12-31 07:00:00,21.09610366821289
2017-12-31 08:00:00,27.17738914489746
2017-12-31 09:00:00,30.77558135986328
2017-12-31 10:00:00,28.40253448486328
2017-12-31 11:00:00,19.351686477661133
2017-12-31 12:00:00,14.811251640319824
2017-12-31 13:00:00,18.907093048095703
2017-12-31 14:00:00,15.873302459716797
2017-12-31 15:00:00,21.0841121673584
2017-12-31 16:00:00,33.891334533691406
2017-12-31 17:00:00,32.01232147216797
2017-12-31 18:00:00,38.18561553955078
2017-12-31 19:00:00,36.505828857421875
2017-12-31 20:00:00,35.48957824707031
2017-12-31 21:00:00,25.164295196533203
2017-12-31 22:00:00,28.86952781677246
2017-12-31 23:00:00,21.640487670898438
