time_stamp,predicted_ans
2016-09-01 00:00:00,31.283615112304688
2016-09-01 01:00:00,28.109487533569336
2016-09-01 02:00:00,26.452041625976562
2016-09-01 03:00:00,26.4556884765625
2016-09-01 04:00:00,27.744691848754883
2016-09-01 05:00:00,28.250747680664062
2016-09-01 06:00:00,34.5501823425293
2016-09-01 07:00:00,36.406707763671875
2016-09-01 08:00:00,38.746150970458984
2016-09-01 09:00:00,39.97792053222656
2016-09-01 10:00:00,40.53115463256836
2016-09-01 11:00:00,38.41615295410156
2016-09-01 12:00:00,35.82981872558594
2016-09-01 13:00:00,32.01181411743164
2016-09-01 14:00:00,29.65963363647461
2016-09-01 15:00:00,32.29478073120117
2016-09-01 16:00:00,34.91496276855469
2016-09-01 17:00:00,39.77138137817383
2016-09-01 18:00:00,43.841285705566406
2016-09-01 19:00:00,45.75847244262695
2016-09-01 20:00:00,45.017906188964844
2016-09-01 21:00:00,43.96571350097656
2016-09-01 22:00:00,40.5111198425293
2016-09-01 23:00:00,37.2331428527832
2016-09-02 00:00:00,33.26742935180664
2016-09-02 01:00:00,30.702253341674805
2016-09-02 02:00:00,26.35694694519043
2016-09-02 03:00:00,28.142162322998047
2016-09-02 04:00:00,29.857675552368164
2016-09-02 05:00:00,32.059539794921875
2016-09-02 06:00:00,36.892005920410156
2016-09-02 07:00:00,39.83637619018555
2016-09-02 08:00:00,42.18354797363281
2016-09-02 09:00:00,42.6041374206543
2016-09-02 10:00:00,42.291404724121094
2016-09-02 11:00:00,38.99070358276367
2016-09-02 12:00:00,35.38993453979492
2016-09-02 13:00:00,31.076446533203125
2016-09-02 14:00:00,30.53072166442871
2016-09-02 15:00:00,30.444787979125977
2016-09-02 16:00:00,33.18537139892578
2016-09-02 17:00:00,37.5278205871582
2016-09-02 18:00:00,40.77293395996094
2016-09-02 19:00:00,42.042816162109375
2016-09-02 20:00:00,43.29325866699219
2016-09-02 21:00:00,40.179847717285156
2016-09-02 22:00:00,38.640113830566406
2016-09-02 23:00:00,35.431827545166016
2016-09-03 00:00:00,32.67008590698242
2016-09-03 01:00:00,28.60859489440918
2016-09-03 02:00:00,27.502052307128906
2016-09-03 03:00:00,25.488412857055664
2016-09-03 04:00:00,26.06510353088379
2016-09-03 05:00:00,27.825016021728516
2016-09-03 06:00:00,31.96766471862793
2016-09-03 07:00:00,34.19205856323242
2016-09-03 08:00:00,35.46552276611328
2016-09-03 09:00:00,36.14604187011719
2016-09-03 10:00:00,35.18018341064453
2016-09-03 11:00:00,33.457550048828125
2016-09-03 12:00:00,30.643768310546875
2016-09-03 13:00:00,26.91499137878418
2016-09-03 14:00:00,25.791805267333984
2016-09-03 15:00:00,24.5592041015625
2016-09-03 16:00:00,26.708457946777344
2016-09-03 17:00:00,30.572978973388672
2016-09-03 18:00:00,34.403778076171875
2016-09-03 19:00:00,36.79438018798828
2016-09-03 20:00:00,36.775543212890625
2016-09-03 21:00:00,34.70103073120117
2016-09-03 22:00:00,33.990211486816406
2016-09-03 23:00:00,30.787452697753906
2016-09-04 00:00:00,26.543840408325195
2016-09-04 01:00:00,22.470447540283203
2016-09-04 02:00:00,22.548675537109375
2016-09-04 03:00:00,21.10413360595703
2016-09-04 04:00:00,20.04470443725586
2016-09-04 05:00:00,21.758777618408203
2016-09-04 06:00:00,24.353435516357422
2016-09-04 07:00:00,26.633216857910156
2016-09-04 08:00:00,27.75143814086914
2016-09-04 09:00:00,28.023624420166016
2016-09-04 10:00:00,29.538280487060547
2016-09-04 11:00:00,27.226560592651367
2016-09-04 12:00:00,25.2840576171875
2016-09-04 13:00:00,23.605295181274414
2016-09-04 14:00:00,20.78318214416504
2016-09-04 15:00:00,21.174633026123047
2016-09-04 16:00:00,25.383058547973633
2016-09-04 17:00:00,28.590003967285156
2016-09-04 18:00:00,33.58200454711914
2016-09-04 19:00:00,36.17158889770508
2016-09-04 20:00:00,37.27593994140625
2016-09-04 21:00:00,35.42470169067383
2016-09-04 22:00:00,32.953887939453125
2016-09-04 23:00:00,28.435373306274414
2016-09-05 00:00:00,16.05693244934082
2016-09-05 01:00:00,14.757043838500977
2016-09-05 02:00:00,14.39674186706543
2016-09-05 03:00:00,15.014617919921875
2016-09-05 04:00:00,16.677322387695312
2016-09-05 05:00:00,20.974811553955078
2016-09-05 06:00:00,26.60927963256836
2016-09-05 07:00:00,28.993837356567383
2016-09-05 08:00:00,31.202360153198242
2016-09-05 09:00:00,30.991296768188477
2016-09-05 10:00:00,30.260894775390625
2016-09-05 11:00:00,30.424617767333984
2016-09-05 12:00:00,28.86749839782715
2016-09-05 13:00:00,27.50369644165039
2016-09-05 14:00:00,25.959312438964844
2016-09-05 15:00:00,25.36553955078125
2016-09-05 16:00:00,27.16096305847168
2016-09-05 17:00:00,30.16206932067871
2016-09-05 18:00:00,31.891237258911133
2016-09-05 19:00:00,34.11212921142578
2016-09-05 20:00:00,33.43518829345703
2016-09-05 21:00:00,31.503164291381836
2016-09-05 22:00:00,27.072202682495117
2016-09-05 23:00:00,23.68151092529297
2016-09-06 00:00:00,19.984230041503906
2016-09-06 01:00:00,19.543699264526367
2016-09-06 02:00:00,19.970975875854492
2016-09-06 03:00:00,20.82766342163086
2016-09-06 04:00:00,21.53430938720703
2016-09-06 05:00:00,25.886505126953125
2016-09-06 06:00:00,31.55240249633789
2016-09-06 07:00:00,35.67752456665039
2016-09-06 08:00:00,37.72882080078125
2016-09-06 09:00:00,37.82600402832031
2016-09-06 10:00:00,37.09107971191406
2016-09-06 11:00:00,35.5021858215332
2016-09-06 12:00:00,34.45232391357422
2016-09-06 13:00:00,32.24166488647461
2016-09-06 14:00:00,31.847124099731445
2016-09-06 15:00:00,31.42483901977539
2016-09-06 16:00:00,32.449127197265625
2016-09-06 17:00:00,35.29249954223633
2016-09-06 18:00:00,37.56593704223633
2016-09-06 19:00:00,38.13346862792969
2016-09-06 20:00:00,37.47903060913086
2016-09-06 21:00:00,34.76655197143555
2016-09-06 22:00:00,32.369407653808594
2016-09-06 23:00:00,26.225481033325195
2016-09-07 00:00:00,24.59577751159668
2016-09-07 01:00:00,23.39844512939453
2016-09-07 02:00:00,22.203577041625977
2016-09-07 03:00:00,22.447847366333008
2016-09-07 04:00:00,24.287538528442383
2016-09-07 05:00:00,27.921539306640625
2016-09-07 06:00:00,32.112144470214844
2016-09-07 07:00:00,37.45246124267578
2016-09-07 08:00:00,38.433128356933594
2016-09-07 09:00:00,38.14616775512695
2016-09-07 10:00:00,36.92799758911133
2016-09-07 11:00:00,35.4736442565918
2016-09-07 12:00:00,34.99577331542969
2016-09-07 13:00:00,33.45722961425781
2016-09-07 14:00:00,33.28656768798828
2016-09-07 15:00:00,32.909812927246094
2016-09-07 16:00:00,35.53765869140625
2016-09-07 17:00:00,38.065223693847656
2016-09-07 18:00:00,39.77476119995117
2016-09-07 19:00:00,39.654457092285156
2016-09-07 20:00:00,38.17766571044922
2016-09-07 21:00:00,35.384822845458984
2016-09-07 22:00:00,31.383546829223633
2016-09-07 23:00:00,26.553939819335938
2016-09-08 00:00:00,23.79349136352539
2016-09-08 01:00:00,21.702007293701172
2016-09-08 02:00:00,21.457368850708008
2016-09-08 03:00:00,20.898117065429688
2016-09-08 04:00:00,23.19169044494629
2016-09-08 05:00:00,26.322925567626953
2016-09-08 06:00:00,32.016822814941406
2016-09-08 07:00:00,35.33780288696289
2016-09-08 08:00:00,38.224853515625
2016-09-08 09:00:00,39.570430755615234
2016-09-08 10:00:00,38.04254913330078
2016-09-08 11:00:00,37.85780334472656
2016-09-08 12:00:00,36.428382873535156
2016-09-08 13:00:00,34.42866897583008
2016-09-08 14:00:00,33.43140411376953
2016-09-08 15:00:00,33.12075424194336
2016-09-08 16:00:00,35.19103240966797
2016-09-08 17:00:00,37.543861389160156
2016-09-08 18:00:00,37.65093994140625
2016-09-08 19:00:00,37.13442611694336
2016-09-08 20:00:00,36.71946716308594
2016-09-08 21:00:00,35.02793884277344
2016-09-08 22:00:00,31.767160415649414
2016-09-08 23:00:00,28.194847106933594
2016-09-09 00:00:00,26.299068450927734
2016-09-09 01:00:00,22.723575592041016
2016-09-09 02:00:00,23.378437042236328
2016-09-09 03:00:00,21.57228660583496
2016-09-09 04:00:00,22.173194885253906
2016-09-09 05:00:00,22.2720947265625
2016-09-09 06:00:00,26.62191390991211
2016-09-09 07:00:00,31.9031982421875
2016-09-09 08:00:00,32.878173828125
2016-09-09 09:00:00,35.65008544921875
2016-09-09 10:00:00,36.75121307373047
2016-09-09 11:00:00,36.68500900268555
2016-09-09 12:00:00,35.35179138183594
2016-09-09 13:00:00,33.30965805053711
2016-09-09 14:00:00,31.85215187072754
2016-09-09 15:00:00,31.288015365600586
2016-09-09 16:00:00,33.02157211303711
2016-09-09 17:00:00,35.89165115356445
2016-09-09 18:00:00,39.46661376953125
2016-09-09 19:00:00,42.79835891723633
2016-09-09 20:00:00,44.107460021972656
2016-09-09 21:00:00,41.461769104003906
2016-09-09 22:00:00,36.582218170166016
2016-09-09 23:00:00,29.996952056884766
2016-09-10 00:00:00,24.46686363220215
2016-09-10 01:00:00,21.417695999145508
2016-09-10 02:00:00,19.977115631103516
2016-09-10 03:00:00,19.411224365234375
2016-09-10 04:00:00,21.563873291015625
2016-09-10 05:00:00,24.335742950439453
2016-09-10 06:00:00,28.611377716064453
2016-09-10 07:00:00,34.00257873535156
2016-09-10 08:00:00,37.081424713134766
2016-09-10 09:00:00,39.37688064575195
2016-09-10 10:00:00,39.20247268676758
2016-09-10 11:00:00,39.142494201660156
2016-09-10 12:00:00,38.1973762512207
2016-09-10 13:00:00,37.498374938964844
2016-09-10 14:00:00,36.948020935058594
2016-09-10 15:00:00,37.03742218017578
2016-09-10 16:00:00,39.202537536621094
2016-09-10 17:00:00,41.694190979003906
2016-09-10 18:00:00,43.50516891479492
2016-09-10 19:00:00,46.106597900390625
2016-09-10 20:00:00,45.61402893066406
2016-09-10 21:00:00,42.9039306640625
2016-09-10 22:00:00,37.01813507080078
2016-09-10 23:00:00,31.799083709716797
2016-09-11 00:00:00,27.065406799316406
2016-09-11 01:00:00,24.002403259277344
2016-09-11 02:00:00,22.59132194519043
2016-09-11 03:00:00,21.535991668701172
2016-09-11 04:00:00,22.53774642944336
2016-09-11 05:00:00,25.930458068847656
2016-09-11 06:00:00,32.4045524597168
2016-09-11 07:00:00,38.9694709777832
2016-09-11 08:00:00,42.136375427246094
2016-09-11 09:00:00,44.301090240478516
2016-09-11 10:00:00,45.26881408691406
2016-09-11 11:00:00,42.588340759277344
2016-09-11 12:00:00,42.26024627685547
2016-09-11 13:00:00,40.0179328918457
2016-09-11 14:00:00,39.00486755371094
2016-09-11 15:00:00,40.68960189819336
2016-09-11 16:00:00,42.48560333251953
2016-09-11 17:00:00,44.55624771118164
2016-09-11 18:00:00,46.92450714111328
2016-09-11 19:00:00,48.97663116455078
2016-09-11 20:00:00,47.290836334228516
2016-09-11 21:00:00,44.52919006347656
2016-09-11 22:00:00,40.490966796875
2016-09-11 23:00:00,33.959877014160156
2016-09-12 00:00:00,28.01296043395996
2016-09-12 01:00:00,25.95479965209961
2016-09-12 02:00:00,24.097946166992188
2016-09-12 03:00:00,23.43123435974121
2016-09-12 04:00:00,22.85781478881836
2016-09-12 05:00:00,29.4368839263916
2016-09-12 06:00:00,35.817138671875
2016-09-12 07:00:00,41.54012680053711
2016-09-12 08:00:00,46.8179931640625
2016-09-12 09:00:00,49.401222229003906
2016-09-12 10:00:00,50.247398376464844
2016-09-12 11:00:00,47.03437805175781
2016-09-12 12:00:00,43.282596588134766
2016-09-12 13:00:00,43.310096740722656
2016-09-12 14:00:00,42.236778259277344
2016-09-12 15:00:00,43.08441925048828
2016-09-12 16:00:00,45.11940002441406
2016-09-12 17:00:00,47.505741119384766
2016-09-12 18:00:00,50.18975067138672
2016-09-12 19:00:00,50.83087921142578
2016-09-12 20:00:00,50.12517166137695
2016-09-12 21:00:00,46.36481857299805
2016-09-12 22:00:00,41.26927947998047
2016-09-12 23:00:00,34.36152648925781
2016-09-13 00:00:00,34.13361740112305
2016-09-13 01:00:00,29.232784271240234
2016-09-13 02:00:00,27.009109497070312
2016-09-13 03:00:00,25.06954574584961
2016-09-13 04:00:00,29.25721549987793
2016-09-13 05:00:00,33.91344451904297
2016-09-13 06:00:00,41.59564208984375
2016-09-13 07:00:00,51.89126205444336
2016-09-13 08:00:00,57.57756042480469
2016-09-13 09:00:00,56.950164794921875
2016-09-13 10:00:00,56.60211181640625
2016-09-13 11:00:00,54.161033630371094
2016-09-13 12:00:00,52.08831024169922
2016-09-13 13:00:00,50.004920959472656
2016-09-13 14:00:00,45.42755889892578
2016-09-13 15:00:00,44.77753829956055
2016-09-13 16:00:00,45.951515197753906
2016-09-13 17:00:00,47.7320556640625
2016-09-13 18:00:00,53.878421783447266
2016-09-13 19:00:00,56.91838073730469
2016-09-13 20:00:00,54.57520294189453
2016-09-13 21:00:00,49.819091796875
2016-09-13 22:00:00,44.53839874267578
2016-09-13 23:00:00,39.14308166503906
2016-09-14 00:00:00,33.036529541015625
2016-09-14 01:00:00,28.455732345581055
2016-09-14 02:00:00,23.92333984375
2016-09-14 03:00:00,25.975570678710938
2016-09-14 04:00:00,21.909257888793945
2016-09-14 05:00:00,30.220775604248047
2016-09-14 06:00:00,39.244693756103516
2016-09-14 07:00:00,47.25966262817383
2016-09-14 08:00:00,52.617942810058594
2016-09-14 09:00:00,51.85369873046875
2016-09-14 10:00:00,51.79609298706055
2016-09-14 11:00:00,50.98442459106445
2016-09-14 12:00:00,50.70189666748047
2016-09-14 13:00:00,48.381317138671875
2016-09-14 14:00:00,44.28927230834961
2016-09-14 15:00:00,43.76671600341797
2016-09-14 16:00:00,41.92948532104492
2016-09-14 17:00:00,48.081356048583984
2016-09-14 18:00:00,53.71231460571289
2016-09-14 19:00:00,56.363861083984375
2016-09-14 20:00:00,53.39019775390625
2016-09-14 21:00:00,49.205684661865234
2016-09-14 22:00:00,44.150550842285156
2016-09-14 23:00:00,39.5429573059082
2016-09-15 00:00:00,33.24186325073242
2016-09-15 01:00:00,27.50312614440918
2016-09-15 02:00:00,23.916786193847656
2016-09-15 03:00:00,22.462276458740234
2016-09-15 04:00:00,23.166797637939453
2016-09-15 05:00:00,29.061800003051758
2016-09-15 06:00:00,35.929386138916016
2016-09-15 07:00:00,45.944671630859375
2016-09-15 08:00:00,51.28339385986328
2016-09-15 09:00:00,52.45313262939453
2016-09-15 10:00:00,50.730587005615234
2016-09-15 11:00:00,52.12559509277344
2016-09-15 12:00:00,50.994441986083984
2016-09-15 13:00:00,48.74795150756836
2016-09-15 14:00:00,43.888587951660156
2016-09-15 15:00:00,40.035865783691406
2016-09-15 16:00:00,42.51106643676758
2016-09-15 17:00:00,45.868778228759766
2016-09-15 18:00:00,50.73255920410156
2016-09-15 19:00:00,54.505096435546875
2016-09-15 20:00:00,53.30643844604492
2016-09-15 21:00:00,48.74909973144531
2016-09-15 22:00:00,44.94343948364258
2016-09-15 23:00:00,40.8157844543457
2016-09-16 00:00:00,35.81631851196289
2016-09-16 01:00:00,29.972394943237305
2016-09-16 02:00:00,25.66919708251953
2016-09-16 03:00:00,23.64604949951172
2016-09-16 04:00:00,23.396108627319336
2016-09-16 05:00:00,28.68097686767578
2016-09-16 06:00:00,36.7083854675293
2016-09-16 07:00:00,46.634010314941406
2016-09-16 08:00:00,51.35566329956055
2016-09-16 09:00:00,51.4609375
2016-09-16 10:00:00,49.50138854980469
2016-09-16 11:00:00,49.047672271728516
2016-09-16 12:00:00,46.691585540771484
2016-09-16 13:00:00,41.68157196044922
2016-09-16 14:00:00,37.76549530029297
2016-09-16 15:00:00,35.59674835205078
2016-09-16 16:00:00,33.67024230957031
2016-09-16 17:00:00,37.879783630371094
2016-09-16 18:00:00,42.926536560058594
2016-09-16 19:00:00,48.075843811035156
2016-09-16 20:00:00,47.28371810913086
2016-09-16 21:00:00,45.927589416503906
2016-09-16 22:00:00,41.37130355834961
2016-09-16 23:00:00,40.362770080566406
2016-09-17 00:00:00,21.38051414489746
2016-09-17 01:00:00,17.477008819580078
2016-09-17 02:00:00,14.242046356201172
2016-09-17 03:00:00,13.034324645996094
2016-09-17 04:00:00,13.334678649902344
2016-09-17 05:00:00,17.06473731994629
2016-09-17 06:00:00,22.145885467529297
2016-09-17 07:00:00,29.262821197509766
2016-09-17 08:00:00,33.980064392089844
2016-09-17 09:00:00,37.44778823852539
2016-09-17 10:00:00,39.19666290283203
2016-09-17 11:00:00,38.695281982421875
2016-09-17 12:00:00,37.862342834472656
2016-09-17 13:00:00,35.788719177246094
2016-09-17 14:00:00,34.24781036376953
2016-09-17 15:00:00,34.59385299682617
2016-09-17 16:00:00,34.008201599121094
2016-09-17 17:00:00,35.04479217529297
2016-09-17 18:00:00,35.689659118652344
2016-09-17 19:00:00,35.69957733154297
2016-09-17 20:00:00,33.1970100402832
2016-09-17 21:00:00,31.966217041015625
2016-09-17 22:00:00,26.0528621673584
2016-09-17 23:00:00,20.600997924804688
2016-09-18 00:00:00,15.307482719421387
2016-09-18 01:00:00,10.214734077453613
2016-09-18 02:00:00,8.300006866455078
2016-09-18 03:00:00,8.122001647949219
2016-09-18 04:00:00,9.740747451782227
2016-09-18 05:00:00,14.069741249084473
2016-09-18 06:00:00,17.811019897460938
2016-09-18 07:00:00,23.44345474243164
2016-09-18 08:00:00,28.70669937133789
2016-09-18 09:00:00,32.06806564331055
2016-09-18 10:00:00,34.496665954589844
2016-09-18 11:00:00,37.657737731933594
2016-09-18 12:00:00,33.853981018066406
2016-09-18 13:00:00,33.04520797729492
2016-09-18 14:00:00,30.79204750061035
2016-09-18 15:00:00,31.022993087768555
2016-09-18 16:00:00,31.707134246826172
2016-09-18 17:00:00,32.105682373046875
2016-09-18 18:00:00,32.26951217651367
2016-09-18 19:00:00,32.96308135986328
2016-09-18 20:00:00,30.71425437927246
2016-09-18 21:00:00,28.928606033325195
2016-09-18 22:00:00,25.337068557739258
2016-09-18 23:00:00,20.096179962158203
2016-09-19 00:00:00,15.297394752502441
2016-09-19 01:00:00,11.036818504333496
2016-09-19 02:00:00,9.21151351928711
2016-09-19 03:00:00,8.467721939086914
2016-09-19 04:00:00,9.71845817565918
2016-09-19 05:00:00,13.011987686157227
2016-09-19 06:00:00,19.04346466064453
2016-09-19 07:00:00,25.734031677246094
2016-09-19 08:00:00,32.73052978515625
2016-09-19 09:00:00,35.278072357177734
2016-09-19 10:00:00,37.7885856628418
2016-09-19 11:00:00,39.31010055541992
2016-09-19 12:00:00,38.94277572631836
2016-09-19 13:00:00,37.030906677246094
2016-09-19 14:00:00,37.87520980834961
2016-09-19 15:00:00,36.08225631713867
2016-09-19 16:00:00,36.26862716674805
2016-09-19 17:00:00,37.34858703613281
2016-09-19 18:00:00,37.62297058105469
2016-09-19 19:00:00,38.08277893066406
2016-09-19 20:00:00,36.70320510864258
2016-09-19 21:00:00,33.99797439575195
2016-09-19 22:00:00,30.747568130493164
2016-09-19 23:00:00,26.313934326171875
2016-09-20 00:00:00,23.353511810302734
2016-09-20 01:00:00,18.239856719970703
2016-09-20 02:00:00,14.21133804321289
2016-09-20 03:00:00,13.44057846069336
2016-09-20 04:00:00,17.634782791137695
2016-09-20 05:00:00,18.689167022705078
2016-09-20 06:00:00,25.047468185424805
2016-09-20 07:00:00,32.29936981201172
2016-09-20 08:00:00,37.90895080566406
2016-09-20 09:00:00,43.043983459472656
2016-09-20 10:00:00,44.96790313720703
2016-09-20 11:00:00,45.64582824707031
2016-09-20 12:00:00,45.18952941894531
2016-09-20 13:00:00,44.03607177734375
2016-09-20 14:00:00,43.46302032470703
2016-09-20 15:00:00,43.46636962890625
2016-09-20 16:00:00,44.287933349609375
2016-09-20 17:00:00,43.934104919433594
2016-09-20 18:00:00,43.97362518310547
2016-09-20 19:00:00,43.52988815307617
2016-09-20 20:00:00,41.14019012451172
2016-09-20 21:00:00,38.59474182128906
2016-09-20 22:00:00,34.432559967041016
2016-09-20 23:00:00,29.98595428466797
2016-09-21 00:00:00,37.97783660888672
2016-09-21 01:00:00,32.86129379272461
2016-09-21 02:00:00,31.472728729248047
2016-09-21 03:00:00,31.476411819458008
2016-09-21 04:00:00,32.79350280761719
2016-09-21 05:00:00,33.41762924194336
2016-09-21 06:00:00,37.17157745361328
2016-09-21 07:00:00,39.011043548583984
2016-09-21 08:00:00,41.76722717285156
2016-09-21 09:00:00,42.31185531616211
2016-09-21 10:00:00,44.0965576171875
2016-09-21 11:00:00,41.850982666015625
2016-09-21 12:00:00,42.83993148803711
2016-09-21 13:00:00,41.92709732055664
2016-09-21 14:00:00,41.692100524902344
2016-09-21 15:00:00,41.86669921875
2016-09-21 16:00:00,40.423728942871094
2016-09-21 17:00:00,42.09103012084961
2016-09-21 18:00:00,43.582069396972656
2016-09-21 19:00:00,44.166446685791016
2016-09-21 20:00:00,44.46089172363281
2016-09-21 21:00:00,43.35035705566406
2016-09-21 22:00:00,40.9654541015625
2016-09-21 23:00:00,38.58777618408203
2016-09-22 00:00:00,36.75050354003906
2016-09-22 01:00:00,32.957515716552734
2016-09-22 02:00:00,31.591474533081055
2016-09-22 03:00:00,30.634933471679688
2016-09-22 04:00:00,30.30929183959961
2016-09-22 05:00:00,31.377349853515625
2016-09-22 06:00:00,35.98003387451172
2016-09-22 07:00:00,38.265018463134766
2016-09-22 08:00:00,41.89471435546875
2016-09-22 09:00:00,41.27659606933594
2016-09-22 10:00:00,43.06904602050781
2016-09-22 11:00:00,41.2213134765625
2016-09-22 12:00:00,41.113609313964844
2016-09-22 13:00:00,39.8902473449707
2016-09-22 14:00:00,38.91546630859375
2016-09-22 15:00:00,39.0934944152832
2016-09-22 16:00:00,39.60063171386719
2016-09-22 17:00:00,39.154537200927734
2016-09-22 18:00:00,41.124664306640625
2016-09-22 19:00:00,40.9697265625
2016-09-22 20:00:00,42.40193176269531
2016-09-22 21:00:00,40.99786376953125
2016-09-22 22:00:00,41.24198532104492
2016-09-22 23:00:00,39.48911666870117
2016-09-23 00:00:00,33.250396728515625
2016-09-23 01:00:00,30.847911834716797
2016-09-23 02:00:00,29.430246353149414
2016-09-23 03:00:00,27.135944366455078
2016-09-23 04:00:00,29.88193130493164
2016-09-23 05:00:00,30.198671340942383
2016-09-23 06:00:00,33.809452056884766
2016-09-23 07:00:00,37.85978698730469
2016-09-23 08:00:00,37.25228500366211
2016-09-23 09:00:00,39.31306076049805
2016-09-23 10:00:00,40.40083312988281
2016-09-23 11:00:00,39.037166595458984
2016-09-23 12:00:00,38.71729278564453
2016-09-23 13:00:00,37.37263107299805
2016-09-23 14:00:00,37.74824905395508
2016-09-23 15:00:00,38.4360466003418
2016-09-23 16:00:00,35.90157699584961
2016-09-23 17:00:00,37.731388092041016
2016-09-23 18:00:00,39.021156311035156
2016-09-23 19:00:00,39.01822280883789
2016-09-23 20:00:00,39.53841018676758
2016-09-23 21:00:00,39.07677459716797
2016-09-23 22:00:00,37.99461364746094
2016-09-23 23:00:00,34.80388641357422
2016-09-24 00:00:00,31.851764678955078
2016-09-24 01:00:00,31.121320724487305
2016-09-24 02:00:00,27.899085998535156
2016-09-24 03:00:00,27.430936813354492
2016-09-24 04:00:00,27.113929748535156
2016-09-24 05:00:00,28.893516540527344
2016-09-24 06:00:00,31.597187042236328
2016-09-24 07:00:00,33.494110107421875
2016-09-24 08:00:00,36.598175048828125
2016-09-24 09:00:00,39.84112548828125
2016-09-24 10:00:00,38.98794937133789
2016-09-24 11:00:00,38.379005432128906
2016-09-24 12:00:00,37.92768478393555
2016-09-24 13:00:00,36.45204162597656
2016-09-24 14:00:00,36.51494598388672
2016-09-24 15:00:00,35.60913848876953
2016-09-24 16:00:00,34.978450775146484
2016-09-24 17:00:00,35.4775390625
2016-09-24 18:00:00,36.74179458618164
2016-09-24 19:00:00,38.595428466796875
2016-09-24 20:00:00,40.17848205566406
2016-09-24 21:00:00,38.18490219116211
2016-09-24 22:00:00,39.4512939453125
2016-09-24 23:00:00,39.31138610839844
2016-09-25 00:00:00,27.39594268798828
2016-09-25 01:00:00,24.438684463500977
2016-09-25 02:00:00,22.21230697631836
2016-09-25 03:00:00,18.54572105407715
2016-09-25 04:00:00,16.933658599853516
2016-09-25 05:00:00,19.095151901245117
2016-09-25 06:00:00,24.981483459472656
2016-09-25 07:00:00,29.053255081176758
2016-09-25 08:00:00,32.14790725708008
2016-09-25 09:00:00,32.431339263916016
2016-09-25 10:00:00,32.8023681640625
2016-09-25 11:00:00,33.773887634277344
2016-09-25 12:00:00,32.414459228515625
2016-09-25 13:00:00,30.826852798461914
2016-09-25 14:00:00,29.522178649902344
2016-09-25 15:00:00,27.74712371826172
2016-09-25 16:00:00,28.22037696838379
2016-09-25 17:00:00,31.66901397705078
2016-09-25 18:00:00,35.289432525634766
2016-09-25 19:00:00,38.98044967651367
2016-09-25 20:00:00,39.25912094116211
2016-09-25 21:00:00,36.794960021972656
2016-09-25 22:00:00,32.749847412109375
2016-09-25 23:00:00,31.989835739135742
2016-09-26 00:00:00,29.119972229003906
2016-09-26 01:00:00,26.070751190185547
2016-09-26 02:00:00,23.45488739013672
2016-09-26 03:00:00,21.96103286743164
2016-09-26 04:00:00,21.623104095458984
2016-09-26 05:00:00,23.959909439086914
2016-09-26 06:00:00,30.930538177490234
2016-09-26 07:00:00,36.24188232421875
2016-09-26 08:00:00,38.888587951660156
2016-09-26 09:00:00,39.224159240722656
2016-09-26 10:00:00,40.014286041259766
2016-09-26 11:00:00,40.29789733886719
2016-09-26 12:00:00,40.213279724121094
2016-09-26 13:00:00,39.13870620727539
2016-09-26 14:00:00,38.09994125366211
2016-09-26 15:00:00,35.62590789794922
2016-09-26 16:00:00,36.96213912963867
2016-09-26 17:00:00,39.41804504394531
2016-09-26 18:00:00,42.77417755126953
2016-09-26 19:00:00,45.705162048339844
2016-09-26 20:00:00,45.24869155883789
2016-09-26 21:00:00,41.68166732788086
2016-09-26 22:00:00,40.066017150878906
2016-09-26 23:00:00,36.92864990234375
2016-09-27 00:00:00,35.1036376953125
2016-09-27 01:00:00,31.497268676757812
2016-09-27 02:00:00,28.014860153198242
2016-09-27 03:00:00,25.305328369140625
2016-09-27 04:00:00,24.84217071533203
2016-09-27 05:00:00,28.268356323242188
2016-09-27 06:00:00,34.16084671020508
2016-09-27 07:00:00,39.77103042602539
2016-09-27 08:00:00,41.85953903198242
2016-09-27 09:00:00,43.00996398925781
2016-09-27 10:00:00,42.85340118408203
2016-09-27 11:00:00,41.887664794921875
2016-09-27 12:00:00,41.83143615722656
2016-09-27 13:00:00,39.66582489013672
2016-09-27 14:00:00,39.16695785522461
2016-09-27 15:00:00,38.349246978759766
2016-09-27 16:00:00,39.05201721191406
2016-09-27 17:00:00,41.79402160644531
2016-09-27 18:00:00,44.723411560058594
2016-09-27 19:00:00,46.37408447265625
2016-09-27 20:00:00,45.42475128173828
2016-09-27 21:00:00,43.052040100097656
2016-09-27 22:00:00,40.132164001464844
2016-09-27 23:00:00,38.26807403564453
2016-09-28 00:00:00,35.96698760986328
2016-09-28 01:00:00,31.551563262939453
2016-09-28 02:00:00,28.84674072265625
2016-09-28 03:00:00,26.081096649169922
2016-09-28 04:00:00,25.882999420166016
2016-09-28 05:00:00,29.25535774230957
2016-09-28 06:00:00,36.52692794799805
2016-09-28 07:00:00,41.316551208496094
2016-09-28 08:00:00,45.31267166137695
2016-09-28 09:00:00,45.32843017578125
2016-09-28 10:00:00,45.854888916015625
2016-09-28 11:00:00,44.587493896484375
2016-09-28 12:00:00,43.54474639892578
2016-09-28 13:00:00,42.1200065612793
2016-09-28 14:00:00,40.380279541015625
2016-09-28 15:00:00,39.92094802856445
2016-09-28 16:00:00,40.85952377319336
2016-09-28 17:00:00,42.517677307128906
2016-09-28 18:00:00,46.24858856201172
2016-09-28 19:00:00,47.763580322265625
2016-09-28 20:00:00,46.85123825073242
2016-09-28 21:00:00,43.45256042480469
2016-09-28 22:00:00,41.09845733642578
2016-09-28 23:00:00,38.56833267211914
2016-09-29 00:00:00,37.1097412109375
2016-09-29 01:00:00,33.338623046875
2016-09-29 02:00:00,31.0041446685791
2016-09-29 03:00:00,28.74124526977539
2016-09-29 04:00:00,29.03730010986328
2016-09-29 05:00:00,32.19835662841797
2016-09-29 06:00:00,38.46628952026367
2016-09-29 07:00:00,44.996307373046875
2016-09-29 08:00:00,46.62644958496094
2016-09-29 09:00:00,47.22561264038086
2016-09-29 10:00:00,44.597808837890625
2016-09-29 11:00:00,45.48737716674805
2016-09-29 12:00:00,43.331329345703125
2016-09-29 13:00:00,43.92934036254883
2016-09-29 14:00:00,43.591800689697266
2016-09-29 15:00:00,43.59241485595703
2016-09-29 16:00:00,43.91255569458008
2016-09-29 17:00:00,45.00248718261719
2016-09-29 18:00:00,46.40338134765625
2016-09-29 19:00:00,47.036399841308594
2016-09-29 20:00:00,45.07933807373047
2016-09-29 21:00:00,43.82958984375
2016-09-29 22:00:00,41.524837493896484
2016-09-29 23:00:00,37.91670608520508
2016-09-30 00:00:00,36.08662414550781
2016-09-30 01:00:00,33.36122131347656
2016-09-30 02:00:00,29.983577728271484
2016-09-30 03:00:00,28.484342575073242
2016-09-30 04:00:00,29.191530227661133
2016-09-30 05:00:00,32.36503219604492
2016-09-30 06:00:00,37.96657180786133
2016-09-30 07:00:00,43.237335205078125
2016-09-30 08:00:00,44.53901672363281
2016-09-30 09:00:00,45.150936126708984
2016-09-30 10:00:00,44.918575286865234
2016-09-30 11:00:00,43.62996292114258
2016-09-30 12:00:00,42.79880905151367
2016-09-30 13:00:00,40.291748046875
2016-09-30 14:00:00,40.71243667602539
2016-09-30 15:00:00,38.54345703125
2016-09-30 16:00:00,39.060791015625
2016-09-30 17:00:00,38.680824279785156
2016-09-30 18:00:00,41.0370979309082
2016-09-30 19:00:00,42.551570892333984
2016-09-30 20:00:00,40.805599212646484
2016-09-30 21:00:00,37.53317642211914
2016-09-30 22:00:00,37.106502532958984
2016-09-30 23:00:00,34.421112060546875
2016-10-01 00:00:00,32.80767059326172
2016-10-01 01:00:00,30.57459259033203
2016-10-01 02:00:00,28.056594848632812
2016-10-01 03:00:00,25.33405303955078
2016-10-01 04:00:00,25.533618927001953
2016-10-01 05:00:00,26.583724975585938
2016-10-01 06:00:00,31.192668914794922
2016-10-01 07:00:00,35.301185607910156
2016-10-01 08:00:00,36.146827697753906
2016-10-01 09:00:00,37.014015197753906
2016-10-01 10:00:00,36.21745300292969
2016-10-01 11:00:00,35.295772552490234
2016-10-01 12:00:00,34.909671783447266
2016-10-01 13:00:00,34.83854293823242
2016-10-01 14:00:00,33.03477096557617
2016-10-01 15:00:00,31.96657943725586
2016-10-01 16:00:00,32.97614288330078
2016-10-01 17:00:00,34.69838333129883
2016-10-01 18:00:00,37.4527587890625
2016-10-01 19:00:00,39.23965072631836
2016-10-01 20:00:00,39.38642501831055
2016-10-01 21:00:00,37.43029022216797
2016-10-01 22:00:00,36.724464416503906
2016-10-01 23:00:00,36.82284164428711
2016-10-02 00:00:00,33.65684509277344
2016-10-02 01:00:00,30.2620849609375
2016-10-02 02:00:00,28.377574920654297
2016-10-02 03:00:00,26.997779846191406
2016-10-02 04:00:00,24.76708984375
2016-10-02 05:00:00,24.937206268310547
2016-10-02 06:00:00,29.27925682067871
2016-10-02 07:00:00,32.41680908203125
2016-10-02 08:00:00,33.29836654663086
2016-10-02 09:00:00,33.11378479003906
2016-10-02 10:00:00,33.08223342895508
2016-10-02 11:00:00,33.93656539916992
2016-10-02 12:00:00,34.431270599365234
2016-10-02 13:00:00,32.62395477294922
2016-10-02 14:00:00,31.832569122314453
2016-10-02 15:00:00,32.20023727416992
2016-10-02 16:00:00,32.622406005859375
2016-10-02 17:00:00,33.47850799560547
2016-10-02 18:00:00,38.92424011230469
2016-10-02 19:00:00,41.8156623840332
2016-10-02 20:00:00,41.45464324951172
2016-10-02 21:00:00,40.512638092041016
2016-10-02 22:00:00,38.426822662353516
2016-10-02 23:00:00,38.93789291381836
2016-10-03 00:00:00,33.50681686401367
2016-10-03 01:00:00,32.557716369628906
2016-10-03 02:00:00,27.843650817871094
2016-10-03 03:00:00,23.584352493286133
2016-10-03 04:00:00,24.626785278320312
2016-10-03 05:00:00,27.747230529785156
2016-10-03 06:00:00,33.76344299316406
2016-10-03 07:00:00,37.77484130859375
2016-10-03 08:00:00,40.37473678588867
2016-10-03 09:00:00,41.366424560546875
2016-10-03 10:00:00,40.5124626159668
2016-10-03 11:00:00,40.817466735839844
2016-10-03 12:00:00,38.709625244140625
2016-10-03 13:00:00,35.67366027832031
2016-10-03 14:00:00,34.82676315307617
2016-10-03 15:00:00,32.4466438293457
2016-10-03 16:00:00,31.6257381439209
2016-10-03 17:00:00,36.558815002441406
2016-10-03 18:00:00,43.31387710571289
2016-10-03 19:00:00,49.59845733642578
2016-10-03 20:00:00,48.38471603393555
2016-10-03 21:00:00,45.71507263183594
2016-10-03 22:00:00,40.8160514831543
2016-10-03 23:00:00,37.33776092529297
2016-10-04 00:00:00,32.86241149902344
2016-10-04 01:00:00,29.439306259155273
2016-10-04 02:00:00,25.179866790771484
2016-10-04 03:00:00,22.978227615356445
2016-10-04 04:00:00,22.311073303222656
2016-10-04 05:00:00,26.47478485107422
2016-10-04 06:00:00,34.96166229248047
2016-10-04 07:00:00,40.18523406982422
2016-10-04 08:00:00,43.4442138671875
2016-10-04 09:00:00,42.97146224975586
2016-10-04 10:00:00,42.95965576171875
2016-10-04 11:00:00,41.93605041503906
2016-10-04 12:00:00,39.61241149902344
2016-10-04 13:00:00,37.757850646972656
2016-10-04 14:00:00,36.838260650634766
2016-10-04 15:00:00,36.099220275878906
2016-10-04 16:00:00,35.44887924194336
2016-10-04 17:00:00,40.054710388183594
2016-10-04 18:00:00,44.61782455444336
2016-10-04 19:00:00,47.72073745727539
2016-10-04 20:00:00,47.1590576171875
2016-10-04 21:00:00,42.734352111816406
2016-10-04 22:00:00,39.20848083496094
2016-10-04 23:00:00,35.65655517578125
2016-10-05 00:00:00,32.277122497558594
2016-10-05 01:00:00,29.09668731689453
2016-10-05 02:00:00,25.17601776123047
2016-10-05 03:00:00,21.554800033569336
2016-10-05 04:00:00,20.743732452392578
2016-10-05 05:00:00,26.072731018066406
2016-10-05 06:00:00,32.91852569580078
2016-10-05 07:00:00,41.233245849609375
2016-10-05 08:00:00,43.125972747802734
2016-10-05 09:00:00,44.70671844482422
2016-10-05 10:00:00,44.06761169433594
2016-10-05 11:00:00,41.523468017578125
2016-10-05 12:00:00,40.73435592651367
2016-10-05 13:00:00,38.6484489440918
2016-10-05 14:00:00,37.014434814453125
2016-10-05 15:00:00,36.71204376220703
2016-10-05 16:00:00,37.450340270996094
2016-10-05 17:00:00,41.89447021484375
2016-10-05 18:00:00,47.054603576660156
2016-10-05 19:00:00,49.61989974975586
2016-10-05 20:00:00,50.180973052978516
2016-10-05 21:00:00,44.83063888549805
2016-10-05 22:00:00,40.51015853881836
2016-10-05 23:00:00,37.88562774658203
2016-10-06 00:00:00,32.87301254272461
2016-10-06 01:00:00,29.17732810974121
2016-10-06 02:00:00,24.83325958251953
2016-10-06 03:00:00,20.584871292114258
2016-10-06 04:00:00,21.445781707763672
2016-10-06 05:00:00,28.624052047729492
2016-10-06 06:00:00,35.07315444946289
2016-10-06 07:00:00,41.29533767700195
2016-10-06 08:00:00,46.163963317871094
2016-10-06 09:00:00,47.51130676269531
2016-10-06 10:00:00,46.40721893310547
2016-10-06 11:00:00,44.05963897705078
2016-10-06 12:00:00,40.33451461791992
2016-10-06 13:00:00,40.33742141723633
2016-10-06 14:00:00,39.5378303527832
2016-10-06 15:00:00,37.38473129272461
2016-10-06 16:00:00,39.72917175292969
2016-10-06 17:00:00,42.19596862792969
2016-10-06 18:00:00,47.97199630737305
2016-10-06 19:00:00,50.21415710449219
2016-10-06 20:00:00,49.261016845703125
2016-10-06 21:00:00,45.84467315673828
2016-10-06 22:00:00,41.47734832763672
2016-10-06 23:00:00,36.93793487548828
2016-10-07 00:00:00,28.821514129638672
2016-10-07 01:00:00,25.936525344848633
2016-10-07 02:00:00,23.87864875793457
2016-10-07 03:00:00,21.631467819213867
2016-10-07 04:00:00,23.936643600463867
2016-10-07 05:00:00,27.379302978515625
2016-10-07 06:00:00,38.63361358642578
2016-10-07 07:00:00,46.79330062866211
2016-10-07 08:00:00,49.09947204589844
2016-10-07 09:00:00,47.974143981933594
2016-10-07 10:00:00,47.846649169921875
2016-10-07 11:00:00,46.067142486572266
2016-10-07 12:00:00,43.384132385253906
2016-10-07 13:00:00,42.05500793457031
2016-10-07 14:00:00,41.092506408691406
2016-10-07 15:00:00,38.82581329345703
2016-10-07 16:00:00,38.46946716308594
2016-10-07 17:00:00,39.346527099609375
2016-10-07 18:00:00,47.316795349121094
2016-10-07 19:00:00,52.41584396362305
2016-10-07 20:00:00,48.729454040527344
2016-10-07 21:00:00,42.37592697143555
2016-10-07 22:00:00,36.8615608215332
2016-10-07 23:00:00,35.36995315551758
2016-10-08 00:00:00,30.102882385253906
2016-10-08 01:00:00,24.558183670043945
2016-10-08 02:00:00,21.069149017333984
2016-10-08 03:00:00,19.313491821289062
2016-10-08 04:00:00,18.021270751953125
2016-10-08 05:00:00,25.776796340942383
2016-10-08 06:00:00,35.739532470703125
2016-10-08 07:00:00,43.369346618652344
2016-10-08 08:00:00,45.81816101074219
2016-10-08 09:00:00,44.853912353515625
2016-10-08 10:00:00,42.41001892089844
2016-10-08 11:00:00,41.80702209472656
2016-10-08 12:00:00,40.024139404296875
2016-10-08 13:00:00,38.66217803955078
2016-10-08 14:00:00,37.35951232910156
2016-10-08 15:00:00,36.089202880859375
2016-10-08 16:00:00,35.361839294433594
2016-10-08 17:00:00,41.58024978637695
2016-10-08 18:00:00,47.882293701171875
2016-10-08 19:00:00,52.343502044677734
2016-10-08 20:00:00,50.24866485595703
2016-10-08 21:00:00,42.86677169799805
2016-10-08 22:00:00,39.12797927856445
2016-10-08 23:00:00,34.92115020751953
2016-10-09 00:00:00,30.95029067993164
2016-10-09 01:00:00,25.892372131347656
2016-10-09 02:00:00,22.325603485107422
2016-10-09 03:00:00,20.240581512451172
2016-10-09 04:00:00,19.79972267150879
2016-10-09 05:00:00,26.16172218322754
2016-10-09 06:00:00,35.10965347290039
2016-10-09 07:00:00,45.68559646606445
2016-10-09 08:00:00,48.02397918701172
2016-10-09 09:00:00,47.09383773803711
2016-10-09 10:00:00,45.54473876953125
2016-10-09 11:00:00,44.20072937011719
2016-10-09 12:00:00,42.57258605957031
2016-10-09 13:00:00,41.248600006103516
2016-10-09 14:00:00,39.60639572143555
2016-10-09 15:00:00,38.27007293701172
2016-10-09 16:00:00,40.90150833129883
2016-10-09 17:00:00,43.30120086669922
2016-10-09 18:00:00,51.898223876953125
2016-10-09 19:00:00,56.24906921386719
2016-10-09 20:00:00,53.29945755004883
2016-10-09 21:00:00,46.92637252807617
2016-10-09 22:00:00,40.15024948120117
2016-10-09 23:00:00,38.20713806152344
2016-10-10 00:00:00,31.957592010498047
2016-10-10 01:00:00,27.123775482177734
2016-10-10 02:00:00,23.488765716552734
2016-10-10 03:00:00,22.343252182006836
2016-10-10 04:00:00,22.897201538085938
2016-10-10 05:00:00,30.896854400634766
2016-10-10 06:00:00,41.26091384887695
2016-10-10 07:00:00,50.9569206237793
2016-10-10 08:00:00,53.252281188964844
2016-10-10 09:00:00,54.37406921386719
2016-10-10 10:00:00,51.08660888671875
2016-10-10 11:00:00,49.3254280090332
2016-10-10 12:00:00,46.89045715332031
2016-10-10 13:00:00,45.4396858215332
2016-10-10 14:00:00,43.9974365234375
2016-10-10 15:00:00,40.466941833496094
2016-10-10 16:00:00,40.115394592285156
2016-10-10 17:00:00,44.19636917114258
2016-10-10 18:00:00,51.06061935424805
2016-10-10 19:00:00,54.247283935546875
2016-10-10 20:00:00,51.86884689331055
2016-10-10 21:00:00,45.452430725097656
2016-10-10 22:00:00,41.22935485839844
2016-10-10 23:00:00,38.30931091308594
2016-10-11 00:00:00,48.89867401123047
2016-10-11 01:00:00,43.60664367675781
2016-10-11 02:00:00,40.51572036743164
2016-10-11 03:00:00,35.844879150390625
2016-10-11 04:00:00,42.26649475097656
2016-10-11 05:00:00,47.415950775146484
2016-10-11 06:00:00,60.92053985595703
2016-10-11 07:00:00,75.425048828125
2016-10-11 08:00:00,76.69367218017578
2016-10-11 09:00:00,72.73231506347656
2016-10-11 10:00:00,66.836181640625
2016-10-11 11:00:00,65.8592529296875
2016-10-11 12:00:00,63.38147735595703
2016-10-11 13:00:00,60.56678771972656
2016-10-11 14:00:00,58.947479248046875
2016-10-11 15:00:00,58.990055084228516
2016-10-11 16:00:00,58.469295501708984
2016-10-11 17:00:00,61.30146408081055
2016-10-11 18:00:00,68.97819519042969
2016-10-11 19:00:00,72.5521469116211
2016-10-11 20:00:00,65.88103485107422
2016-10-11 21:00:00,60.43794250488281
2016-10-11 22:00:00,54.51199722290039
2016-10-11 23:00:00,49.92567825317383
2016-10-12 00:00:00,49.12726593017578
2016-10-12 01:00:00,41.998600006103516
2016-10-12 02:00:00,40.09394073486328
2016-10-12 03:00:00,40.87560272216797
2016-10-12 04:00:00,37.40839385986328
2016-10-12 05:00:00,48.664161682128906
2016-10-12 06:00:00,59.29974365234375
2016-10-12 07:00:00,70.96027374267578
2016-10-12 08:00:00,71.63938903808594
2016-10-12 09:00:00,69.69122314453125
2016-10-12 10:00:00,68.3782958984375
2016-10-12 11:00:00,64.93222045898438
2016-10-12 12:00:00,65.02940368652344
2016-10-12 13:00:00,60.061805725097656
2016-10-12 14:00:00,57.770931243896484
2016-10-12 15:00:00,57.37297821044922
2016-10-12 16:00:00,55.92180252075195
2016-10-12 17:00:00,60.71348571777344
2016-10-12 18:00:00,67.99691009521484
2016-10-12 19:00:00,72.98583984375
2016-10-12 20:00:00,66.07249450683594
2016-10-12 21:00:00,57.32825469970703
2016-10-12 22:00:00,53.27983856201172
2016-10-12 23:00:00,50.06242752075195
2016-10-13 00:00:00,47.6722297668457
2016-10-13 01:00:00,41.68013000488281
2016-10-13 02:00:00,38.714149475097656
2016-10-13 03:00:00,34.66817855834961
2016-10-13 04:00:00,35.53660583496094
2016-10-13 05:00:00,46.783103942871094
2016-10-13 06:00:00,58.285614013671875
2016-10-13 07:00:00,69.02007293701172
2016-10-13 08:00:00,69.1033935546875
2016-10-13 09:00:00,67.97940063476562
2016-10-13 10:00:00,64.12261962890625
2016-10-13 11:00:00,63.616416931152344
2016-10-13 12:00:00,62.514041900634766
2016-10-13 13:00:00,60.8943977355957
2016-10-13 14:00:00,56.26987838745117
2016-10-13 15:00:00,54.967018127441406
2016-10-13 16:00:00,55.50764846801758
2016-10-13 17:00:00,58.4024543762207
2016-10-13 18:00:00,65.65521240234375
2016-10-13 19:00:00,69.3665771484375
2016-10-13 20:00:00,67.95313262939453
2016-10-13 21:00:00,58.16826629638672
2016-10-13 22:00:00,52.7164421081543
2016-10-13 23:00:00,51.08615493774414
2016-10-14 00:00:00,47.953758239746094
2016-10-14 01:00:00,41.9423713684082
2016-10-14 02:00:00,38.579898834228516
2016-10-14 03:00:00,36.7423210144043
2016-10-14 04:00:00,37.16181182861328
2016-10-14 05:00:00,45.69452667236328
2016-10-14 06:00:00,59.47071838378906
2016-10-14 07:00:00,70.63671112060547
2016-10-14 08:00:00,72.17991638183594
2016-10-14 09:00:00,70.48727416992188
2016-10-14 10:00:00,64.55531311035156
2016-10-14 11:00:00,63.95785140991211
2016-10-14 12:00:00,59.91484832763672
2016-10-14 13:00:00,59.002262115478516
2016-10-14 14:00:00,54.84392547607422
2016-10-14 15:00:00,55.03064727783203
2016-10-14 16:00:00,51.9704704284668
2016-10-14 17:00:00,53.86594009399414
2016-10-14 18:00:00,61.71397399902344
2016-10-14 19:00:00,65.94175720214844
2016-10-14 20:00:00,63.14528274536133
2016-10-14 21:00:00,55.935791015625
2016-10-14 22:00:00,51.934783935546875
2016-10-14 23:00:00,52.52775192260742
2016-10-15 00:00:00,61.903297424316406
2016-10-15 01:00:00,51.0181999206543
2016-10-15 02:00:00,41.325645446777344
2016-10-15 03:00:00,33.82598876953125
2016-10-15 04:00:00,38.90978240966797
2016-10-15 05:00:00,47.2489013671875
2016-10-15 06:00:00,62.771026611328125
2016-10-15 07:00:00,76.07637023925781
2016-10-15 08:00:00,80.38520812988281
2016-10-15 09:00:00,78.36851501464844
2016-10-15 10:00:00,79.38677978515625
2016-10-15 11:00:00,77.98375701904297
2016-10-15 12:00:00,72.97819519042969
2016-10-15 13:00:00,67.41873168945312
2016-10-15 14:00:00,64.76564025878906
2016-10-15 15:00:00,62.148597717285156
2016-10-15 16:00:00,64.29141998291016
2016-10-15 17:00:00,72.18509674072266
2016-10-15 18:00:00,90.71049499511719
2016-10-15 19:00:00,100.98100280761719
2016-10-15 20:00:00,92.16507720947266
2016-10-15 21:00:00,80.19332122802734
2016-10-15 22:00:00,69.13457489013672
2016-10-15 23:00:00,65.18540954589844
2016-10-16 00:00:00,55.33415222167969
2016-10-16 01:00:00,45.414710998535156
2016-10-16 02:00:00,34.638824462890625
2016-10-16 03:00:00,31.92844009399414
2016-10-16 04:00:00,31.35369873046875
2016-10-16 05:00:00,43.07382583618164
2016-10-16 06:00:00,61.57089614868164
2016-10-16 07:00:00,74.10604095458984
2016-10-16 08:00:00,80.34030151367188
2016-10-16 09:00:00,76.73863983154297
2016-10-16 10:00:00,73.3123779296875
2016-10-16 11:00:00,74.51151275634766
2016-10-16 12:00:00,67.3945541381836
2016-10-16 13:00:00,63.27179718017578
2016-10-16 14:00:00,60.18716812133789
2016-10-16 15:00:00,61.29894256591797
2016-10-16 16:00:00,59.80583953857422
2016-10-16 17:00:00,73.4514389038086
2016-10-16 18:00:00,87.46028900146484
2016-10-16 19:00:00,98.26200866699219
2016-10-16 20:00:00,91.18651580810547
2016-10-16 21:00:00,76.3533706665039
2016-10-16 22:00:00,67.7673110961914
2016-10-16 23:00:00,63.55692672729492
2016-10-17 00:00:00,54.8855094909668
2016-10-17 01:00:00,45.91840362548828
2016-10-17 02:00:00,36.55933380126953
2016-10-17 03:00:00,30.965438842773438
2016-10-17 04:00:00,33.71709060668945
2016-10-17 05:00:00,46.58707809448242
2016-10-17 06:00:00,63.033119201660156
2016-10-17 07:00:00,82.70856475830078
2016-10-17 08:00:00,86.06727600097656
2016-10-17 09:00:00,81.84066772460938
2016-10-17 10:00:00,78.57341766357422
2016-10-17 11:00:00,78.4101333618164
2016-10-17 12:00:00,73.47871398925781
2016-10-17 13:00:00,68.41229248046875
2016-10-17 14:00:00,62.14575958251953
2016-10-17 15:00:00,58.708587646484375
2016-10-17 16:00:00,60.445159912109375
2016-10-17 17:00:00,72.05020904541016
2016-10-17 18:00:00,89.26972961425781
2016-10-17 19:00:00,100.61172485351562
2016-10-17 20:00:00,91.63917541503906
2016-10-17 21:00:00,76.35730743408203
2016-10-17 22:00:00,67.38572692871094
2016-10-17 23:00:00,67.80923461914062
2016-10-18 00:00:00,56.2227897644043
2016-10-18 01:00:00,45.41484832763672
2016-10-18 02:00:00,38.08726501464844
2016-10-18 03:00:00,35.62474060058594
2016-10-18 04:00:00,39.919769287109375
2016-10-18 05:00:00,54.62730407714844
2016-10-18 06:00:00,70.55364227294922
2016-10-18 07:00:00,88.11246490478516
2016-10-18 08:00:00,91.30937194824219
2016-10-18 09:00:00,90.15657043457031
2016-10-18 10:00:00,85.82106018066406
2016-10-18 11:00:00,83.20581817626953
2016-10-18 12:00:00,77.98922729492188
2016-10-18 13:00:00,73.96338653564453
2016-10-18 14:00:00,69.28726196289062
2016-10-18 15:00:00,63.03694534301758
2016-10-18 16:00:00,62.729339599609375
2016-10-18 17:00:00,70.19096374511719
2016-10-18 18:00:00,88.03923797607422
2016-10-18 19:00:00,97.9215316772461
2016-10-18 20:00:00,86.41151428222656
2016-10-18 21:00:00,74.390869140625
2016-10-18 22:00:00,68.10326385498047
2016-10-18 23:00:00,64.94468688964844
2016-10-19 00:00:00,51.72952651977539
2016-10-19 01:00:00,46.775299072265625
2016-10-19 02:00:00,44.35930633544922
2016-10-19 03:00:00,45.68065643310547
2016-10-19 04:00:00,47.34844970703125
2016-10-19 05:00:00,48.79710006713867
2016-10-19 06:00:00,51.74694061279297
2016-10-19 07:00:00,57.83567810058594
2016-10-19 08:00:00,56.34546661376953
2016-10-19 09:00:00,59.225364685058594
2016-10-19 10:00:00,57.97679138183594
2016-10-19 11:00:00,58.44623565673828
2016-10-19 12:00:00,56.00482177734375
2016-10-19 13:00:00,54.72789001464844
2016-10-19 14:00:00,54.416934967041016
2016-10-19 15:00:00,53.472900390625
2016-10-19 16:00:00,59.553470611572266
2016-10-19 17:00:00,60.0667610168457
2016-10-19 18:00:00,58.17182540893555
2016-10-19 19:00:00,66.27057647705078
2016-10-19 20:00:00,61.14030456542969
2016-10-19 21:00:00,59.20564270019531
2016-10-19 22:00:00,57.18519973754883
2016-10-19 23:00:00,57.07986831665039
2016-10-20 00:00:00,49.56928634643555
2016-10-20 01:00:00,45.64395523071289
2016-10-20 02:00:00,48.64863586425781
2016-10-20 03:00:00,38.494171142578125
2016-10-20 04:00:00,45.423057556152344
2016-10-20 05:00:00,47.88779830932617
2016-10-20 06:00:00,51.38566207885742
2016-10-20 07:00:00,50.070068359375
2016-10-20 08:00:00,59.579227447509766
2016-10-20 09:00:00,59.535255432128906
2016-10-20 10:00:00,55.395423889160156
2016-10-20 11:00:00,54.23640060424805
2016-10-20 12:00:00,52.67045974731445
2016-10-20 13:00:00,50.422019958496094
2016-10-20 14:00:00,52.69389343261719
2016-10-20 15:00:00,49.4702033996582
2016-10-20 16:00:00,52.15253829956055
2016-10-20 17:00:00,56.290382385253906
2016-10-20 18:00:00,57.93372344970703
2016-10-20 19:00:00,57.198368072509766
2016-10-20 20:00:00,52.921546936035156
2016-10-20 21:00:00,59.12084197998047
2016-10-20 22:00:00,55.07297134399414
2016-10-20 23:00:00,51.14536666870117
2016-10-21 00:00:00,47.76044845581055
2016-10-21 01:00:00,44.01544189453125
2016-10-21 02:00:00,44.92695236206055
2016-10-21 03:00:00,42.39392852783203
2016-10-21 04:00:00,41.10684585571289
2016-10-21 05:00:00,42.41242980957031
2016-10-21 06:00:00,47.74444580078125
2016-10-21 07:00:00,49.28691864013672
2016-10-21 08:00:00,53.73701477050781
2016-10-21 09:00:00,55.02695083618164
2016-10-21 10:00:00,51.38784408569336
2016-10-21 11:00:00,53.584510803222656
2016-10-21 12:00:00,57.14659118652344
2016-10-21 13:00:00,50.51520919799805
2016-10-21 14:00:00,50.025848388671875
2016-10-21 15:00:00,51.50146484375
2016-10-21 16:00:00,53.41004180908203
2016-10-21 17:00:00,53.810813903808594
2016-10-21 18:00:00,54.485565185546875
2016-10-21 19:00:00,55.62685012817383
2016-10-21 20:00:00,59.948516845703125
2016-10-21 21:00:00,54.152706146240234
2016-10-21 22:00:00,53.470672607421875
2016-10-21 23:00:00,48.98088455200195
2016-10-22 00:00:00,46.097190856933594
2016-10-22 01:00:00,43.481754302978516
2016-10-22 02:00:00,40.87900924682617
2016-10-22 03:00:00,38.744659423828125
2016-10-22 04:00:00,38.19519805908203
2016-10-22 05:00:00,39.057899475097656
2016-10-22 06:00:00,47.10849380493164
2016-10-22 07:00:00,48.17949676513672
2016-10-22 08:00:00,52.914833068847656
2016-10-22 09:00:00,50.04058837890625
2016-10-22 10:00:00,55.99484634399414
2016-10-22 11:00:00,51.12498092651367
2016-10-22 12:00:00,48.05956268310547
2016-10-22 13:00:00,48.89885330200195
2016-10-22 14:00:00,46.012062072753906
2016-10-22 15:00:00,47.244606018066406
2016-10-22 16:00:00,46.70504379272461
2016-10-22 17:00:00,50.94626235961914
2016-10-22 18:00:00,53.72743225097656
2016-10-22 19:00:00,58.20564270019531
2016-10-22 20:00:00,57.76030731201172
2016-10-22 21:00:00,55.26600646972656
2016-10-22 22:00:00,44.76394271850586
2016-10-22 23:00:00,46.11176300048828
2016-10-23 00:00:00,45.53598403930664
2016-10-23 01:00:00,37.763328552246094
2016-10-23 02:00:00,33.65009307861328
2016-10-23 03:00:00,33.40631103515625
2016-10-23 04:00:00,33.761940002441406
2016-10-23 05:00:00,39.46063232421875
2016-10-23 06:00:00,51.12294006347656
2016-10-23 07:00:00,61.15638732910156
2016-10-23 08:00:00,64.24451446533203
2016-10-23 09:00:00,64.9964370727539
2016-10-23 10:00:00,66.67806243896484
2016-10-23 11:00:00,66.33338928222656
2016-10-23 12:00:00,64.59196472167969
2016-10-23 13:00:00,60.702823638916016
2016-10-23 14:00:00,56.458290100097656
2016-10-23 15:00:00,53.594635009765625
2016-10-23 16:00:00,52.7234001159668
2016-10-23 17:00:00,61.860225677490234
2016-10-23 18:00:00,75.07681274414062
2016-10-23 19:00:00,84.95659637451172
2016-10-23 20:00:00,79.37745666503906
2016-10-23 21:00:00,70.73358154296875
2016-10-23 22:00:00,60.08847427368164
2016-10-23 23:00:00,59.579078674316406
2016-10-24 00:00:00,50.945369720458984
2016-10-24 01:00:00,45.293678283691406
2016-10-24 02:00:00,40.25075912475586
2016-10-24 03:00:00,41.53761672973633
2016-10-24 04:00:00,45.461483001708984
2016-10-24 05:00:00,48.32063674926758
2016-10-24 06:00:00,66.63227844238281
2016-10-24 07:00:00,81.90104675292969
2016-10-24 08:00:00,86.88459014892578
2016-10-24 09:00:00,87.50509643554688
2016-10-24 10:00:00,84.95112609863281
2016-10-24 11:00:00,86.88951110839844
2016-10-24 12:00:00,85.08462524414062
2016-10-24 13:00:00,82.66291046142578
2016-10-24 14:00:00,75.2436752319336
2016-10-24 15:00:00,72.62609100341797
2016-10-24 16:00:00,73.9958724975586
2016-10-24 17:00:00,79.35440063476562
2016-10-24 18:00:00,90.7532730102539
2016-10-24 19:00:00,101.91732788085938
2016-10-24 20:00:00,97.62979125976562
2016-10-24 21:00:00,80.81512451171875
2016-10-24 22:00:00,79.36162567138672
2016-10-24 23:00:00,73.01445770263672
2016-10-25 00:00:00,65.55575561523438
2016-10-25 01:00:00,55.15602111816406
2016-10-25 02:00:00,53.151859283447266
2016-10-25 03:00:00,49.08352279663086
2016-10-25 04:00:00,48.517459869384766
2016-10-25 05:00:00,54.02766418457031
2016-10-25 06:00:00,69.10515594482422
2016-10-25 07:00:00,88.31172180175781
2016-10-25 08:00:00,93.01187133789062
2016-10-25 09:00:00,91.39027404785156
2016-10-25 10:00:00,89.75138854980469
2016-10-25 11:00:00,87.80901336669922
2016-10-25 12:00:00,83.54066467285156
2016-10-25 13:00:00,77.70122528076172
2016-10-25 14:00:00,74.22686004638672
2016-10-25 15:00:00,72.81490325927734
2016-10-25 16:00:00,73.06451416015625
2016-10-25 17:00:00,81.93507385253906
2016-10-25 18:00:00,93.92738342285156
2016-10-25 19:00:00,98.18199157714844
2016-10-25 20:00:00,90.57100677490234
2016-10-25 21:00:00,81.99568939208984
2016-10-25 22:00:00,69.73794555664062
2016-10-25 23:00:00,66.71568298339844
2016-10-26 00:00:00,61.8521842956543
2016-10-26 01:00:00,47.69403076171875
2016-10-26 02:00:00,46.56159210205078
2016-10-26 03:00:00,41.616275787353516
2016-10-26 04:00:00,42.46722412109375
2016-10-26 05:00:00,53.40619659423828
2016-10-26 06:00:00,65.22618103027344
2016-10-26 07:00:00,78.82965850830078
2016-10-26 08:00:00,88.0365219116211
2016-10-26 09:00:00,86.10354614257812
2016-10-26 10:00:00,86.90097045898438
2016-10-26 11:00:00,80.93109893798828
2016-10-26 12:00:00,79.7674331665039
2016-10-26 13:00:00,74.96417999267578
2016-10-26 14:00:00,72.96812438964844
2016-10-26 15:00:00,70.5125961303711
2016-10-26 16:00:00,73.78038024902344
2016-10-26 17:00:00,77.13094329833984
2016-10-26 18:00:00,89.94462585449219
2016-10-26 19:00:00,95.43217468261719
2016-10-26 20:00:00,90.53791809082031
2016-10-26 21:00:00,76.923583984375
2016-10-26 22:00:00,70.50361633300781
2016-10-26 23:00:00,65.76399230957031
2016-10-27 00:00:00,66.59282684326172
2016-10-27 01:00:00,62.81007385253906
2016-10-27 02:00:00,65.11824798583984
2016-10-27 03:00:00,63.572635650634766
2016-10-27 04:00:00,57.4219970703125
2016-10-27 05:00:00,61.942535400390625
2016-10-27 06:00:00,91.62803649902344
2016-10-27 07:00:00,101.36864471435547
2016-10-27 08:00:00,107.51002502441406
2016-10-27 09:00:00,111.65577697753906
2016-10-27 10:00:00,120.68570709228516
2016-10-27 11:00:00,111.86995697021484
2016-10-27 12:00:00,108.79664611816406
2016-10-27 13:00:00,103.24663543701172
2016-10-27 14:00:00,99.74417114257812
2016-10-27 15:00:00,91.3029556274414
2016-10-27 16:00:00,86.06031799316406
2016-10-27 17:00:00,93.15291595458984
2016-10-27 18:00:00,120.35066223144531
2016-10-27 19:00:00,131.85061645507812
2016-10-27 20:00:00,129.453857421875
2016-10-27 21:00:00,103.64744567871094
2016-10-27 22:00:00,88.41275024414062
2016-10-27 23:00:00,81.50767517089844
2016-10-28 00:00:00,77.9593505859375
2016-10-28 01:00:00,74.45927429199219
2016-10-28 02:00:00,70.87708282470703
2016-10-28 03:00:00,70.66410064697266
2016-10-28 04:00:00,65.36400604248047
2016-10-28 05:00:00,70.2580795288086
2016-10-28 06:00:00,89.07783508300781
2016-10-28 07:00:00,109.72264099121094
2016-10-28 08:00:00,115.66799926757812
2016-10-28 09:00:00,115.56980895996094
2016-10-28 10:00:00,118.783447265625
2016-10-28 11:00:00,117.72114562988281
2016-10-28 12:00:00,111.99274444580078
2016-10-28 13:00:00,105.70543670654297
2016-10-28 14:00:00,99.17940521240234
2016-10-28 15:00:00,93.4999771118164
2016-10-28 16:00:00,85.43247985839844
2016-10-28 17:00:00,95.81427764892578
2016-10-28 18:00:00,120.09324645996094
2016-10-28 19:00:00,131.9080352783203
2016-10-28 20:00:00,122.29336547851562
2016-10-28 21:00:00,98.49501037597656
2016-10-28 22:00:00,90.82770538330078
2016-10-28 23:00:00,84.88970184326172
2016-10-29 00:00:00,75.60061645507812
2016-10-29 01:00:00,69.27240753173828
2016-10-29 02:00:00,63.93072509765625
2016-10-29 03:00:00,63.96465301513672
2016-10-29 04:00:00,57.78986358642578
2016-10-29 05:00:00,62.94511795043945
2016-10-29 06:00:00,75.65521240234375
2016-10-29 07:00:00,90.86685943603516
2016-10-29 08:00:00,93.36284637451172
2016-10-29 09:00:00,92.829833984375
2016-10-29 10:00:00,92.1098861694336
2016-10-29 11:00:00,96.44902038574219
2016-10-29 12:00:00,89.1021728515625
2016-10-29 13:00:00,82.98295593261719
2016-10-29 14:00:00,75.96762084960938
2016-10-29 15:00:00,67.69973754882812
2016-10-29 16:00:00,61.36148452758789
2016-10-29 17:00:00,69.40580749511719
2016-10-29 18:00:00,89.34005737304688
2016-10-29 19:00:00,102.64713287353516
2016-10-29 20:00:00,94.86274719238281
2016-10-29 21:00:00,76.94042205810547
2016-10-29 22:00:00,68.49769592285156
2016-10-29 23:00:00,60.080265045166016
2016-10-30 00:00:00,52.77815246582031
2016-10-30 01:00:00,45.35279083251953
2016-10-30 02:00:00,42.255252838134766
2016-10-30 03:00:00,29.512943267822266
2016-10-30 04:00:00,22.773944854736328
2016-10-30 05:00:00,24.18716049194336
2016-10-30 06:00:00,37.71159744262695
2016-10-30 07:00:00,49.53628921508789
2016-10-30 08:00:00,51.659690856933594
2016-10-30 09:00:00,55.95590591430664
2016-10-30 10:00:00,58.46230697631836
2016-10-30 11:00:00,56.98979949951172
2016-10-30 12:00:00,57.52423095703125
2016-10-30 13:00:00,51.388484954833984
2016-10-30 14:00:00,51.00952911376953
2016-10-30 15:00:00,45.94780349731445
2016-10-30 16:00:00,40.984657287597656
2016-10-30 17:00:00,52.183509826660156
2016-10-30 18:00:00,70.32339477539062
2016-10-30 19:00:00,89.68260192871094
2016-10-30 20:00:00,81.32706451416016
2016-10-30 21:00:00,63.48456573486328
2016-10-30 22:00:00,51.93572998046875
2016-10-30 23:00:00,50.837459564208984
2016-10-31 00:00:00,36.26671600341797
2016-10-31 01:00:00,29.729938507080078
2016-10-31 02:00:00,26.15380096435547
2016-10-31 03:00:00,22.585041046142578
2016-10-31 04:00:00,26.892879486083984
2016-10-31 05:00:00,33.711830139160156
2016-10-31 06:00:00,46.237144470214844
2016-10-31 07:00:00,52.64420700073242
2016-10-31 08:00:00,58.022735595703125
2016-10-31 09:00:00,55.84349060058594
2016-10-31 10:00:00,57.23706817626953
2016-10-31 11:00:00,58.69609069824219
2016-10-31 12:00:00,55.313209533691406
2016-10-31 13:00:00,52.695289611816406
2016-10-31 14:00:00,49.44740676879883
2016-10-31 15:00:00,48.76448059082031
2016-10-31 16:00:00,48.21628952026367
2016-10-31 17:00:00,56.72529602050781
2016-10-31 18:00:00,64.68165588378906
2016-10-31 19:00:00,67.1716537475586
2016-10-31 20:00:00,62.160255432128906
2016-10-31 21:00:00,56.72490692138672
2016-10-31 22:00:00,50.143375396728516
2016-10-31 23:00:00,49.74022674560547
2016-11-01 00:00:00,43.240821838378906
2016-11-01 01:00:00,38.403987884521484
2016-11-01 02:00:00,34.238380432128906
2016-11-01 03:00:00,33.60484313964844
2016-11-01 04:00:00,34.201778411865234
2016-11-01 05:00:00,39.565155029296875
2016-11-01 06:00:00,52.40956497192383
2016-11-01 07:00:00,62.202491760253906
2016-11-01 08:00:00,67.8028564453125
2016-11-01 09:00:00,67.12060546875
2016-11-01 10:00:00,66.77704620361328
2016-11-01 11:00:00,67.2227783203125
2016-11-01 12:00:00,63.45761489868164
2016-11-01 13:00:00,60.277061462402344
2016-11-01 14:00:00,58.28864288330078
2016-11-01 15:00:00,57.205684661865234
2016-11-01 16:00:00,57.83980178833008
2016-11-01 17:00:00,64.5251235961914
2016-11-01 18:00:00,69.5176773071289
2016-11-01 19:00:00,73.45494079589844
2016-11-01 20:00:00,67.1979751586914
2016-11-01 21:00:00,60.3194465637207
2016-11-01 22:00:00,57.26171875
2016-11-01 23:00:00,51.305625915527344
2016-11-02 00:00:00,50.04011917114258
2016-11-02 01:00:00,44.03148651123047
2016-11-02 02:00:00,39.40039825439453
2016-11-02 03:00:00,36.14518737792969
2016-11-02 04:00:00,37.97792053222656
2016-11-02 05:00:00,44.675846099853516
2016-11-02 06:00:00,54.24171829223633
2016-11-02 07:00:00,64.90133666992188
2016-11-02 08:00:00,67.78594970703125
2016-11-02 09:00:00,68.44828796386719
2016-11-02 10:00:00,68.66212463378906
2016-11-02 11:00:00,64.75007629394531
2016-11-02 12:00:00,63.22671890258789
2016-11-02 13:00:00,61.781063079833984
2016-11-02 14:00:00,57.04777526855469
2016-11-02 15:00:00,56.20224380493164
2016-11-02 16:00:00,57.520084381103516
2016-11-02 17:00:00,63.98120880126953
2016-11-02 18:00:00,72.24726104736328
2016-11-02 19:00:00,72.17192840576172
2016-11-02 20:00:00,70.90353393554688
2016-11-02 21:00:00,61.46828079223633
2016-11-02 22:00:00,55.98247528076172
2016-11-02 23:00:00,52.24702072143555
2016-11-03 00:00:00,47.54256820678711
2016-11-03 01:00:00,42.15824890136719
2016-11-03 02:00:00,38.559165954589844
2016-11-03 03:00:00,36.09069061279297
2016-11-03 04:00:00,36.522735595703125
2016-11-03 05:00:00,44.38185501098633
2016-11-03 06:00:00,55.47198486328125
2016-11-03 07:00:00,65.78130340576172
2016-11-03 08:00:00,69.44087219238281
2016-11-03 09:00:00,69.93433380126953
2016-11-03 10:00:00,66.73863983154297
2016-11-03 11:00:00,66.40198516845703
2016-11-03 12:00:00,63.46649169921875
2016-11-03 13:00:00,60.701011657714844
2016-11-03 14:00:00,58.246734619140625
2016-11-03 15:00:00,56.491798400878906
2016-11-03 16:00:00,59.34697341918945
2016-11-03 17:00:00,64.85009002685547
2016-11-03 18:00:00,71.03411102294922
2016-11-03 19:00:00,71.54750061035156
2016-11-03 20:00:00,66.5755386352539
2016-11-03 21:00:00,58.43965148925781
2016-11-03 22:00:00,54.82797622680664
2016-11-03 23:00:00,49.77568817138672
2016-11-04 00:00:00,48.367855072021484
2016-11-04 01:00:00,44.21689224243164
2016-11-04 02:00:00,41.25145721435547
2016-11-04 03:00:00,42.9180908203125
2016-11-04 04:00:00,48.105918884277344
2016-11-04 05:00:00,57.383460998535156
2016-11-04 06:00:00,68.71998596191406
2016-11-04 07:00:00,75.3440170288086
2016-11-04 08:00:00,73.79300689697266
2016-11-04 09:00:00,69.07978820800781
2016-11-04 10:00:00,69.89199829101562
2016-11-04 11:00:00,68.15332794189453
2016-11-04 12:00:00,66.7918930053711
2016-11-04 13:00:00,62.963523864746094
2016-11-04 14:00:00,60.551475524902344
2016-11-04 15:00:00,61.08662414550781
2016-11-04 16:00:00,65.64500427246094
2016-11-04 17:00:00,76.17314910888672
2016-11-04 18:00:00,82.04287719726562
2016-11-04 19:00:00,79.25801086425781
2016-11-04 20:00:00,68.58526611328125
2016-11-04 21:00:00,61.54205322265625
2016-11-04 22:00:00,57.321434020996094
2016-11-04 23:00:00,54.54441452026367
2016-11-05 00:00:00,48.21657943725586
2016-11-05 01:00:00,44.97883605957031
2016-11-05 02:00:00,43.13862228393555
2016-11-05 03:00:00,44.91501235961914
2016-11-05 04:00:00,47.168434143066406
2016-11-05 05:00:00,55.50120162963867
2016-11-05 06:00:00,66.52511596679688
2016-11-05 07:00:00,74.1874008178711
2016-11-05 08:00:00,73.57908630371094
2016-11-05 09:00:00,68.90641021728516
2016-11-05 10:00:00,68.17644500732422
2016-11-05 11:00:00,66.84971618652344
2016-11-05 12:00:00,64.26409149169922
2016-11-05 13:00:00,61.2281494140625
2016-11-05 14:00:00,57.859893798828125
2016-11-05 15:00:00,58.83150100708008
2016-11-05 16:00:00,63.79204177856445
2016-11-05 17:00:00,72.22065734863281
2016-11-05 18:00:00,79.24401092529297
2016-11-05 19:00:00,78.00779724121094
2016-11-05 20:00:00,67.59661102294922
2016-11-05 21:00:00,59.46669387817383
2016-11-05 22:00:00,56.71607208251953
2016-11-05 23:00:00,55.48360061645508
2016-11-06 00:00:00,49.41511917114258
2016-11-06 01:00:00,45.347171783447266
2016-11-06 02:00:00,42.367713928222656
2016-11-06 03:00:00,43.516845703125
2016-11-06 04:00:00,46.643680572509766
2016-11-06 05:00:00,54.70952606201172
2016-11-06 06:00:00,64.89336395263672
2016-11-06 07:00:00,74.04386901855469
2016-11-06 08:00:00,71.61058807373047
2016-11-06 09:00:00,68.76956939697266
2016-11-06 10:00:00,64.90411376953125
2016-11-06 11:00:00,63.99195861816406
2016-11-06 12:00:00,60.076900482177734
2016-11-06 13:00:00,56.378562927246094
2016-11-06 14:00:00,51.5390625
2016-11-06 15:00:00,51.37908935546875
2016-11-06 16:00:00,55.45003128051758
2016-11-06 17:00:00,65.00262451171875
2016-11-06 18:00:00,73.88430786132812
2016-11-06 19:00:00,72.49691772460938
2016-11-06 20:00:00,60.96943664550781
2016-11-06 21:00:00,54.37541198730469
2016-11-06 22:00:00,50.973785400390625
2016-11-06 23:00:00,51.50270080566406
2016-11-07 00:00:00,43.49932861328125
2016-11-07 01:00:00,38.70746612548828
2016-11-07 02:00:00,35.34212112426758
2016-11-07 03:00:00,35.835609436035156
2016-11-07 04:00:00,39.05095672607422
2016-11-07 05:00:00,47.10516357421875
2016-11-07 06:00:00,56.095088958740234
2016-11-07 07:00:00,61.07305908203125
2016-11-07 08:00:00,60.51513671875
2016-11-07 09:00:00,58.56072235107422
2016-11-07 10:00:00,57.9740104675293
2016-11-07 11:00:00,56.62529754638672
2016-11-07 12:00:00,54.00736618041992
2016-11-07 13:00:00,49.36040496826172
2016-11-07 14:00:00,45.73963928222656
2016-11-07 15:00:00,44.75394058227539
2016-11-07 16:00:00,50.67607879638672
2016-11-07 17:00:00,61.364200592041016
2016-11-07 18:00:00,70.19888305664062
2016-11-07 19:00:00,66.00778198242188
2016-11-07 20:00:00,55.630584716796875
2016-11-07 21:00:00,48.68219757080078
2016-11-07 22:00:00,47.19951629638672
2016-11-07 23:00:00,46.780662536621094
2016-11-08 00:00:00,71.05555725097656
2016-11-08 01:00:00,67.56963348388672
2016-11-08 02:00:00,55.51502990722656
2016-11-08 03:00:00,52.76565933227539
2016-11-08 04:00:00,59.0036735534668
2016-11-08 05:00:00,64.2130355834961
2016-11-08 06:00:00,66.0819091796875
2016-11-08 07:00:00,78.89704895019531
2016-11-08 08:00:00,81.48823547363281
2016-11-08 09:00:00,80.32963562011719
2016-11-08 10:00:00,79.90313720703125
2016-11-08 11:00:00,71.9442138671875
2016-11-08 12:00:00,75.173828125
2016-11-08 13:00:00,80.23782348632812
2016-11-08 14:00:00,72.33460998535156
2016-11-08 15:00:00,74.86253356933594
2016-11-08 16:00:00,80.8826675415039
2016-11-08 17:00:00,93.32400512695312
2016-11-08 18:00:00,107.43167114257812
2016-11-08 19:00:00,94.88551330566406
2016-11-08 20:00:00,78.12916564941406
2016-11-08 21:00:00,67.08590698242188
2016-11-08 22:00:00,64.3644027709961
2016-11-08 23:00:00,62.35305404663086
2016-11-09 00:00:00,52.08530807495117
2016-11-09 01:00:00,54.5550537109375
2016-11-09 02:00:00,49.35929870605469
2016-11-09 03:00:00,54.95870590209961
2016-11-09 04:00:00,53.135032653808594
2016-11-09 05:00:00,56.87549591064453
2016-11-09 06:00:00,64.86908721923828
2016-11-09 07:00:00,68.80048370361328
2016-11-09 08:00:00,69.43205261230469
2016-11-09 09:00:00,66.81512451171875
2016-11-09 10:00:00,69.50821685791016
2016-11-09 11:00:00,72.9964370727539
2016-11-09 12:00:00,69.22980499267578
2016-11-09 13:00:00,70.87210845947266
2016-11-09 14:00:00,68.40983581542969
2016-11-09 15:00:00,62.021202087402344
2016-11-09 16:00:00,66.25057983398438
2016-11-09 17:00:00,83.20490264892578
2016-11-09 18:00:00,99.37547302246094
2016-11-09 19:00:00,92.02547454833984
2016-11-09 20:00:00,68.43685150146484
2016-11-09 21:00:00,60.80572509765625
2016-11-09 22:00:00,56.65501022338867
2016-11-09 23:00:00,65.51333618164062
2016-11-10 00:00:00,52.0620231628418
2016-11-10 01:00:00,49.094154357910156
2016-11-10 02:00:00,46.338565826416016
2016-11-10 03:00:00,46.09089660644531
2016-11-10 04:00:00,48.52674102783203
2016-11-10 05:00:00,57.01764678955078
2016-11-10 06:00:00,61.22035598754883
2016-11-10 07:00:00,73.68693542480469
2016-11-10 08:00:00,67.56756591796875
2016-11-10 09:00:00,68.25523376464844
2016-11-10 10:00:00,64.63374328613281
2016-11-10 11:00:00,69.9789810180664
2016-11-10 12:00:00,64.22776794433594
2016-11-10 13:00:00,64.67704772949219
2016-11-10 14:00:00,62.41575241088867
2016-11-10 15:00:00,59.62685012817383
2016-11-10 16:00:00,60.37502670288086
2016-11-10 17:00:00,77.69029998779297
2016-11-10 18:00:00,87.56712341308594
2016-11-10 19:00:00,82.89714813232422
2016-11-10 20:00:00,69.80892944335938
2016-11-10 21:00:00,61.260902404785156
2016-11-10 22:00:00,56.59142303466797
2016-11-10 23:00:00,67.58380126953125
2016-11-11 00:00:00,55.394317626953125
2016-11-11 01:00:00,52.12556457519531
2016-11-11 02:00:00,45.680809020996094
2016-11-11 03:00:00,55.94371795654297
2016-11-11 04:00:00,53.17296600341797
2016-11-11 05:00:00,66.01065063476562
2016-11-11 06:00:00,67.66200256347656
2016-11-11 07:00:00,77.6949234008789
2016-11-11 08:00:00,72.1105728149414
2016-11-11 09:00:00,74.9856185913086
2016-11-11 10:00:00,72.32388305664062
2016-11-11 11:00:00,66.75921630859375
2016-11-11 12:00:00,66.7610855102539
2016-11-11 13:00:00,60.30942916870117
2016-11-11 14:00:00,62.131629943847656
2016-11-11 15:00:00,62.353538513183594
2016-11-11 16:00:00,65.2239990234375
2016-11-11 17:00:00,77.04290771484375
2016-11-11 18:00:00,94.11262512207031
2016-11-11 19:00:00,82.48229217529297
2016-11-11 20:00:00,58.23172378540039
2016-11-11 21:00:00,52.29607391357422
2016-11-11 22:00:00,50.99330139160156
2016-11-11 23:00:00,54.67563247680664
2016-11-12 00:00:00,26.651899337768555
2016-11-12 01:00:00,16.405590057373047
2016-11-12 02:00:00,8.213447570800781
2016-11-12 03:00:00,10.194854736328125
2016-11-12 04:00:00,16.417537689208984
2016-11-12 05:00:00,30.63173484802246
2016-11-12 06:00:00,43.62318420410156
2016-11-12 07:00:00,55.69393539428711
2016-11-12 08:00:00,57.561851501464844
2016-11-12 09:00:00,58.13896942138672
2016-11-12 10:00:00,57.59761047363281
2016-11-12 11:00:00,54.59341812133789
2016-11-12 12:00:00,50.820899963378906
2016-11-12 13:00:00,48.162933349609375
2016-11-12 14:00:00,45.780574798583984
2016-11-12 15:00:00,51.90966796875
2016-11-12 16:00:00,68.56867218017578
2016-11-12 17:00:00,89.57666778564453
2016-11-12 18:00:00,103.26901245117188
2016-11-12 19:00:00,99.68179321289062
2016-11-12 20:00:00,79.80088806152344
2016-11-12 21:00:00,61.29025650024414
2016-11-12 22:00:00,42.574581146240234
2016-11-12 23:00:00,30.052471160888672
2016-11-13 00:00:00,17.65107536315918
2016-11-13 01:00:00,5.433925628662109
2016-11-13 02:00:00,0.2279510498046875
2016-11-13 03:00:00,1.8982620239257812
2016-11-13 04:00:00,11.178619384765625
2016-11-13 05:00:00,28.041139602661133
2016-11-13 06:00:00,38.78722381591797
2016-11-13 07:00:00,47.135135650634766
2016-11-13 08:00:00,49.75676345825195
2016-11-13 09:00:00,49.316707611083984
2016-11-13 10:00:00,50.07331085205078
2016-11-13 11:00:00,54.41666030883789
2016-11-13 12:00:00,44.485565185546875
2016-11-13 13:00:00,44.86427688598633
2016-11-13 14:00:00,42.158504486083984
2016-11-13 15:00:00,50.59021759033203
2016-11-13 16:00:00,67.3035888671875
2016-11-13 17:00:00,86.84292602539062
2016-11-13 18:00:00,97.763671875
2016-11-13 19:00:00,96.16155242919922
2016-11-13 20:00:00,78.13214111328125
2016-11-13 21:00:00,58.51500701904297
2016-11-13 22:00:00,43.292999267578125
2016-11-13 23:00:00,30.88042449951172
2016-11-14 00:00:00,20.080303192138672
2016-11-14 01:00:00,10.023509979248047
2016-11-14 02:00:00,5.482292175292969
2016-11-14 03:00:00,5.911716461181641
2016-11-14 04:00:00,13.56130599975586
2016-11-14 05:00:00,27.012475967407227
2016-11-14 06:00:00,42.726043701171875
2016-11-14 07:00:00,52.67400360107422
2016-11-14 08:00:00,58.20970916748047
2016-11-14 09:00:00,57.248512268066406
2016-11-14 10:00:00,58.87635040283203
2016-11-14 11:00:00,58.9442024230957
2016-11-14 12:00:00,55.898868560791016
2016-11-14 13:00:00,51.106727600097656
2016-11-14 14:00:00,57.32722854614258
2016-11-14 15:00:00,66.05561828613281
2016-11-14 16:00:00,83.4266128540039
2016-11-14 17:00:00,101.5280990600586
2016-11-14 18:00:00,110.7866439819336
2016-11-14 19:00:00,113.36875915527344
2016-11-14 20:00:00,94.10900115966797
2016-11-14 21:00:00,74.5436782836914
2016-11-14 22:00:00,59.36114501953125
2016-11-14 23:00:00,46.76568603515625
2016-11-15 00:00:00,37.56452178955078
2016-11-15 01:00:00,26.012985229492188
2016-11-15 02:00:00,17.71538543701172
2016-11-15 03:00:00,16.947975158691406
2016-11-15 04:00:00,28.40463638305664
2016-11-15 05:00:00,37.87744140625
2016-11-15 06:00:00,54.9340705871582
2016-11-15 07:00:00,66.7352523803711
2016-11-15 08:00:00,69.90684509277344
2016-11-15 09:00:00,72.04639434814453
2016-11-15 10:00:00,72.16060638427734
2016-11-15 11:00:00,71.37211608886719
2016-11-15 12:00:00,69.45571899414062
2016-11-15 13:00:00,68.98983001708984
2016-11-15 14:00:00,75.12844848632812
2016-11-15 15:00:00,88.53730010986328
2016-11-15 16:00:00,107.21355438232422
2016-11-15 17:00:00,121.26748657226562
2016-11-15 18:00:00,129.04556274414062
2016-11-15 19:00:00,124.8819580078125
2016-11-15 20:00:00,106.89430236816406
2016-11-15 21:00:00,86.38166046142578
2016-11-15 22:00:00,67.53058624267578
2016-11-15 23:00:00,52.87923812866211
2016-11-16 00:00:00,52.357608795166016
2016-11-16 01:00:00,52.26763153076172
2016-11-16 02:00:00,51.317413330078125
2016-11-16 03:00:00,53.04265594482422
2016-11-16 04:00:00,49.34089660644531
2016-11-16 05:00:00,57.69966125488281
2016-11-16 06:00:00,69.23104858398438
2016-11-16 07:00:00,85.1109390258789
2016-11-16 08:00:00,91.09796905517578
2016-11-16 09:00:00,81.60910034179688
2016-11-16 10:00:00,93.93022918701172
2016-11-16 11:00:00,80.5529556274414
2016-11-16 12:00:00,81.90278625488281
2016-11-16 13:00:00,86.09197235107422
2016-11-16 14:00:00,80.40171813964844
2016-11-16 15:00:00,76.69481658935547
2016-11-16 16:00:00,81.6142349243164
2016-11-16 17:00:00,100.52262115478516
2016-11-16 18:00:00,120.422607421875
2016-11-16 19:00:00,103.68695068359375
2016-11-16 20:00:00,85.73484802246094
2016-11-16 21:00:00,70.63431549072266
2016-11-16 22:00:00,72.31753540039062
2016-11-16 23:00:00,64.70001220703125
2016-11-17 00:00:00,58.77062225341797
2016-11-17 01:00:00,57.84825134277344
2016-11-17 02:00:00,60.385093688964844
2016-11-17 03:00:00,57.1610107421875
2016-11-17 04:00:00,51.61061096191406
2016-11-17 05:00:00,63.40200424194336
2016-11-17 06:00:00,67.67068481445312
2016-11-17 07:00:00,76.704345703125
2016-11-17 08:00:00,76.39306640625
2016-11-17 09:00:00,78.50091552734375
2016-11-17 10:00:00,82.11862182617188
2016-11-17 11:00:00,82.74021911621094
2016-11-17 12:00:00,77.83650970458984
2016-11-17 13:00:00,82.31368255615234
2016-11-17 14:00:00,75.67487335205078
2016-11-17 15:00:00,70.96772003173828
2016-11-17 16:00:00,76.55038452148438
2016-11-17 17:00:00,95.99617767333984
2016-11-17 18:00:00,112.91683959960938
2016-11-17 19:00:00,101.74097442626953
2016-11-17 20:00:00,81.8174057006836
2016-11-17 21:00:00,78.33187866210938
2016-11-17 22:00:00,73.42463684082031
2016-11-17 23:00:00,71.29029083251953
2016-11-18 00:00:00,65.85990142822266
2016-11-18 01:00:00,60.13113021850586
2016-11-18 02:00:00,60.58186340332031
2016-11-18 03:00:00,56.781532287597656
2016-11-18 04:00:00,54.87930679321289
2016-11-18 05:00:00,69.9032211303711
2016-11-18 06:00:00,76.20952606201172
2016-11-18 07:00:00,82.98561096191406
2016-11-18 08:00:00,82.28040313720703
2016-11-18 09:00:00,84.8033447265625
2016-11-18 10:00:00,84.81889343261719
2016-11-18 11:00:00,84.30377197265625
2016-11-18 12:00:00,79.23957824707031
2016-11-18 13:00:00,80.47821044921875
2016-11-18 14:00:00,73.87281036376953
2016-11-18 15:00:00,73.01341247558594
2016-11-18 16:00:00,70.66778564453125
2016-11-18 17:00:00,92.11152648925781
2016-11-18 18:00:00,110.50025939941406
2016-11-18 19:00:00,100.62265014648438
2016-11-18 20:00:00,83.09751892089844
2016-11-18 21:00:00,76.37432098388672
2016-11-18 22:00:00,72.83645629882812
2016-11-18 23:00:00,73.6668930053711
2016-11-19 00:00:00,63.344017028808594
2016-11-19 01:00:00,62.85457992553711
2016-11-19 02:00:00,53.34889221191406
2016-11-19 03:00:00,53.187835693359375
2016-11-19 04:00:00,48.70878219604492
2016-11-19 05:00:00,61.86716842651367
2016-11-19 06:00:00,72.80287170410156
2016-11-19 07:00:00,73.61490631103516
2016-11-19 08:00:00,68.72210693359375
2016-11-19 09:00:00,72.1020278930664
2016-11-19 10:00:00,73.77584838867188
2016-11-19 11:00:00,77.73079681396484
2016-11-19 12:00:00,74.86467742919922
2016-11-19 13:00:00,65.9055404663086
2016-11-19 14:00:00,66.85821533203125
2016-11-19 15:00:00,62.113311767578125
2016-11-19 16:00:00,61.860877990722656
2016-11-19 17:00:00,89.80709838867188
2016-11-19 18:00:00,100.85528564453125
2016-11-19 19:00:00,89.60800170898438
2016-11-19 20:00:00,69.59171295166016
2016-11-19 21:00:00,67.9263916015625
2016-11-19 22:00:00,60.3111572265625
2016-11-19 23:00:00,63.3863525390625
2016-11-20 00:00:00,30.310401916503906
2016-11-20 01:00:00,26.628982543945312
2016-11-20 02:00:00,23.139205932617188
2016-11-20 03:00:00,22.419418334960938
2016-11-20 04:00:00,23.362211227416992
2016-11-20 05:00:00,27.96506118774414
2016-11-20 06:00:00,33.28639602661133
2016-11-20 07:00:00,39.411415100097656
2016-11-20 08:00:00,41.20126724243164
2016-11-20 09:00:00,41.809478759765625
2016-11-20 10:00:00,41.588134765625
2016-11-20 11:00:00,40.508689880371094
2016-11-20 12:00:00,39.83198928833008
2016-11-20 13:00:00,38.15418243408203
2016-11-20 14:00:00,37.191192626953125
2016-11-20 15:00:00,38.95002365112305
2016-11-20 16:00:00,40.38090515136719
2016-11-20 17:00:00,44.24720764160156
2016-11-20 18:00:00,46.514957427978516
2016-11-20 19:00:00,46.012657165527344
2016-11-20 20:00:00,40.99623107910156
2016-11-20 21:00:00,37.71593475341797
2016-11-20 22:00:00,31.158870697021484
2016-11-20 23:00:00,26.85077667236328
2016-11-21 00:00:00,22.525205612182617
2016-11-21 01:00:00,17.803565979003906
2016-11-21 02:00:00,15.818198204040527
2016-11-21 03:00:00,15.800999641418457
2016-11-21 04:00:00,18.47911834716797
2016-11-21 05:00:00,24.100366592407227
2016-11-21 06:00:00,27.959720611572266
2016-11-21 07:00:00,32.149864196777344
2016-11-21 08:00:00,34.45425033569336
2016-11-21 09:00:00,34.804359436035156
2016-11-21 10:00:00,35.47369384765625
2016-11-21 11:00:00,38.72783279418945
2016-11-21 12:00:00,34.50860595703125
2016-11-21 13:00:00,34.02096176147461
2016-11-21 14:00:00,31.947673797607422
2016-11-21 15:00:00,33.8300666809082
2016-11-21 16:00:00,36.86048889160156
2016-11-21 17:00:00,39.93666458129883
2016-11-21 18:00:00,41.40764236450195
2016-11-21 19:00:00,41.77625274658203
2016-11-21 20:00:00,37.25467300415039
2016-11-21 21:00:00,33.669898986816406
2016-11-21 22:00:00,29.84975242614746
2016-11-21 23:00:00,25.636768341064453
2016-11-22 00:00:00,22.151119232177734
2016-11-22 01:00:00,18.343212127685547
2016-11-22 02:00:00,16.60635757446289
2016-11-22 03:00:00,16.108205795288086
2016-11-22 04:00:00,18.41890525817871
2016-11-22 05:00:00,22.797019958496094
2016-11-22 06:00:00,29.092561721801758
2016-11-22 07:00:00,34.03382873535156
2016-11-22 08:00:00,38.275245666503906
2016-11-22 09:00:00,37.973350524902344
2016-11-22 10:00:00,38.81929397583008
2016-11-22 11:00:00,39.937950134277344
2016-11-22 12:00:00,39.37441635131836
2016-11-22 13:00:00,37.26403045654297
2016-11-22 14:00:00,39.090476989746094
2016-11-22 15:00:00,38.620975494384766
2016-11-22 16:00:00,41.37382125854492
2016-11-22 17:00:00,44.95160675048828
2016-11-22 18:00:00,46.59276580810547
2016-11-22 19:00:00,47.3682975769043
2016-11-22 20:00:00,43.76438903808594
2016-11-22 21:00:00,39.67532730102539
2016-11-22 22:00:00,36.64312744140625
2016-11-22 23:00:00,33.37599182128906
2016-11-23 00:00:00,31.808063507080078
2016-11-23 01:00:00,27.115375518798828
2016-11-23 02:00:00,23.062711715698242
2016-11-23 03:00:00,22.793949127197266
2016-11-23 04:00:00,28.54107666015625
2016-11-23 05:00:00,30.02713394165039
2016-11-23 06:00:00,36.52991485595703
2016-11-23 07:00:00,42.11725616455078
2016-11-23 08:00:00,44.434932708740234
2016-11-23 09:00:00,46.53788375854492
2016-11-23 10:00:00,46.12346649169922
2016-11-23 11:00:00,45.949703216552734
2016-11-23 12:00:00,45.03477478027344
2016-11-23 13:00:00,43.90107727050781
2016-11-23 14:00:00,44.246437072753906
2016-11-23 15:00:00,46.26691818237305
2016-11-23 16:00:00,49.62425231933594
2016-11-23 17:00:00,51.55881118774414
2016-11-23 18:00:00,53.01173400878906
2016-11-23 19:00:00,52.17394256591797
2016-11-23 20:00:00,47.89662170410156
2016-11-23 21:00:00,44.03082275390625
2016-11-23 22:00:00,40.097747802734375
2016-11-23 23:00:00,36.947837829589844
2016-11-24 00:00:00,39.22441864013672
2016-11-24 01:00:00,35.41282272338867
2016-11-24 02:00:00,32.31671142578125
2016-11-24 03:00:00,32.36554718017578
2016-11-24 04:00:00,31.74940299987793
2016-11-24 05:00:00,36.18228530883789
2016-11-24 06:00:00,46.08509063720703
2016-11-24 07:00:00,51.246673583984375
2016-11-24 08:00:00,54.99981689453125
2016-11-24 09:00:00,55.87082290649414
2016-11-24 10:00:00,58.13978576660156
2016-11-24 11:00:00,59.60488510131836
2016-11-24 12:00:00,56.9632568359375
2016-11-24 13:00:00,54.56122589111328
2016-11-24 14:00:00,52.3200798034668
2016-11-24 15:00:00,52.419517517089844
2016-11-24 16:00:00,57.10502624511719
2016-11-24 17:00:00,60.88926696777344
2016-11-24 18:00:00,63.18433380126953
2016-11-24 19:00:00,63.93955612182617
2016-11-24 20:00:00,57.23606872558594
2016-11-24 21:00:00,52.062950134277344
2016-11-24 22:00:00,50.43889617919922
2016-11-24 23:00:00,46.548465728759766
2016-11-25 00:00:00,41.93250274658203
2016-11-25 01:00:00,35.861228942871094
2016-11-25 02:00:00,32.484474182128906
2016-11-25 03:00:00,32.189762115478516
2016-11-25 04:00:00,30.101089477539062
2016-11-25 05:00:00,35.21533966064453
2016-11-25 06:00:00,43.546138763427734
2016-11-25 07:00:00,50.19203186035156
2016-11-25 08:00:00,53.081138610839844
2016-11-25 09:00:00,53.449989318847656
2016-11-25 10:00:00,54.970001220703125
2016-11-25 11:00:00,54.19768524169922
2016-11-25 12:00:00,53.22731018066406
2016-11-25 13:00:00,51.442684173583984
2016-11-25 14:00:00,47.999603271484375
2016-11-25 15:00:00,46.7756462097168
2016-11-25 16:00:00,49.5780029296875
2016-11-25 17:00:00,54.40317916870117
2016-11-25 18:00:00,59.233333587646484
2016-11-25 19:00:00,59.38924789428711
2016-11-25 20:00:00,53.7398796081543
2016-11-25 21:00:00,48.680946350097656
2016-11-25 22:00:00,48.15924835205078
2016-11-25 23:00:00,45.92521286010742
2016-11-26 00:00:00,39.79914093017578
2016-11-26 01:00:00,36.818851470947266
2016-11-26 02:00:00,34.511253356933594
2016-11-26 03:00:00,31.447219848632812
2016-11-26 04:00:00,29.893035888671875
2016-11-26 05:00:00,31.519168853759766
2016-11-26 06:00:00,40.51313781738281
2016-11-26 07:00:00,45.00366973876953
2016-11-26 08:00:00,45.924808502197266
2016-11-26 09:00:00,47.230262756347656
2016-11-26 10:00:00,48.41460037231445
2016-11-26 11:00:00,48.2420539855957
2016-11-26 12:00:00,47.8870964050293
2016-11-26 13:00:00,46.013153076171875
2016-11-26 14:00:00,44.05891418457031
2016-11-26 15:00:00,41.39174270629883
2016-11-26 16:00:00,46.366600036621094
2016-11-26 17:00:00,50.668113708496094
2016-11-26 18:00:00,57.286380767822266
2016-11-26 19:00:00,55.91048049926758
2016-11-26 20:00:00,53.06104278564453
2016-11-26 21:00:00,48.43723678588867
2016-11-26 22:00:00,48.67143630981445
2016-11-26 23:00:00,46.320831298828125
2016-11-27 00:00:00,37.607643127441406
2016-11-27 01:00:00,33.88276672363281
2016-11-27 02:00:00,30.458498001098633
2016-11-27 03:00:00,26.205978393554688
2016-11-27 04:00:00,22.88462257385254
2016-11-27 05:00:00,24.670377731323242
2016-11-27 06:00:00,30.76083755493164
2016-11-27 07:00:00,34.326908111572266
2016-11-27 08:00:00,37.48313903808594
2016-11-27 09:00:00,39.866451263427734
2016-11-27 10:00:00,40.44408416748047
2016-11-27 11:00:00,43.937129974365234
2016-11-27 12:00:00,43.362247467041016
2016-11-27 13:00:00,40.819522857666016
2016-11-27 14:00:00,38.69847869873047
2016-11-27 15:00:00,38.85032653808594
2016-11-27 16:00:00,41.682559967041016
2016-11-27 17:00:00,49.60906219482422
2016-11-27 18:00:00,56.554622650146484
2016-11-27 19:00:00,57.401248931884766
2016-11-27 20:00:00,54.45610046386719
2016-11-27 21:00:00,48.36170196533203
2016-11-27 22:00:00,48.85666275024414
2016-11-27 23:00:00,46.13844299316406
2016-11-28 00:00:00,30.57561492919922
2016-11-28 01:00:00,26.56040382385254
2016-11-28 02:00:00,25.8541202545166
2016-11-28 03:00:00,24.951419830322266
2016-11-28 04:00:00,27.568933486938477
2016-11-28 05:00:00,30.57044219970703
2016-11-28 06:00:00,37.20823287963867
2016-11-28 07:00:00,41.70055389404297
2016-11-28 08:00:00,42.79106140136719
2016-11-28 09:00:00,42.277809143066406
2016-11-28 10:00:00,44.455421447753906
2016-11-28 11:00:00,45.656185150146484
2016-11-28 12:00:00,44.29274368286133
2016-11-28 13:00:00,43.097721099853516
2016-11-28 14:00:00,41.738914489746094
2016-11-28 15:00:00,40.66234588623047
2016-11-28 16:00:00,42.68391799926758
2016-11-28 17:00:00,48.965877532958984
2016-11-28 18:00:00,52.43156814575195
2016-11-28 19:00:00,53.43394470214844
2016-11-28 20:00:00,48.201698303222656
2016-11-28 21:00:00,44.70415496826172
2016-11-28 22:00:00,42.124900817871094
2016-11-28 23:00:00,38.92399597167969
2016-11-29 00:00:00,33.75275802612305
2016-11-29 01:00:00,31.244033813476562
2016-11-29 02:00:00,30.703330993652344
2016-11-29 03:00:00,30.987285614013672
2016-11-29 04:00:00,31.82107925415039
2016-11-29 05:00:00,34.67409896850586
2016-11-29 06:00:00,42.315391540527344
2016-11-29 07:00:00,48.126041412353516
2016-11-29 08:00:00,51.212154388427734
2016-11-29 09:00:00,51.65753173828125
2016-11-29 10:00:00,49.76442337036133
2016-11-29 11:00:00,50.80876159667969
2016-11-29 12:00:00,51.199462890625
2016-11-29 13:00:00,50.39858627319336
2016-11-29 14:00:00,50.08644104003906
2016-11-29 15:00:00,48.11971664428711
2016-11-29 16:00:00,51.39836883544922
2016-11-29 17:00:00,57.20980453491211
2016-11-29 18:00:00,58.5730094909668
2016-11-29 19:00:00,58.713565826416016
2016-11-29 20:00:00,51.686485290527344
2016-11-29 21:00:00,47.032230377197266
2016-11-29 22:00:00,44.27909851074219
2016-11-29 23:00:00,41.2061767578125
2016-11-30 00:00:00,37.44767761230469
2016-11-30 01:00:00,33.868675231933594
2016-11-30 02:00:00,31.871597290039062
2016-11-30 03:00:00,31.944143295288086
2016-11-30 04:00:00,32.67571258544922
2016-11-30 05:00:00,36.7600212097168
2016-11-30 06:00:00,43.77287673950195
2016-11-30 07:00:00,51.539825439453125
2016-11-30 08:00:00,52.79881286621094
2016-11-30 09:00:00,52.902809143066406
2016-11-30 10:00:00,53.790496826171875
2016-11-30 11:00:00,51.85438537597656
2016-11-30 12:00:00,51.55376434326172
2016-11-30 13:00:00,51.14757537841797
2016-11-30 14:00:00,50.47462844848633
2016-11-30 15:00:00,50.950897216796875
2016-11-30 16:00:00,52.930782318115234
2016-11-30 17:00:00,57.1385612487793
2016-11-30 18:00:00,60.417137145996094
2016-11-30 19:00:00,58.995819091796875
2016-11-30 20:00:00,53.14093017578125
2016-11-30 21:00:00,48.73393249511719
2016-11-30 22:00:00,44.85194778442383
2016-11-30 23:00:00,40.96263885498047
2016-12-01 00:00:00,36.390769958496094
2016-12-01 01:00:00,32.980770111083984
2016-12-01 02:00:00,31.265979766845703
2016-12-01 03:00:00,30.001270294189453
2016-12-01 04:00:00,30.74047088623047
2016-12-01 05:00:00,36.78779602050781
2016-12-01 06:00:00,44.83920669555664
2016-12-01 07:00:00,51.480323791503906
2016-12-01 08:00:00,55.91365432739258
2016-12-01 09:00:00,55.773704528808594
2016-12-01 10:00:00,56.31296157836914
2016-12-01 11:00:00,55.1171875
2016-12-01 12:00:00,52.8443717956543
2016-12-01 13:00:00,53.64006042480469
2016-12-01 14:00:00,51.59649658203125
2016-12-01 15:00:00,51.39366912841797
2016-12-01 16:00:00,55.24971389770508
2016-12-01 17:00:00,58.369510650634766
2016-12-01 18:00:00,62.04267120361328
2016-12-01 19:00:00,59.55516815185547
2016-12-01 20:00:00,55.85474395751953
2016-12-01 21:00:00,48.95998764038086
2016-12-01 22:00:00,45.8953971862793
2016-12-01 23:00:00,42.15764236450195
2016-12-02 00:00:00,74.74881744384766
2016-12-02 01:00:00,69.53202819824219
2016-12-02 02:00:00,68.70774841308594
2016-12-02 03:00:00,76.29678344726562
2016-12-02 04:00:00,81.67674255371094
2016-12-02 05:00:00,101.35531616210938
2016-12-02 06:00:00,127.25782012939453
2016-12-02 07:00:00,156.73468017578125
2016-12-02 08:00:00,160.6935577392578
2016-12-02 09:00:00,153.06292724609375
2016-12-02 10:00:00,156.44520568847656
2016-12-02 11:00:00,136.53550720214844
2016-12-02 12:00:00,130.7733917236328
2016-12-02 13:00:00,124.68464660644531
2016-12-02 14:00:00,123.37702941894531
2016-12-02 15:00:00,122.077392578125
2016-12-02 16:00:00,126.1633529663086
2016-12-02 17:00:00,149.332275390625
2016-12-02 18:00:00,166.68988037109375
2016-12-02 19:00:00,148.9488983154297
2016-12-02 20:00:00,125.3835678100586
2016-12-02 21:00:00,102.1386947631836
2016-12-02 22:00:00,95.91263580322266
2016-12-02 23:00:00,88.48031616210938
2016-12-03 00:00:00,80.09845733642578
2016-12-03 01:00:00,77.2767105102539
2016-12-03 02:00:00,76.25047302246094
2016-12-03 03:00:00,79.7890396118164
2016-12-03 04:00:00,78.63052368164062
2016-12-03 05:00:00,99.19695281982422
2016-12-03 06:00:00,128.66641235351562
2016-12-03 07:00:00,154.4561309814453
2016-12-03 08:00:00,152.0972137451172
2016-12-03 09:00:00,146.42373657226562
2016-12-03 10:00:00,144.301025390625
2016-12-03 11:00:00,133.4506072998047
2016-12-03 12:00:00,123.0555419921875
2016-12-03 13:00:00,114.74665069580078
2016-12-03 14:00:00,115.22159576416016
2016-12-03 15:00:00,111.38066864013672
2016-12-03 16:00:00,114.10977172851562
2016-12-03 17:00:00,140.7172393798828
2016-12-03 18:00:00,157.95790100097656
2016-12-03 19:00:00,144.42189025878906
2016-12-03 20:00:00,120.34053039550781
2016-12-03 21:00:00,104.32988739013672
2016-12-03 22:00:00,91.09320068359375
2016-12-03 23:00:00,85.47373962402344
2016-12-04 00:00:00,77.50051879882812
2016-12-04 01:00:00,72.43798065185547
2016-12-04 02:00:00,69.55589294433594
2016-12-04 03:00:00,70.33929443359375
2016-12-04 04:00:00,68.05266571044922
2016-12-04 05:00:00,84.7354965209961
2016-12-04 06:00:00,108.05355834960938
2016-12-04 07:00:00,133.5617218017578
2016-12-04 08:00:00,135.74038696289062
2016-12-04 09:00:00,128.98013305664062
2016-12-04 10:00:00,122.80852508544922
2016-12-04 11:00:00,115.821044921875
2016-12-04 12:00:00,104.8941650390625
2016-12-04 13:00:00,97.0121078491211
2016-12-04 14:00:00,91.77654266357422
2016-12-04 15:00:00,88.05931854248047
2016-12-04 16:00:00,95.78985595703125
2016-12-04 17:00:00,115.47198486328125
2016-12-04 18:00:00,140.03953552246094
2016-12-04 19:00:00,122.55054473876953
2016-12-04 20:00:00,99.90458679199219
2016-12-04 21:00:00,83.1447525024414
2016-12-04 22:00:00,73.0517807006836
2016-12-04 23:00:00,69.57069396972656
2016-12-05 00:00:00,53.922874450683594
2016-12-05 01:00:00,47.61257553100586
2016-12-05 02:00:00,36.79240036010742
2016-12-05 03:00:00,33.392311096191406
2016-12-05 04:00:00,35.890804290771484
2016-12-05 05:00:00,48.76982498168945
2016-12-05 06:00:00,77.50808715820312
2016-12-05 07:00:00,90.86042022705078
2016-12-05 08:00:00,89.20877075195312
2016-12-05 09:00:00,91.89105224609375
2016-12-05 10:00:00,86.84142303466797
2016-12-05 11:00:00,86.07423400878906
2016-12-05 12:00:00,80.37449645996094
2016-12-05 13:00:00,68.65655517578125
2016-12-05 14:00:00,66.20879364013672
2016-12-05 15:00:00,61.907798767089844
2016-12-05 16:00:00,72.23193359375
2016-12-05 17:00:00,97.9427719116211
2016-12-05 18:00:00,118.64144897460938
2016-12-05 19:00:00,102.112548828125
2016-12-05 20:00:00,79.1268081665039
2016-12-05 21:00:00,69.43498992919922
2016-12-05 22:00:00,61.48064422607422
2016-12-05 23:00:00,62.33449172973633
2016-12-06 00:00:00,63.09261703491211
2016-12-06 01:00:00,57.00761795043945
2016-12-06 02:00:00,52.69409942626953
2016-12-06 03:00:00,48.955284118652344
2016-12-06 04:00:00,57.03598403930664
2016-12-06 05:00:00,62.60407257080078
2016-12-06 06:00:00,68.04432678222656
2016-12-06 07:00:00,79.47053527832031
2016-12-06 08:00:00,87.2292709350586
2016-12-06 09:00:00,87.649169921875
2016-12-06 10:00:00,79.89186096191406
2016-12-06 11:00:00,77.426025390625
2016-12-06 12:00:00,73.70756530761719
2016-12-06 13:00:00,72.27597045898438
2016-12-06 14:00:00,71.12549591064453
2016-12-06 15:00:00,73.5091323852539
2016-12-06 16:00:00,81.41165161132812
2016-12-06 17:00:00,89.96160888671875
2016-12-06 18:00:00,92.142822265625
2016-12-06 19:00:00,85.49525451660156
2016-12-06 20:00:00,72.4210205078125
2016-12-06 21:00:00,68.42254638671875
2016-12-06 22:00:00,65.43270111083984
2016-12-06 23:00:00,56.55978775024414
2016-12-07 00:00:00,58.70392608642578
2016-12-07 01:00:00,52.101478576660156
2016-12-07 02:00:00,50.3620719909668
2016-12-07 03:00:00,52.15705490112305
2016-12-07 04:00:00,51.28253936767578
2016-12-07 05:00:00,60.81977081298828
2016-12-07 06:00:00,66.22611999511719
2016-12-07 07:00:00,75.90863037109375
2016-12-07 08:00:00,79.74981689453125
2016-12-07 09:00:00,78.99081420898438
2016-12-07 10:00:00,77.46416473388672
2016-12-07 11:00:00,74.84184265136719
2016-12-07 12:00:00,73.23035430908203
2016-12-07 13:00:00,68.8661117553711
2016-12-07 14:00:00,67.74649810791016
2016-12-07 15:00:00,70.54193115234375
2016-12-07 16:00:00,76.74344635009766
2016-12-07 17:00:00,84.61085510253906
2016-12-07 18:00:00,88.37976837158203
2016-12-07 19:00:00,82.32130432128906
2016-12-07 20:00:00,71.14879608154297
2016-12-07 21:00:00,61.813072204589844
2016-12-07 22:00:00,57.12866973876953
2016-12-07 23:00:00,55.037025451660156
2016-12-08 00:00:00,50.93079376220703
2016-12-08 01:00:00,49.08405685424805
2016-12-08 02:00:00,45.59309387207031
2016-12-08 03:00:00,42.95173645019531
2016-12-08 04:00:00,48.391883850097656
2016-12-08 05:00:00,57.335941314697266
2016-12-08 06:00:00,61.81681442260742
2016-12-08 07:00:00,70.09275817871094
2016-12-08 08:00:00,74.67269897460938
2016-12-08 09:00:00,76.07870483398438
2016-12-08 10:00:00,72.7764892578125
2016-12-08 11:00:00,71.07877349853516
2016-12-08 12:00:00,70.44483184814453
2016-12-08 13:00:00,69.60946655273438
2016-12-08 14:00:00,65.37933349609375
2016-12-08 15:00:00,66.8501205444336
2016-12-08 16:00:00,73.37432861328125
2016-12-08 17:00:00,80.10407257080078
2016-12-08 18:00:00,81.39469146728516
2016-12-08 19:00:00,77.68470764160156
2016-12-08 20:00:00,68.83250427246094
2016-12-08 21:00:00,60.66175842285156
2016-12-08 22:00:00,57.70014572143555
2016-12-08 23:00:00,54.39265060424805
2016-12-09 00:00:00,53.06971740722656
2016-12-09 01:00:00,49.53837585449219
2016-12-09 02:00:00,45.695335388183594
2016-12-09 03:00:00,45.719642639160156
2016-12-09 04:00:00,48.790401458740234
2016-12-09 05:00:00,56.47270965576172
2016-12-09 06:00:00,65.77200317382812
2016-12-09 07:00:00,74.044921875
2016-12-09 08:00:00,78.82408142089844
2016-12-09 09:00:00,80.60238647460938
2016-12-09 10:00:00,76.61775207519531
2016-12-09 11:00:00,71.4111557006836
2016-12-09 12:00:00,70.62689208984375
2016-12-09 13:00:00,66.8586654663086
2016-12-09 14:00:00,62.52827453613281
2016-12-09 15:00:00,64.31639862060547
2016-12-09 16:00:00,71.38200378417969
2016-12-09 17:00:00,79.15692138671875
2016-12-09 18:00:00,83.17375183105469
2016-12-09 19:00:00,75.53292846679688
2016-12-09 20:00:00,66.8848876953125
2016-12-09 21:00:00,60.663143157958984
2016-12-09 22:00:00,58.079002380371094
2016-12-09 23:00:00,58.26190185546875
2016-12-10 00:00:00,34.57878875732422
2016-12-10 01:00:00,31.9947509765625
2016-12-10 02:00:00,30.061744689941406
2016-12-10 03:00:00,29.860919952392578
2016-12-10 04:00:00,30.97991943359375
2016-12-10 05:00:00,35.3765754699707
2016-12-10 06:00:00,40.35179138183594
2016-12-10 07:00:00,45.79844284057617
2016-12-10 08:00:00,47.10442352294922
2016-12-10 09:00:00,46.97252655029297
2016-12-10 10:00:00,46.04880905151367
2016-12-10 11:00:00,44.215476989746094
2016-12-10 12:00:00,43.06210708618164
2016-12-10 13:00:00,41.25113296508789
2016-12-10 14:00:00,40.56779861450195
2016-12-10 15:00:00,42.582454681396484
2016-12-10 16:00:00,43.635398864746094
2016-12-10 17:00:00,47.24030303955078
2016-12-10 18:00:00,49.23411178588867
2016-12-10 19:00:00,48.888370513916016
2016-12-10 20:00:00,43.90182876586914
2016-12-10 21:00:00,40.8906364440918
2016-12-10 22:00:00,33.980533599853516
2016-12-10 23:00:00,29.760643005371094
2016-12-11 00:00:00,25.974422454833984
2016-12-11 01:00:00,22.1087589263916
2016-12-11 02:00:00,21.40865135192871
2016-12-11 03:00:00,22.66745376586914
2016-12-11 04:00:00,25.556140899658203
2016-12-11 05:00:00,30.871387481689453
2016-12-11 06:00:00,34.09174728393555
2016-12-11 07:00:00,37.70726776123047
2016-12-11 08:00:00,39.587852478027344
2016-12-11 09:00:00,39.32301712036133
2016-12-11 10:00:00,39.180206298828125
2016-12-11 11:00:00,41.767364501953125
2016-12-11 12:00:00,36.90668869018555
2016-12-11 13:00:00,36.41608810424805
2016-12-11 14:00:00,34.74866485595703
2016-12-11 15:00:00,36.86989212036133
2016-12-11 16:00:00,39.68706512451172
2016-12-11 17:00:00,42.37689208984375
2016-12-11 18:00:00,43.682640075683594
2016-12-11 19:00:00,44.34315490722656
2016-12-11 20:00:00,40.070899963378906
2016-12-11 21:00:00,36.590599060058594
2016-12-11 22:00:00,32.90460968017578
2016-12-11 23:00:00,28.759044647216797
2016-12-12 00:00:00,25.79349136352539
2016-12-12 01:00:00,23.147247314453125
2016-12-12 02:00:00,22.776538848876953
2016-12-12 03:00:00,23.447769165039062
2016-12-12 04:00:00,26.058298110961914
2016-12-12 05:00:00,30.001819610595703
2016-12-12 06:00:00,35.88136672973633
2016-12-12 07:00:00,40.37559509277344
2016-12-12 08:00:00,44.23455047607422
2016-12-12 09:00:00,43.13051223754883
2016-12-12 10:00:00,42.97011184692383
2016-12-12 11:00:00,43.27101516723633
2016-12-12 12:00:00,42.2589111328125
2016-12-12 13:00:00,40.187591552734375
2016-12-12 14:00:00,42.533329010009766
2016-12-12 15:00:00,42.01261520385742
2016-12-12 16:00:00,44.471614837646484
2016-12-12 17:00:00,47.86624526977539
2016-12-12 18:00:00,49.581565856933594
2016-12-12 19:00:00,50.90702438354492
2016-12-12 20:00:00,47.7365608215332
2016-12-12 21:00:00,43.80600357055664
2016-12-12 22:00:00,40.789974212646484
2016-12-12 23:00:00,37.73289489746094
2016-12-13 00:00:00,36.9521598815918
2016-12-13 01:00:00,33.4519157409668
2016-12-13 02:00:00,30.598724365234375
2016-12-13 03:00:00,31.251094818115234
2016-12-13 04:00:00,37.22247314453125
2016-12-13 05:00:00,38.129058837890625
2016-12-13 06:00:00,44.061798095703125
2016-12-13 07:00:00,48.830406188964844
2016-12-13 08:00:00,50.513710021972656
2016-12-13 09:00:00,51.803890228271484
2016-12-13 10:00:00,50.34702682495117
2016-12-13 11:00:00,49.07219696044922
2016-12-13 12:00:00,47.465660095214844
2016-12-13 13:00:00,46.094730377197266
2016-12-13 14:00:00,46.4539680480957
2016-12-13 15:00:00,48.29570770263672
2016-12-13 16:00:00,51.33021545410156
2016-12-13 17:00:00,52.84703063964844
2016-12-13 18:00:00,54.443389892578125
2016-12-13 19:00:00,54.05263137817383
2016-12-13 20:00:00,50.2391471862793
2016-12-13 21:00:00,46.48114776611328
2016-12-13 22:00:00,42.45501708984375
2016-12-13 23:00:00,39.61932373046875
2016-12-14 00:00:00,50.45415115356445
2016-12-14 01:00:00,46.23892593383789
2016-12-14 02:00:00,47.917606353759766
2016-12-14 03:00:00,47.15985107421875
2016-12-14 04:00:00,52.88365936279297
2016-12-14 05:00:00,55.10409164428711
2016-12-14 06:00:00,62.419334411621094
2016-12-14 07:00:00,71.55318450927734
2016-12-14 08:00:00,72.78489685058594
2016-12-14 09:00:00,71.1732177734375
2016-12-14 10:00:00,70.44900512695312
2016-12-14 11:00:00,70.4769287109375
2016-12-14 12:00:00,71.06317138671875
2016-12-14 13:00:00,67.85503387451172
2016-12-14 14:00:00,68.79268646240234
2016-12-14 15:00:00,67.79721069335938
2016-12-14 16:00:00,71.66236877441406
2016-12-14 17:00:00,75.04792785644531
2016-12-14 18:00:00,74.35961151123047
2016-12-14 19:00:00,70.54769897460938
2016-12-14 20:00:00,63.49224853515625
2016-12-14 21:00:00,60.06230926513672
2016-12-14 22:00:00,56.6463623046875
2016-12-14 23:00:00,53.04756164550781
2016-12-15 00:00:00,50.85341262817383
2016-12-15 01:00:00,47.83270263671875
2016-12-15 02:00:00,46.61042022705078
2016-12-15 03:00:00,49.2791748046875
2016-12-15 04:00:00,51.26866149902344
2016-12-15 05:00:00,55.06708526611328
2016-12-15 06:00:00,60.83243942260742
2016-12-15 07:00:00,70.01350402832031
2016-12-15 08:00:00,71.50933837890625
2016-12-15 09:00:00,70.52809143066406
2016-12-15 10:00:00,69.64509582519531
2016-12-15 11:00:00,69.52360534667969
2016-12-15 12:00:00,69.34809875488281
2016-12-15 13:00:00,66.7413101196289
2016-12-15 14:00:00,63.624534606933594
2016-12-15 15:00:00,64.50171661376953
2016-12-15 16:00:00,67.59414672851562
2016-12-15 17:00:00,70.64266967773438
2016-12-15 18:00:00,71.9023208618164
2016-12-15 19:00:00,69.89995574951172
2016-12-15 20:00:00,63.708648681640625
2016-12-15 21:00:00,58.87617874145508
2016-12-15 22:00:00,56.372711181640625
2016-12-15 23:00:00,53.85770034790039
2016-12-16 00:00:00,51.809906005859375
2016-12-16 01:00:00,49.274967193603516
2016-12-16 02:00:00,49.083866119384766
2016-12-16 03:00:00,49.42612838745117
2016-12-16 04:00:00,51.044349670410156
2016-12-16 05:00:00,54.27008056640625
2016-12-16 06:00:00,58.36664581298828
2016-12-16 07:00:00,65.3794937133789
2016-12-16 08:00:00,67.34542846679688
2016-12-16 09:00:00,64.36038208007812
2016-12-16 10:00:00,62.26854705810547
2016-12-16 11:00:00,62.54776382446289
2016-12-16 12:00:00,62.187461853027344
2016-12-16 13:00:00,58.097496032714844
2016-12-16 14:00:00,55.37586975097656
2016-12-16 15:00:00,54.07695770263672
2016-12-16 16:00:00,57.539039611816406
2016-12-16 17:00:00,61.640625
2016-12-16 18:00:00,63.97574996948242
2016-12-16 19:00:00,62.62291717529297
2016-12-16 20:00:00,58.66577911376953
2016-12-16 21:00:00,53.15324783325195
2016-12-16 22:00:00,51.51780700683594
2016-12-16 23:00:00,51.14750289916992
2016-12-17 00:00:00,46.27375793457031
2016-12-17 01:00:00,45.01980972290039
2016-12-17 02:00:00,41.43294906616211
2016-12-17 03:00:00,41.02040481567383
2016-12-17 04:00:00,40.872066497802734
2016-12-17 05:00:00,40.6031608581543
2016-12-17 06:00:00,45.302364349365234
2016-12-17 07:00:00,47.60304260253906
2016-12-17 08:00:00,48.384761810302734
2016-12-17 09:00:00,46.45965576171875
2016-12-17 10:00:00,47.40904235839844
2016-12-17 11:00:00,48.40252685546875
2016-12-17 12:00:00,47.03125762939453
2016-12-17 13:00:00,45.43606185913086
2016-12-17 14:00:00,44.662086486816406
2016-12-17 15:00:00,45.39369583129883
2016-12-17 16:00:00,49.959720611572266
2016-12-17 17:00:00,55.36412811279297
2016-12-17 18:00:00,55.74795913696289
2016-12-17 19:00:00,53.13004684448242
2016-12-17 20:00:00,51.76899337768555
2016-12-17 21:00:00,47.954750061035156
2016-12-17 22:00:00,45.045799255371094
2016-12-17 23:00:00,45.474246978759766
2016-12-18 00:00:00,33.2782096862793
2016-12-18 01:00:00,30.090255737304688
2016-12-18 02:00:00,27.095409393310547
2016-12-18 03:00:00,26.536884307861328
2016-12-18 04:00:00,26.975574493408203
2016-12-18 05:00:00,30.930988311767578
2016-12-18 06:00:00,35.91224670410156
2016-12-18 07:00:00,42.39384078979492
2016-12-18 08:00:00,45.042293548583984
2016-12-18 09:00:00,46.31844711303711
2016-12-18 10:00:00,46.655723571777344
2016-12-18 11:00:00,45.24934768676758
2016-12-18 12:00:00,44.19581604003906
2016-12-18 13:00:00,42.1446533203125
2016-12-18 14:00:00,40.95780944824219
2016-12-18 15:00:00,42.77961730957031
2016-12-18 16:00:00,43.66058349609375
2016-12-18 17:00:00,46.79484939575195
2016-12-18 18:00:00,48.122100830078125
2016-12-18 19:00:00,47.34003448486328
2016-12-18 20:00:00,42.85419464111328
2016-12-18 21:00:00,41.09316635131836
2016-12-18 22:00:00,34.764686584472656
2016-12-18 23:00:00,30.518556594848633
2016-12-19 00:00:00,26.052936553955078
2016-12-19 01:00:00,21.180988311767578
2016-12-19 02:00:00,19.773801803588867
2016-12-19 03:00:00,20.615131378173828
2016-12-19 04:00:00,23.025833129882812
2016-12-19 05:00:00,27.857563018798828
2016-12-19 06:00:00,30.94012451171875
2016-12-19 07:00:00,35.22736358642578
2016-12-19 08:00:00,38.39708709716797
2016-12-19 09:00:00,39.502960205078125
2016-12-19 10:00:00,40.789161682128906
2016-12-19 11:00:00,44.49518585205078
2016-12-19 12:00:00,39.21583557128906
2016-12-19 13:00:00,38.3841552734375
2016-12-19 14:00:00,36.06792068481445
2016-12-19 15:00:00,38.11783981323242
2016-12-19 16:00:00,40.83271408081055
2016-12-19 17:00:00,43.03467559814453
2016-12-19 18:00:00,43.29662322998047
2016-12-19 19:00:00,43.35967254638672
2016-12-19 20:00:00,39.206573486328125
2016-12-19 21:00:00,36.65779113769531
2016-12-19 22:00:00,33.62997817993164
2016-12-19 23:00:00,29.476219177246094
2016-12-20 00:00:00,25.836990356445312
2016-12-20 01:00:00,22.224960327148438
2016-12-20 02:00:00,21.126611709594727
2016-12-20 03:00:00,21.01110076904297
2016-12-20 04:00:00,22.92154884338379
2016-12-20 05:00:00,26.361114501953125
2016-12-20 06:00:00,32.1490478515625
2016-12-20 07:00:00,37.279754638671875
2016-12-20 08:00:00,42.586280822753906
2016-12-20 09:00:00,42.841556549072266
2016-12-20 10:00:00,44.138221740722656
2016-12-20 11:00:00,45.163021087646484
2016-12-20 12:00:00,44.08601379394531
2016-12-20 13:00:00,41.25758361816406
2016-12-20 14:00:00,43.383453369140625
2016-12-20 15:00:00,42.527976989746094
2016-12-20 16:00:00,44.81057357788086
2016-12-20 17:00:00,47.494102478027344
2016-12-20 18:00:00,48.08513641357422
2016-12-20 19:00:00,48.48564147949219
2016-12-20 20:00:00,45.328224182128906
2016-12-20 21:00:00,42.24906921386719
2016-12-20 22:00:00,39.9985237121582
2016-12-20 23:00:00,36.99024200439453
2016-12-21 00:00:00,35.773738861083984
2016-12-21 01:00:00,31.21800994873047
2016-12-21 02:00:00,27.545543670654297
2016-12-21 03:00:00,27.811004638671875
2016-12-21 04:00:00,33.889366149902344
2016-12-21 05:00:00,34.10206985473633
2016-12-21 06:00:00,40.14879608154297
2016-12-21 07:00:00,45.89562225341797
2016-12-21 08:00:00,48.954978942871094
2016-12-21 09:00:00,51.916786193847656
2016-12-21 10:00:00,51.879695892333984
2016-12-21 11:00:00,51.34064483642578
2016-12-21 12:00:00,49.76921081542969
2016-12-21 13:00:00,48.07048797607422
2016-12-21 14:00:00,48.45368194580078
2016-12-21 15:00:00,50.46735382080078
2016-12-21 16:00:00,53.5802001953125
2016-12-21 17:00:00,54.39461135864258
2016-12-21 18:00:00,55.03892517089844
2016-12-21 19:00:00,53.9586181640625
2016-12-21 20:00:00,50.615928649902344
2016-12-21 21:00:00,48.039276123046875
2016-12-21 22:00:00,44.91777801513672
2016-12-21 23:00:00,42.40510177612305
2016-12-22 00:00:00,61.78559875488281
2016-12-22 01:00:00,54.980045318603516
2016-12-22 02:00:00,51.93517303466797
2016-12-22 03:00:00,47.13796615600586
2016-12-22 04:00:00,45.71742248535156
2016-12-22 05:00:00,51.01676559448242
2016-12-22 06:00:00,58.972198486328125
2016-12-22 07:00:00,63.66456604003906
2016-12-22 08:00:00,65.8039779663086
2016-12-22 09:00:00,64.29285430908203
2016-12-22 10:00:00,66.92472839355469
2016-12-22 11:00:00,65.96479034423828
2016-12-22 12:00:00,64.4866943359375
2016-12-22 13:00:00,63.06010055541992
2016-12-22 14:00:00,61.61994934082031
2016-12-22 15:00:00,63.13152313232422
2016-12-22 16:00:00,66.80089569091797
2016-12-22 17:00:00,71.85301971435547
2016-12-22 18:00:00,74.27731323242188
2016-12-22 19:00:00,73.84371948242188
2016-12-22 20:00:00,68.61763763427734
2016-12-22 21:00:00,64.67889404296875
2016-12-22 22:00:00,62.6473274230957
2016-12-22 23:00:00,62.4777717590332
2016-12-23 00:00:00,59.03684997558594
2016-12-23 01:00:00,53.85438537597656
2016-12-23 02:00:00,50.352169036865234
2016-12-23 03:00:00,48.406517028808594
2016-12-23 04:00:00,47.670711517333984
2016-12-23 05:00:00,49.39366149902344
2016-12-23 06:00:00,55.82462692260742
2016-12-23 07:00:00,64.84613037109375
2016-12-23 08:00:00,65.79583740234375
2016-12-23 09:00:00,65.32324981689453
2016-12-23 10:00:00,66.33826446533203
2016-12-23 11:00:00,65.11709594726562
2016-12-23 12:00:00,63.96328353881836
2016-12-23 13:00:00,62.543968200683594
2016-12-23 14:00:00,58.892051696777344
2016-12-23 15:00:00,61.55805206298828
2016-12-23 16:00:00,65.12406921386719
2016-12-23 17:00:00,69.88154602050781
2016-12-23 18:00:00,72.60753631591797
2016-12-23 19:00:00,71.22685241699219
2016-12-23 20:00:00,67.31814575195312
2016-12-23 21:00:00,61.874446868896484
2016-12-23 22:00:00,61.30238342285156
2016-12-23 23:00:00,59.341487884521484
2016-12-24 00:00:00,54.03977966308594
2016-12-24 01:00:00,48.904476165771484
2016-12-24 02:00:00,46.54315948486328
2016-12-24 03:00:00,44.46376419067383
2016-12-24 04:00:00,44.06072235107422
2016-12-24 05:00:00,47.40346908569336
2016-12-24 06:00:00,52.49936294555664
2016-12-24 07:00:00,59.84596252441406
2016-12-24 08:00:00,58.9212760925293
2016-12-24 09:00:00,57.21302032470703
2016-12-24 10:00:00,57.72941589355469
2016-12-24 11:00:00,58.04982376098633
2016-12-24 12:00:00,55.90248489379883
2016-12-24 13:00:00,55.267826080322266
2016-12-24 14:00:00,51.84206771850586
2016-12-24 15:00:00,53.57033920288086
2016-12-24 16:00:00,57.21338653564453
2016-12-24 17:00:00,59.72218704223633
2016-12-24 18:00:00,62.74163818359375
2016-12-24 19:00:00,62.72407531738281
2016-12-24 20:00:00,59.150386810302734
2016-12-24 21:00:00,54.416847229003906
2016-12-24 22:00:00,53.34703826904297
2016-12-24 23:00:00,50.80299758911133
2016-12-25 00:00:00,44.38946533203125
2016-12-25 01:00:00,41.04085922241211
2016-12-25 02:00:00,39.325347900390625
2016-12-25 03:00:00,35.196624755859375
2016-12-25 04:00:00,34.831642150878906
2016-12-25 05:00:00,38.303558349609375
2016-12-25 06:00:00,44.78175354003906
2016-12-25 07:00:00,49.70073699951172
2016-12-25 08:00:00,51.549861907958984
2016-12-25 09:00:00,48.919403076171875
2016-12-25 10:00:00,52.67072296142578
2016-12-25 11:00:00,51.83529281616211
2016-12-25 12:00:00,52.44485855102539
2016-12-25 13:00:00,52.11073684692383
2016-12-25 14:00:00,50.87457275390625
2016-12-25 15:00:00,52.38584899902344
2016-12-25 16:00:00,55.73341369628906
2016-12-25 17:00:00,59.372859954833984
2016-12-25 18:00:00,61.13300323486328
2016-12-25 19:00:00,61.32905197143555
2016-12-25 20:00:00,58.33254623413086
2016-12-25 21:00:00,53.849021911621094
2016-12-25 22:00:00,51.773231506347656
2016-12-25 23:00:00,50.68169403076172
2016-12-26 00:00:00,26.502397537231445
2016-12-26 01:00:00,22.81925392150879
2016-12-26 02:00:00,19.32428550720215
2016-12-26 03:00:00,20.25748062133789
2016-12-26 04:00:00,24.0904598236084
2016-12-26 05:00:00,33.57141876220703
2016-12-26 06:00:00,38.460079193115234
2016-12-26 07:00:00,44.023799896240234
2016-12-26 08:00:00,46.81929016113281
2016-12-26 09:00:00,48.28630065917969
2016-12-26 10:00:00,53.329078674316406
2016-12-26 11:00:00,53.701744079589844
2016-12-26 12:00:00,52.28044891357422
2016-12-26 13:00:00,49.33831024169922
2016-12-26 14:00:00,43.17652130126953
2016-12-26 15:00:00,41.90393829345703
2016-12-26 16:00:00,45.80733871459961
2016-12-26 17:00:00,54.692657470703125
2016-12-26 18:00:00,54.68449401855469
2016-12-26 19:00:00,51.52880096435547
2016-12-26 20:00:00,43.57447052001953
2016-12-26 21:00:00,41.280391693115234
2016-12-26 22:00:00,40.45157241821289
2016-12-26 23:00:00,39.766258239746094
2016-12-27 00:00:00,33.28335952758789
2016-12-27 01:00:00,30.77695655822754
2016-12-27 02:00:00,31.34793472290039
2016-12-27 03:00:00,31.884944915771484
2016-12-27 04:00:00,34.09203338623047
2016-12-27 05:00:00,35.67033004760742
2016-12-27 06:00:00,46.83156204223633
2016-12-27 07:00:00,55.79122543334961
2016-12-27 08:00:00,60.29862594604492
2016-12-27 09:00:00,62.6302604675293
2016-12-27 10:00:00,62.17886734008789
2016-12-27 11:00:00,65.20670318603516
2016-12-27 12:00:00,61.44349670410156
2016-12-27 13:00:00,58.71674728393555
2016-12-27 14:00:00,54.50764465332031
2016-12-27 15:00:00,53.93899917602539
2016-12-27 16:00:00,56.08514404296875
2016-12-27 17:00:00,63.87955093383789
2016-12-27 18:00:00,66.09283447265625
2016-12-27 19:00:00,59.61681365966797
2016-12-27 20:00:00,52.25228500366211
2016-12-27 21:00:00,47.534034729003906
2016-12-27 22:00:00,48.80196762084961
2016-12-27 23:00:00,46.0679817199707
2016-12-28 00:00:00,43.5649299621582
2016-12-28 01:00:00,38.86200714111328
2016-12-28 02:00:00,36.00729751586914
2016-12-28 03:00:00,36.54328155517578
2016-12-28 04:00:00,40.79456329345703
2016-12-28 05:00:00,42.62274169921875
2016-12-28 06:00:00,48.666725158691406
2016-12-28 07:00:00,59.846797943115234
2016-12-28 08:00:00,62.98809051513672
2016-12-28 09:00:00,65.18440246582031
2016-12-28 10:00:00,66.63528442382812
2016-12-28 11:00:00,65.40863037109375
2016-12-28 12:00:00,64.81290435791016
2016-12-28 13:00:00,61.661521911621094
2016-12-28 14:00:00,55.97638702392578
2016-12-28 15:00:00,54.241905212402344
2016-12-28 16:00:00,57.51764678955078
2016-12-28 17:00:00,62.672977447509766
2016-12-28 18:00:00,64.04781341552734
2016-12-28 19:00:00,58.62474060058594
2016-12-28 20:00:00,51.611244201660156
2016-12-28 21:00:00,47.72728729248047
2016-12-28 22:00:00,48.49155807495117
2016-12-28 23:00:00,45.668861389160156
2016-12-29 00:00:00,42.62456130981445
2016-12-29 01:00:00,37.647003173828125
2016-12-29 02:00:00,35.07633590698242
2016-12-29 03:00:00,36.914520263671875
2016-12-29 04:00:00,37.57279586791992
2016-12-29 05:00:00,39.37242126464844
2016-12-29 06:00:00,47.15266036987305
2016-12-29 07:00:00,56.16599655151367
2016-12-29 08:00:00,58.83524703979492
2016-12-29 09:00:00,63.93971252441406
2016-12-29 10:00:00,62.9007568359375
2016-12-29 11:00:00,63.2196044921875
2016-12-29 12:00:00,61.4200439453125
2016-12-29 13:00:00,60.11137390136719
2016-12-29 14:00:00,56.50532531738281
2016-12-29 15:00:00,52.87015151977539
2016-12-29 16:00:00,55.178157806396484
2016-12-29 17:00:00,62.20286560058594
2016-12-29 18:00:00,60.961181640625
2016-12-29 19:00:00,56.50927734375
2016-12-29 20:00:00,52.1108512878418
2016-12-29 21:00:00,45.7619743347168
2016-12-29 22:00:00,47.66193389892578
2016-12-29 23:00:00,45.646995544433594
2016-12-30 00:00:00,41.140846252441406
2016-12-30 01:00:00,38.509090423583984
2016-12-30 02:00:00,36.783756256103516
2016-12-30 03:00:00,36.392242431640625
2016-12-30 04:00:00,34.17871856689453
2016-12-30 05:00:00,35.10185241699219
2016-12-30 06:00:00,40.583702087402344
2016-12-30 07:00:00,45.19463348388672
2016-12-30 08:00:00,46.61184310913086
2016-12-30 09:00:00,49.33763885498047
2016-12-30 10:00:00,50.52115249633789
2016-12-30 11:00:00,47.930755615234375
2016-12-30 12:00:00,45.34339904785156
2016-12-30 13:00:00,42.89297103881836
2016-12-30 14:00:00,42.758174896240234
2016-12-30 15:00:00,43.95047378540039
2016-12-30 16:00:00,49.19312286376953
2016-12-30 17:00:00,54.00663375854492
2016-12-30 18:00:00,54.04073715209961
2016-12-30 19:00:00,51.00716018676758
2016-12-30 20:00:00,46.369712829589844
2016-12-30 21:00:00,46.201683044433594
2016-12-30 22:00:00,45.73030471801758
2016-12-30 23:00:00,46.61182403564453
2016-12-31 00:00:00,40.31723403930664
2016-12-31 01:00:00,36.87617111206055
2016-12-31 02:00:00,34.42738342285156
2016-12-31 03:00:00,31.31038475036621
2016-12-31 04:00:00,30.312938690185547
2016-12-31 05:00:00,30.86739730834961
2016-12-31 06:00:00,35.64997863769531
2016-12-31 07:00:00,40.6837043762207
2016-12-31 08:00:00,44.27032470703125
2016-12-31 09:00:00,46.167205810546875
2016-12-31 10:00:00,48.594337463378906
2016-12-31 11:00:00,46.91563415527344
2016-12-31 12:00:00,44.571556091308594
2016-12-31 13:00:00,41.71316146850586
2016-12-31 14:00:00,42.54958724975586
2016-12-31 15:00:00,44.52421569824219
2016-12-31 16:00:00,48.96857833862305
2016-12-31 17:00:00,54.7220458984375
2016-12-31 18:00:00,56.622005462646484
2016-12-31 19:00:00,54.80571746826172
2016-12-31 20:00:00,48.03190994262695
2016-12-31 21:00:00,44.480098724365234
2016-12-31 22:00:00,44.757808685302734
2016-12-31 23:00:00,44.54853820800781
