time_stamp,predicted_ans
2016-09-01 00:00:00,38.64752960205078
2016-09-01 01:00:00,38.45804214477539
2016-09-01 02:00:00,38.004085540771484
2016-09-01 03:00:00,37.764671325683594
2016-09-01 04:00:00,37.36073303222656
2016-09-01 05:00:00,37.092166900634766
2016-09-01 06:00:00,36.72163391113281
2016-09-01 07:00:00,36.43688201904297
2016-09-01 08:00:00,36.08930969238281
2016-09-01 09:00:00,35.79645538330078
2016-09-01 10:00:00,35.465274810791016
2016-09-01 11:00:00,35.16934585571289
2016-09-01 12:00:00,34.85040283203125
2016-09-01 13:00:00,34.554508209228516
2016-09-01 14:00:00,34.24517059326172
2016-09-01 15:00:00,33.95122146606445
2016-09-01 16:00:00,33.649810791015625
2016-09-01 17:00:00,33.35897445678711
2016-09-01 18:00:00,33.06439971923828
2016-09-01 19:00:00,32.777374267578125
2016-09-01 20:00:00,32.48892593383789
2016-09-01 21:00:00,32.206111907958984
2016-09-01 22:00:00,31.923309326171875
2016-09-01 23:00:00,31.644929885864258
2016-09-02 00:00:00,31.367443084716797
2016-09-02 01:00:00,31.093603134155273
2016-09-02 02:00:00,30.82119369506836
2016-09-02 03:00:00,30.551931381225586
2016-09-02 04:00:00,30.284420013427734
2016-09-02 05:00:00,30.019725799560547
2016-09-02 06:00:00,29.756969451904297
2016-09-02 07:00:00,29.496810913085938
2016-09-02 08:00:00,29.238691329956055
2016-09-02 09:00:00,28.983016967773438
2016-09-02 10:00:00,28.72943115234375
2016-09-02 11:00:00,28.478179931640625
2016-09-02 12:00:00,28.229034423828125
2016-09-02 13:00:00,27.982141494750977
2016-09-02 14:00:00,27.737350463867188
2016-09-02 15:00:00,27.4947452545166
2016-09-02 16:00:00,27.254226684570312
2016-09-02 17:00:00,27.015840530395508
2016-09-02 18:00:00,26.779516220092773
2016-09-02 19:00:00,26.545278549194336
2016-09-02 20:00:00,26.313074111938477
2016-09-02 21:00:00,26.08291244506836
2016-09-02 22:00:00,25.854755401611328
2016-09-02 23:00:00,25.62860107421875
2016-09-03 00:00:00,25.4044189453125
2016-09-03 01:00:00,25.18220329284668
2016-09-03 02:00:00,24.96192741394043
2016-09-03 03:00:00,24.743581771850586
2016-09-03 04:00:00,24.527143478393555
2016-09-03 05:00:00,24.312599182128906
2016-09-03 06:00:00,24.099931716918945
2016-09-03 07:00:00,23.889123916625977
2016-09-03 08:00:00,23.680160522460938
2016-09-03 09:00:00,23.473024368286133
2016-09-03 10:00:00,23.2677001953125
2016-09-03 11:00:00,23.064172744750977
2016-09-03 12:00:00,22.862424850463867
2016-09-03 13:00:00,22.662443161010742
2016-09-03 14:00:00,22.464210510253906
2016-09-03 15:00:00,22.267711639404297
2016-09-03 16:00:00,22.07293128967285
2016-09-03 17:00:00,21.879854202270508
2016-09-03 18:00:00,21.688467025756836
2016-09-03 19:00:00,21.49875259399414
2016-09-03 20:00:00,21.310697555541992
2016-09-03 21:00:00,21.12428855895996
2016-09-03 22:00:00,20.939510345458984
2016-09-03 23:00:00,20.75634765625
2016-09-04 00:00:00,20.574787139892578
2016-09-04 01:00:00,20.39481544494629
2016-09-04 02:00:00,20.21641731262207
2016-09-04 03:00:00,20.039579391479492
2016-09-04 04:00:00,19.864288330078125
2016-09-04 05:00:00,19.69053077697754
2016-09-04 06:00:00,19.518293380737305
2016-09-04 07:00:00,19.347562789916992
2016-09-04 08:00:00,19.178325653076172
2016-09-04 09:00:00,19.010568618774414
2016-09-04 10:00:00,18.84427833557129
2016-09-04 11:00:00,18.679443359375
2016-09-04 12:00:00,18.516050338745117
2016-09-04 13:00:00,18.35408592224121
2016-09-04 14:00:00,18.193538665771484
2016-09-04 15:00:00,18.034395217895508
2016-09-04 16:00:00,17.876644134521484
2016-09-04 17:00:00,17.720273971557617
2016-09-04 18:00:00,17.565271377563477
2016-09-04 19:00:00,17.411624908447266
2016-09-04 20:00:00,17.259321212768555
2016-09-04 21:00:00,17.10835075378418
2016-09-04 22:00:00,16.95870018005371
2016-09-04 23:00:00,16.81035804748535
2016-09-05 00:00:00,34.918983459472656
2016-09-05 01:00:00,31.630462646484375
2016-09-05 02:00:00,26.405271530151367
2016-09-05 03:00:00,23.808124542236328
2016-09-05 04:00:00,25.788442611694336
2016-09-05 05:00:00,28.836204528808594
2016-09-05 06:00:00,32.45000457763672
2016-09-05 07:00:00,37.67788314819336
2016-09-05 08:00:00,40.64493942260742
2016-09-05 09:00:00,44.3414306640625
2016-09-05 10:00:00,42.08907699584961
2016-09-05 11:00:00,42.26089096069336
2016-09-05 12:00:00,41.601478576660156
2016-09-05 13:00:00,39.87453079223633
2016-09-05 14:00:00,37.6861572265625
2016-09-05 15:00:00,36.29187774658203
2016-09-05 16:00:00,36.169349670410156
2016-09-05 17:00:00,36.5274543762207
2016-09-05 18:00:00,40.22036361694336
2016-09-05 19:00:00,40.275672912597656
2016-09-05 20:00:00,42.0611572265625
2016-09-05 21:00:00,39.05973815917969
2016-09-05 22:00:00,35.3913688659668
2016-09-05 23:00:00,37.25614929199219
2016-09-06 00:00:00,36.60523223876953
2016-09-06 01:00:00,33.23331832885742
2016-09-06 02:00:00,31.654029846191406
2016-09-06 03:00:00,27.311054229736328
2016-09-06 04:00:00,26.245275497436523
2016-09-06 05:00:00,30.338857650756836
2016-09-06 06:00:00,33.71912384033203
2016-09-06 07:00:00,38.378440856933594
2016-09-06 08:00:00,40.58519744873047
2016-09-06 09:00:00,42.00885772705078
2016-09-06 10:00:00,43.548927307128906
2016-09-06 11:00:00,42.51789855957031
2016-09-06 12:00:00,40.34470748901367
2016-09-06 13:00:00,38.763858795166016
2016-09-06 14:00:00,39.02888870239258
2016-09-06 15:00:00,37.44306182861328
2016-09-06 16:00:00,37.29646301269531
2016-09-06 17:00:00,40.05409240722656
2016-09-06 18:00:00,43.28371047973633
2016-09-06 19:00:00,43.558197021484375
2016-09-06 20:00:00,43.817745208740234
2016-09-06 21:00:00,40.84578323364258
2016-09-06 22:00:00,39.05410385131836
2016-09-06 23:00:00,35.89002227783203
2016-09-07 00:00:00,35.61631393432617
2016-09-07 01:00:00,31.42595672607422
2016-09-07 02:00:00,28.164594650268555
2016-09-07 03:00:00,25.086803436279297
2016-09-07 04:00:00,25.14339256286621
2016-09-07 05:00:00,26.200483322143555
2016-09-07 06:00:00,31.51053810119629
2016-09-07 07:00:00,37.18282699584961
2016-09-07 08:00:00,40.96746826171875
2016-09-07 09:00:00,43.673763275146484
2016-09-07 10:00:00,45.260250091552734
2016-09-07 11:00:00,42.34762954711914
2016-09-07 12:00:00,40.78684997558594
2016-09-07 13:00:00,39.23663330078125
2016-09-07 14:00:00,38.80721664428711
2016-09-07 15:00:00,39.549747467041016
2016-09-07 16:00:00,38.1198844909668
2016-09-07 17:00:00,40.959754943847656
2016-09-07 18:00:00,43.37025833129883
2016-09-07 19:00:00,44.109561920166016
2016-09-07 20:00:00,44.452354431152344
2016-09-07 21:00:00,42.11901092529297
2016-09-07 22:00:00,40.126609802246094
2016-09-07 23:00:00,38.96780014038086
2016-09-08 00:00:00,36.88629150390625
2016-09-08 01:00:00,33.53303527832031
2016-09-08 02:00:00,28.701005935668945
2016-09-08 03:00:00,26.83829689025879
2016-09-08 04:00:00,27.248456954956055
2016-09-08 05:00:00,29.679725646972656
2016-09-08 06:00:00,33.2774772644043
2016-09-08 07:00:00,37.74397277832031
2016-09-08 08:00:00,42.21269989013672
2016-09-08 09:00:00,44.45200729370117
2016-09-08 10:00:00,44.60192108154297
2016-09-08 11:00:00,44.901222229003906
2016-09-08 12:00:00,42.06074523925781
2016-09-08 13:00:00,40.20364761352539
2016-09-08 14:00:00,38.182830810546875
2016-09-08 15:00:00,37.831687927246094
2016-09-08 16:00:00,38.28263473510742
2016-09-08 17:00:00,39.450618743896484
2016-09-08 18:00:00,44.20973205566406
2016-09-08 19:00:00,46.45783996582031
2016-09-08 20:00:00,46.28797912597656
2016-09-08 21:00:00,44.058738708496094
2016-09-08 22:00:00,41.23186492919922
2016-09-08 23:00:00,38.53076171875
2016-09-09 00:00:00,30.3875789642334
2016-09-09 01:00:00,25.575838088989258
2016-09-09 02:00:00,23.204023361206055
2016-09-09 03:00:00,25.86178970336914
2016-09-09 04:00:00,25.528942108154297
2016-09-09 05:00:00,30.510486602783203
2016-09-09 06:00:00,31.912796020507812
2016-09-09 07:00:00,34.50705337524414
2016-09-09 08:00:00,33.88252258300781
2016-09-09 09:00:00,31.53337860107422
2016-09-09 10:00:00,29.87441635131836
2016-09-09 11:00:00,32.970314025878906
2016-09-09 12:00:00,30.403568267822266
2016-09-09 13:00:00,32.178096771240234
2016-09-09 14:00:00,32.55506896972656
2016-09-09 15:00:00,30.592384338378906
2016-09-09 16:00:00,30.131975173950195
2016-09-09 17:00:00,33.23239517211914
2016-09-09 18:00:00,37.90290451049805
2016-09-09 19:00:00,41.701629638671875
2016-09-09 20:00:00,44.12841033935547
2016-09-09 21:00:00,43.25202560424805
2016-09-09 22:00:00,40.70588684082031
2016-09-09 23:00:00,35.93437194824219
2016-09-10 00:00:00,30.48605728149414
2016-09-10 01:00:00,24.93876075744629
2016-09-10 02:00:00,22.735750198364258
2016-09-10 03:00:00,19.962230682373047
2016-09-10 04:00:00,22.545276641845703
2016-09-10 05:00:00,25.303009033203125
2016-09-10 06:00:00,28.858924865722656
2016-09-10 07:00:00,33.656524658203125
2016-09-10 08:00:00,34.89470672607422
2016-09-10 09:00:00,34.23137283325195
2016-09-10 10:00:00,36.203819274902344
2016-09-10 11:00:00,38.695335388183594
2016-09-10 12:00:00,39.714515686035156
2016-09-10 13:00:00,38.2292366027832
2016-09-10 14:00:00,39.79017639160156
2016-09-10 15:00:00,39.43331527709961
2016-09-10 16:00:00,39.33192443847656
2016-09-10 17:00:00,40.10377502441406
2016-09-10 18:00:00,40.914981842041016
2016-09-10 19:00:00,43.16724395751953
2016-09-10 20:00:00,42.52536392211914
2016-09-10 21:00:00,42.19758987426758
2016-09-10 22:00:00,39.62559509277344
2016-09-10 23:00:00,35.080169677734375
2016-09-11 00:00:00,30.502853393554688
2016-09-11 01:00:00,25.55010986328125
2016-09-11 02:00:00,22.72907066345215
2016-09-11 03:00:00,21.48494529724121
2016-09-11 04:00:00,21.683725357055664
2016-09-11 05:00:00,26.52406883239746
2016-09-11 06:00:00,32.541812896728516
2016-09-11 07:00:00,40.2573127746582
2016-09-11 08:00:00,41.70088195800781
2016-09-11 09:00:00,42.40061950683594
2016-09-11 10:00:00,42.944847106933594
2016-09-11 11:00:00,41.9752082824707
2016-09-11 12:00:00,40.28342056274414
2016-09-11 13:00:00,40.321128845214844
2016-09-11 14:00:00,38.533538818359375
2016-09-11 15:00:00,39.75324249267578
2016-09-11 16:00:00,39.684146881103516
2016-09-11 17:00:00,42.077491760253906
2016-09-11 18:00:00,45.20612716674805
2016-09-11 19:00:00,47.87528991699219
2016-09-11 20:00:00,47.383174896240234
2016-09-11 21:00:00,44.503135681152344
2016-09-11 22:00:00,39.98292541503906
2016-09-11 23:00:00,36.11720275878906
2016-09-12 00:00:00,31.275949478149414
2016-09-12 01:00:00,25.84825325012207
2016-09-12 02:00:00,24.520309448242188
2016-09-12 03:00:00,21.663572311401367
2016-09-12 04:00:00,23.072546005249023
2016-09-12 05:00:00,26.60135269165039
2016-09-12 06:00:00,34.28711700439453
2016-09-12 07:00:00,41.7469596862793
2016-09-12 08:00:00,48.22577667236328
2016-09-12 09:00:00,47.24759292602539
2016-09-12 10:00:00,47.68757247924805
2016-09-12 11:00:00,45.46481704711914
2016-09-12 12:00:00,43.77867889404297
2016-09-12 13:00:00,44.35093688964844
2016-09-12 14:00:00,44.48308181762695
2016-09-12 15:00:00,43.28479766845703
2016-09-12 16:00:00,44.876983642578125
2016-09-12 17:00:00,47.200626373291016
2016-09-12 18:00:00,48.745174407958984
2016-09-12 19:00:00,49.873939514160156
2016-09-12 20:00:00,48.71033477783203
2016-09-12 21:00:00,44.67262649536133
2016-09-12 22:00:00,39.55110168457031
2016-09-12 23:00:00,34.548255920410156
2016-09-13 00:00:00,35.363094329833984
2016-09-13 01:00:00,31.775209426879883
2016-09-13 02:00:00,30.28920555114746
2016-09-13 03:00:00,28.673458099365234
2016-09-13 04:00:00,28.074420928955078
2016-09-13 05:00:00,33.84241485595703
2016-09-13 06:00:00,38.66564178466797
2016-09-13 07:00:00,43.702293395996094
2016-09-13 08:00:00,46.02556610107422
2016-09-13 09:00:00,47.892112731933594
2016-09-13 10:00:00,46.92010498046875
2016-09-13 11:00:00,46.276554107666016
2016-09-13 12:00:00,42.35429382324219
2016-09-13 13:00:00,41.595008850097656
2016-09-13 14:00:00,40.921478271484375
2016-09-13 15:00:00,42.64661407470703
2016-09-13 16:00:00,42.7685432434082
2016-09-13 17:00:00,44.92680358886719
2016-09-13 18:00:00,47.763824462890625
2016-09-13 19:00:00,48.58436584472656
2016-09-13 20:00:00,46.50132369995117
2016-09-13 21:00:00,43.39993667602539
2016-09-13 22:00:00,38.3028450012207
2016-09-13 23:00:00,35.235992431640625
2016-09-14 00:00:00,33.314483642578125
2016-09-14 01:00:00,29.83795928955078
2016-09-14 02:00:00,29.95029067993164
2016-09-14 03:00:00,29.97684669494629
2016-09-14 04:00:00,29.869800567626953
2016-09-14 05:00:00,33.59104537963867
2016-09-14 06:00:00,39.67430114746094
2016-09-14 07:00:00,43.07457733154297
2016-09-14 08:00:00,48.088871002197266
2016-09-14 09:00:00,48.771820068359375
2016-09-14 10:00:00,50.55630111694336
2016-09-14 11:00:00,49.387699127197266
2016-09-14 12:00:00,45.45087432861328
2016-09-14 13:00:00,42.15977478027344
2016-09-14 14:00:00,37.85441970825195
2016-09-14 15:00:00,38.46918487548828
2016-09-14 16:00:00,39.67613983154297
2016-09-14 17:00:00,42.618289947509766
2016-09-14 18:00:00,44.97488021850586
2016-09-14 19:00:00,46.630126953125
2016-09-14 20:00:00,45.921112060546875
2016-09-14 21:00:00,42.05940246582031
2016-09-14 22:00:00,38.78526306152344
2016-09-14 23:00:00,37.685420989990234
2016-09-15 00:00:00,35.91475296020508
2016-09-15 01:00:00,34.07524108886719
2016-09-15 02:00:00,30.81975555419922
2016-09-15 03:00:00,28.944765090942383
2016-09-15 04:00:00,29.842418670654297
2016-09-15 05:00:00,34.040435791015625
2016-09-15 06:00:00,39.555850982666016
2016-09-15 07:00:00,46.60176086425781
2016-09-15 08:00:00,50.20946502685547
2016-09-15 09:00:00,52.13752746582031
2016-09-15 10:00:00,52.1314697265625
2016-09-15 11:00:00,50.21767807006836
2016-09-15 12:00:00,47.064697265625
2016-09-15 13:00:00,44.485595703125
2016-09-15 14:00:00,41.64322280883789
2016-09-15 15:00:00,39.309593200683594
2016-09-15 16:00:00,39.301170349121094
2016-09-15 17:00:00,41.64940643310547
2016-09-15 18:00:00,44.611026763916016
2016-09-15 19:00:00,45.83009719848633
2016-09-15 20:00:00,44.47759246826172
2016-09-15 21:00:00,43.388633728027344
2016-09-15 22:00:00,41.6494140625
2016-09-15 23:00:00,40.03501510620117
2016-09-16 00:00:00,37.65373229980469
2016-09-16 01:00:00,34.471954345703125
2016-09-16 02:00:00,31.28177261352539
2016-09-16 03:00:00,29.70631980895996
2016-09-16 04:00:00,29.720579147338867
2016-09-16 05:00:00,32.274192810058594
2016-09-16 06:00:00,38.50927734375
2016-09-16 07:00:00,42.603492736816406
2016-09-16 08:00:00,45.59339141845703
2016-09-16 09:00:00,48.222904205322266
2016-09-16 10:00:00,47.696929931640625
2016-09-16 11:00:00,46.06596374511719
2016-09-16 12:00:00,44.11870193481445
2016-09-16 13:00:00,40.47076416015625
2016-09-16 14:00:00,38.1862907409668
2016-09-16 15:00:00,37.213714599609375
2016-09-16 16:00:00,36.76531982421875
2016-09-16 17:00:00,38.166831970214844
2016-09-16 18:00:00,41.007041931152344
2016-09-16 19:00:00,41.901649475097656
2016-09-16 20:00:00,41.62137985229492
2016-09-16 21:00:00,39.57110595703125
2016-09-16 22:00:00,38.83330535888672
2016-09-16 23:00:00,36.899085998535156
2016-09-17 00:00:00,27.556575775146484
2016-09-17 01:00:00,24.968549728393555
2016-09-17 02:00:00,22.471527099609375
2016-09-17 03:00:00,19.144119262695312
2016-09-17 04:00:00,16.490543365478516
2016-09-17 05:00:00,17.725297927856445
2016-09-17 06:00:00,21.790372848510742
2016-09-17 07:00:00,27.525827407836914
2016-09-17 08:00:00,30.00800323486328
2016-09-17 09:00:00,32.48259353637695
2016-09-17 10:00:00,31.65692138671875
2016-09-17 11:00:00,33.891788482666016
2016-09-17 12:00:00,33.04523468017578
2016-09-17 13:00:00,30.590133666992188
2016-09-17 14:00:00,30.699092864990234
2016-09-17 15:00:00,29.855731964111328
2016-09-17 16:00:00,29.374557495117188
2016-09-17 17:00:00,31.065837860107422
2016-09-17 18:00:00,34.26725387573242
2016-09-17 19:00:00,36.00739288330078
2016-09-17 20:00:00,34.56349182128906
2016-09-17 21:00:00,32.91916275024414
2016-09-17 22:00:00,31.766935348510742
2016-09-17 23:00:00,28.74568748474121
2016-09-18 00:00:00,25.313793182373047
2016-09-18 01:00:00,22.76420021057129
2016-09-18 02:00:00,19.871049880981445
2016-09-18 03:00:00,16.626026153564453
2016-09-18 04:00:00,14.240942001342773
2016-09-18 05:00:00,15.393409729003906
2016-09-18 06:00:00,18.4971923828125
2016-09-18 07:00:00,23.535438537597656
2016-09-18 08:00:00,26.595848083496094
2016-09-18 09:00:00,28.088172912597656
2016-09-18 10:00:00,29.134571075439453
2016-09-18 11:00:00,31.355854034423828
2016-09-18 12:00:00,31.149295806884766
2016-09-18 13:00:00,29.669940948486328
2016-09-18 14:00:00,28.98171043395996
2016-09-18 15:00:00,30.426109313964844
2016-09-18 16:00:00,29.753562927246094
2016-09-18 17:00:00,32.32172775268555
2016-09-18 18:00:00,34.945343017578125
2016-09-18 19:00:00,38.01704406738281
2016-09-18 20:00:00,36.31430435180664
2016-09-18 21:00:00,34.32939529418945
2016-09-18 22:00:00,32.065460205078125
2016-09-18 23:00:00,30.14377784729004
2016-09-19 00:00:00,27.084980010986328
2016-09-19 01:00:00,23.53985595703125
2016-09-19 02:00:00,20.32018280029297
2016-09-19 03:00:00,17.644046783447266
2016-09-19 04:00:00,17.111526489257812
2016-09-19 05:00:00,20.113571166992188
2016-09-19 06:00:00,26.026948928833008
2016-09-19 07:00:00,32.054874420166016
2016-09-19 08:00:00,35.385623931884766
2016-09-19 09:00:00,37.11021041870117
2016-09-19 10:00:00,38.166656494140625
2016-09-19 11:00:00,37.375946044921875
2016-09-19 12:00:00,37.95002365112305
2016-09-19 13:00:00,35.71420669555664
2016-09-19 14:00:00,35.345272064208984
2016-09-19 15:00:00,34.53763198852539
2016-09-19 16:00:00,35.90754318237305
2016-09-19 17:00:00,37.635868072509766
2016-09-19 18:00:00,40.20823669433594
2016-09-19 19:00:00,41.227291107177734
2016-09-19 20:00:00,40.233726501464844
2016-09-19 21:00:00,36.967681884765625
2016-09-19 22:00:00,35.3403205871582
2016-09-19 23:00:00,32.100223541259766
2016-09-20 00:00:00,28.84174919128418
2016-09-20 01:00:00,26.576618194580078
2016-09-20 02:00:00,24.77428436279297
2016-09-20 03:00:00,21.97203254699707
2016-09-20 04:00:00,23.05748748779297
2016-09-20 05:00:00,26.76219940185547
2016-09-20 06:00:00,33.99186706542969
2016-09-20 07:00:00,40.11475372314453
2016-09-20 08:00:00,45.0749626159668
2016-09-20 09:00:00,44.65572738647461
2016-09-20 10:00:00,44.75324630737305
2016-09-20 11:00:00,43.865882873535156
2016-09-20 12:00:00,43.67810821533203
2016-09-20 13:00:00,41.5074577331543
2016-09-20 14:00:00,40.62989044189453
2016-09-20 15:00:00,40.79644775390625
2016-09-20 16:00:00,40.30040740966797
2016-09-20 17:00:00,41.92983627319336
2016-09-20 18:00:00,43.79842758178711
2016-09-20 19:00:00,44.209896087646484
2016-09-20 20:00:00,42.88105773925781
2016-09-20 21:00:00,38.666038513183594
2016-09-20 22:00:00,37.60123062133789
2016-09-20 23:00:00,33.47980499267578
2016-09-21 00:00:00,36.59178924560547
2016-09-21 01:00:00,32.27888870239258
2016-09-21 02:00:00,28.938186645507812
2016-09-21 03:00:00,26.164987564086914
2016-09-21 04:00:00,28.59647560119629
2016-09-21 05:00:00,31.53122329711914
2016-09-21 06:00:00,34.72169876098633
2016-09-21 07:00:00,40.743934631347656
2016-09-21 08:00:00,44.26741409301758
2016-09-21 09:00:00,47.95747375488281
2016-09-21 10:00:00,49.79737854003906
2016-09-21 11:00:00,48.991519927978516
2016-09-21 12:00:00,46.893062591552734
2016-09-21 13:00:00,42.99983215332031
2016-09-21 14:00:00,40.991546630859375
2016-09-21 15:00:00,41.27184295654297
2016-09-21 16:00:00,42.01710891723633
2016-09-21 17:00:00,45.08806228637695
2016-09-21 18:00:00,44.58475112915039
2016-09-21 19:00:00,47.8819580078125
2016-09-21 20:00:00,48.82273864746094
2016-09-21 21:00:00,47.98583221435547
2016-09-21 22:00:00,46.71954345703125
2016-09-21 23:00:00,43.76051712036133
2016-09-22 00:00:00,38.30895233154297
2016-09-22 01:00:00,33.2479133605957
2016-09-22 02:00:00,28.297056198120117
2016-09-22 03:00:00,26.21363067626953
2016-09-22 04:00:00,28.997663497924805
2016-09-22 05:00:00,31.034130096435547
2016-09-22 06:00:00,35.81204605102539
2016-09-22 07:00:00,39.7359504699707
2016-09-22 08:00:00,45.44624328613281
2016-09-22 09:00:00,50.491573333740234
2016-09-22 10:00:00,49.91570281982422
2016-09-22 11:00:00,47.695308685302734
2016-09-22 12:00:00,47.0930061340332
2016-09-22 13:00:00,43.37960433959961
2016-09-22 14:00:00,41.57559585571289
2016-09-22 15:00:00,40.908180236816406
2016-09-22 16:00:00,39.943748474121094
2016-09-22 17:00:00,41.696266174316406
2016-09-22 18:00:00,44.65583038330078
2016-09-22 19:00:00,46.971012115478516
2016-09-22 20:00:00,48.43138885498047
2016-09-22 21:00:00,47.43370056152344
2016-09-22 22:00:00,44.70458221435547
2016-09-22 23:00:00,42.28400802612305
2016-09-23 00:00:00,37.06816482543945
2016-09-23 01:00:00,32.340187072753906
2016-09-23 02:00:00,29.954387664794922
2016-09-23 03:00:00,26.04367446899414
2016-09-23 04:00:00,25.26278305053711
2016-09-23 05:00:00,28.261220932006836
2016-09-23 06:00:00,32.557884216308594
2016-09-23 07:00:00,36.401390075683594
2016-09-23 08:00:00,42.331119537353516
2016-09-23 09:00:00,45.714115142822266
2016-09-23 10:00:00,47.24570083618164
2016-09-23 11:00:00,44.812713623046875
2016-09-23 12:00:00,44.02939987182617
2016-09-23 13:00:00,40.98772048950195
2016-09-23 14:00:00,37.82221603393555
2016-09-23 15:00:00,37.677886962890625
2016-09-23 16:00:00,37.134727478027344
2016-09-23 17:00:00,39.044254302978516
2016-09-23 18:00:00,40.72140884399414
2016-09-23 19:00:00,42.08573532104492
2016-09-23 20:00:00,45.21607208251953
2016-09-23 21:00:00,41.95606994628906
2016-09-23 22:00:00,41.95074462890625
2016-09-23 23:00:00,37.54285430908203
2016-09-24 00:00:00,33.73855972290039
2016-09-24 01:00:00,28.87187957763672
2016-09-24 02:00:00,26.771156311035156
2016-09-24 03:00:00,22.135547637939453
2016-09-24 04:00:00,21.599796295166016
2016-09-24 05:00:00,25.10240936279297
2016-09-24 06:00:00,30.325088500976562
2016-09-24 07:00:00,30.635007858276367
2016-09-24 08:00:00,35.281639099121094
2016-09-24 09:00:00,38.34044647216797
2016-09-24 10:00:00,40.62933349609375
2016-09-24 11:00:00,39.15126037597656
2016-09-24 12:00:00,37.284366607666016
2016-09-24 13:00:00,34.7077522277832
2016-09-24 14:00:00,32.90876007080078
2016-09-24 15:00:00,32.01683807373047
2016-09-24 16:00:00,32.43112564086914
2016-09-24 17:00:00,33.57356643676758
2016-09-24 18:00:00,36.35100173950195
2016-09-24 19:00:00,40.0791015625
2016-09-24 20:00:00,41.42891311645508
2016-09-24 21:00:00,39.12559127807617
2016-09-24 22:00:00,36.59881591796875
2016-09-24 23:00:00,35.46591567993164
2016-09-25 00:00:00,27.273561477661133
2016-09-25 01:00:00,24.101709365844727
2016-09-25 02:00:00,23.05533790588379
2016-09-25 03:00:00,19.56540870666504
2016-09-25 04:00:00,16.84450912475586
2016-09-25 05:00:00,17.941608428955078
2016-09-25 06:00:00,23.318836212158203
2016-09-25 07:00:00,27.003280639648438
2016-09-25 08:00:00,30.236539840698242
2016-09-25 09:00:00,32.86269760131836
2016-09-25 10:00:00,33.59878158569336
2016-09-25 11:00:00,34.575462341308594
2016-09-25 12:00:00,32.15348815917969
2016-09-25 13:00:00,27.932035446166992
2016-09-25 14:00:00,27.67364501953125
2016-09-25 15:00:00,24.04978370666504
2016-09-25 16:00:00,26.68124771118164
2016-09-25 17:00:00,31.26984977722168
2016-09-25 18:00:00,35.78740692138672
2016-09-25 19:00:00,38.54716491699219
2016-09-25 20:00:00,37.00888442993164
2016-09-25 21:00:00,32.890193939208984
2016-09-25 22:00:00,28.658815383911133
2016-09-25 23:00:00,26.674020767211914
2016-09-26 00:00:00,23.868684768676758
2016-09-26 01:00:00,21.426828384399414
2016-09-26 02:00:00,19.828006744384766
2016-09-26 03:00:00,18.565338134765625
2016-09-26 04:00:00,18.803050994873047
2016-09-26 05:00:00,22.423391342163086
2016-09-26 06:00:00,30.53887939453125
2016-09-26 07:00:00,36.43870544433594
2016-09-26 08:00:00,39.5670051574707
2016-09-26 09:00:00,41.300628662109375
2016-09-26 10:00:00,41.10566711425781
2016-09-26 11:00:00,40.40693664550781
2016-09-26 12:00:00,38.93117904663086
2016-09-26 13:00:00,36.92403030395508
2016-09-26 14:00:00,35.9610595703125
2016-09-26 15:00:00,35.780696868896484
2016-09-26 16:00:00,37.80965042114258
2016-09-26 17:00:00,40.66780471801758
2016-09-26 18:00:00,43.225738525390625
2016-09-26 19:00:00,44.62512969970703
2016-09-26 20:00:00,43.16196060180664
2016-09-26 21:00:00,40.37203598022461
2016-09-26 22:00:00,37.99539566040039
2016-09-26 23:00:00,35.088157653808594
2016-09-27 00:00:00,33.5181884765625
2016-09-27 01:00:00,28.723907470703125
2016-09-27 02:00:00,27.682559967041016
2016-09-27 03:00:00,23.279155731201172
2016-09-27 04:00:00,23.36839485168457
2016-09-27 05:00:00,26.215675354003906
2016-09-27 06:00:00,32.58275604248047
2016-09-27 07:00:00,38.00376892089844
2016-09-27 08:00:00,41.61023712158203
2016-09-27 09:00:00,42.30824661254883
2016-09-27 10:00:00,44.40061950683594
2016-09-27 11:00:00,43.72386169433594
2016-09-27 12:00:00,41.9748420715332
2016-09-27 13:00:00,40.62033462524414
2016-09-27 14:00:00,39.22446060180664
2016-09-27 15:00:00,38.92362976074219
2016-09-27 16:00:00,40.15849685668945
2016-09-27 17:00:00,42.357154846191406
2016-09-27 18:00:00,45.276344299316406
2016-09-27 19:00:00,47.63568115234375
2016-09-27 20:00:00,44.85487365722656
2016-09-27 21:00:00,41.445831298828125
2016-09-27 22:00:00,39.74070358276367
2016-09-27 23:00:00,37.504207611083984
2016-09-28 00:00:00,34.36697006225586
2016-09-28 01:00:00,30.929458618164062
2016-09-28 02:00:00,27.40670394897461
2016-09-28 03:00:00,24.38873291015625
2016-09-28 04:00:00,23.660221099853516
2016-09-28 05:00:00,29.561710357666016
2016-09-28 06:00:00,34.85275650024414
2016-09-28 07:00:00,41.18994903564453
2016-09-28 08:00:00,45.34682846069336
2016-09-28 09:00:00,45.749324798583984
2016-09-28 10:00:00,47.13874053955078
2016-09-28 11:00:00,45.87708282470703
2016-09-28 12:00:00,44.079444885253906
2016-09-28 13:00:00,42.80974578857422
2016-09-28 14:00:00,41.29197692871094
2016-09-28 15:00:00,41.747432708740234
2016-09-28 16:00:00,42.29584503173828
2016-09-28 17:00:00,44.638980865478516
2016-09-28 18:00:00,48.29835510253906
2016-09-28 19:00:00,48.43269348144531
2016-09-28 20:00:00,45.0888786315918
2016-09-28 21:00:00,43.66936111450195
2016-09-28 22:00:00,40.34175109863281
2016-09-28 23:00:00,39.37177276611328
2016-09-29 00:00:00,40.958763122558594
2016-09-29 01:00:00,35.338871002197266
2016-09-29 02:00:00,34.914493560791016
2016-09-29 03:00:00,33.40161895751953
2016-09-29 04:00:00,35.19340515136719
2016-09-29 05:00:00,39.00032424926758
2016-09-29 06:00:00,41.83916091918945
2016-09-29 07:00:00,45.47267532348633
2016-09-29 08:00:00,47.923824310302734
2016-09-29 09:00:00,50.06327438354492
2016-09-29 10:00:00,53.07978820800781
2016-09-29 11:00:00,50.11827087402344
2016-09-29 12:00:00,47.58610534667969
2016-09-29 13:00:00,45.458335876464844
2016-09-29 14:00:00,43.12450408935547
2016-09-29 15:00:00,42.30785369873047
2016-09-29 16:00:00,45.388031005859375
2016-09-29 17:00:00,48.94034194946289
2016-09-29 18:00:00,50.43402862548828
2016-09-29 19:00:00,54.32255554199219
2016-09-29 20:00:00,53.22233963012695
2016-09-29 21:00:00,50.305938720703125
2016-09-29 22:00:00,49.729061126708984
2016-09-29 23:00:00,45.36227798461914
2016-09-30 00:00:00,40.309688568115234
2016-09-30 01:00:00,35.21208572387695
2016-09-30 02:00:00,34.96919631958008
2016-09-30 03:00:00,32.480125427246094
2016-09-30 04:00:00,35.12632369995117
2016-09-30 05:00:00,38.11499786376953
2016-09-30 06:00:00,42.764530181884766
2016-09-30 07:00:00,45.395755767822266
2016-09-30 08:00:00,46.04064178466797
2016-09-30 09:00:00,51.572914123535156
2016-09-30 10:00:00,50.747032165527344
2016-09-30 11:00:00,49.149803161621094
2016-09-30 12:00:00,48.43576431274414
2016-09-30 13:00:00,44.04838943481445
2016-09-30 14:00:00,43.69502639770508
2016-09-30 15:00:00,41.002655029296875
2016-09-30 16:00:00,44.00420379638672
2016-09-30 17:00:00,42.3028678894043
2016-09-30 18:00:00,45.46769714355469
2016-09-30 19:00:00,48.15943145751953
2016-09-30 20:00:00,47.6466064453125
2016-09-30 21:00:00,44.63688278198242
2016-09-30 22:00:00,45.50223922729492
2016-09-30 23:00:00,40.55670928955078
2016-10-01 00:00:00,35.797210693359375
2016-10-01 01:00:00,32.24912643432617
2016-10-01 02:00:00,29.493762969970703
2016-10-01 03:00:00,27.018550872802734
2016-10-01 04:00:00,26.40229034423828
2016-10-01 05:00:00,28.68334197998047
2016-10-01 06:00:00,33.833370208740234
2016-10-01 07:00:00,36.316383361816406
2016-10-01 08:00:00,39.636085510253906
2016-10-01 09:00:00,40.831424713134766
2016-10-01 10:00:00,42.67880630493164
2016-10-01 11:00:00,37.204463958740234
2016-10-01 12:00:00,39.110206604003906
2016-10-01 13:00:00,35.98516082763672
2016-10-01 14:00:00,34.35829544067383
2016-10-01 15:00:00,33.34767532348633
2016-10-01 16:00:00,34.226348876953125
2016-10-01 17:00:00,35.48006057739258
2016-10-01 18:00:00,37.757755279541016
2016-10-01 19:00:00,40.46047592163086
2016-10-01 20:00:00,43.191566467285156
2016-10-01 21:00:00,43.07756423950195
2016-10-01 22:00:00,37.08387756347656
2016-10-01 23:00:00,36.44160079956055
2016-10-02 00:00:00,30.17826271057129
2016-10-02 01:00:00,26.76680564880371
2016-10-02 02:00:00,21.218870162963867
2016-10-02 03:00:00,21.846534729003906
2016-10-02 04:00:00,19.855709075927734
2016-10-02 05:00:00,23.826396942138672
2016-10-02 06:00:00,30.66774559020996
2016-10-02 07:00:00,29.922231674194336
2016-10-02 08:00:00,33.02777099609375
2016-10-02 09:00:00,37.21317672729492
2016-10-02 10:00:00,37.08578109741211
2016-10-02 11:00:00,33.88414764404297
2016-10-02 12:00:00,33.27429962158203
2016-10-02 13:00:00,31.28269386291504
2016-10-02 14:00:00,28.7797908782959
2016-10-02 15:00:00,30.20600128173828
2016-10-02 16:00:00,30.43926239013672
2016-10-02 17:00:00,34.67673873901367
2016-10-02 18:00:00,39.56897735595703
2016-10-02 19:00:00,43.06498718261719
2016-10-02 20:00:00,43.89549255371094
2016-10-02 21:00:00,42.51486587524414
2016-10-02 22:00:00,40.9238166809082
2016-10-02 23:00:00,38.527618408203125
2016-10-03 00:00:00,31.972875595092773
2016-10-03 01:00:00,31.51118278503418
2016-10-03 02:00:00,28.50973129272461
2016-10-03 03:00:00,25.934511184692383
2016-10-03 04:00:00,25.38467025756836
2016-10-03 05:00:00,23.960350036621094
2016-10-03 06:00:00,26.523176193237305
2016-10-03 07:00:00,29.289548873901367
2016-10-03 08:00:00,32.100738525390625
2016-10-03 09:00:00,34.68733215332031
2016-10-03 10:00:00,36.27594757080078
2016-10-03 11:00:00,34.81113052368164
2016-10-03 12:00:00,33.978607177734375
2016-10-03 13:00:00,33.105594635009766
2016-10-03 14:00:00,31.201324462890625
2016-10-03 15:00:00,30.185134887695312
2016-10-03 16:00:00,27.685644149780273
2016-10-03 17:00:00,28.601547241210938
2016-10-03 18:00:00,28.080585479736328
2016-10-03 19:00:00,31.783342361450195
2016-10-03 20:00:00,33.910919189453125
2016-10-03 21:00:00,34.87049865722656
2016-10-03 22:00:00,34.219886779785156
2016-10-03 23:00:00,33.49131774902344
2016-10-04 00:00:00,31.948753356933594
2016-10-04 01:00:00,30.167129516601562
2016-10-04 02:00:00,27.761552810668945
2016-10-04 03:00:00,24.95388412475586
2016-10-04 04:00:00,23.717866897583008
2016-10-04 05:00:00,24.27578353881836
2016-10-04 06:00:00,28.300827026367188
2016-10-04 07:00:00,34.34876251220703
2016-10-04 08:00:00,34.22859573364258
2016-10-04 09:00:00,32.711769104003906
2016-10-04 10:00:00,32.870079040527344
2016-10-04 11:00:00,33.58273696899414
2016-10-04 12:00:00,33.482826232910156
2016-10-04 13:00:00,31.047746658325195
2016-10-04 14:00:00,30.344730377197266
2016-10-04 15:00:00,28.248783111572266
2016-10-04 16:00:00,29.402114868164062
2016-10-04 17:00:00,29.85224151611328
2016-10-04 18:00:00,34.38909912109375
2016-10-04 19:00:00,35.87542724609375
2016-10-04 20:00:00,36.826663970947266
2016-10-04 21:00:00,36.5372428894043
2016-10-04 22:00:00,35.341102600097656
2016-10-04 23:00:00,34.3897590637207
2016-10-05 00:00:00,32.62391662597656
2016-10-05 01:00:00,29.891010284423828
2016-10-05 02:00:00,26.30575942993164
2016-10-05 03:00:00,22.817523956298828
2016-10-05 04:00:00,21.829425811767578
2016-10-05 05:00:00,22.617021560668945
2016-10-05 06:00:00,24.927339553833008
2016-10-05 07:00:00,34.14089584350586
2016-10-05 08:00:00,38.29024887084961
2016-10-05 09:00:00,41.218505859375
2016-10-05 10:00:00,41.97428894042969
2016-10-05 11:00:00,41.12316131591797
2016-10-05 12:00:00,39.226749420166016
2016-10-05 13:00:00,35.92591857910156
2016-10-05 14:00:00,34.80769729614258
2016-10-05 15:00:00,32.510841369628906
2016-10-05 16:00:00,32.91044235229492
2016-10-05 17:00:00,35.28548049926758
2016-10-05 18:00:00,38.476558685302734
2016-10-05 19:00:00,43.078495025634766
2016-10-05 20:00:00,42.0018196105957
2016-10-05 21:00:00,40.81761169433594
2016-10-05 22:00:00,38.1395263671875
2016-10-05 23:00:00,35.91661834716797
2016-10-06 00:00:00,32.978145599365234
2016-10-06 01:00:00,29.799776077270508
2016-10-06 02:00:00,26.09420394897461
2016-10-06 03:00:00,22.806793212890625
2016-10-06 04:00:00,23.043296813964844
2016-10-06 05:00:00,26.17828369140625
2016-10-06 06:00:00,32.46321105957031
2016-10-06 07:00:00,41.80724334716797
2016-10-06 08:00:00,40.85126876831055
2016-10-06 09:00:00,41.374046325683594
2016-10-06 10:00:00,42.99055099487305
2016-10-06 11:00:00,43.84064483642578
2016-10-06 12:00:00,40.71015930175781
2016-10-06 13:00:00,39.32647705078125
2016-10-06 14:00:00,36.83919906616211
2016-10-06 15:00:00,36.40415573120117
2016-10-06 16:00:00,38.06817626953125
2016-10-06 17:00:00,40.9584846496582
2016-10-06 18:00:00,46.64903259277344
2016-10-06 19:00:00,48.424381256103516
2016-10-06 20:00:00,46.93512725830078
2016-10-06 21:00:00,44.557899475097656
2016-10-06 22:00:00,41.44382095336914
2016-10-06 23:00:00,39.67066955566406
2016-10-07 00:00:00,36.00393295288086
2016-10-07 01:00:00,32.387359619140625
2016-10-07 02:00:00,25.825260162353516
2016-10-07 03:00:00,22.13985824584961
2016-10-07 04:00:00,19.561838150024414
2016-10-07 05:00:00,25.230552673339844
2016-10-07 06:00:00,41.99681091308594
2016-10-07 07:00:00,51.56443405151367
2016-10-07 08:00:00,56.47804641723633
2016-10-07 09:00:00,55.14837646484375
2016-10-07 10:00:00,55.76759338378906
2016-10-07 11:00:00,53.41777038574219
2016-10-07 12:00:00,49.72914123535156
2016-10-07 13:00:00,44.356964111328125
2016-10-07 14:00:00,44.71113967895508
2016-10-07 15:00:00,43.24418258666992
2016-10-07 16:00:00,42.482975006103516
2016-10-07 17:00:00,42.585723876953125
2016-10-07 18:00:00,52.249412536621094
2016-10-07 19:00:00,57.717247009277344
2016-10-07 20:00:00,54.44097137451172
2016-10-07 21:00:00,48.5101203918457
2016-10-07 22:00:00,45.03748321533203
2016-10-07 23:00:00,40.22236633300781
2016-10-08 00:00:00,35.978538513183594
2016-10-08 01:00:00,29.881324768066406
2016-10-08 02:00:00,25.72536277770996
2016-10-08 03:00:00,21.151527404785156
2016-10-08 04:00:00,16.27801513671875
2016-10-08 05:00:00,19.899429321289062
2016-10-08 06:00:00,32.78069305419922
2016-10-08 07:00:00,45.29225540161133
2016-10-08 08:00:00,47.350563049316406
2016-10-08 09:00:00,47.07405471801758
2016-10-08 10:00:00,45.9166374206543
2016-10-08 11:00:00,43.91468048095703
2016-10-08 12:00:00,39.26469039916992
2016-10-08 13:00:00,36.77286148071289
2016-10-08 14:00:00,34.8004150390625
2016-10-08 15:00:00,33.677669525146484
2016-10-08 16:00:00,33.10129928588867
2016-10-08 17:00:00,39.41118240356445
2016-10-08 18:00:00,50.40989303588867
2016-10-08 19:00:00,56.90250778198242
2016-10-08 20:00:00,54.99662399291992
2016-10-08 21:00:00,50.44554138183594
2016-10-08 22:00:00,41.997764587402344
2016-10-08 23:00:00,36.96250915527344
2016-10-09 00:00:00,32.806251525878906
2016-10-09 01:00:00,30.70445442199707
2016-10-09 02:00:00,26.505897521972656
2016-10-09 03:00:00,19.205352783203125
2016-10-09 04:00:00,16.13109016418457
2016-10-09 05:00:00,23.81037139892578
2016-10-09 06:00:00,36.5866584777832
2016-10-09 07:00:00,51.272274017333984
2016-10-09 08:00:00,55.96403503417969
2016-10-09 09:00:00,55.27062225341797
2016-10-09 10:00:00,55.023155212402344
2016-10-09 11:00:00,51.93473815917969
2016-10-09 12:00:00,46.97649002075195
2016-10-09 13:00:00,45.30253982543945
2016-10-09 14:00:00,46.03217315673828
2016-10-09 15:00:00,43.35392761230469
2016-10-09 16:00:00,41.7824592590332
2016-10-09 17:00:00,45.98130798339844
2016-10-09 18:00:00,56.16011428833008
2016-10-09 19:00:00,60.12316131591797
2016-10-09 20:00:00,56.47503662109375
2016-10-09 21:00:00,49.399085998535156
2016-10-09 22:00:00,42.61705780029297
2016-10-09 23:00:00,37.09710693359375
2016-10-10 00:00:00,34.80052185058594
2016-10-10 01:00:00,26.8957462310791
2016-10-10 02:00:00,21.503276824951172
2016-10-10 03:00:00,20.60399627685547
2016-10-10 04:00:00,18.813932418823242
2016-10-10 05:00:00,27.43309783935547
2016-10-10 06:00:00,44.98870849609375
2016-10-10 07:00:00,55.273128509521484
2016-10-10 08:00:00,61.41273498535156
2016-10-10 09:00:00,63.341156005859375
2016-10-10 10:00:00,61.32292175292969
2016-10-10 11:00:00,59.71146774291992
2016-10-10 12:00:00,54.609519958496094
2016-10-10 13:00:00,51.01380920410156
2016-10-10 14:00:00,46.940834045410156
2016-10-10 15:00:00,44.71928405761719
2016-10-10 16:00:00,42.13849639892578
2016-10-10 17:00:00,43.72983932495117
2016-10-10 18:00:00,51.870826721191406
2016-10-10 19:00:00,56.756446838378906
2016-10-10 20:00:00,56.99125289916992
2016-10-10 21:00:00,49.77821350097656
2016-10-10 22:00:00,45.61491775512695
2016-10-10 23:00:00,41.092674255371094
2016-10-11 00:00:00,52.6214599609375
2016-10-11 01:00:00,47.96698760986328
2016-10-11 02:00:00,43.74699401855469
2016-10-11 03:00:00,40.10774612426758
2016-10-11 04:00:00,40.55707550048828
2016-10-11 05:00:00,48.30179977416992
2016-10-11 06:00:00,56.74927520751953
2016-10-11 07:00:00,66.74104309082031
2016-10-11 08:00:00,68.42697143554688
2016-10-11 09:00:00,67.61430358886719
2016-10-11 10:00:00,66.4740982055664
2016-10-11 11:00:00,65.635986328125
2016-10-11 12:00:00,62.27206039428711
2016-10-11 13:00:00,60.367591857910156
2016-10-11 14:00:00,58.52764129638672
2016-10-11 15:00:00,59.401580810546875
2016-10-11 16:00:00,58.71775817871094
2016-10-11 17:00:00,62.40771484375
2016-10-11 18:00:00,68.8397445678711
2016-10-11 19:00:00,72.30148315429688
2016-10-11 20:00:00,68.45585632324219
2016-10-11 21:00:00,62.875816345214844
2016-10-11 22:00:00,58.483882904052734
2016-10-11 23:00:00,54.26420974731445
2016-10-12 00:00:00,50.54509353637695
2016-10-12 01:00:00,43.466548919677734
2016-10-12 02:00:00,39.381195068359375
2016-10-12 03:00:00,37.80528259277344
2016-10-12 04:00:00,36.970741271972656
2016-10-12 05:00:00,44.41154479980469
2016-10-12 06:00:00,49.751747131347656
2016-10-12 07:00:00,58.48747253417969
2016-10-12 08:00:00,64.733154296875
2016-10-12 09:00:00,67.87134552001953
2016-10-12 10:00:00,68.8134536743164
2016-10-12 11:00:00,65.99295043945312
2016-10-12 12:00:00,62.51641845703125
2016-10-12 13:00:00,59.19995880126953
2016-10-12 14:00:00,56.709556579589844
2016-10-12 15:00:00,56.5428352355957
2016-10-12 16:00:00,56.81926345825195
2016-10-12 17:00:00,61.528648376464844
2016-10-12 18:00:00,65.00456237792969
2016-10-12 19:00:00,68.60403442382812
2016-10-12 20:00:00,65.88009643554688
2016-10-12 21:00:00,61.21614074707031
2016-10-12 22:00:00,53.94108200073242
2016-10-12 23:00:00,51.05839920043945
2016-10-13 00:00:00,47.526268005371094
2016-10-13 01:00:00,43.51362991333008
2016-10-13 02:00:00,38.80790710449219
2016-10-13 03:00:00,36.39072036743164
2016-10-13 04:00:00,37.35707092285156
2016-10-13 05:00:00,44.721797943115234
2016-10-13 06:00:00,55.28981018066406
2016-10-13 07:00:00,65.8898696899414
2016-10-13 08:00:00,72.02943420410156
2016-10-13 09:00:00,73.4206771850586
2016-10-13 10:00:00,73.04611206054688
2016-10-13 11:00:00,70.59668731689453
2016-10-13 12:00:00,66.67497253417969
2016-10-13 13:00:00,61.927459716796875
2016-10-13 14:00:00,57.45490646362305
2016-10-13 15:00:00,56.455657958984375
2016-10-13 16:00:00,56.24837875366211
2016-10-13 17:00:00,59.844093322753906
2016-10-13 18:00:00,66.49517822265625
2016-10-13 19:00:00,71.11984252929688
2016-10-13 20:00:00,68.087890625
2016-10-13 21:00:00,64.13411712646484
2016-10-13 22:00:00,57.464412689208984
2016-10-13 23:00:00,54.504764556884766
2016-10-14 00:00:00,50.961734771728516
2016-10-14 01:00:00,47.18217086791992
2016-10-14 02:00:00,42.2032585144043
2016-10-14 03:00:00,39.732662200927734
2016-10-14 04:00:00,40.60153579711914
2016-10-14 05:00:00,45.72709274291992
2016-10-14 06:00:00,56.316165924072266
2016-10-14 07:00:00,63.234336853027344
2016-10-14 08:00:00,65.23627471923828
2016-10-14 09:00:00,67.40775299072266
2016-10-14 10:00:00,66.90282440185547
2016-10-14 11:00:00,64.96259307861328
2016-10-14 12:00:00,62.23118591308594
2016-10-14 13:00:00,57.926170349121094
2016-10-14 14:00:00,57.79434585571289
2016-10-14 15:00:00,55.1481819152832
2016-10-14 16:00:00,54.51465606689453
2016-10-14 17:00:00,57.034873962402344
2016-10-14 18:00:00,63.783607482910156
2016-10-14 19:00:00,64.89848327636719
2016-10-14 20:00:00,64.14208984375
2016-10-14 21:00:00,57.30719757080078
2016-10-14 22:00:00,55.61243438720703
2016-10-14 23:00:00,53.345306396484375
2016-10-15 00:00:00,40.07732391357422
2016-10-15 01:00:00,36.81688690185547
2016-10-15 02:00:00,38.284385681152344
2016-10-15 03:00:00,38.302001953125
2016-10-15 04:00:00,36.44371795654297
2016-10-15 05:00:00,37.6757698059082
2016-10-15 06:00:00,47.413597106933594
2016-10-15 07:00:00,56.07804870605469
2016-10-15 08:00:00,59.9710578918457
2016-10-15 09:00:00,65.86392974853516
2016-10-15 10:00:00,67.79854583740234
2016-10-15 11:00:00,68.6339340209961
2016-10-15 12:00:00,64.13833618164062
2016-10-15 13:00:00,56.7002067565918
2016-10-15 14:00:00,55.63348388671875
2016-10-15 15:00:00,50.92133331298828
2016-10-15 16:00:00,43.72715377807617
2016-10-15 17:00:00,42.0906982421875
2016-10-15 18:00:00,56.93627166748047
2016-10-15 19:00:00,67.1944808959961
2016-10-15 20:00:00,63.152950286865234
2016-10-15 21:00:00,53.56581115722656
2016-10-15 22:00:00,50.03163146972656
2016-10-15 23:00:00,46.07122039794922
2016-10-16 00:00:00,42.291358947753906
2016-10-16 01:00:00,37.86309051513672
2016-10-16 02:00:00,31.612911224365234
2016-10-16 03:00:00,32.481475830078125
2016-10-16 04:00:00,29.746307373046875
2016-10-16 05:00:00,33.691070556640625
2016-10-16 06:00:00,42.33892059326172
2016-10-16 07:00:00,50.80259323120117
2016-10-16 08:00:00,53.798858642578125
2016-10-16 09:00:00,57.70616912841797
2016-10-16 10:00:00,60.63466262817383
2016-10-16 11:00:00,61.390628814697266
2016-10-16 12:00:00,56.40585708618164
2016-10-16 13:00:00,51.94720458984375
2016-10-16 14:00:00,53.491397857666016
2016-10-16 15:00:00,49.964332580566406
2016-10-16 16:00:00,45.42632293701172
2016-10-16 17:00:00,48.21270751953125
2016-10-16 18:00:00,60.104713439941406
2016-10-16 19:00:00,69.68714904785156
2016-10-16 20:00:00,66.74161529541016
2016-10-16 21:00:00,57.99346160888672
2016-10-16 22:00:00,53.39643096923828
2016-10-16 23:00:00,52.481781005859375
2016-10-17 00:00:00,48.26731872558594
2016-10-17 01:00:00,43.773529052734375
2016-10-17 02:00:00,39.988773345947266
2016-10-17 03:00:00,36.34402084350586
2016-10-17 04:00:00,38.453128814697266
2016-10-17 05:00:00,41.661354064941406
2016-10-17 06:00:00,54.736053466796875
2016-10-17 07:00:00,64.37380981445312
2016-10-17 08:00:00,68.69801330566406
2016-10-17 09:00:00,70.40757751464844
2016-10-17 10:00:00,72.46959686279297
2016-10-17 11:00:00,68.27899932861328
2016-10-17 12:00:00,66.6871337890625
2016-10-17 13:00:00,63.47084426879883
2016-10-17 14:00:00,61.75895690917969
2016-10-17 15:00:00,58.626869201660156
2016-10-17 16:00:00,53.44816589355469
2016-10-17 17:00:00,57.583091735839844
2016-10-17 18:00:00,68.70079040527344
2016-10-17 19:00:00,79.96111297607422
2016-10-17 20:00:00,73.5293197631836
2016-10-17 21:00:00,61.917625427246094
2016-10-17 22:00:00,56.98686981201172
2016-10-17 23:00:00,56.49992370605469
2016-10-18 00:00:00,53.31696701049805
2016-10-18 01:00:00,46.243553161621094
2016-10-18 02:00:00,44.7069091796875
2016-10-18 03:00:00,42.95125961303711
2016-10-18 04:00:00,42.85433578491211
2016-10-18 05:00:00,49.238792419433594
2016-10-18 06:00:00,62.539039611816406
2016-10-18 07:00:00,72.3486099243164
2016-10-18 08:00:00,75.43341064453125
2016-10-18 09:00:00,71.88665771484375
2016-10-18 10:00:00,72.65379333496094
2016-10-18 11:00:00,71.4009780883789
2016-10-18 12:00:00,69.37179565429688
2016-10-18 13:00:00,68.46414947509766
2016-10-18 14:00:00,69.34516143798828
2016-10-18 15:00:00,66.2071533203125
2016-10-18 16:00:00,61.00495147705078
2016-10-18 17:00:00,61.24620819091797
2016-10-18 18:00:00,70.89370727539062
2016-10-18 19:00:00,79.65104675292969
2016-10-18 20:00:00,74.74411010742188
2016-10-18 21:00:00,63.1070671081543
2016-10-18 22:00:00,57.7374267578125
2016-10-18 23:00:00,57.07386779785156
2016-10-19 00:00:00,56.85371398925781
2016-10-19 01:00:00,50.27592086791992
2016-10-19 02:00:00,50.91007614135742
2016-10-19 03:00:00,47.82770538330078
2016-10-19 04:00:00,51.58182144165039
2016-10-19 05:00:00,58.6862678527832
2016-10-19 06:00:00,65.517578125
2016-10-19 07:00:00,73.87627410888672
2016-10-19 08:00:00,75.51666259765625
2016-10-19 09:00:00,80.10346221923828
2016-10-19 10:00:00,79.53384399414062
2016-10-19 11:00:00,76.83074951171875
2016-10-19 12:00:00,69.96790313720703
2016-10-19 13:00:00,63.211116790771484
2016-10-19 14:00:00,58.61919021606445
2016-10-19 15:00:00,63.18635559082031
2016-10-19 16:00:00,65.17230224609375
2016-10-19 17:00:00,73.13260650634766
2016-10-19 18:00:00,75.43141174316406
2016-10-19 19:00:00,77.67878723144531
2016-10-19 20:00:00,79.36630249023438
2016-10-19 21:00:00,75.85037994384766
2016-10-19 22:00:00,71.23139190673828
2016-10-19 23:00:00,67.28179168701172
2016-10-20 00:00:00,60.17784881591797
2016-10-20 01:00:00,52.83902359008789
2016-10-20 02:00:00,48.01882553100586
2016-10-20 03:00:00,46.94648361206055
2016-10-20 04:00:00,52.62626266479492
2016-10-20 05:00:00,57.110939025878906
2016-10-20 06:00:00,66.0767593383789
2016-10-20 07:00:00,68.99891662597656
2016-10-20 08:00:00,77.60384368896484
2016-10-20 09:00:00,84.66768646240234
2016-10-20 10:00:00,80.18631744384766
2016-10-20 11:00:00,74.68159484863281
2016-10-20 12:00:00,72.1659927368164
2016-10-20 13:00:00,64.64832305908203
2016-10-20 14:00:00,62.24692916870117
2016-10-20 15:00:00,61.81743240356445
2016-10-20 16:00:00,62.9478759765625
2016-10-20 17:00:00,69.15750122070312
2016-10-20 18:00:00,73.27758026123047
2016-10-20 19:00:00,76.76368713378906
2016-10-20 20:00:00,77.22038269042969
2016-10-20 21:00:00,74.32861328125
2016-10-20 22:00:00,66.54373168945312
2016-10-20 23:00:00,63.8327751159668
2016-10-21 00:00:00,58.680686950683594
2016-10-21 01:00:00,50.82517623901367
2016-10-21 02:00:00,49.21236801147461
2016-10-21 03:00:00,44.625
2016-10-21 04:00:00,47.19660568237305
2016-10-21 05:00:00,51.64519500732422
2016-10-21 06:00:00,56.7870979309082
2016-10-21 07:00:00,63.55834197998047
2016-10-21 08:00:00,71.07377624511719
2016-10-21 09:00:00,72.81918334960938
2016-10-21 10:00:00,73.86553955078125
2016-10-21 11:00:00,67.79383850097656
2016-10-21 12:00:00,64.76014709472656
2016-10-21 13:00:00,58.57342529296875
2016-10-21 14:00:00,55.820072174072266
2016-10-21 15:00:00,55.26597213745117
2016-10-21 16:00:00,55.87387466430664
2016-10-21 17:00:00,61.62393569946289
2016-10-21 18:00:00,65.89131927490234
2016-10-21 19:00:00,68.666015625
2016-10-21 20:00:00,69.49317932128906
2016-10-21 21:00:00,64.07463073730469
2016-10-21 22:00:00,61.949256896972656
2016-10-21 23:00:00,54.43876647949219
2016-10-22 00:00:00,50.80915832519531
2016-10-22 01:00:00,45.149192810058594
2016-10-22 02:00:00,41.558319091796875
2016-10-22 03:00:00,36.53184127807617
2016-10-22 04:00:00,37.58123016357422
2016-10-22 05:00:00,42.21348571777344
2016-10-22 06:00:00,50.693763732910156
2016-10-22 07:00:00,51.94676208496094
2016-10-22 08:00:00,57.238914489746094
2016-10-22 09:00:00,59.10093688964844
2016-10-22 10:00:00,60.15174865722656
2016-10-22 11:00:00,56.06797409057617
2016-10-22 12:00:00,48.779541015625
2016-10-22 13:00:00,45.324493408203125
2016-10-22 14:00:00,43.6837043762207
2016-10-22 15:00:00,42.56610870361328
2016-10-22 16:00:00,45.30418395996094
2016-10-22 17:00:00,49.83039855957031
2016-10-22 18:00:00,57.350826263427734
2016-10-22 19:00:00,61.27287673950195
2016-10-22 20:00:00,59.849308013916016
2016-10-22 21:00:00,53.94453430175781
2016-10-22 22:00:00,51.17802810668945
2016-10-22 23:00:00,47.16984558105469
2016-10-23 00:00:00,46.42202377319336
2016-10-23 01:00:00,38.151512145996094
2016-10-23 02:00:00,35.3049430847168
2016-10-23 03:00:00,32.2708854675293
2016-10-23 04:00:00,35.14079284667969
2016-10-23 05:00:00,35.29543685913086
2016-10-23 06:00:00,47.82600402832031
2016-10-23 07:00:00,60.35709762573242
2016-10-23 08:00:00,64.97020721435547
2016-10-23 09:00:00,65.9354248046875
2016-10-23 10:00:00,63.61906433105469
2016-10-23 11:00:00,62.73093795776367
2016-10-23 12:00:00,58.910484313964844
2016-10-23 13:00:00,52.01441955566406
2016-10-23 14:00:00,51.761375427246094
2016-10-23 15:00:00,49.581356048583984
2016-10-23 16:00:00,55.004512786865234
2016-10-23 17:00:00,62.55534362792969
2016-10-23 18:00:00,76.10862731933594
2016-10-23 19:00:00,82.01668548583984
2016-10-23 20:00:00,73.56459045410156
2016-10-23 21:00:00,62.605552673339844
2016-10-23 22:00:00,53.338623046875
2016-10-23 23:00:00,52.469905853271484
2016-10-24 00:00:00,43.23357391357422
2016-10-24 01:00:00,34.43038558959961
2016-10-24 02:00:00,31.012958526611328
2016-10-24 03:00:00,31.323402404785156
2016-10-24 04:00:00,33.191383361816406
2016-10-24 05:00:00,41.54084396362305
2016-10-24 06:00:00,57.35260772705078
2016-10-24 07:00:00,67.74400329589844
2016-10-24 08:00:00,73.06494140625
2016-10-24 09:00:00,76.53899383544922
2016-10-24 10:00:00,76.38172912597656
2016-10-24 11:00:00,74.77281188964844
2016-10-24 12:00:00,71.03889465332031
2016-10-24 13:00:00,70.0233383178711
2016-10-24 14:00:00,67.68470001220703
2016-10-24 15:00:00,69.30472564697266
2016-10-24 16:00:00,74.04459381103516
2016-10-24 17:00:00,76.08806610107422
2016-10-24 18:00:00,84.60884857177734
2016-10-24 19:00:00,87.68695831298828
2016-10-24 20:00:00,79.58356475830078
2016-10-24 21:00:00,69.17073822021484
2016-10-24 22:00:00,67.27497100830078
2016-10-24 23:00:00,62.616851806640625
2016-10-25 00:00:00,55.99331283569336
2016-10-25 01:00:00,43.25675964355469
2016-10-25 02:00:00,41.17906188964844
2016-10-25 03:00:00,37.27486038208008
2016-10-25 04:00:00,38.2794189453125
2016-10-25 05:00:00,48.21153259277344
2016-10-25 06:00:00,61.88812255859375
2016-10-25 07:00:00,77.9302978515625
2016-10-25 08:00:00,80.25440979003906
2016-10-25 09:00:00,79.26200103759766
2016-10-25 10:00:00,84.8831558227539
2016-10-25 11:00:00,80.84693908691406
2016-10-25 12:00:00,78.98270416259766
2016-10-25 13:00:00,75.03990936279297
2016-10-25 14:00:00,71.413330078125
2016-10-25 15:00:00,70.1921157836914
2016-10-25 16:00:00,73.25901794433594
2016-10-25 17:00:00,74.86732482910156
2016-10-25 18:00:00,84.65861511230469
2016-10-25 19:00:00,86.86227416992188
2016-10-25 20:00:00,75.22933197021484
2016-10-25 21:00:00,69.0677261352539
2016-10-25 22:00:00,66.15991973876953
2016-10-25 23:00:00,62.10847854614258
2016-10-26 00:00:00,55.15350341796875
2016-10-26 01:00:00,45.76866149902344
2016-10-26 02:00:00,40.855934143066406
2016-10-26 03:00:00,34.636714935302734
2016-10-26 04:00:00,34.03895950317383
2016-10-26 05:00:00,47.62501907348633
2016-10-26 06:00:00,62.54717254638672
2016-10-26 07:00:00,75.6874771118164
2016-10-26 08:00:00,87.64301300048828
2016-10-26 09:00:00,87.13932037353516
2016-10-26 10:00:00,90.22866821289062
2016-10-26 11:00:00,86.16590118408203
2016-10-26 12:00:00,78.72848510742188
2016-10-26 13:00:00,76.43187713623047
2016-10-26 14:00:00,72.90066528320312
2016-10-26 15:00:00,70.29984283447266
2016-10-26 16:00:00,73.6394271850586
2016-10-26 17:00:00,79.97679138183594
2016-10-26 18:00:00,90.24160766601562
2016-10-26 19:00:00,91.91160583496094
2016-10-26 20:00:00,78.17282104492188
2016-10-26 21:00:00,71.2770004272461
2016-10-26 22:00:00,65.8958740234375
2016-10-26 23:00:00,66.48502349853516
2016-10-27 00:00:00,57.431724548339844
2016-10-27 01:00:00,56.24333572387695
2016-10-27 02:00:00,55.331302642822266
2016-10-27 03:00:00,54.23672866821289
2016-10-27 04:00:00,53.31776809692383
2016-10-27 05:00:00,52.293819427490234
2016-10-27 06:00:00,51.3836669921875
2016-10-27 07:00:00,50.415687561035156
2016-10-27 08:00:00,49.52349090576172
2016-10-27 09:00:00,48.6020622253418
2016-10-27 10:00:00,47.73295593261719
2016-10-27 11:00:00,46.85187911987305
2016-10-27 12:00:00,46.008567810058594
2016-10-27 13:00:00,45.16361999511719
2016-10-27 14:00:00,44.34733200073242
2016-10-27 15:00:00,43.5355224609375
2016-10-27 16:00:00,42.746604919433594
2016-10-27 17:00:00,41.965702056884766
2016-10-27 18:00:00,41.203975677490234
2016-10-27 19:00:00,40.45223617553711
2016-10-27 20:00:00,39.71721267700195
2016-10-27 21:00:00,38.99319839477539
2016-10-27 22:00:00,38.284217834472656
2016-10-27 23:00:00,37.586692810058594
2016-10-28 00:00:00,36.90299987792969
2016-10-28 01:00:00,36.230865478515625
2016-10-28 02:00:00,35.571659088134766
2016-10-28 03:00:00,34.92390823364258
2016-10-28 04:00:00,34.28837203979492
2016-10-28 05:00:00,33.6640739440918
2016-10-28 06:00:00,33.05139923095703
2016-10-28 07:00:00,32.449676513671875
2016-10-28 08:00:00,31.85906410217285
2016-10-28 09:00:00,31.27907943725586
2016-10-28 10:00:00,30.709747314453125
2016-10-28 11:00:00,30.15070343017578
2016-10-28 12:00:00,29.601896286010742
2016-10-28 13:00:00,29.063032150268555
2016-10-28 14:00:00,28.534013748168945
2016-10-28 15:00:00,28.014596939086914
2016-10-28 16:00:00,27.504655838012695
2016-10-28 17:00:00,27.00398063659668
2016-10-28 18:00:00,26.512432098388672
2016-10-28 19:00:00,26.029821395874023
2016-10-28 20:00:00,25.55600357055664
2016-10-28 21:00:00,25.090805053710938
2016-10-28 22:00:00,24.634078979492188
2016-10-28 23:00:00,24.1856632232666
2016-10-29 00:00:00,23.745412826538086
2016-10-29 01:00:00,23.313173294067383
2016-10-29 02:00:00,22.888803482055664
2016-10-29 03:00:00,22.472158432006836
2016-10-29 04:00:00,22.06309700012207
2016-10-29 05:00:00,21.661481857299805
2016-10-29 06:00:00,21.26717758178711
2016-10-29 07:00:00,20.880050659179688
2016-10-29 08:00:00,20.499971389770508
2016-10-29 09:00:00,20.12681007385254
2016-10-29 10:00:00,19.760440826416016
2016-10-29 11:00:00,19.400741577148438
2016-10-29 12:00:00,19.047590255737305
2016-10-29 13:00:00,18.70086669921875
2016-10-29 14:00:00,18.360454559326172
2016-10-29 15:00:00,18.0262393951416
2016-10-29 16:00:00,17.69810676574707
2016-10-29 17:00:00,17.375947952270508
2016-10-29 18:00:00,17.059654235839844
2016-10-29 19:00:00,16.749116897583008
2016-10-29 20:00:00,16.444232940673828
2016-10-29 21:00:00,16.1448974609375
2016-10-29 22:00:00,15.851011276245117
2016-10-29 23:00:00,15.562475204467773
2016-10-30 00:00:00,15.279191017150879
2016-10-30 01:00:00,15.001063346862793
2016-10-30 02:00:00,14.727998733520508
2016-10-30 03:00:00,14.459904670715332
2016-10-30 04:00:00,14.196690559387207
2016-10-30 05:00:00,13.938267707824707
2016-10-30 06:00:00,13.684549331665039
2016-10-30 07:00:00,13.435449600219727
2016-10-30 08:00:00,13.19088363647461
2016-10-30 09:00:00,12.950769424438477
2016-10-30 10:00:00,12.715025901794434
2016-10-30 11:00:00,12.483573913574219
2016-10-30 12:00:00,12.256335258483887
2016-10-30 13:00:00,12.033232688903809
2016-10-30 14:00:00,11.814191818237305
2016-10-30 15:00:00,11.599138259887695
2016-10-30 16:00:00,11.387998580932617
2016-10-30 17:00:00,11.180702209472656
2016-10-30 18:00:00,10.977179527282715
2016-10-30 19:00:00,10.777361869812012
2016-10-30 20:00:00,10.581181526184082
2016-10-30 21:00:00,10.388571739196777
2016-10-30 22:00:00,10.199468612670898
2016-10-30 23:00:00,10.01380729675293
2016-10-31 00:00:00,36.59882354736328
2016-10-31 01:00:00,35.86907958984375
2016-10-31 02:00:00,33.73182678222656
2016-10-31 03:00:00,28.389684677124023
2016-10-31 04:00:00,30.707500457763672
2016-10-31 05:00:00,33.69091033935547
2016-10-31 06:00:00,41.20497131347656
2016-10-31 07:00:00,49.40764617919922
2016-10-31 08:00:00,57.12769317626953
2016-10-31 09:00:00,61.69710159301758
2016-10-31 10:00:00,61.154659271240234
2016-10-31 11:00:00,59.34148025512695
2016-10-31 12:00:00,56.63887405395508
2016-10-31 13:00:00,53.362335205078125
2016-10-31 14:00:00,49.58240509033203
2016-10-31 15:00:00,48.08029556274414
2016-10-31 16:00:00,49.51679992675781
2016-10-31 17:00:00,56.06348419189453
2016-10-31 18:00:00,63.43315124511719
2016-10-31 19:00:00,65.44888305664062
2016-10-31 20:00:00,62.880126953125
2016-10-31 21:00:00,53.5999641418457
2016-10-31 22:00:00,44.86776351928711
2016-10-31 23:00:00,45.57569122314453
2016-11-01 00:00:00,41.903377532958984
2016-11-01 01:00:00,41.299442291259766
2016-11-01 02:00:00,40.079322814941406
2016-11-01 03:00:00,36.262847900390625
2016-11-01 04:00:00,36.3181266784668
2016-11-01 05:00:00,45.26598358154297
2016-11-01 06:00:00,52.44465255737305
2016-11-01 07:00:00,60.467193603515625
2016-11-01 08:00:00,64.3437728881836
2016-11-01 09:00:00,68.99083709716797
2016-11-01 10:00:00,66.90084838867188
2016-11-01 11:00:00,64.44386291503906
2016-11-01 12:00:00,60.95564651489258
2016-11-01 13:00:00,58.892032623291016
2016-11-01 14:00:00,53.94658660888672
2016-11-01 15:00:00,52.250022888183594
2016-11-01 16:00:00,52.400325775146484
2016-11-01 17:00:00,59.103179931640625
2016-11-01 18:00:00,66.6008071899414
2016-11-01 19:00:00,71.01464080810547
2016-11-01 20:00:00,69.71913146972656
2016-11-01 21:00:00,61.95728302001953
2016-11-01 22:00:00,57.367645263671875
2016-11-01 23:00:00,52.34107208251953
2016-11-02 00:00:00,49.2038688659668
2016-11-02 01:00:00,44.676788330078125
2016-11-02 02:00:00,39.52508544921875
2016-11-02 03:00:00,35.55500793457031
2016-11-02 04:00:00,37.159332275390625
2016-11-02 05:00:00,42.32715606689453
2016-11-02 06:00:00,53.45502471923828
2016-11-02 07:00:00,61.885597229003906
2016-11-02 08:00:00,69.168212890625
2016-11-02 09:00:00,71.8951416015625
2016-11-02 10:00:00,73.49079895019531
2016-11-02 11:00:00,67.31550598144531
2016-11-02 12:00:00,64.22991180419922
2016-11-02 13:00:00,60.58683776855469
2016-11-02 14:00:00,60.90972900390625
2016-11-02 15:00:00,60.168453216552734
2016-11-02 16:00:00,60.26372146606445
2016-11-02 17:00:00,65.25714111328125
2016-11-02 18:00:00,74.837646484375
2016-11-02 19:00:00,74.95938873291016
2016-11-02 20:00:00,69.65440368652344
2016-11-02 21:00:00,61.734806060791016
2016-11-02 22:00:00,58.450523376464844
2016-11-02 23:00:00,53.88031768798828
2016-11-03 00:00:00,47.92117691040039
2016-11-03 01:00:00,45.71835708618164
2016-11-03 02:00:00,40.798126220703125
2016-11-03 03:00:00,39.548912048339844
2016-11-03 04:00:00,40.145050048828125
2016-11-03 05:00:00,47.472679138183594
2016-11-03 06:00:00,57.31374740600586
2016-11-03 07:00:00,64.41487121582031
2016-11-03 08:00:00,68.38098907470703
2016-11-03 09:00:00,69.12236022949219
2016-11-03 10:00:00,70.48091125488281
2016-11-03 11:00:00,67.48855590820312
2016-11-03 12:00:00,64.38987731933594
2016-11-03 13:00:00,63.63091278076172
2016-11-03 14:00:00,59.97007751464844
2016-11-03 15:00:00,57.799110412597656
2016-11-03 16:00:00,60.34848403930664
2016-11-03 17:00:00,63.41668701171875
2016-11-03 18:00:00,71.28533172607422
2016-11-03 19:00:00,73.42141723632812
2016-11-03 20:00:00,68.37954711914062
2016-11-03 21:00:00,63.578956604003906
2016-11-03 22:00:00,56.57906723022461
2016-11-03 23:00:00,53.77779769897461
2016-11-04 00:00:00,53.14846420288086
2016-11-04 01:00:00,50.90740203857422
2016-11-04 02:00:00,41.140830993652344
2016-11-04 03:00:00,40.50634002685547
2016-11-04 04:00:00,44.201133728027344
2016-11-04 05:00:00,55.77345657348633
2016-11-04 06:00:00,75.14152526855469
2016-11-04 07:00:00,88.99962615966797
2016-11-04 08:00:00,95.61293029785156
2016-11-04 09:00:00,100.50456237792969
2016-11-04 10:00:00,94.12318420410156
2016-11-04 11:00:00,93.59622192382812
2016-11-04 12:00:00,87.01495361328125
2016-11-04 13:00:00,83.59748840332031
2016-11-04 14:00:00,80.73414611816406
2016-11-04 15:00:00,74.27680206298828
2016-11-04 16:00:00,77.00944519042969
2016-11-04 17:00:00,93.9885482788086
2016-11-04 18:00:00,98.69352722167969
2016-11-04 19:00:00,98.18590545654297
2016-11-04 20:00:00,89.28460693359375
2016-11-04 21:00:00,77.70508575439453
2016-11-04 22:00:00,76.07666015625
2016-11-04 23:00:00,73.77307891845703
2016-11-05 00:00:00,69.49839782714844
2016-11-05 01:00:00,56.57638168334961
2016-11-05 02:00:00,46.97066116333008
2016-11-05 03:00:00,37.598609924316406
2016-11-05 04:00:00,36.37269592285156
2016-11-05 05:00:00,59.10679626464844
2016-11-05 06:00:00,84.06402587890625
2016-11-05 07:00:00,102.11443328857422
2016-11-05 08:00:00,120.40495300292969
2016-11-05 09:00:00,119.04632568359375
2016-11-05 10:00:00,117.82794952392578
2016-11-05 11:00:00,111.9769515991211
2016-11-05 12:00:00,105.75169372558594
2016-11-05 13:00:00,92.01918029785156
2016-11-05 14:00:00,83.47443389892578
2016-11-05 15:00:00,78.2895278930664
2016-11-05 16:00:00,80.18990325927734
2016-11-05 17:00:00,93.791748046875
2016-11-05 18:00:00,104.01708221435547
2016-11-05 19:00:00,103.45361328125
2016-11-05 20:00:00,92.84101104736328
2016-11-05 21:00:00,83.43475341796875
2016-11-05 22:00:00,80.16067504882812
2016-11-05 23:00:00,70.7754135131836
2016-11-06 00:00:00,67.93778228759766
2016-11-06 01:00:00,61.110130310058594
2016-11-06 02:00:00,45.83296585083008
2016-11-06 03:00:00,44.671844482421875
2016-11-06 04:00:00,46.56211471557617
2016-11-06 05:00:00,61.756614685058594
2016-11-06 06:00:00,75.75359344482422
2016-11-06 07:00:00,92.50521850585938
2016-11-06 08:00:00,97.61918640136719
2016-11-06 09:00:00,89.77611541748047
2016-11-06 10:00:00,88.41468811035156
2016-11-06 11:00:00,78.23274230957031
2016-11-06 12:00:00,71.4058609008789
2016-11-06 13:00:00,66.85404968261719
2016-11-06 14:00:00,59.797428131103516
2016-11-06 15:00:00,57.52029037475586
2016-11-06 16:00:00,64.90227508544922
2016-11-06 17:00:00,71.90145874023438
2016-11-06 18:00:00,88.69210815429688
2016-11-06 19:00:00,85.81342315673828
2016-11-06 20:00:00,74.6294174194336
2016-11-06 21:00:00,68.06230926513672
2016-11-06 22:00:00,60.10342788696289
2016-11-06 23:00:00,58.73772048950195
2016-11-07 00:00:00,55.15571975708008
2016-11-07 01:00:00,49.30384826660156
2016-11-07 02:00:00,45.86626434326172
2016-11-07 03:00:00,34.091575622558594
2016-11-07 04:00:00,31.42796516418457
2016-11-07 05:00:00,40.75011444091797
2016-11-07 06:00:00,51.097206115722656
2016-11-07 07:00:00,63.958778381347656
2016-11-07 08:00:00,65.67872619628906
2016-11-07 09:00:00,66.7171401977539
2016-11-07 10:00:00,64.57164764404297
2016-11-07 11:00:00,55.67524719238281
2016-11-07 12:00:00,56.5839958190918
2016-11-07 13:00:00,52.46729278564453
2016-11-07 14:00:00,46.91554260253906
2016-11-07 15:00:00,42.58669662475586
2016-11-07 16:00:00,49.454769134521484
2016-11-07 17:00:00,60.47324752807617
2016-11-07 18:00:00,78.6173095703125
2016-11-07 19:00:00,81.9585952758789
2016-11-07 20:00:00,70.34691619873047
2016-11-07 21:00:00,61.21174621582031
2016-11-07 22:00:00,52.76203918457031
2016-11-07 23:00:00,53.448890686035156
2016-11-08 00:00:00,96.39988708496094
2016-11-08 01:00:00,66.27994537353516
2016-11-08 02:00:00,89.57015991210938
2016-11-08 03:00:00,114.60807037353516
2016-11-08 04:00:00,108.22038269042969
2016-11-08 05:00:00,101.91131591796875
2016-11-08 06:00:00,127.124267578125
2016-11-08 07:00:00,124.52500915527344
2016-11-08 08:00:00,172.46990966796875
2016-11-08 09:00:00,180.57925415039062
2016-11-08 10:00:00,161.55438232421875
2016-11-08 11:00:00,159.84805297851562
2016-11-08 12:00:00,157.28091430664062
2016-11-08 13:00:00,203.82884216308594
2016-11-08 14:00:00,162.6048583984375
2016-11-08 15:00:00,210.22665405273438
2016-11-08 16:00:00,209.9051513671875
2016-11-08 17:00:00,228.69024658203125
2016-11-08 18:00:00,301.50347900390625
2016-11-08 19:00:00,264.198974609375
2016-11-08 20:00:00,215.56507873535156
2016-11-08 21:00:00,170.08480834960938
2016-11-08 22:00:00,166.18032836914062
2016-11-08 23:00:00,136.3627471923828
2016-11-09 00:00:00,109.48997497558594
2016-11-09 01:00:00,49.25560760498047
2016-11-09 02:00:00,83.09684753417969
2016-11-09 03:00:00,84.25895690917969
2016-11-09 04:00:00,116.08612060546875
2016-11-09 05:00:00,120.02888488769531
2016-11-09 06:00:00,139.29473876953125
2016-11-09 07:00:00,158.61209106445312
2016-11-09 08:00:00,140.3621826171875
2016-11-09 09:00:00,181.66937255859375
2016-11-09 10:00:00,182.12452697753906
2016-11-09 11:00:00,181.6053466796875
2016-11-09 12:00:00,163.77088928222656
2016-11-09 13:00:00,186.27053833007812
2016-11-09 14:00:00,143.644287109375
2016-11-09 15:00:00,198.83958435058594
2016-11-09 16:00:00,212.09620666503906
2016-11-09 17:00:00,262.87939453125
2016-11-09 18:00:00,270.51983642578125
2016-11-09 19:00:00,265.87030029296875
2016-11-09 20:00:00,235.67300415039062
2016-11-09 21:00:00,211.33514404296875
2016-11-09 22:00:00,140.90463256835938
2016-11-09 23:00:00,143.3905487060547
2016-11-10 00:00:00,123.24959564208984
2016-11-10 01:00:00,90.88590240478516
2016-11-10 02:00:00,58.52711486816406
2016-11-10 03:00:00,115.54696655273438
2016-11-10 04:00:00,93.38139343261719
2016-11-10 05:00:00,120.81900787353516
2016-11-10 06:00:00,125.88816833496094
2016-11-10 07:00:00,166.2830047607422
2016-11-10 08:00:00,160.1632080078125
2016-11-10 09:00:00,158.68418884277344
2016-11-10 10:00:00,137.4650421142578
2016-11-10 11:00:00,147.72140502929688
2016-11-10 12:00:00,135.43435668945312
2016-11-10 13:00:00,126.88174438476562
2016-11-10 14:00:00,115.86143493652344
2016-11-10 15:00:00,142.88525390625
2016-11-10 16:00:00,209.54002380371094
2016-11-10 17:00:00,232.36264038085938
2016-11-10 18:00:00,225.9514617919922
2016-11-10 19:00:00,233.0012969970703
2016-11-10 20:00:00,208.537109375
2016-11-10 21:00:00,138.30572509765625
2016-11-10 22:00:00,148.15353393554688
2016-11-10 23:00:00,113.18588256835938
2016-11-11 00:00:00,85.19341278076172
2016-11-11 01:00:00,63.82678985595703
2016-11-11 02:00:00,61.98735809326172
2016-11-11 03:00:00,69.25285339355469
2016-11-11 04:00:00,87.48009490966797
2016-11-11 05:00:00,96.47661590576172
2016-11-11 06:00:00,106.64765167236328
2016-11-11 07:00:00,117.95623779296875
2016-11-11 08:00:00,113.24603271484375
2016-11-11 09:00:00,98.77467346191406
2016-11-11 10:00:00,90.61760711669922
2016-11-11 11:00:00,117.35749816894531
2016-11-11 12:00:00,85.30264282226562
2016-11-11 13:00:00,84.07483673095703
2016-11-11 14:00:00,100.54399871826172
2016-11-11 15:00:00,95.36459350585938
2016-11-11 16:00:00,135.8037872314453
2016-11-11 17:00:00,184.52328491210938
2016-11-11 18:00:00,166.56109619140625
2016-11-11 19:00:00,148.6129150390625
2016-11-11 20:00:00,131.97744750976562
2016-11-11 21:00:00,94.95767974853516
2016-11-11 22:00:00,74.91156768798828
2016-11-11 23:00:00,79.00767517089844
2016-11-12 00:00:00,31.217281341552734
2016-11-12 01:00:00,25.2056941986084
2016-11-12 02:00:00,24.565105438232422
2016-11-12 03:00:00,23.419647216796875
2016-11-12 04:00:00,29.228769302368164
2016-11-12 05:00:00,40.9503059387207
2016-11-12 06:00:00,50.636810302734375
2016-11-12 07:00:00,56.051307678222656
2016-11-12 08:00:00,56.62131118774414
2016-11-12 09:00:00,55.57511520385742
2016-11-12 10:00:00,49.94882583618164
2016-11-12 11:00:00,43.175567626953125
2016-11-12 12:00:00,39.75965881347656
2016-11-12 13:00:00,42.07197570800781
2016-11-12 14:00:00,46.45248031616211
2016-11-12 15:00:00,52.26515197753906
2016-11-12 16:00:00,71.48977661132812
2016-11-12 17:00:00,94.28585815429688
2016-11-12 18:00:00,110.79867553710938
2016-11-12 19:00:00,101.27426147460938
2016-11-12 20:00:00,80.17927551269531
2016-11-12 21:00:00,58.0941162109375
2016-11-12 22:00:00,48.16979217529297
2016-11-12 23:00:00,39.639060974121094
2016-11-13 00:00:00,29.38798713684082
2016-11-13 01:00:00,23.140926361083984
2016-11-13 02:00:00,24.720321655273438
2016-11-13 03:00:00,26.77090835571289
2016-11-13 04:00:00,30.191436767578125
2016-11-13 05:00:00,36.474849700927734
2016-11-13 06:00:00,42.21949768066406
2016-11-13 07:00:00,45.844722747802734
2016-11-13 08:00:00,44.67362976074219
2016-11-13 09:00:00,43.737796783447266
2016-11-13 10:00:00,40.38261413574219
2016-11-13 11:00:00,36.49222946166992
2016-11-13 12:00:00,36.3170280456543
2016-11-13 13:00:00,37.17197036743164
2016-11-13 14:00:00,42.531227111816406
2016-11-13 15:00:00,53.04424285888672
2016-11-13 16:00:00,70.3421630859375
2016-11-13 17:00:00,89.82655334472656
2016-11-13 18:00:00,102.12046813964844
2016-11-13 19:00:00,96.42333984375
2016-11-13 20:00:00,78.67176055908203
2016-11-13 21:00:00,60.575721740722656
2016-11-13 22:00:00,48.53138732910156
2016-11-13 23:00:00,38.80963134765625
2016-11-14 00:00:00,29.710018157958984
2016-11-14 01:00:00,23.094818115234375
2016-11-14 02:00:00,20.14202117919922
2016-11-14 03:00:00,22.29657554626465
2016-11-14 04:00:00,27.28232765197754
2016-11-14 05:00:00,35.61616134643555
2016-11-14 06:00:00,43.590450286865234
2016-11-14 07:00:00,48.46358108520508
2016-11-14 08:00:00,49.666282653808594
2016-11-14 09:00:00,50.58830261230469
2016-11-14 10:00:00,49.96781539916992
2016-11-14 11:00:00,46.35844039916992
2016-11-14 12:00:00,44.42545700073242
2016-11-14 13:00:00,46.44879913330078
2016-11-14 14:00:00,53.88493347167969
2016-11-14 15:00:00,66.3126449584961
2016-11-14 16:00:00,83.90685272216797
2016-11-14 17:00:00,102.15764617919922
2016-11-14 18:00:00,112.77005767822266
2016-11-14 19:00:00,108.6637954711914
2016-11-14 20:00:00,93.58463287353516
2016-11-14 21:00:00,75.61158752441406
2016-11-14 22:00:00,60.526180267333984
2016-11-14 23:00:00,48.01271057128906
2016-11-15 00:00:00,37.20166015625
2016-11-15 01:00:00,30.5817813873291
2016-11-15 02:00:00,28.289352416992188
2016-11-15 03:00:00,29.987831115722656
2016-11-15 04:00:00,34.753089904785156
2016-11-15 05:00:00,42.7655029296875
2016-11-15 06:00:00,51.351593017578125
2016-11-15 07:00:00,57.956607818603516
2016-11-15 08:00:00,60.05885314941406
2016-11-15 09:00:00,60.96956253051758
2016-11-15 10:00:00,60.2280387878418
2016-11-15 11:00:00,57.46073532104492
2016-11-15 12:00:00,56.288116455078125
2016-11-15 13:00:00,59.17305374145508
2016-11-15 14:00:00,66.24394989013672
2016-11-15 15:00:00,76.97502136230469
2016-11-15 16:00:00,92.88397216796875
2016-11-15 17:00:00,110.220947265625
2016-11-15 18:00:00,121.51078796386719
2016-11-15 19:00:00,116.4578857421875
2016-11-15 20:00:00,100.48490905761719
2016-11-15 21:00:00,81.82962799072266
2016-11-15 22:00:00,66.15632629394531
2016-11-15 23:00:00,52.44554901123047
2016-11-16 00:00:00,45.51377868652344
2016-11-16 01:00:00,21.041244506835938
2016-11-16 02:00:00,26.271881103515625
2016-11-16 03:00:00,13.789695739746094
2016-11-16 04:00:00,23.66366958618164
2016-11-16 05:00:00,23.235076904296875
2016-11-16 06:00:00,51.99977111816406
2016-11-16 07:00:00,81.37157440185547
2016-11-16 08:00:00,93.76951599121094
2016-11-16 09:00:00,131.41885375976562
2016-11-16 10:00:00,124.98297119140625
2016-11-16 11:00:00,108.13229370117188
2016-11-16 12:00:00,102.26360321044922
2016-11-16 13:00:00,83.96990966796875
2016-11-16 14:00:00,73.02705383300781
2016-11-16 15:00:00,65.33805084228516
2016-11-16 16:00:00,55.33804702758789
2016-11-16 17:00:00,101.2545394897461
2016-11-16 18:00:00,136.0336151123047
2016-11-16 19:00:00,104.52920532226562
2016-11-16 20:00:00,51.33839416503906
2016-11-16 21:00:00,38.884220123291016
2016-11-16 22:00:00,48.91620635986328
2016-11-16 23:00:00,47.69134521484375
2016-11-17 00:00:00,45.3917121887207
2016-11-17 01:00:00,30.977066040039062
2016-11-17 02:00:00,29.957271575927734
2016-11-17 03:00:00,24.2034912109375
2016-11-17 04:00:00,2.52728271484375
2016-11-17 05:00:00,32.63461685180664
2016-11-17 06:00:00,64.13888549804688
2016-11-17 07:00:00,74.39830780029297
2016-11-17 08:00:00,104.05097198486328
2016-11-17 09:00:00,120.74369812011719
2016-11-17 10:00:00,145.31753540039062
2016-11-17 11:00:00,119.11398315429688
2016-11-17 12:00:00,126.25920104980469
2016-11-17 13:00:00,100.66862487792969
2016-11-17 14:00:00,82.86865997314453
2016-11-17 15:00:00,56.717185974121094
2016-11-17 16:00:00,65.17513275146484
2016-11-17 17:00:00,109.89431762695312
2016-11-17 18:00:00,154.93606567382812
2016-11-17 19:00:00,136.6295166015625
2016-11-17 20:00:00,88.04918670654297
2016-11-17 21:00:00,57.43006896972656
2016-11-17 22:00:00,59.710853576660156
2016-11-17 23:00:00,54.94833755493164
2016-11-18 00:00:00,59.761016845703125
2016-11-18 01:00:00,64.65552520751953
2016-11-18 02:00:00,42.953006744384766
2016-11-18 03:00:00,44.04957580566406
2016-11-18 04:00:00,35.89202117919922
2016-11-18 05:00:00,58.845008850097656
2016-11-18 06:00:00,80.73316955566406
2016-11-18 07:00:00,78.54639434814453
2016-11-18 08:00:00,102.03367614746094
2016-11-18 09:00:00,110.15065002441406
2016-11-18 10:00:00,108.0877685546875
2016-11-18 11:00:00,102.1282958984375
2016-11-18 12:00:00,82.50204467773438
2016-11-18 13:00:00,81.66900634765625
2016-11-18 14:00:00,85.49729919433594
2016-11-18 15:00:00,78.0436782836914
2016-11-18 16:00:00,49.70726776123047
2016-11-18 17:00:00,104.16294860839844
2016-11-18 18:00:00,149.3131103515625
2016-11-18 19:00:00,118.55813598632812
2016-11-18 20:00:00,69.42329406738281
2016-11-18 21:00:00,73.69280242919922
2016-11-18 22:00:00,63.45930480957031
2016-11-18 23:00:00,63.80097198486328
2016-11-19 00:00:00,52.050048828125
2016-11-19 01:00:00,58.462249755859375
2016-11-19 02:00:00,66.98554992675781
2016-11-19 03:00:00,45.590450286865234
2016-11-19 04:00:00,42.06898880004883
2016-11-19 05:00:00,44.06398010253906
2016-11-19 06:00:00,66.28726959228516
2016-11-19 07:00:00,84.42176818847656
2016-11-19 08:00:00,71.65190887451172
2016-11-19 09:00:00,69.7699966430664
2016-11-19 10:00:00,55.44651412963867
2016-11-19 11:00:00,58.20934295654297
2016-11-19 12:00:00,64.82884216308594
2016-11-19 13:00:00,63.35866165161133
2016-11-19 14:00:00,51.34266662597656
2016-11-19 15:00:00,35.79150390625
2016-11-19 16:00:00,37.70867156982422
2016-11-19 17:00:00,51.880035400390625
2016-11-19 18:00:00,95.87028503417969
2016-11-19 19:00:00,80.283203125
2016-11-19 20:00:00,33.89555358886719
2016-11-19 21:00:00,35.01243591308594
2016-11-19 22:00:00,36.04060745239258
2016-11-19 23:00:00,55.06205749511719
2016-11-20 00:00:00,46.676483154296875
2016-11-20 01:00:00,44.611305236816406
2016-11-20 02:00:00,41.52671432495117
2016-11-20 03:00:00,38.40010070800781
2016-11-20 04:00:00,37.79595947265625
2016-11-20 05:00:00,36.56790542602539
2016-11-20 06:00:00,41.526939392089844
2016-11-20 07:00:00,43.880393981933594
2016-11-20 08:00:00,48.57703399658203
2016-11-20 09:00:00,52.510990142822266
2016-11-20 10:00:00,54.04425048828125
2016-11-20 11:00:00,52.75510787963867
2016-11-20 12:00:00,52.618438720703125
2016-11-20 13:00:00,50.118778228759766
2016-11-20 14:00:00,48.96532440185547
2016-11-20 15:00:00,48.3814582824707
2016-11-20 16:00:00,49.180694580078125
2016-11-20 17:00:00,51.3003044128418
2016-11-20 18:00:00,54.32058334350586
2016-11-20 19:00:00,55.432861328125
2016-11-20 20:00:00,54.60904312133789
2016-11-20 21:00:00,52.64570617675781
2016-11-20 22:00:00,51.7760009765625
2016-11-20 23:00:00,50.13733673095703
2016-11-21 00:00:00,47.6140022277832
2016-11-21 01:00:00,44.76544189453125
2016-11-21 02:00:00,41.0794677734375
2016-11-21 03:00:00,39.481197357177734
2016-11-21 04:00:00,37.925193786621094
2016-11-21 05:00:00,38.99335479736328
2016-11-21 06:00:00,43.43684005737305
2016-11-21 07:00:00,49.80268096923828
2016-11-21 08:00:00,50.02777099609375
2016-11-21 09:00:00,49.33872985839844
2016-11-21 10:00:00,50.52928924560547
2016-11-21 11:00:00,51.6370964050293
2016-11-21 12:00:00,50.099876403808594
2016-11-21 13:00:00,48.35551452636719
2016-11-21 14:00:00,47.09419631958008
2016-11-21 15:00:00,46.20242691040039
2016-11-21 16:00:00,48.09371566772461
2016-11-21 17:00:00,52.873416900634766
2016-11-21 18:00:00,55.97956085205078
2016-11-21 19:00:00,56.59672546386719
2016-11-21 20:00:00,55.41731262207031
2016-11-21 21:00:00,54.49644088745117
2016-11-21 22:00:00,51.9911003112793
2016-11-21 23:00:00,50.577335357666016
2016-11-22 00:00:00,47.60518264770508
2016-11-22 01:00:00,43.49872589111328
2016-11-22 02:00:00,38.943817138671875
2016-11-22 03:00:00,34.16258239746094
2016-11-22 04:00:00,34.97890090942383
2016-11-22 05:00:00,34.57794952392578
2016-11-22 06:00:00,43.63352966308594
2016-11-22 07:00:00,51.73821258544922
2016-11-22 08:00:00,57.52008819580078
2016-11-22 09:00:00,59.6132698059082
2016-11-22 10:00:00,60.16307067871094
2016-11-22 11:00:00,59.24469757080078
2016-11-22 12:00:00,56.55137634277344
2016-11-22 13:00:00,53.66912078857422
2016-11-22 14:00:00,52.601165771484375
2016-11-22 15:00:00,51.61932373046875
2016-11-22 16:00:00,54.6485710144043
2016-11-22 17:00:00,59.01288604736328
2016-11-22 18:00:00,61.951786041259766
2016-11-22 19:00:00,62.73617935180664
2016-11-22 20:00:00,59.278045654296875
2016-11-22 21:00:00,56.98998260498047
2016-11-22 22:00:00,54.23365783691406
2016-11-22 23:00:00,50.92094421386719
2016-11-23 00:00:00,48.47317123413086
2016-11-23 01:00:00,43.371253967285156
2016-11-23 02:00:00,40.92139434814453
2016-11-23 03:00:00,36.85493469238281
2016-11-23 04:00:00,38.75939178466797
2016-11-23 05:00:00,43.43544006347656
2016-11-23 06:00:00,47.4931755065918
2016-11-23 07:00:00,57.34430694580078
2016-11-23 08:00:00,64.88885498046875
2016-11-23 09:00:00,66.71389770507812
2016-11-23 10:00:00,67.01496124267578
2016-11-23 11:00:00,66.7452163696289
2016-11-23 12:00:00,64.43821716308594
2016-11-23 13:00:00,60.86005401611328
2016-11-23 14:00:00,59.88813781738281
2016-11-23 15:00:00,59.77418899536133
2016-11-23 16:00:00,62.79808044433594
2016-11-23 17:00:00,65.99059295654297
2016-11-23 18:00:00,68.0078353881836
2016-11-23 19:00:00,65.12142181396484
2016-11-23 20:00:00,62.01624298095703
2016-11-23 21:00:00,58.496971130371094
2016-11-23 22:00:00,55.93037033081055
2016-11-23 23:00:00,53.553768157958984
2016-11-24 00:00:00,36.50941848754883
2016-11-24 01:00:00,36.66399383544922
2016-11-24 02:00:00,31.148441314697266
2016-11-24 03:00:00,30.513256072998047
2016-11-24 04:00:00,26.663894653320312
2016-11-24 05:00:00,35.391845703125
2016-11-24 06:00:00,48.18933868408203
2016-11-24 07:00:00,62.03819274902344
2016-11-24 08:00:00,70.6624755859375
2016-11-24 09:00:00,75.36332702636719
2016-11-24 10:00:00,76.97074127197266
2016-11-24 11:00:00,74.8830337524414
2016-11-24 12:00:00,67.92756652832031
2016-11-24 13:00:00,57.39895248413086
2016-11-24 14:00:00,56.84834289550781
2016-11-24 15:00:00,56.07713317871094
2016-11-24 16:00:00,58.51164627075195
2016-11-24 17:00:00,65.11131286621094
2016-11-24 18:00:00,73.27630615234375
2016-11-24 19:00:00,72.89915466308594
2016-11-24 20:00:00,65.0354995727539
2016-11-24 21:00:00,57.42396926879883
2016-11-24 22:00:00,55.02949142456055
2016-11-24 23:00:00,44.2380485534668
2016-11-25 00:00:00,36.4405403137207
2016-11-25 01:00:00,34.44041442871094
2016-11-25 02:00:00,37.56356430053711
2016-11-25 03:00:00,36.4820442199707
2016-11-25 04:00:00,32.62682342529297
2016-11-25 05:00:00,38.75328826904297
2016-11-25 06:00:00,50.43189239501953
2016-11-25 07:00:00,61.650978088378906
2016-11-25 08:00:00,65.98968505859375
2016-11-25 09:00:00,63.562530517578125
2016-11-25 10:00:00,66.84796142578125
2016-11-25 11:00:00,65.86640167236328
2016-11-25 12:00:00,65.17619323730469
2016-11-25 13:00:00,59.366764068603516
2016-11-25 14:00:00,56.05815505981445
2016-11-25 15:00:00,53.09398651123047
2016-11-25 16:00:00,52.228965759277344
2016-11-25 17:00:00,58.9944953918457
2016-11-25 18:00:00,64.86824798583984
2016-11-25 19:00:00,65.89659118652344
2016-11-25 20:00:00,58.073219299316406
2016-11-25 21:00:00,51.77112579345703
2016-11-25 22:00:00,50.9997673034668
2016-11-25 23:00:00,45.42819595336914
2016-11-26 00:00:00,37.18846130371094
2016-11-26 01:00:00,35.63299560546875
2016-11-26 02:00:00,33.4047966003418
2016-11-26 03:00:00,27.638639450073242
2016-11-26 04:00:00,29.118858337402344
2016-11-26 05:00:00,25.842853546142578
2016-11-26 06:00:00,35.502994537353516
2016-11-26 07:00:00,42.144229888916016
2016-11-26 08:00:00,44.448856353759766
2016-11-26 09:00:00,46.127071380615234
2016-11-26 10:00:00,51.22262191772461
2016-11-26 11:00:00,53.90446853637695
2016-11-26 12:00:00,54.69641876220703
2016-11-26 13:00:00,52.23600769042969
2016-11-26 14:00:00,47.32877731323242
2016-11-26 15:00:00,42.549598693847656
2016-11-26 16:00:00,43.20092010498047
2016-11-26 17:00:00,49.91197967529297
2016-11-26 18:00:00,57.72826385498047
2016-11-26 19:00:00,63.143943786621094
2016-11-26 20:00:00,58.77032470703125
2016-11-26 21:00:00,54.08134460449219
2016-11-26 22:00:00,51.96636962890625
2016-11-26 23:00:00,45.09962844848633
2016-11-27 00:00:00,38.58954620361328
2016-11-27 01:00:00,32.55233383178711
2016-11-27 02:00:00,32.53245162963867
2016-11-27 03:00:00,25.36075210571289
2016-11-27 04:00:00,25.772262573242188
2016-11-27 05:00:00,22.795372009277344
2016-11-27 06:00:00,28.821168899536133
2016-11-27 07:00:00,34.709957122802734
2016-11-27 08:00:00,38.06813049316406
2016-11-27 09:00:00,40.51015090942383
2016-11-27 10:00:00,45.317073822021484
2016-11-27 11:00:00,46.90042495727539
2016-11-27 12:00:00,48.7105598449707
2016-11-27 13:00:00,42.47841262817383
2016-11-27 14:00:00,38.9212532043457
2016-11-27 15:00:00,34.657630920410156
2016-11-27 16:00:00,38.57244110107422
2016-11-27 17:00:00,46.144527435302734
2016-11-27 18:00:00,57.705902099609375
2016-11-27 19:00:00,63.13679122924805
2016-11-27 20:00:00,61.78403854370117
2016-11-27 21:00:00,55.40834045410156
2016-11-27 22:00:00,53.9283447265625
2016-11-27 23:00:00,46.590118408203125
2016-11-28 00:00:00,36.96287155151367
2016-11-28 01:00:00,34.2680778503418
2016-11-28 02:00:00,34.40345001220703
2016-11-28 03:00:00,31.960750579833984
2016-11-28 04:00:00,34.081939697265625
2016-11-28 05:00:00,36.615257263183594
2016-11-28 06:00:00,40.380672454833984
2016-11-28 07:00:00,47.5675163269043
2016-11-28 08:00:00,49.3781852722168
2016-11-28 09:00:00,51.64113235473633
2016-11-28 10:00:00,46.02928924560547
2016-11-28 11:00:00,48.85040283203125
2016-11-28 12:00:00,48.80216598510742
2016-11-28 13:00:00,45.71194076538086
2016-11-28 14:00:00,44.05736541748047
2016-11-28 15:00:00,42.70380783081055
2016-11-28 16:00:00,46.046138763427734
2016-11-28 17:00:00,51.48524475097656
2016-11-28 18:00:00,55.43918991088867
2016-11-28 19:00:00,53.6288948059082
2016-11-28 20:00:00,51.185855865478516
2016-11-28 21:00:00,44.090248107910156
2016-11-28 22:00:00,41.4152717590332
2016-11-28 23:00:00,42.71752166748047
2016-11-29 00:00:00,39.69927978515625
2016-11-29 01:00:00,37.025245666503906
2016-11-29 02:00:00,36.41208267211914
2016-11-29 03:00:00,34.494361877441406
2016-11-29 04:00:00,35.15821075439453
2016-11-29 05:00:00,41.151527404785156
2016-11-29 06:00:00,48.288970947265625
2016-11-29 07:00:00,51.51237487792969
2016-11-29 08:00:00,53.4073486328125
2016-11-29 09:00:00,51.9510612487793
2016-11-29 10:00:00,51.426109313964844
2016-11-29 11:00:00,52.6468391418457
2016-11-29 12:00:00,52.9101676940918
2016-11-29 13:00:00,53.28173065185547
2016-11-29 14:00:00,51.26123046875
2016-11-29 15:00:00,51.846168518066406
2016-11-29 16:00:00,52.6180305480957
2016-11-29 17:00:00,57.662139892578125
2016-11-29 18:00:00,60.06404495239258
2016-11-29 19:00:00,58.44134521484375
2016-11-29 20:00:00,53.54107666015625
2016-11-29 21:00:00,46.24501037597656
2016-11-29 22:00:00,45.573089599609375
2016-11-29 23:00:00,42.251861572265625
2016-11-30 00:00:00,38.49853515625
2016-11-30 01:00:00,34.81987380981445
2016-11-30 02:00:00,30.736770629882812
2016-11-30 03:00:00,29.241689682006836
2016-11-30 04:00:00,30.900569915771484
2016-11-30 05:00:00,38.31132888793945
2016-11-30 06:00:00,46.01856994628906
2016-11-30 07:00:00,55.92338943481445
2016-11-30 08:00:00,58.90899658203125
2016-11-30 09:00:00,58.14973449707031
2016-11-30 10:00:00,59.7141227722168
2016-11-30 11:00:00,56.2767333984375
2016-11-30 12:00:00,55.882652282714844
2016-11-30 13:00:00,54.913265228271484
2016-11-30 14:00:00,55.932735443115234
2016-11-30 15:00:00,52.774986267089844
2016-11-30 16:00:00,55.924869537353516
2016-11-30 17:00:00,59.629615783691406
2016-11-30 18:00:00,61.187171936035156
2016-11-30 19:00:00,59.288169860839844
2016-11-30 20:00:00,55.02899169921875
2016-11-30 21:00:00,50.21878433227539
2016-11-30 22:00:00,45.993133544921875
2016-11-30 23:00:00,44.62553405761719
2016-12-01 00:00:00,37.12911605834961
2016-12-01 01:00:00,35.53600311279297
2016-12-01 02:00:00,33.858436584472656
2016-12-01 03:00:00,32.082115173339844
2016-12-01 04:00:00,34.726341247558594
2016-12-01 05:00:00,40.12319564819336
2016-12-01 06:00:00,49.67146301269531
2016-12-01 07:00:00,55.29873275756836
2016-12-01 08:00:00,61.6290283203125
2016-12-01 09:00:00,63.172645568847656
2016-12-01 10:00:00,64.13031005859375
2016-12-01 11:00:00,60.971981048583984
2016-12-01 12:00:00,57.323341369628906
2016-12-01 13:00:00,56.92422866821289
2016-12-01 14:00:00,55.61155700683594
2016-12-01 15:00:00,53.73883819580078
2016-12-01 16:00:00,57.24790573120117
2016-12-01 17:00:00,60.89746856689453
2016-12-01 18:00:00,65.31735229492188
2016-12-01 19:00:00,63.356178283691406
2016-12-01 20:00:00,57.022830963134766
2016-12-01 21:00:00,53.08892822265625
2016-12-01 22:00:00,48.91873550415039
2016-12-01 23:00:00,45.86316680908203
2016-12-02 00:00:00,48.52597427368164
2016-12-02 01:00:00,41.89521408081055
2016-12-02 02:00:00,33.042442321777344
2016-12-02 03:00:00,31.039901733398438
2016-12-02 04:00:00,47.411376953125
2016-12-02 05:00:00,70.57119750976562
2016-12-02 06:00:00,108.2390365600586
2016-12-02 07:00:00,127.29605102539062
2016-12-02 08:00:00,143.31942749023438
2016-12-02 09:00:00,147.0204620361328
2016-12-02 10:00:00,136.16700744628906
2016-12-02 11:00:00,108.51203918457031
2016-12-02 12:00:00,96.42206573486328
2016-12-02 13:00:00,85.69386291503906
2016-12-02 14:00:00,86.08450317382812
2016-12-02 15:00:00,101.42054748535156
2016-12-02 16:00:00,99.76226806640625
2016-12-02 17:00:00,117.678466796875
2016-12-02 18:00:00,141.66644287109375
2016-12-02 19:00:00,123.34378051757812
2016-12-02 20:00:00,104.89994812011719
2016-12-02 21:00:00,87.08502960205078
2016-12-02 22:00:00,71.0844955444336
2016-12-02 23:00:00,59.50492858886719
2016-12-03 00:00:00,48.41813659667969
2016-12-03 01:00:00,36.41926574707031
2016-12-03 02:00:00,28.575183868408203
2016-12-03 03:00:00,32.08591079711914
2016-12-03 04:00:00,48.664276123046875
2016-12-03 05:00:00,61.13698196411133
2016-12-03 06:00:00,94.63150787353516
2016-12-03 07:00:00,100.64285278320312
2016-12-03 08:00:00,126.49235534667969
2016-12-03 09:00:00,122.69378662109375
2016-12-03 10:00:00,125.9603271484375
2016-12-03 11:00:00,107.14815521240234
2016-12-03 12:00:00,88.72743225097656
2016-12-03 13:00:00,70.41059875488281
2016-12-03 14:00:00,69.42025756835938
2016-12-03 15:00:00,72.54207611083984
2016-12-03 16:00:00,100.47370910644531
2016-12-03 17:00:00,109.73930358886719
2016-12-03 18:00:00,114.6441421508789
2016-12-03 19:00:00,97.59504699707031
2016-12-03 20:00:00,83.26081848144531
2016-12-03 21:00:00,74.36343383789062
2016-12-03 22:00:00,68.48309326171875
2016-12-03 23:00:00,59.7559814453125
2016-12-04 00:00:00,51.70427703857422
2016-12-04 01:00:00,39.61915969848633
2016-12-04 02:00:00,24.10433578491211
2016-12-04 03:00:00,18.44144058227539
2016-12-04 04:00:00,20.466930389404297
2016-12-04 05:00:00,46.224666595458984
2016-12-04 06:00:00,68.83273315429688
2016-12-04 07:00:00,81.93917083740234
2016-12-04 08:00:00,102.81354522705078
2016-12-04 09:00:00,100.00086975097656
2016-12-04 10:00:00,92.66909790039062
2016-12-04 11:00:00,78.4937973022461
2016-12-04 12:00:00,68.75419616699219
2016-12-04 13:00:00,65.38833618164062
2016-12-04 14:00:00,70.31222534179688
2016-12-04 15:00:00,74.60553741455078
2016-12-04 16:00:00,67.96056365966797
2016-12-04 17:00:00,91.677490234375
2016-12-04 18:00:00,103.6330795288086
2016-12-04 19:00:00,102.78705596923828
2016-12-04 20:00:00,91.57640838623047
2016-12-04 21:00:00,83.55937194824219
2016-12-04 22:00:00,72.04056549072266
2016-12-04 23:00:00,60.45619201660156
2016-12-05 00:00:00,49.201393127441406
2016-12-05 01:00:00,37.078617095947266
2016-12-05 02:00:00,25.897769927978516
2016-12-05 03:00:00,26.55884552001953
2016-12-05 04:00:00,29.12468719482422
2016-12-05 05:00:00,52.37228775024414
2016-12-05 06:00:00,69.03366088867188
2016-12-05 07:00:00,97.98003387451172
2016-12-05 08:00:00,91.72425079345703
2016-12-05 09:00:00,91.02949523925781
2016-12-05 10:00:00,89.67142486572266
2016-12-05 11:00:00,86.85910034179688
2016-12-05 12:00:00,76.16719818115234
2016-12-05 13:00:00,60.88612365722656
2016-12-05 14:00:00,58.337974548339844
2016-12-05 15:00:00,69.75177764892578
2016-12-05 16:00:00,89.58848571777344
2016-12-05 17:00:00,103.52354431152344
2016-12-05 18:00:00,106.53748321533203
2016-12-05 19:00:00,99.46956634521484
2016-12-05 20:00:00,86.45154571533203
2016-12-05 21:00:00,72.19291687011719
2016-12-05 22:00:00,59.98537826538086
2016-12-05 23:00:00,57.67329406738281
2016-12-06 00:00:00,62.595481872558594
2016-12-06 01:00:00,58.168540954589844
2016-12-06 02:00:00,52.22296905517578
2016-12-06 03:00:00,53.20364761352539
2016-12-06 04:00:00,54.157894134521484
2016-12-06 05:00:00,57.41560363769531
2016-12-06 06:00:00,62.906253814697266
2016-12-06 07:00:00,72.7582015991211
2016-12-06 08:00:00,76.42070770263672
2016-12-06 09:00:00,78.87747192382812
2016-12-06 10:00:00,78.89057922363281
2016-12-06 11:00:00,73.0218505859375
2016-12-06 12:00:00,75.49472045898438
2016-12-06 13:00:00,69.8619613647461
2016-12-06 14:00:00,69.00806427001953
2016-12-06 15:00:00,69.7081298828125
2016-12-06 16:00:00,75.10408020019531
2016-12-06 17:00:00,78.00349426269531
2016-12-06 18:00:00,81.6133804321289
2016-12-06 19:00:00,81.27401733398438
2016-12-06 20:00:00,80.42243194580078
2016-12-06 21:00:00,76.83643341064453
2016-12-06 22:00:00,72.16297912597656
2016-12-06 23:00:00,67.31077575683594
2016-12-07 00:00:00,65.50019073486328
2016-12-07 01:00:00,60.51676940917969
2016-12-07 02:00:00,57.648948669433594
2016-12-07 03:00:00,54.56984329223633
2016-12-07 04:00:00,58.013004302978516
2016-12-07 05:00:00,65.1084213256836
2016-12-07 06:00:00,65.94351196289062
2016-12-07 07:00:00,69.06344604492188
2016-12-07 08:00:00,75.08941650390625
2016-12-07 09:00:00,78.05160522460938
2016-12-07 10:00:00,77.95370483398438
2016-12-07 11:00:00,74.33759307861328
2016-12-07 12:00:00,73.58954620361328
2016-12-07 13:00:00,71.22489929199219
2016-12-07 14:00:00,69.48355865478516
2016-12-07 15:00:00,73.36859130859375
2016-12-07 16:00:00,75.71513366699219
2016-12-07 17:00:00,80.98605346679688
2016-12-07 18:00:00,80.6242446899414
2016-12-07 19:00:00,80.85581970214844
2016-12-07 20:00:00,77.69477844238281
2016-12-07 21:00:00,77.66835021972656
2016-12-07 22:00:00,72.78231811523438
2016-12-07 23:00:00,73.21243286132812
2016-12-08 00:00:00,67.6172866821289
2016-12-08 01:00:00,61.73048782348633
2016-12-08 02:00:00,57.167476654052734
2016-12-08 03:00:00,57.2274169921875
2016-12-08 04:00:00,58.30610656738281
2016-12-08 05:00:00,61.61914825439453
2016-12-08 06:00:00,68.11843872070312
2016-12-08 07:00:00,74.543212890625
2016-12-08 08:00:00,78.80917358398438
2016-12-08 09:00:00,80.91928100585938
2016-12-08 10:00:00,77.68659973144531
2016-12-08 11:00:00,81.66706085205078
2016-12-08 12:00:00,74.51507568359375
2016-12-08 13:00:00,71.99336242675781
2016-12-08 14:00:00,67.06121063232422
2016-12-08 15:00:00,70.5938949584961
2016-12-08 16:00:00,77.47610473632812
2016-12-08 17:00:00,78.41858673095703
2016-12-08 18:00:00,81.16960906982422
2016-12-08 19:00:00,83.66913604736328
2016-12-08 20:00:00,79.91407775878906
2016-12-08 21:00:00,77.19453430175781
2016-12-08 22:00:00,70.02215576171875
2016-12-08 23:00:00,69.58106994628906
2016-12-09 00:00:00,67.27347564697266
2016-12-09 01:00:00,60.733558654785156
2016-12-09 02:00:00,58.08905029296875
2016-12-09 03:00:00,56.369232177734375
2016-12-09 04:00:00,58.10251235961914
2016-12-09 05:00:00,63.566009521484375
2016-12-09 06:00:00,65.15185546875
2016-12-09 07:00:00,72.79204559326172
2016-12-09 08:00:00,73.50748443603516
2016-12-09 09:00:00,74.02388763427734
2016-12-09 10:00:00,74.62628936767578
2016-12-09 11:00:00,72.98255157470703
2016-12-09 12:00:00,68.6673355102539
2016-12-09 13:00:00,65.9010009765625
2016-12-09 14:00:00,65.1701889038086
2016-12-09 15:00:00,67.54662322998047
2016-12-09 16:00:00,70.15406799316406
2016-12-09 17:00:00,73.74922943115234
2016-12-09 18:00:00,75.22959899902344
2016-12-09 19:00:00,74.62113952636719
2016-12-09 20:00:00,70.14280700683594
2016-12-09 21:00:00,66.13297271728516
2016-12-09 22:00:00,63.173683166503906
2016-12-09 23:00:00,61.905765533447266
2016-12-10 00:00:00,49.40531539916992
2016-12-10 01:00:00,48.049964904785156
2016-12-10 02:00:00,45.958492279052734
2016-12-10 03:00:00,43.912498474121094
2016-12-10 04:00:00,43.78186798095703
2016-12-10 05:00:00,44.40130615234375
2016-12-10 06:00:00,50.7376708984375
2016-12-10 07:00:00,53.4168701171875
2016-12-10 08:00:00,58.429691314697266
2016-12-10 09:00:00,60.08061218261719
2016-12-10 10:00:00,59.80533981323242
2016-12-10 11:00:00,57.41437911987305
2016-12-10 12:00:00,56.70722579956055
2016-12-10 13:00:00,54.461456298828125
2016-12-10 14:00:00,54.35504150390625
2016-12-10 15:00:00,54.77318572998047
2016-12-10 16:00:00,53.9666862487793
2016-12-10 17:00:00,56.853485107421875
2016-12-10 18:00:00,59.677433013916016
2016-12-10 19:00:00,59.53266906738281
2016-12-10 20:00:00,57.921775817871094
2016-12-10 21:00:00,55.711334228515625
2016-12-10 22:00:00,54.72006607055664
2016-12-10 23:00:00,53.067020416259766
2016-12-11 00:00:00,50.7113037109375
2016-12-11 01:00:00,48.389068603515625
2016-12-11 02:00:00,45.49903869628906
2016-12-11 03:00:00,44.43756103515625
2016-12-11 04:00:00,44.884559631347656
2016-12-11 05:00:00,46.094993591308594
2016-12-11 06:00:00,51.65336227416992
2016-12-11 07:00:00,56.06697082519531
2016-12-11 08:00:00,56.81523513793945
2016-12-11 09:00:00,56.44801330566406
2016-12-11 10:00:00,57.23250198364258
2016-12-11 11:00:00,57.08281326293945
2016-12-11 12:00:00,54.99964141845703
2016-12-11 13:00:00,52.53046417236328
2016-12-11 14:00:00,51.22964096069336
2016-12-11 15:00:00,51.079681396484375
2016-12-11 16:00:00,53.20566177368164
2016-12-11 17:00:00,57.8187141418457
2016-12-11 18:00:00,59.911930084228516
2016-12-11 19:00:00,59.26454162597656
2016-12-11 20:00:00,57.39730453491211
2016-12-11 21:00:00,56.013587951660156
2016-12-11 22:00:00,54.39324951171875
2016-12-11 23:00:00,53.516624450683594
2016-12-12 00:00:00,50.58605194091797
2016-12-12 01:00:00,47.42611312866211
2016-12-12 02:00:00,43.74414825439453
2016-12-12 03:00:00,39.820228576660156
2016-12-12 04:00:00,40.752376556396484
2016-12-12 05:00:00,42.110984802246094
2016-12-12 06:00:00,50.95187759399414
2016-12-12 07:00:00,59.05818557739258
2016-12-12 08:00:00,61.084388732910156
2016-12-12 09:00:00,62.13496398925781
2016-12-12 10:00:00,61.78321075439453
2016-12-12 11:00:00,60.30767059326172
2016-12-12 12:00:00,58.20159149169922
2016-12-12 13:00:00,55.759437561035156
2016-12-12 14:00:00,55.223670959472656
2016-12-12 15:00:00,54.481998443603516
2016-12-12 16:00:00,57.967193603515625
2016-12-12 17:00:00,61.8856086730957
2016-12-12 18:00:00,63.43606185913086
2016-12-12 19:00:00,63.23979187011719
2016-12-12 20:00:00,59.96980667114258
2016-12-12 21:00:00,58.01600646972656
2016-12-12 22:00:00,55.52965545654297
2016-12-12 23:00:00,52.61372375488281
2016-12-13 00:00:00,50.45207214355469
2016-12-13 01:00:00,46.63777160644531
2016-12-13 02:00:00,45.0048713684082
2016-12-13 03:00:00,43.522743225097656
2016-12-13 04:00:00,44.431819915771484
2016-12-13 05:00:00,49.21031188964844
2016-12-13 06:00:00,53.175540924072266
2016-12-13 07:00:00,60.5228271484375
2016-12-13 08:00:00,65.48237609863281
2016-12-13 09:00:00,65.97101593017578
2016-12-13 10:00:00,66.10494232177734
2016-12-13 11:00:00,65.23078918457031
2016-12-13 12:00:00,62.21540069580078
2016-12-13 13:00:00,58.6622314453125
2016-12-13 14:00:00,58.53704071044922
2016-12-13 15:00:00,59.46542739868164
2016-12-13 16:00:00,62.95054626464844
2016-12-13 17:00:00,66.06552124023438
2016-12-13 18:00:00,66.74835205078125
2016-12-13 19:00:00,63.5909423828125
2016-12-13 20:00:00,61.347782135009766
2016-12-13 21:00:00,58.43480682373047
2016-12-13 22:00:00,57.013885498046875
2016-12-13 23:00:00,55.2171630859375
2016-12-14 00:00:00,55.88347625732422
2016-12-14 01:00:00,53.12556076049805
2016-12-14 02:00:00,48.52223205566406
2016-12-14 03:00:00,46.696868896484375
2016-12-14 04:00:00,48.22466278076172
2016-12-14 05:00:00,54.235992431640625
2016-12-14 06:00:00,63.02186965942383
2016-12-14 07:00:00,72.74638366699219
2016-12-14 08:00:00,78.15605163574219
2016-12-14 09:00:00,79.86837768554688
2016-12-14 10:00:00,76.55936431884766
2016-12-14 11:00:00,73.266357421875
2016-12-14 12:00:00,68.95123291015625
2016-12-14 13:00:00,67.3806381225586
2016-12-14 14:00:00,66.25830078125
2016-12-14 15:00:00,65.24138641357422
2016-12-14 16:00:00,68.19898986816406
2016-12-14 17:00:00,71.58135986328125
2016-12-14 18:00:00,72.81271362304688
2016-12-14 19:00:00,71.26180267333984
2016-12-14 20:00:00,67.00395965576172
2016-12-14 21:00:00,61.80567932128906
2016-12-14 22:00:00,59.74979019165039
2016-12-14 23:00:00,57.09463882446289
2016-12-15 00:00:00,56.156681060791016
2016-12-15 01:00:00,48.82005310058594
2016-12-15 02:00:00,45.1558837890625
2016-12-15 03:00:00,45.12409591674805
2016-12-15 04:00:00,42.078147888183594
2016-12-15 05:00:00,50.98664093017578
2016-12-15 06:00:00,59.95243835449219
2016-12-15 07:00:00,71.24805450439453
2016-12-15 08:00:00,81.1772689819336
2016-12-15 09:00:00,79.98739624023438
2016-12-15 10:00:00,81.56793212890625
2016-12-15 11:00:00,77.93883514404297
2016-12-15 12:00:00,74.5269775390625
2016-12-15 13:00:00,69.13304138183594
2016-12-15 14:00:00,63.97871017456055
2016-12-15 15:00:00,63.9113655090332
2016-12-15 16:00:00,64.91371154785156
2016-12-15 17:00:00,71.14661407470703
2016-12-15 18:00:00,73.94591522216797
2016-12-15 19:00:00,72.93611145019531
2016-12-15 20:00:00,66.88671875
2016-12-15 21:00:00,62.70984649658203
2016-12-15 22:00:00,61.97760009765625
2016-12-15 23:00:00,59.728363037109375
2016-12-16 00:00:00,57.21462631225586
2016-12-16 01:00:00,56.180084228515625
2016-12-16 02:00:00,49.154884338378906
2016-12-16 03:00:00,48.942142486572266
2016-12-16 04:00:00,49.50337219238281
2016-12-16 05:00:00,53.047306060791016
2016-12-16 06:00:00,60.77515411376953
2016-12-16 07:00:00,67.18099212646484
2016-12-16 08:00:00,74.44915008544922
2016-12-16 09:00:00,72.45721435546875
2016-12-16 10:00:00,72.92349243164062
2016-12-16 11:00:00,69.88167572021484
2016-12-16 12:00:00,66.10662841796875
2016-12-16 13:00:00,63.81266403198242
2016-12-16 14:00:00,60.15085983276367
2016-12-16 15:00:00,58.88465881347656
2016-12-16 16:00:00,59.76705551147461
2016-12-16 17:00:00,65.54883575439453
2016-12-16 18:00:00,70.4288330078125
2016-12-16 19:00:00,66.78997039794922
2016-12-16 20:00:00,63.71140670776367
2016-12-16 21:00:00,59.78899002075195
2016-12-16 22:00:00,58.675262451171875
2016-12-16 23:00:00,56.75127410888672
2016-12-17 00:00:00,54.83783721923828
2016-12-17 01:00:00,52.33851623535156
2016-12-17 02:00:00,49.158050537109375
2016-12-17 03:00:00,44.672943115234375
2016-12-17 04:00:00,43.53921890258789
2016-12-17 05:00:00,45.43250274658203
2016-12-17 06:00:00,49.047794342041016
2016-12-17 07:00:00,55.900821685791016
2016-12-17 08:00:00,58.80685043334961
2016-12-17 09:00:00,58.040443420410156
2016-12-17 10:00:00,58.29472351074219
2016-12-17 11:00:00,55.98410415649414
2016-12-17 12:00:00,55.15253448486328
2016-12-17 13:00:00,51.2298583984375
2016-12-17 14:00:00,48.929325103759766
2016-12-17 15:00:00,47.10450744628906
2016-12-17 16:00:00,50.97956466674805
2016-12-17 17:00:00,57.003684997558594
2016-12-17 18:00:00,62.91925811767578
2016-12-17 19:00:00,62.10575866699219
2016-12-17 20:00:00,59.38956069946289
2016-12-17 21:00:00,56.19621658325195
2016-12-17 22:00:00,53.996578216552734
2016-12-17 23:00:00,53.415653228759766
2016-12-18 00:00:00,43.41059112548828
2016-12-18 01:00:00,40.31126403808594
2016-12-18 02:00:00,38.012794494628906
2016-12-18 03:00:00,36.94917678833008
2016-12-18 04:00:00,37.859867095947266
2016-12-18 05:00:00,39.94749450683594
2016-12-18 06:00:00,43.18042755126953
2016-12-18 07:00:00,46.833465576171875
2016-12-18 08:00:00,49.36486053466797
2016-12-18 09:00:00,50.314064025878906
2016-12-18 10:00:00,49.75571060180664
2016-12-18 11:00:00,47.955684661865234
2016-12-18 12:00:00,45.91497802734375
2016-12-18 13:00:00,44.50804901123047
2016-12-18 14:00:00,44.02809143066406
2016-12-18 15:00:00,45.01207733154297
2016-12-18 16:00:00,47.385643005371094
2016-12-18 17:00:00,49.60822677612305
2016-12-18 18:00:00,50.86370849609375
2016-12-18 19:00:00,50.587833404541016
2016-12-18 20:00:00,48.19783401489258
2016-12-18 21:00:00,45.27114486694336
2016-12-18 22:00:00,42.05113983154297
2016-12-18 23:00:00,39.175724029541016
2016-12-19 00:00:00,35.90196990966797
2016-12-19 01:00:00,32.757102966308594
2016-12-19 02:00:00,30.576175689697266
2016-12-19 03:00:00,29.826419830322266
2016-12-19 04:00:00,30.842124938964844
2016-12-19 05:00:00,33.411827087402344
2016-12-19 06:00:00,36.929405212402344
2016-12-19 07:00:00,40.521812438964844
2016-12-19 08:00:00,42.974403381347656
2016-12-19 09:00:00,43.74479675292969
2016-12-19 10:00:00,43.326446533203125
2016-12-19 11:00:00,42.159217834472656
2016-12-19 12:00:00,40.77998733520508
2016-12-19 13:00:00,39.78194046020508
2016-12-19 14:00:00,39.63578414916992
2016-12-19 15:00:00,40.713436126708984
2016-12-19 16:00:00,42.771324157714844
2016-12-19 17:00:00,44.74574661254883
2016-12-19 18:00:00,45.812278747558594
2016-12-19 19:00:00,45.63055419921875
2016-12-19 20:00:00,44.13095474243164
2016-12-19 21:00:00,41.89999008178711
2016-12-19 22:00:00,39.66089630126953
2016-12-19 23:00:00,37.248008728027344
2016-12-20 00:00:00,34.364158630371094
2016-12-20 01:00:00,31.48319435119629
2016-12-20 02:00:00,29.479351043701172
2016-12-20 03:00:00,28.938800811767578
2016-12-20 04:00:00,30.21164894104004
2016-12-20 05:00:00,32.99274826049805
2016-12-20 06:00:00,36.732154846191406
2016-12-20 07:00:00,40.51637649536133
2016-12-20 08:00:00,43.203125
2016-12-20 09:00:00,44.467262268066406
2016-12-20 10:00:00,44.43183517456055
2016-12-20 11:00:00,43.53685760498047
2016-12-20 12:00:00,42.36338424682617
2016-12-20 13:00:00,41.59804153442383
2016-12-20 14:00:00,41.695350646972656
2016-12-20 15:00:00,42.98141860961914
2016-12-20 16:00:00,45.02224349975586
2016-12-20 17:00:00,47.08565902709961
2016-12-20 18:00:00,48.38611602783203
2016-12-20 19:00:00,48.40663146972656
2016-12-20 20:00:00,46.9832878112793
2016-12-20 21:00:00,44.97699737548828
2016-12-20 22:00:00,42.88152313232422
2016-12-20 23:00:00,40.57190704345703
2016-12-21 00:00:00,37.83066177368164
2016-12-21 01:00:00,34.989349365234375
2016-12-21 02:00:00,33.09929656982422
2016-12-21 03:00:00,32.6964225769043
2016-12-21 04:00:00,33.95214080810547
2016-12-21 05:00:00,36.813751220703125
2016-12-21 06:00:00,40.80006790161133
2016-12-21 07:00:00,44.734275817871094
2016-12-21 08:00:00,47.50048828125
2016-12-21 09:00:00,48.81573486328125
2016-12-21 10:00:00,48.85087966918945
2016-12-21 11:00:00,47.86119842529297
2016-12-21 12:00:00,46.46053695678711
2016-12-21 13:00:00,45.47528839111328
2016-12-21 14:00:00,45.450016021728516
2016-12-21 15:00:00,46.56087875366211
2016-12-21 16:00:00,48.30934524536133
2016-12-21 17:00:00,50.280113220214844
2016-12-21 18:00:00,51.52548599243164
2016-12-21 19:00:00,51.237789154052734
2016-12-21 20:00:00,49.494693756103516
2016-12-21 21:00:00,47.04587173461914
2016-12-21 22:00:00,44.45464324951172
2016-12-21 23:00:00,41.82939147949219
2016-12-22 00:00:00,59.49860382080078
2016-12-22 01:00:00,54.37541198730469
2016-12-22 02:00:00,51.621559143066406
2016-12-22 03:00:00,50.80406188964844
2016-12-22 04:00:00,50.957366943359375
2016-12-22 05:00:00,52.95793533325195
2016-12-22 06:00:00,61.82318878173828
2016-12-22 07:00:00,69.3535385131836
2016-12-22 08:00:00,76.34387969970703
2016-12-22 09:00:00,76.76445770263672
2016-12-22 10:00:00,77.08953094482422
2016-12-22 11:00:00,75.31123352050781
2016-12-22 12:00:00,73.82608032226562
2016-12-22 13:00:00,75.00273895263672
2016-12-22 14:00:00,73.44335174560547
2016-12-22 15:00:00,71.90557098388672
2016-12-22 16:00:00,72.68545532226562
2016-12-22 17:00:00,74.06314086914062
2016-12-22 18:00:00,75.33528900146484
2016-12-22 19:00:00,73.91580200195312
2016-12-22 20:00:00,70.24555969238281
2016-12-22 21:00:00,69.80525207519531
2016-12-22 22:00:00,68.67437744140625
2016-12-22 23:00:00,65.14067077636719
2016-12-23 00:00:00,61.249237060546875
2016-12-23 01:00:00,55.62680435180664
2016-12-23 02:00:00,53.68785095214844
2016-12-23 03:00:00,49.36518096923828
2016-12-23 04:00:00,47.467647552490234
2016-12-23 05:00:00,50.676239013671875
2016-12-23 06:00:00,55.946197509765625
2016-12-23 07:00:00,64.7995834350586
2016-12-23 08:00:00,69.89901733398438
2016-12-23 09:00:00,70.29167175292969
2016-12-23 10:00:00,69.70633697509766
2016-12-23 11:00:00,69.93022155761719
2016-12-23 12:00:00,67.76028442382812
2016-12-23 13:00:00,66.3568344116211
2016-12-23 14:00:00,67.06394958496094
2016-12-23 15:00:00,64.75454711914062
2016-12-23 16:00:00,66.77642059326172
2016-12-23 17:00:00,69.62702178955078
2016-12-23 18:00:00,70.50736236572266
2016-12-23 19:00:00,70.16935729980469
2016-12-23 20:00:00,64.74559783935547
2016-12-23 21:00:00,63.468475341796875
2016-12-23 22:00:00,63.481170654296875
2016-12-23 23:00:00,63.73814010620117
2016-12-24 00:00:00,60.009857177734375
2016-12-24 01:00:00,57.42582702636719
2016-12-24 02:00:00,53.919254302978516
2016-12-24 03:00:00,48.96934127807617
2016-12-24 04:00:00,49.989192962646484
2016-12-24 05:00:00,50.055137634277344
2016-12-24 06:00:00,51.857540130615234
2016-12-24 07:00:00,56.368614196777344
2016-12-24 08:00:00,59.37435531616211
2016-12-24 09:00:00,60.29808807373047
2016-12-24 10:00:00,60.61213684082031
2016-12-24 11:00:00,60.03645324707031
2016-12-24 12:00:00,58.945457458496094
2016-12-24 13:00:00,59.23466873168945
2016-12-24 14:00:00,57.15538787841797
2016-12-24 15:00:00,56.60084533691406
2016-12-24 16:00:00,58.230628967285156
2016-12-24 17:00:00,61.487640380859375
2016-12-24 18:00:00,65.74952697753906
2016-12-24 19:00:00,65.0982437133789
2016-12-24 20:00:00,62.592891693115234
2016-12-24 21:00:00,59.05689239501953
2016-12-24 22:00:00,59.9117431640625
2016-12-24 23:00:00,58.9158935546875
2016-12-25 00:00:00,56.16777038574219
2016-12-25 01:00:00,54.19551467895508
2016-12-25 02:00:00,50.588172912597656
2016-12-25 03:00:00,48.260250091552734
2016-12-25 04:00:00,43.85564422607422
2016-12-25 05:00:00,45.14326477050781
2016-12-25 06:00:00,48.100563049316406
2016-12-25 07:00:00,52.75724792480469
2016-12-25 08:00:00,55.13125228881836
2016-12-25 09:00:00,55.446998596191406
2016-12-25 10:00:00,55.918556213378906
2016-12-25 11:00:00,55.032440185546875
2016-12-25 12:00:00,56.257408142089844
2016-12-25 13:00:00,54.42247772216797
2016-12-25 14:00:00,52.78363037109375
2016-12-25 15:00:00,53.37419509887695
2016-12-25 16:00:00,54.99202346801758
2016-12-25 17:00:00,56.90144348144531
2016-12-25 18:00:00,63.192012786865234
2016-12-25 19:00:00,62.55845642089844
2016-12-25 20:00:00,61.12439727783203
2016-12-25 21:00:00,60.41841506958008
2016-12-25 22:00:00,57.60786056518555
2016-12-25 23:00:00,57.227516174316406
2016-12-26 00:00:00,42.004791259765625
2016-12-26 01:00:00,40.020721435546875
2016-12-26 02:00:00,38.774810791015625
2016-12-26 03:00:00,33.76532745361328
2016-12-26 04:00:00,35.84507369995117
2016-12-26 05:00:00,36.255287170410156
2016-12-26 06:00:00,37.86553955078125
2016-12-26 07:00:00,46.54141616821289
2016-12-26 08:00:00,50.202049255371094
2016-12-26 09:00:00,57.92736053466797
2016-12-26 10:00:00,61.13005828857422
2016-12-26 11:00:00,60.34006881713867
2016-12-26 12:00:00,61.07809066772461
2016-12-26 13:00:00,54.598960876464844
2016-12-26 14:00:00,54.26740264892578
2016-12-26 15:00:00,55.28309631347656
2016-12-26 16:00:00,59.416221618652344
2016-12-26 17:00:00,61.512176513671875
2016-12-26 18:00:00,62.91798400878906
2016-12-26 19:00:00,62.003414154052734
2016-12-26 20:00:00,63.03046417236328
2016-12-26 21:00:00,61.83235168457031
2016-12-26 22:00:00,57.6776123046875
2016-12-26 23:00:00,57.84083557128906
2016-12-27 00:00:00,57.29273223876953
2016-12-27 01:00:00,51.57073211669922
2016-12-27 02:00:00,48.627464294433594
2016-12-27 03:00:00,46.513633728027344
2016-12-27 04:00:00,45.60533905029297
2016-12-27 05:00:00,48.79848861694336
2016-12-27 06:00:00,54.80862808227539
2016-12-27 07:00:00,58.49691390991211
2016-12-27 08:00:00,62.673702239990234
2016-12-27 09:00:00,65.92662048339844
2016-12-27 10:00:00,68.00006866455078
2016-12-27 11:00:00,66.85643768310547
2016-12-27 12:00:00,69.75025939941406
2016-12-27 13:00:00,66.13453674316406
2016-12-27 14:00:00,62.549800872802734
2016-12-27 15:00:00,64.2500991821289
2016-12-27 16:00:00,67.89598846435547
2016-12-27 17:00:00,69.5848617553711
2016-12-27 18:00:00,70.254638671875
2016-12-27 19:00:00,68.67713165283203
2016-12-27 20:00:00,66.776123046875
2016-12-27 21:00:00,68.49630737304688
2016-12-27 22:00:00,63.14773941040039
2016-12-27 23:00:00,62.37884521484375
2016-12-28 00:00:00,58.022647857666016
2016-12-28 01:00:00,52.47230911254883
2016-12-28 02:00:00,50.99298095703125
2016-12-28 03:00:00,47.405181884765625
2016-12-28 04:00:00,51.296142578125
2016-12-28 05:00:00,49.76305389404297
2016-12-28 06:00:00,53.27620315551758
2016-12-28 07:00:00,58.74351119995117
2016-12-28 08:00:00,64.21641540527344
2016-12-28 09:00:00,65.88664245605469
2016-12-28 10:00:00,67.10448455810547
2016-12-28 11:00:00,69.96182250976562
2016-12-28 12:00:00,68.98018646240234
2016-12-28 13:00:00,67.30691528320312
2016-12-28 14:00:00,64.78431701660156
2016-12-28 15:00:00,63.37254333496094
2016-12-28 16:00:00,64.55731201171875
2016-12-28 17:00:00,67.82303619384766
2016-12-28 18:00:00,68.46455383300781
2016-12-28 19:00:00,71.1141586303711
2016-12-28 20:00:00,65.92086791992188
2016-12-28 21:00:00,66.12374114990234
2016-12-28 22:00:00,60.121463775634766
2016-12-28 23:00:00,59.39006805419922
2016-12-29 00:00:00,55.6567268371582
2016-12-29 01:00:00,50.813602447509766
2016-12-29 02:00:00,47.99501037597656
2016-12-29 03:00:00,43.56307601928711
2016-12-29 04:00:00,45.30502700805664
2016-12-29 05:00:00,48.28682327270508
2016-12-29 06:00:00,52.315086364746094
2016-12-29 07:00:00,56.826637268066406
2016-12-29 08:00:00,61.54868698120117
2016-12-29 09:00:00,62.277244567871094
2016-12-29 10:00:00,64.87617492675781
2016-12-29 11:00:00,62.48326873779297
2016-12-29 12:00:00,61.713050842285156
2016-12-29 13:00:00,62.40107727050781
2016-12-29 14:00:00,60.67312240600586
2016-12-29 15:00:00,59.82881546020508
2016-12-29 16:00:00,61.207523345947266
2016-12-29 17:00:00,64.24418640136719
2016-12-29 18:00:00,61.97370147705078
2016-12-29 19:00:00,64.16454315185547
2016-12-29 20:00:00,61.78510665893555
2016-12-29 21:00:00,59.71934127807617
2016-12-29 22:00:00,58.81694030761719
2016-12-29 23:00:00,56.68565368652344
2016-12-30 00:00:00,44.04961395263672
2016-12-30 01:00:00,39.27947998046875
2016-12-30 02:00:00,31.40753936767578
2016-12-30 03:00:00,31.34381675720215
2016-12-30 04:00:00,30.679424285888672
2016-12-30 05:00:00,35.61504364013672
2016-12-30 06:00:00,38.31975173950195
2016-12-30 07:00:00,44.78314971923828
2016-12-30 08:00:00,50.011634826660156
2016-12-30 09:00:00,54.821739196777344
2016-12-30 10:00:00,53.119041442871094
2016-12-30 11:00:00,55.42483901977539
2016-12-30 12:00:00,52.53209686279297
2016-12-30 13:00:00,50.171165466308594
2016-12-30 14:00:00,46.35067367553711
2016-12-30 15:00:00,47.12700653076172
2016-12-30 16:00:00,53.17587661743164
2016-12-30 17:00:00,52.95327377319336
2016-12-30 18:00:00,57.84410858154297
2016-12-30 19:00:00,58.694496154785156
2016-12-30 20:00:00,56.33615493774414
2016-12-30 21:00:00,57.514713287353516
2016-12-30 22:00:00,50.675254821777344
2016-12-30 23:00:00,46.48116683959961
2016-12-31 00:00:00,43.83194351196289
2016-12-31 01:00:00,38.65683364868164
2016-12-31 02:00:00,32.32719421386719
2016-12-31 03:00:00,31.514198303222656
2016-12-31 04:00:00,32.42476272583008
2016-12-31 05:00:00,36.40862274169922
2016-12-31 06:00:00,40.05497741699219
2016-12-31 07:00:00,44.406494140625
2016-12-31 08:00:00,49.1989860534668
2016-12-31 09:00:00,54.940101623535156
2016-12-31 10:00:00,56.25484085083008
2016-12-31 11:00:00,56.0733757019043
2016-12-31 12:00:00,52.543155670166016
2016-12-31 13:00:00,50.831520080566406
2016-12-31 14:00:00,50.10440444946289
2016-12-31 15:00:00,51.8021240234375
2016-12-31 16:00:00,52.962371826171875
2016-12-31 17:00:00,57.677024841308594
2016-12-31 18:00:00,61.34925842285156
2016-12-31 19:00:00,58.22135543823242
2016-12-31 20:00:00,59.980072021484375
2016-12-31 21:00:00,59.03366470336914
2016-12-31 22:00:00,56.4368896484375
2016-12-31 23:00:00,51.194580078125
