time_stamp,predicted_ans
2018-08-25 00:00:00,48.320682525634766
2018-08-25 01:00:00,47.54290771484375
2018-08-25 02:00:00,47.03498077392578
2018-08-25 03:00:00,46.885406494140625
2018-08-25 04:00:00,47.210514068603516
2018-08-25 05:00:00,48.07243728637695
2018-08-25 06:00:00,49.2185173034668
2018-08-25 07:00:00,50.320308685302734
2018-08-25 08:00:00,51.07477569580078
2018-08-25 09:00:00,51.311607360839844
2018-08-25 10:00:00,51.04823303222656
2018-08-25 11:00:00,50.40568161010742
2018-08-25 12:00:00,49.54481506347656
2018-08-25 13:00:00,48.725074768066406
2018-08-25 14:00:00,48.19173812866211
2018-08-25 15:00:00,48.06476593017578
2018-08-25 16:00:00,48.274810791015625
2018-08-25 17:00:00,48.57478713989258
2018-08-25 18:00:00,48.79866409301758
2018-08-25 19:00:00,48.888954162597656
2018-08-25 20:00:00,48.78496170043945
2018-08-25 21:00:00,48.43236541748047
2018-08-25 22:00:00,47.8284797668457
2018-08-25 23:00:00,47.0384407043457
2018-08-26 00:00:00,46.23242950439453
2018-08-26 01:00:00,45.54558563232422
2018-08-26 02:00:00,45.08601379394531
2018-08-26 03:00:00,44.9727668762207
2018-08-26 04:00:00,45.31320571899414
2018-08-26 05:00:00,46.121829986572266
2018-08-26 06:00:00,47.21116256713867
2018-08-26 07:00:00,48.26759719848633
2018-08-26 08:00:00,49.02202606201172
2018-08-26 09:00:00,49.33487319946289
2018-08-26 10:00:00,49.20131301879883
2018-08-26 11:00:00,48.72320556640625
2018-08-26 12:00:00,48.05581283569336
2018-08-26 13:00:00,47.431434631347656
2018-08-26 14:00:00,47.05959701538086
2018-08-26 15:00:00,47.006961822509766
2018-08-26 16:00:00,47.21095657348633
2018-08-26 17:00:00,47.48629379272461
2018-08-26 18:00:00,47.713157653808594
2018-08-26 19:00:00,47.802703857421875
2018-08-26 20:00:00,47.727420806884766
2018-08-26 21:00:00,47.420169830322266
2018-08-26 22:00:00,46.8892707824707
2018-08-26 23:00:00,46.228370666503906
2018-08-27 00:00:00,45.522525787353516
2018-08-27 01:00:00,44.89374542236328
2018-08-27 02:00:00,44.491390228271484
2018-08-27 03:00:00,44.4420166015625
2018-08-27 04:00:00,44.85930252075195
2018-08-27 05:00:00,45.72504806518555
2018-08-27 06:00:00,46.83926010131836
2018-08-27 07:00:00,47.90148162841797
2018-08-27 08:00:00,48.693443298339844
2018-08-27 09:00:00,49.06637191772461
2018-08-27 10:00:00,48.978904724121094
2018-08-27 11:00:00,48.5273323059082
2018-08-27 12:00:00,47.910343170166016
2018-08-27 13:00:00,47.356422424316406
2018-08-27 14:00:00,47.0497932434082
2018-08-27 15:00:00,47.01707077026367
2018-08-27 16:00:00,47.19591522216797
2018-08-27 17:00:00,47.44076156616211
2018-08-27 18:00:00,47.613548278808594
2018-08-27 19:00:00,47.67103576660156
2018-08-27 20:00:00,47.5730094909668
2018-08-27 21:00:00,47.2619743347168
2018-08-27 22:00:00,46.72178649902344
2018-08-27 23:00:00,46.03144836425781
2018-08-28 00:00:00,45.307926177978516
2018-08-28 01:00:00,44.667198181152344
2018-08-28 02:00:00,44.25543212890625
2018-08-28 03:00:00,44.2080192565918
2018-08-28 04:00:00,44.64511489868164
2018-08-28 05:00:00,45.540374755859375
2018-08-28 06:00:00,46.69438171386719
2018-08-28 07:00:00,47.8112678527832
2018-08-28 08:00:00,48.63245391845703
2018-08-28 09:00:00,48.9849967956543
2018-08-28 10:00:00,48.86642837524414
2018-08-28 11:00:00,48.3746337890625
2018-08-28 12:00:00,47.707393646240234
2018-08-28 13:00:00,47.116798400878906
2018-08-28 14:00:00,46.76695251464844
2018-08-28 15:00:00,46.694923400878906
2018-08-28 16:00:00,46.85236740112305
2018-08-28 17:00:00,47.06370162963867
2018-08-28 18:00:00,47.19286346435547
2018-08-28 19:00:00,47.19865798950195
2018-08-28 20:00:00,47.0369873046875
2018-08-28 21:00:00,46.661659240722656
2018-08-28 22:00:00,46.06090545654297
2018-08-28 23:00:00,45.34291076660156
2018-08-29 00:00:00,55.81452178955078
2018-08-29 01:00:00,54.70479965209961
2018-08-29 02:00:00,54.03417205810547
2018-08-29 03:00:00,53.839473724365234
2018-08-29 04:00:00,54.170875549316406
2018-08-29 05:00:00,54.95759201049805
2018-08-29 06:00:00,56.03922653198242
2018-08-29 07:00:00,57.194129943847656
2018-08-29 08:00:00,58.135623931884766
2018-08-29 09:00:00,58.63228988647461
2018-08-29 10:00:00,58.552764892578125
2018-08-29 11:00:00,57.953678131103516
2018-08-29 12:00:00,56.9884033203125
2018-08-29 13:00:00,55.99396896362305
2018-08-29 14:00:00,55.40007781982422
2018-08-29 15:00:00,55.388397216796875
2018-08-29 16:00:00,55.84469223022461
2018-08-29 17:00:00,56.52220153808594
2018-08-29 18:00:00,57.05928039550781
2018-08-29 19:00:00,57.21361541748047
2018-08-29 20:00:00,56.82244110107422
2018-08-29 21:00:00,55.90676498413086
2018-08-29 22:00:00,54.6319580078125
2018-08-29 23:00:00,53.21351623535156
2018-08-30 00:00:00,51.95655822753906
2018-08-30 01:00:00,50.930965423583984
2018-08-30 02:00:00,50.24295425415039
2018-08-30 03:00:00,50.0169563293457
2018-08-30 04:00:00,50.3192138671875
2018-08-30 05:00:00,51.036338806152344
2018-08-30 06:00:00,52.010963439941406
2018-08-30 07:00:00,53.0322265625
2018-08-30 08:00:00,53.853904724121094
2018-08-30 09:00:00,54.27178955078125
2018-08-30 10:00:00,54.21809768676758
2018-08-30 11:00:00,53.71442794799805
2018-08-30 12:00:00,52.93668746948242
2018-08-30 13:00:00,52.144569396972656
2018-08-30 14:00:00,51.67300033569336
2018-08-30 15:00:00,51.71633529663086
2018-08-30 16:00:00,52.22480773925781
2018-08-30 17:00:00,52.92333984375
2018-08-30 18:00:00,53.51054763793945
2018-08-30 19:00:00,53.743011474609375
2018-08-30 20:00:00,53.59305953979492
2018-08-30 21:00:00,52.965484619140625
2018-08-30 22:00:00,51.95956802368164
2018-08-30 23:00:00,50.80707931518555
2018-08-31 00:00:00,49.726993560791016
2018-08-31 01:00:00,48.851234436035156
2018-08-31 02:00:00,48.28297424316406
2018-08-31 03:00:00,48.11803436279297
2018-08-31 04:00:00,48.451805114746094
2018-08-31 05:00:00,49.2308464050293
2018-08-31 06:00:00,50.283958435058594
2018-08-31 07:00:00,51.363914489746094
2018-08-31 08:00:00,52.196815490722656
2018-08-31 09:00:00,52.6351203918457
2018-08-31 10:00:00,52.56346130371094
2018-08-31 11:00:00,52.018856048583984
2018-08-31 12:00:00,51.228267669677734
2018-08-31 13:00:00,50.523040771484375
2018-08-31 14:00:00,50.14849090576172
2018-08-31 15:00:00,50.24769973754883
2018-08-31 16:00:00,50.811100006103516
2018-08-31 17:00:00,51.61064529418945
2018-08-31 18:00:00,52.327049255371094
2018-08-31 19:00:00,52.71016311645508
2018-08-31 20:00:00,52.61344909667969
2018-08-31 21:00:00,52.016273498535156
2018-08-31 22:00:00,51.0235595703125
2018-08-31 23:00:00,49.90816116333008
2018-09-01 00:00:00,48.88816833496094
2018-09-01 01:00:00,48.06483459472656
2018-09-01 02:00:00,47.5074348449707
2018-09-01 03:00:00,47.299964904785156
2018-09-01 04:00:00,47.520198822021484
2018-09-01 05:00:00,48.13089370727539
2018-09-01 06:00:00,49.00056076049805
2018-09-01 07:00:00,49.926631927490234
2018-09-01 08:00:00,50.67127227783203
2018-09-01 09:00:00,51.04295349121094
2018-09-01 10:00:00,50.95820999145508
2018-09-01 11:00:00,50.41150665283203
2018-09-01 12:00:00,49.60488510131836
2018-09-01 13:00:00,48.85541915893555
2018-09-01 14:00:00,48.45341110229492
2018-09-01 15:00:00,48.5620231628418
2018-09-01 16:00:00,49.14106750488281
2018-09-01 17:00:00,49.940547943115234
2018-09-01 18:00:00,50.695030212402344
2018-09-01 19:00:00,51.129032135009766
2018-09-01 20:00:00,51.05971908569336
2018-09-01 21:00:00,50.4182243347168
2018-09-01 22:00:00,49.334110260009766
2018-09-01 23:00:00,48.10679244995117
2018-09-02 00:00:00,53.46077346801758
2018-09-02 01:00:00,52.29673767089844
2018-09-02 02:00:00,51.573978424072266
2018-09-02 03:00:00,51.4652099609375
2018-09-02 04:00:00,51.991546630859375
2018-09-02 05:00:00,53.173675537109375
2018-09-02 06:00:00,54.765525817871094
2018-09-02 07:00:00,56.45172119140625
2018-09-02 08:00:00,57.805179595947266
2018-09-02 09:00:00,58.564937591552734
2018-09-02 10:00:00,58.549320220947266
2018-09-02 11:00:00,57.82074737548828
2018-09-02 12:00:00,56.603614807128906
2018-09-02 13:00:00,55.375816345214844
2018-09-02 14:00:00,54.59418487548828
2018-09-02 15:00:00,54.53144073486328
2018-09-02 16:00:00,55.16703414916992
2018-09-02 17:00:00,56.1654052734375
2018-09-02 18:00:00,57.10337829589844
2018-09-02 19:00:00,57.555572509765625
2018-09-02 20:00:00,57.21043014526367
2018-09-02 21:00:00,56.04389572143555
2018-09-02 22:00:00,54.37334442138672
2018-09-02 23:00:00,52.616065979003906
2018-09-03 00:00:00,51.120296478271484
2018-09-03 01:00:00,49.967185974121094
2018-09-03 02:00:00,49.30167007446289
2018-09-03 03:00:00,49.33668899536133
2018-09-03 04:00:00,50.10541534423828
2018-09-03 05:00:00,51.490272521972656
2018-09-03 06:00:00,53.25853729248047
2018-09-03 07:00:00,55.028690338134766
2018-09-03 08:00:00,56.411163330078125
2018-09-03 09:00:00,57.1546630859375
2018-09-03 10:00:00,57.14893341064453
2018-09-03 11:00:00,56.431278228759766
2018-09-03 12:00:00,55.31748962402344
2018-09-03 13:00:00,54.268531799316406
2018-09-03 14:00:00,53.664154052734375
2018-09-03 15:00:00,53.67493438720703
2018-09-03 16:00:00,54.26001739501953
2018-09-03 17:00:00,55.128883361816406
2018-09-03 18:00:00,55.944305419921875
2018-09-03 19:00:00,56.348331451416016
2018-09-03 20:00:00,56.10536193847656
2018-09-03 21:00:00,55.2096061706543
2018-09-03 22:00:00,53.803733825683594
2018-09-03 23:00:00,52.22857666015625
2018-09-04 00:00:00,50.784420013427734
2018-09-04 01:00:00,49.596641540527344
2018-09-04 02:00:00,48.887149810791016
2018-09-04 03:00:00,48.91328811645508
2018-09-04 04:00:00,49.698265075683594
2018-09-04 05:00:00,51.162044525146484
2018-09-04 06:00:00,53.026336669921875
2018-09-04 07:00:00,54.8863639831543
2018-09-04 08:00:00,56.35649108886719
2018-09-04 09:00:00,57.101226806640625
2018-09-04 10:00:00,57.001277923583984
2018-09-04 11:00:00,56.207374572753906
2018-09-04 12:00:00,55.07522964477539
2018-09-04 13:00:00,54.052303314208984
2018-09-04 14:00:00,53.5051155090332
2018-09-04 15:00:00,53.53949737548828
2018-09-04 16:00:00,54.10601806640625
2018-09-04 17:00:00,54.93844985961914
2018-09-04 18:00:00,55.69181823730469
2018-09-04 19:00:00,56.04987335205078
2018-09-04 20:00:00,55.775657653808594
2018-09-04 21:00:00,54.83460998535156
2018-09-04 22:00:00,53.36274337768555
2018-09-04 23:00:00,51.74726104736328
2018-09-05 00:00:00,50.24187469482422
2018-09-05 01:00:00,48.98796844482422
2018-09-05 02:00:00,48.21159744262695
2018-09-05 03:00:00,48.165340423583984
2018-09-05 04:00:00,48.962059020996094
2018-09-05 05:00:00,50.48646926879883
2018-09-05 06:00:00,52.45411682128906
2018-09-05 07:00:00,54.44641876220703
2018-09-05 08:00:00,56.040000915527344
2018-09-05 09:00:00,56.890525817871094
2018-09-05 10:00:00,56.86061477661133
2018-09-05 11:00:00,56.05014419555664
2018-09-05 12:00:00,54.81425476074219
2018-09-05 13:00:00,53.66952896118164
2018-09-05 14:00:00,53.009735107421875
2018-09-05 15:00:00,53.03022384643555
2018-09-05 16:00:00,53.62851333618164
2018-09-05 17:00:00,54.45142364501953
2018-09-05 18:00:00,55.126216888427734
2018-09-05 19:00:00,55.347190856933594
2018-09-05 20:00:00,54.912315368652344
2018-09-05 21:00:00,53.798606872558594
2018-09-05 22:00:00,52.18263626098633
2018-09-05 23:00:00,50.427650451660156
2018-09-06 00:00:00,55.763023376464844
2018-09-06 01:00:00,54.439476013183594
2018-09-06 02:00:00,53.45759582519531
2018-09-06 03:00:00,52.73585510253906
2018-09-06 04:00:00,53.4039421081543
2018-09-06 05:00:00,56.38105010986328
2018-09-06 06:00:00,60.35987854003906
2018-09-06 07:00:00,63.95157241821289
2018-09-06 08:00:00,65.89158630371094
2018-09-06 09:00:00,66.23741912841797
2018-09-06 10:00:00,65.68451690673828
2018-09-06 11:00:00,63.969154357910156
2018-09-06 12:00:00,61.95329284667969
2018-09-06 13:00:00,61.49097442626953
2018-09-06 14:00:00,61.935768127441406
2018-09-06 15:00:00,62.33026885986328
2018-09-06 16:00:00,63.322025299072266
2018-09-06 17:00:00,64.7289047241211
2018-09-06 18:00:00,64.1771240234375
2018-09-06 19:00:00,63.67939376831055
2018-09-06 20:00:00,62.34999465942383
2018-09-06 21:00:00,59.810218811035156
2018-09-06 22:00:00,57.488014221191406
2018-09-06 23:00:00,55.14993667602539
2018-09-07 00:00:00,54.690242767333984
2018-09-07 01:00:00,53.81411361694336
2018-09-07 02:00:00,53.074825286865234
2018-09-07 03:00:00,52.802738189697266
2018-09-07 04:00:00,53.81698226928711
2018-09-07 05:00:00,55.778324127197266
2018-09-07 06:00:00,58.11128616333008
2018-09-07 07:00:00,60.3622932434082
2018-09-07 08:00:00,61.98278045654297
2018-09-07 09:00:00,62.43776321411133
2018-09-07 10:00:00,61.57048034667969
2018-09-07 11:00:00,60.49617004394531
2018-09-07 12:00:00,59.01483917236328
2018-09-07 13:00:00,58.192325592041016
2018-09-07 14:00:00,57.87031173706055
2018-09-07 15:00:00,58.284706115722656
2018-09-07 16:00:00,59.2719841003418
2018-09-07 17:00:00,59.914573669433594
2018-09-07 18:00:00,61.00648880004883
2018-09-07 19:00:00,61.21921157836914
2018-09-07 20:00:00,61.334163665771484
2018-09-07 21:00:00,59.88090896606445
2018-09-07 22:00:00,57.64249801635742
2018-09-07 23:00:00,56.39578628540039
2018-09-08 00:00:00,55.85392761230469
2018-09-08 01:00:00,55.221900939941406
2018-09-08 02:00:00,54.466617584228516
2018-09-08 03:00:00,53.58790588378906
2018-09-08 04:00:00,53.484405517578125
2018-09-08 05:00:00,53.72366714477539
2018-09-08 06:00:00,55.68256378173828
2018-09-08 07:00:00,57.3056526184082
2018-09-08 08:00:00,58.21331024169922
2018-09-08 09:00:00,58.874053955078125
2018-09-08 10:00:00,59.23211669921875
2018-09-08 11:00:00,58.72107696533203
2018-09-08 12:00:00,57.78740692138672
2018-09-08 13:00:00,56.134708404541016
2018-09-08 14:00:00,56.447410583496094
2018-09-08 15:00:00,56.91642379760742
2018-09-08 16:00:00,57.92958068847656
2018-09-08 17:00:00,59.15061950683594
2018-09-08 18:00:00,60.35201644897461
2018-09-08 19:00:00,61.62839889526367
2018-09-08 20:00:00,61.40733337402344
2018-09-08 21:00:00,60.10247802734375
2018-09-08 22:00:00,57.799678802490234
2018-09-08 23:00:00,56.5718879699707
2018-09-09 00:00:00,55.99761962890625
2018-09-09 01:00:00,54.982845306396484
2018-09-09 02:00:00,54.779319763183594
2018-09-09 03:00:00,54.17520523071289
2018-09-09 04:00:00,53.394588470458984
2018-09-09 05:00:00,54.20024871826172
2018-09-09 06:00:00,55.261173248291016
2018-09-09 07:00:00,57.36252212524414
2018-09-09 08:00:00,58.328365325927734
2018-09-09 09:00:00,58.550601959228516
2018-09-09 10:00:00,58.927310943603516
2018-09-09 11:00:00,58.389060974121094
2018-09-09 12:00:00,58.38259506225586
2018-09-09 13:00:00,57.79859924316406
2018-09-09 14:00:00,57.21583557128906
2018-09-09 15:00:00,57.30604934692383
2018-09-09 16:00:00,57.7222785949707
2018-09-09 17:00:00,58.846736907958984
2018-09-09 18:00:00,60.32038116455078
2018-09-09 19:00:00,61.18070983886719
2018-09-09 20:00:00,60.53255081176758
2018-09-09 21:00:00,59.68914794921875
2018-09-09 22:00:00,56.72886276245117
2018-09-09 23:00:00,55.15864562988281
2018-09-10 00:00:00,52.03607177734375
2018-09-10 01:00:00,50.53587341308594
2018-09-10 02:00:00,50.212310791015625
2018-09-10 03:00:00,50.19584655761719
2018-09-10 04:00:00,51.393394470214844
2018-09-10 05:00:00,53.203060150146484
2018-09-10 06:00:00,55.98990249633789
2018-09-10 07:00:00,58.26180648803711
2018-09-10 08:00:00,59.43442153930664
2018-09-10 09:00:00,60.28788375854492
2018-09-10 10:00:00,60.92884063720703
2018-09-10 11:00:00,60.465476989746094
2018-09-10 12:00:00,60.02604675292969
2018-09-10 13:00:00,59.63442611694336
2018-09-10 14:00:00,59.480743408203125
2018-09-10 15:00:00,59.313438415527344
2018-09-10 16:00:00,59.989627838134766
2018-09-10 17:00:00,60.64686965942383
2018-09-10 18:00:00,61.2447624206543
2018-09-10 19:00:00,61.21798324584961
2018-09-10 20:00:00,60.49155044555664
2018-09-10 21:00:00,58.87102508544922
2018-09-10 22:00:00,56.705135345458984
2018-09-10 23:00:00,54.25947189331055
2018-09-11 00:00:00,52.72900390625
2018-09-11 01:00:00,51.540313720703125
2018-09-11 02:00:00,51.481056213378906
2018-09-11 03:00:00,51.51300048828125
2018-09-11 04:00:00,52.278629302978516
2018-09-11 05:00:00,55.2822151184082
2018-09-11 06:00:00,58.50215530395508
2018-09-11 07:00:00,61.11367416381836
2018-09-11 08:00:00,63.27103042602539
2018-09-11 09:00:00,63.25169372558594
2018-09-11 10:00:00,63.02650451660156
2018-09-11 11:00:00,62.38761520385742
2018-09-11 12:00:00,60.98005676269531
2018-09-11 13:00:00,61.45843505859375
2018-09-11 14:00:00,61.345191955566406
2018-09-11 15:00:00,61.984989166259766
2018-09-11 16:00:00,62.21620178222656
2018-09-11 17:00:00,62.32347869873047
2018-09-11 18:00:00,62.282470703125
2018-09-11 19:00:00,61.337337493896484
2018-09-11 20:00:00,60.48603820800781
2018-09-11 21:00:00,59.07163619995117
2018-09-11 22:00:00,57.00719451904297
2018-09-11 23:00:00,54.830448150634766
2018-09-12 00:00:00,53.30066680908203
2018-09-12 01:00:00,52.04358673095703
2018-09-12 02:00:00,51.194801330566406
2018-09-12 03:00:00,51.565982818603516
2018-09-12 04:00:00,52.86640167236328
2018-09-12 05:00:00,55.31489562988281
2018-09-12 06:00:00,58.51431655883789
2018-09-12 07:00:00,61.768898010253906
2018-09-12 08:00:00,63.43638610839844
2018-09-12 09:00:00,63.58283996582031
2018-09-12 10:00:00,62.91705322265625
2018-09-12 11:00:00,62.54646301269531
2018-09-12 12:00:00,61.35346984863281
2018-09-12 13:00:00,61.380035400390625
2018-09-12 14:00:00,61.40731430053711
2018-09-12 15:00:00,61.993839263916016
2018-09-12 16:00:00,61.92937469482422
2018-09-12 17:00:00,63.04819107055664
2018-09-12 18:00:00,63.15791702270508
2018-09-12 19:00:00,61.98746109008789
2018-09-12 20:00:00,60.711673736572266
2018-09-12 21:00:00,59.07696533203125
2018-09-12 22:00:00,56.923343658447266
2018-09-12 23:00:00,54.71860122680664
2018-09-13 00:00:00,53.63479995727539
2018-09-13 01:00:00,51.709991455078125
2018-09-13 02:00:00,51.17928695678711
2018-09-13 03:00:00,52.38981628417969
2018-09-13 04:00:00,53.6977653503418
2018-09-13 05:00:00,56.03807830810547
2018-09-13 06:00:00,59.74728012084961
2018-09-13 07:00:00,62.386165618896484
2018-09-13 08:00:00,64.59573364257812
2018-09-13 09:00:00,64.11502075195312
2018-09-13 10:00:00,63.37936019897461
2018-09-13 11:00:00,62.682945251464844
2018-09-13 12:00:00,60.986534118652344
2018-09-13 13:00:00,61.04670715332031
2018-09-13 14:00:00,60.68192672729492
2018-09-13 15:00:00,61.72264862060547
2018-09-13 16:00:00,61.79868698120117
2018-09-13 17:00:00,62.58531951904297
2018-09-13 18:00:00,62.9416389465332
2018-09-13 19:00:00,62.24139404296875
2018-09-13 20:00:00,60.466331481933594
2018-09-13 21:00:00,58.843055725097656
2018-09-13 22:00:00,56.35543441772461
2018-09-13 23:00:00,54.27353286743164
2018-09-14 00:00:00,52.80685043334961
2018-09-14 01:00:00,51.547645568847656
2018-09-14 02:00:00,50.87371063232422
2018-09-14 03:00:00,50.33104705810547
2018-09-14 04:00:00,51.06726837158203
2018-09-14 05:00:00,52.973819732666016
2018-09-14 06:00:00,54.23561096191406
2018-09-14 07:00:00,55.62882614135742
2018-09-14 08:00:00,56.426177978515625
2018-09-14 09:00:00,56.5185546875
2018-09-14 10:00:00,56.44997787475586
2018-09-14 11:00:00,55.63236999511719
2018-09-14 12:00:00,54.59196090698242
2018-09-14 13:00:00,54.61701965332031
2018-09-14 14:00:00,54.43556594848633
2018-09-14 15:00:00,53.83443069458008
2018-09-14 16:00:00,54.347190856933594
2018-09-14 17:00:00,54.64052200317383
2018-09-14 18:00:00,54.98043441772461
2018-09-14 19:00:00,55.28936767578125
2018-09-14 20:00:00,55.28839874267578
2018-09-14 21:00:00,54.33951950073242
2018-09-14 22:00:00,53.260581970214844
2018-09-14 23:00:00,51.90183639526367
2018-09-15 00:00:00,50.902469635009766
2018-09-15 01:00:00,49.940467834472656
2018-09-15 02:00:00,48.99241256713867
2018-09-15 03:00:00,49.22062301635742
2018-09-15 04:00:00,49.932987213134766
2018-09-15 05:00:00,51.32044982910156
2018-09-15 06:00:00,52.54816818237305
2018-09-15 07:00:00,53.477386474609375
2018-09-15 08:00:00,54.460960388183594
2018-09-15 09:00:00,53.874351501464844
2018-09-15 10:00:00,53.72740173339844
2018-09-15 11:00:00,53.59675979614258
2018-09-15 12:00:00,53.600341796875
2018-09-15 13:00:00,53.24162673950195
2018-09-15 14:00:00,52.25373077392578
2018-09-15 15:00:00,52.85334396362305
2018-09-15 16:00:00,53.45986557006836
2018-09-15 17:00:00,53.93053436279297
2018-09-15 18:00:00,54.048614501953125
2018-09-15 19:00:00,54.73521041870117
2018-09-15 20:00:00,54.020843505859375
2018-09-15 21:00:00,53.99411392211914
2018-09-15 22:00:00,53.064090728759766
2018-09-15 23:00:00,52.147926330566406
2018-09-16 00:00:00,51.18478775024414
2018-09-16 01:00:00,50.26116180419922
2018-09-16 02:00:00,49.169395446777344
2018-09-16 03:00:00,49.58762741088867
2018-09-16 04:00:00,50.41084671020508
2018-09-16 05:00:00,51.90473937988281
2018-09-16 06:00:00,53.038211822509766
2018-09-16 07:00:00,54.71395492553711
2018-09-16 08:00:00,55.74667739868164
2018-09-16 09:00:00,55.62295150756836
2018-09-16 10:00:00,55.0411491394043
2018-09-16 11:00:00,55.864498138427734
2018-09-16 12:00:00,54.72273635864258
2018-09-16 13:00:00,54.61789321899414
2018-09-16 14:00:00,54.061832427978516
2018-09-16 15:00:00,54.32265853881836
2018-09-16 16:00:00,55.226470947265625
2018-09-16 17:00:00,55.609619140625
2018-09-16 18:00:00,55.79957580566406
2018-09-16 19:00:00,56.27400207519531
2018-09-16 20:00:00,55.84146499633789
2018-09-16 21:00:00,55.610111236572266
2018-09-16 22:00:00,54.66800308227539
2018-09-16 23:00:00,53.48101806640625
2018-09-17 00:00:00,52.362308502197266
2018-09-17 01:00:00,51.87736511230469
2018-09-17 02:00:00,50.716644287109375
2018-09-17 03:00:00,51.386802673339844
2018-09-17 04:00:00,52.46885681152344
2018-09-17 05:00:00,53.10820388793945
2018-09-17 06:00:00,54.775665283203125
2018-09-17 07:00:00,56.79681396484375
2018-09-17 08:00:00,57.02925491333008
2018-09-17 09:00:00,57.079654693603516
2018-09-17 10:00:00,57.589202880859375
2018-09-17 11:00:00,56.97475814819336
2018-09-17 12:00:00,56.039424896240234
2018-09-17 13:00:00,55.365543365478516
2018-09-17 14:00:00,55.76823425292969
2018-09-17 15:00:00,55.955711364746094
2018-09-17 16:00:00,56.3521842956543
2018-09-17 17:00:00,56.25617218017578
2018-09-17 18:00:00,56.2750244140625
2018-09-17 19:00:00,56.42398452758789
2018-09-17 20:00:00,56.76588821411133
2018-09-17 21:00:00,55.779510498046875
2018-09-17 22:00:00,54.51259994506836
2018-09-17 23:00:00,53.7728385925293
2018-09-18 00:00:00,47.75546646118164
2018-09-18 01:00:00,45.63526916503906
2018-09-18 02:00:00,44.51312255859375
2018-09-18 03:00:00,43.720149993896484
2018-09-18 04:00:00,44.75307846069336
2018-09-18 05:00:00,47.727481842041016
2018-09-18 06:00:00,51.40656661987305
2018-09-18 07:00:00,54.53493881225586
2018-09-18 08:00:00,56.90958786010742
2018-09-18 09:00:00,57.460205078125
2018-09-18 10:00:00,57.55118179321289
2018-09-18 11:00:00,55.71642303466797
2018-09-18 12:00:00,54.920291900634766
2018-09-18 13:00:00,53.56170654296875
2018-09-18 14:00:00,54.024871826171875
2018-09-18 15:00:00,54.28483963012695
2018-09-18 16:00:00,55.36343002319336
2018-09-18 17:00:00,55.502845764160156
2018-09-18 18:00:00,55.85806655883789
2018-09-18 19:00:00,55.53434371948242
2018-09-18 20:00:00,54.64026641845703
2018-09-18 21:00:00,52.889312744140625
2018-09-18 22:00:00,50.94588088989258
2018-09-18 23:00:00,48.9860954284668
2018-09-19 00:00:00,47.10002899169922
2018-09-19 01:00:00,45.70660400390625
2018-09-19 02:00:00,44.18363952636719
2018-09-19 03:00:00,44.38495635986328
2018-09-19 04:00:00,45.529659271240234
2018-09-19 05:00:00,47.90653991699219
2018-09-19 06:00:00,50.730491638183594
2018-09-19 07:00:00,52.66007995605469
2018-09-19 08:00:00,55.04499435424805
2018-09-19 09:00:00,56.003177642822266
2018-09-19 10:00:00,55.72947692871094
2018-09-19 11:00:00,55.13641357421875
2018-09-19 12:00:00,54.73347854614258
2018-09-19 13:00:00,54.162105560302734
2018-09-19 14:00:00,53.85564422607422
2018-09-19 15:00:00,53.92329025268555
2018-09-19 16:00:00,54.67546844482422
2018-09-19 17:00:00,54.985870361328125
2018-09-19 18:00:00,55.59571075439453
2018-09-19 19:00:00,56.1568717956543
2018-09-19 20:00:00,55.62910461425781
2018-09-19 21:00:00,53.90119934082031
2018-09-19 22:00:00,51.825164794921875
2018-09-19 23:00:00,49.23209762573242
2018-09-20 00:00:00,47.84136199951172
2018-09-20 01:00:00,45.97225570678711
2018-09-20 02:00:00,44.478614807128906
2018-09-20 03:00:00,44.75748062133789
2018-09-20 04:00:00,45.912620544433594
2018-09-20 05:00:00,48.59014892578125
2018-09-20 06:00:00,50.914520263671875
2018-09-20 07:00:00,54.26425552368164
2018-09-20 08:00:00,56.0107307434082
2018-09-20 09:00:00,56.67402648925781
2018-09-20 10:00:00,56.63671875
2018-09-20 11:00:00,55.712371826171875
2018-09-20 12:00:00,55.00074768066406
2018-09-20 13:00:00,54.83906936645508
2018-09-20 14:00:00,54.68093490600586
2018-09-20 15:00:00,54.99992370605469
2018-09-20 16:00:00,54.959007263183594
2018-09-20 17:00:00,55.696590423583984
2018-09-20 18:00:00,55.603939056396484
2018-09-20 19:00:00,55.498226165771484
2018-09-20 20:00:00,54.77774429321289
2018-09-20 21:00:00,54.154380798339844
2018-09-20 22:00:00,52.475704193115234
2018-09-20 23:00:00,50.81673812866211
2018-09-21 00:00:00,48.98257827758789
2018-09-21 01:00:00,47.79142379760742
2018-09-21 02:00:00,46.949893951416016
2018-09-21 03:00:00,46.044410705566406
2018-09-21 04:00:00,46.77056121826172
2018-09-21 05:00:00,48.77666091918945
2018-09-21 06:00:00,51.83448791503906
2018-09-21 07:00:00,54.526554107666016
2018-09-21 08:00:00,56.19195556640625
2018-09-21 09:00:00,56.484092712402344
2018-09-21 10:00:00,56.61398696899414
2018-09-21 11:00:00,55.814510345458984
2018-09-21 12:00:00,54.677452087402344
2018-09-21 13:00:00,53.18970489501953
2018-09-21 14:00:00,51.985294342041016
2018-09-21 15:00:00,52.66590881347656
2018-09-21 16:00:00,52.65877151489258
2018-09-21 17:00:00,53.199832916259766
2018-09-21 18:00:00,53.64802169799805
2018-09-21 19:00:00,53.57060623168945
2018-09-21 20:00:00,53.028282165527344
2018-09-21 21:00:00,52.176761627197266
2018-09-21 22:00:00,50.275962829589844
2018-09-21 23:00:00,50.00336456298828
2018-09-22 00:00:00,21.531024932861328
2018-09-22 01:00:00,20.913049697875977
2018-09-22 02:00:00,23.117692947387695
2018-09-22 03:00:00,25.73283576965332
2018-09-22 04:00:00,28.52499771118164
2018-09-22 05:00:00,32.922523498535156
2018-09-22 06:00:00,36.68720245361328
2018-09-22 07:00:00,39.05215835571289
2018-09-22 08:00:00,38.67213439941406
2018-09-22 09:00:00,38.29348373413086
2018-09-22 10:00:00,37.71127700805664
2018-09-22 11:00:00,37.5523681640625
2018-09-22 12:00:00,36.871578216552734
2018-09-22 13:00:00,37.36708068847656
2018-09-22 14:00:00,38.35094451904297
2018-09-22 15:00:00,37.52195739746094
2018-09-22 16:00:00,37.75787353515625
2018-09-22 17:00:00,37.69255065917969
2018-09-22 18:00:00,38.84956741333008
2018-09-22 19:00:00,38.595794677734375
2018-09-22 20:00:00,38.225318908691406
2018-09-22 21:00:00,35.14289093017578
2018-09-22 22:00:00,33.180335998535156
2018-09-22 23:00:00,29.307430267333984
2018-09-23 00:00:00,26.821640014648438
2018-09-23 01:00:00,25.743019104003906
2018-09-23 02:00:00,26.88469123840332
2018-09-23 03:00:00,28.763397216796875
2018-09-23 04:00:00,31.160722732543945
2018-09-23 05:00:00,34.579307556152344
2018-09-23 06:00:00,37.89728927612305
2018-09-23 07:00:00,39.15018081665039
2018-09-23 08:00:00,39.4705924987793
2018-09-23 09:00:00,41.156307220458984
2018-09-23 10:00:00,38.73646926879883
2018-09-23 11:00:00,40.11391830444336
2018-09-23 12:00:00,39.38265609741211
2018-09-23 13:00:00,40.20632553100586
2018-09-23 14:00:00,38.94890594482422
2018-09-23 15:00:00,39.25078582763672
2018-09-23 16:00:00,39.51659393310547
2018-09-23 17:00:00,39.38213348388672
2018-09-23 18:00:00,38.834537506103516
2018-09-23 19:00:00,39.47201919555664
2018-09-23 20:00:00,38.47562789916992
2018-09-23 21:00:00,37.96845626831055
2018-09-23 22:00:00,36.925865173339844
2018-09-23 23:00:00,34.195945739746094
2018-09-24 00:00:00,33.067596435546875
2018-09-24 01:00:00,32.15423583984375
2018-09-24 02:00:00,31.80950927734375
2018-09-24 03:00:00,34.277626037597656
2018-09-24 04:00:00,36.724456787109375
2018-09-24 05:00:00,38.48076248168945
2018-09-24 06:00:00,41.15223693847656
2018-09-24 07:00:00,44.1228141784668
2018-09-24 08:00:00,45.85344314575195
2018-09-24 09:00:00,45.349632263183594
2018-09-24 10:00:00,45.155792236328125
2018-09-24 11:00:00,43.4574089050293
2018-09-24 12:00:00,44.43387222290039
2018-09-24 13:00:00,43.59562301635742
2018-09-24 14:00:00,42.43836975097656
2018-09-24 15:00:00,41.750675201416016
2018-09-24 16:00:00,41.610145568847656
2018-09-24 17:00:00,42.799251556396484
2018-09-24 18:00:00,42.55437088012695
2018-09-24 19:00:00,41.63374710083008
2018-09-24 20:00:00,41.6891975402832
2018-09-24 21:00:00,41.35597610473633
2018-09-24 22:00:00,39.29736328125
2018-09-24 23:00:00,37.72264099121094
2018-09-25 00:00:00,35.28181076049805
2018-09-25 01:00:00,34.23910903930664
2018-09-25 02:00:00,34.07892608642578
2018-09-25 03:00:00,35.29487991333008
2018-09-25 04:00:00,38.38481903076172
2018-09-25 05:00:00,39.87908935546875
2018-09-25 06:00:00,42.05879211425781
2018-09-25 07:00:00,43.310218811035156
2018-09-25 08:00:00,45.3670539855957
2018-09-25 09:00:00,45.233333587646484
2018-09-25 10:00:00,45.23110580444336
2018-09-25 11:00:00,43.54314041137695
2018-09-25 12:00:00,44.217952728271484
2018-09-25 13:00:00,43.370849609375
2018-09-25 14:00:00,43.54574966430664
2018-09-25 15:00:00,42.45126724243164
2018-09-25 16:00:00,40.479461669921875
2018-09-25 17:00:00,40.267913818359375
2018-09-25 18:00:00,40.04111862182617
2018-09-25 19:00:00,39.02421951293945
2018-09-25 20:00:00,38.569644927978516
2018-09-25 21:00:00,37.59526062011719
2018-09-25 22:00:00,36.08866500854492
2018-09-25 23:00:00,34.93260955810547
2018-09-26 00:00:00,30.562088012695312
2018-09-26 01:00:00,26.362384796142578
2018-09-26 02:00:00,26.50478172302246
2018-09-26 03:00:00,29.63581085205078
2018-09-26 04:00:00,31.539560317993164
2018-09-26 05:00:00,37.61842346191406
2018-09-26 06:00:00,44.31805419921875
2018-09-26 07:00:00,46.079833984375
2018-09-26 08:00:00,49.4173583984375
2018-09-26 09:00:00,50.788841247558594
2018-09-26 10:00:00,52.62541198730469
2018-09-26 11:00:00,50.36849594116211
2018-09-26 12:00:00,47.65306854248047
2018-09-26 13:00:00,46.07810592651367
2018-09-26 14:00:00,44.939510345458984
2018-09-26 15:00:00,44.03020477294922
2018-09-26 16:00:00,46.67882537841797
2018-09-26 17:00:00,48.28110885620117
2018-09-26 18:00:00,51.07946014404297
2018-09-26 19:00:00,51.58349609375
2018-09-26 20:00:00,52.11968994140625
2018-09-26 21:00:00,49.11884689331055
2018-09-26 22:00:00,44.99280548095703
2018-09-26 23:00:00,40.45656204223633
2018-09-27 00:00:00,33.6611442565918
2018-09-27 01:00:00,26.70474624633789
2018-09-27 02:00:00,24.33247947692871
2018-09-27 03:00:00,27.359628677368164
2018-09-27 04:00:00,31.915420532226562
2018-09-27 05:00:00,39.44572067260742
2018-09-27 06:00:00,43.78293228149414
2018-09-27 07:00:00,48.91017150878906
2018-09-27 08:00:00,46.93388366699219
2018-09-27 09:00:00,52.72564697265625
2018-09-27 10:00:00,49.29090881347656
2018-09-27 11:00:00,47.66325378417969
2018-09-27 12:00:00,51.50292205810547
2018-09-27 13:00:00,48.489498138427734
2018-09-27 14:00:00,44.75284194946289
2018-09-27 15:00:00,42.12799072265625
2018-09-27 16:00:00,46.54180145263672
2018-09-27 17:00:00,48.134925842285156
2018-09-27 18:00:00,47.690696716308594
2018-09-27 19:00:00,49.840091705322266
2018-09-27 20:00:00,48.4213752746582
2018-09-27 21:00:00,46.405879974365234
2018-09-27 22:00:00,44.19060516357422
2018-09-27 23:00:00,37.9731330871582
2018-09-28 00:00:00,31.669099807739258
2018-09-28 01:00:00,25.035011291503906
2018-09-28 02:00:00,22.791000366210938
2018-09-28 03:00:00,24.0212345123291
2018-09-28 04:00:00,27.888017654418945
2018-09-28 05:00:00,29.353187561035156
2018-09-28 06:00:00,36.932220458984375
2018-09-28 07:00:00,39.688236236572266
2018-09-28 08:00:00,43.94091796875
2018-09-28 09:00:00,42.75543212890625
2018-09-28 10:00:00,43.70254898071289
2018-09-28 11:00:00,41.85506057739258
2018-09-28 12:00:00,42.58582305908203
2018-09-28 13:00:00,38.808197021484375
2018-09-28 14:00:00,35.8159065246582
2018-09-28 15:00:00,35.683448791503906
2018-09-28 16:00:00,37.51429748535156
2018-09-28 17:00:00,39.78394317626953
2018-09-28 18:00:00,40.54594421386719
2018-09-28 19:00:00,44.363067626953125
2018-09-28 20:00:00,41.89036560058594
2018-09-28 21:00:00,39.38806915283203
2018-09-28 22:00:00,36.81991195678711
2018-09-28 23:00:00,33.24063491821289
2018-09-29 00:00:00,24.764888763427734
2018-09-29 01:00:00,19.64974594116211
2018-09-29 02:00:00,17.09639549255371
2018-09-29 03:00:00,16.805561065673828
2018-09-29 04:00:00,19.234878540039062
2018-09-29 05:00:00,25.350997924804688
2018-09-29 06:00:00,30.735576629638672
2018-09-29 07:00:00,34.254364013671875
2018-09-29 08:00:00,33.5413818359375
2018-09-29 09:00:00,38.70426940917969
2018-09-29 10:00:00,36.6451530456543
2018-09-29 11:00:00,37.19349670410156
2018-09-29 12:00:00,33.01504135131836
2018-09-29 13:00:00,32.57224655151367
2018-09-29 14:00:00,32.1511116027832
2018-09-29 15:00:00,29.2136173248291
2018-09-29 16:00:00,32.22825622558594
2018-09-29 17:00:00,34.24758529663086
2018-09-29 18:00:00,36.56413269042969
2018-09-29 19:00:00,38.40458679199219
2018-09-29 20:00:00,38.63874816894531
2018-09-29 21:00:00,32.89616394042969
2018-09-29 22:00:00,33.86819839477539
2018-09-29 23:00:00,29.988710403442383
2018-09-30 00:00:00,27.119953155517578
2018-09-30 01:00:00,24.291946411132812
2018-09-30 02:00:00,23.58698844909668
2018-09-30 03:00:00,27.58324432373047
2018-09-30 04:00:00,28.868213653564453
2018-09-30 05:00:00,31.100419998168945
2018-09-30 06:00:00,36.13637161254883
2018-09-30 07:00:00,37.71049880981445
2018-09-30 08:00:00,40.12009811401367
2018-09-30 09:00:00,39.85261917114258
2018-09-30 10:00:00,40.61305618286133
2018-09-30 11:00:00,39.19921112060547
2018-09-30 12:00:00,34.717586517333984
2018-09-30 13:00:00,33.84772491455078
2018-09-30 14:00:00,31.56979751586914
2018-09-30 15:00:00,33.90333557128906
2018-09-30 16:00:00,36.536888122558594
2018-09-30 17:00:00,39.77576446533203
2018-09-30 18:00:00,39.75379180908203
2018-09-30 19:00:00,40.76353073120117
2018-09-30 20:00:00,39.55230712890625
2018-09-30 21:00:00,36.74266052246094
2018-09-30 22:00:00,30.08146858215332
2018-09-30 23:00:00,27.723655700683594
2018-10-01 00:00:00,26.394006729125977
2018-10-01 01:00:00,22.99383544921875
2018-10-01 02:00:00,25.495262145996094
2018-10-01 03:00:00,26.4189453125
2018-10-01 04:00:00,27.554391860961914
2018-10-01 05:00:00,30.834381103515625
2018-10-01 06:00:00,34.896636962890625
2018-10-01 07:00:00,38.945526123046875
2018-10-01 08:00:00,37.37821960449219
2018-10-01 09:00:00,41.067352294921875
2018-10-01 10:00:00,41.11032485961914
2018-10-01 11:00:00,37.8026123046875
2018-10-01 12:00:00,36.606590270996094
2018-10-01 13:00:00,35.277957916259766
2018-10-01 14:00:00,34.48551940917969
2018-10-01 15:00:00,33.85617446899414
2018-10-01 16:00:00,38.37794876098633
2018-10-01 17:00:00,37.720211029052734
2018-10-01 18:00:00,38.87954330444336
2018-10-01 19:00:00,39.839866638183594
2018-10-01 20:00:00,36.326663970947266
2018-10-01 21:00:00,36.69050979614258
2018-10-01 22:00:00,33.90860366821289
2018-10-01 23:00:00,28.354248046875
2018-10-02 00:00:00,26.027416229248047
2018-10-02 01:00:00,23.728500366210938
2018-10-02 02:00:00,20.325984954833984
2018-10-02 03:00:00,20.352323532104492
2018-10-02 04:00:00,25.600784301757812
2018-10-02 05:00:00,27.928129196166992
2018-10-02 06:00:00,32.256927490234375
2018-10-02 07:00:00,36.59666061401367
2018-10-02 08:00:00,36.31873321533203
2018-10-02 09:00:00,37.8408088684082
2018-10-02 10:00:00,35.204795837402344
2018-10-02 11:00:00,36.702327728271484
2018-10-02 12:00:00,34.14423370361328
2018-10-02 13:00:00,31.446115493774414
2018-10-02 14:00:00,31.763721466064453
2018-10-02 15:00:00,30.548011779785156
2018-10-02 16:00:00,34.55228042602539
2018-10-02 17:00:00,33.984703063964844
2018-10-02 18:00:00,32.98357391357422
2018-10-02 19:00:00,35.407466888427734
2018-10-02 20:00:00,34.649295806884766
2018-10-02 21:00:00,32.567405700683594
2018-10-02 22:00:00,29.781625747680664
2018-10-02 23:00:00,26.576391220092773
2018-10-03 00:00:00,22.15951156616211
2018-10-03 01:00:00,20.428207397460938
2018-10-03 02:00:00,16.426319122314453
2018-10-03 03:00:00,16.499488830566406
2018-10-03 04:00:00,19.765836715698242
2018-10-03 05:00:00,23.347291946411133
2018-10-03 06:00:00,28.4801025390625
2018-10-03 07:00:00,33.55167007446289
2018-10-03 08:00:00,34.61915588378906
2018-10-03 09:00:00,33.064666748046875
2018-10-03 10:00:00,33.276397705078125
2018-10-03 11:00:00,34.4488525390625
2018-10-03 12:00:00,30.4219970703125
2018-10-03 13:00:00,31.219812393188477
2018-10-03 14:00:00,30.69073486328125
2018-10-03 15:00:00,31.234033584594727
2018-10-03 16:00:00,32.380706787109375
2018-10-03 17:00:00,36.36273193359375
2018-10-03 18:00:00,33.433799743652344
2018-10-03 19:00:00,33.599937438964844
2018-10-03 20:00:00,33.44442367553711
2018-10-03 21:00:00,31.192138671875
2018-10-03 22:00:00,29.76825523376465
2018-10-03 23:00:00,27.482830047607422
2018-10-04 00:00:00,42.82789611816406
2018-10-04 01:00:00,42.397850036621094
2018-10-04 02:00:00,41.768150329589844
2018-10-04 03:00:00,42.681087493896484
2018-10-04 04:00:00,44.24287414550781
2018-10-04 05:00:00,46.494937896728516
2018-10-04 06:00:00,47.20148849487305
2018-10-04 07:00:00,48.5301628112793
2018-10-04 08:00:00,48.1550407409668
2018-10-04 09:00:00,48.98670959472656
2018-10-04 10:00:00,48.796836853027344
2018-10-04 11:00:00,48.22130584716797
2018-10-04 12:00:00,48.78287124633789
2018-10-04 13:00:00,46.60493850708008
2018-10-04 14:00:00,46.62682342529297
2018-10-04 15:00:00,45.29118347167969
2018-10-04 16:00:00,45.38897705078125
2018-10-04 17:00:00,45.89256286621094
2018-10-04 18:00:00,46.31332778930664
2018-10-04 19:00:00,47.3319091796875
2018-10-04 20:00:00,47.12571716308594
2018-10-04 21:00:00,45.691463470458984
2018-10-04 22:00:00,43.347633361816406
2018-10-04 23:00:00,42.5917854309082
2018-10-05 00:00:00,40.781944274902344
2018-10-05 01:00:00,40.436153411865234
2018-10-05 02:00:00,40.80559158325195
2018-10-05 03:00:00,41.71090316772461
2018-10-05 04:00:00,43.53341293334961
2018-10-05 05:00:00,44.979164123535156
2018-10-05 06:00:00,46.661041259765625
2018-10-05 07:00:00,48.119876861572266
2018-10-05 08:00:00,48.7661018371582
2018-10-05 09:00:00,48.45154571533203
2018-10-05 10:00:00,48.96781539916992
2018-10-05 11:00:00,47.90821838378906
2018-10-05 12:00:00,47.444007873535156
2018-10-05 13:00:00,45.4336051940918
2018-10-05 14:00:00,44.85205078125
2018-10-05 15:00:00,43.926513671875
2018-10-05 16:00:00,43.11394500732422
2018-10-05 17:00:00,42.968284606933594
2018-10-05 18:00:00,42.979183197021484
2018-10-05 19:00:00,43.57905578613281
2018-10-05 20:00:00,43.55552291870117
2018-10-05 21:00:00,43.13996505737305
2018-10-05 22:00:00,40.78300094604492
2018-10-05 23:00:00,40.45953369140625
2018-10-06 00:00:00,38.61077117919922
2018-10-06 01:00:00,37.127464294433594
2018-10-06 02:00:00,35.96125030517578
2018-10-06 03:00:00,36.92885971069336
2018-10-06 04:00:00,37.402645111083984
2018-10-06 05:00:00,39.27736282348633
2018-10-06 06:00:00,41.52910614013672
2018-10-06 07:00:00,42.454715728759766
2018-10-06 08:00:00,43.436073303222656
2018-10-06 09:00:00,43.816871643066406
2018-10-06 10:00:00,42.100830078125
2018-10-06 11:00:00,41.06728744506836
2018-10-06 12:00:00,40.37272262573242
2018-10-06 13:00:00,40.36741638183594
2018-10-06 14:00:00,39.75725555419922
2018-10-06 15:00:00,39.60693359375
2018-10-06 16:00:00,39.19977951049805
2018-10-06 17:00:00,39.676658630371094
2018-10-06 18:00:00,41.05412673950195
2018-10-06 19:00:00,41.49534225463867
2018-10-06 20:00:00,41.84996032714844
2018-10-06 21:00:00,39.9077262878418
2018-10-06 22:00:00,39.533321380615234
2018-10-06 23:00:00,37.4871711730957
2018-10-07 00:00:00,36.367984771728516
2018-10-07 01:00:00,35.782005310058594
2018-10-07 02:00:00,35.05234909057617
2018-10-07 03:00:00,35.36840057373047
2018-10-07 04:00:00,34.93488311767578
2018-10-07 05:00:00,36.4824333190918
2018-10-07 06:00:00,38.66086959838867
2018-10-07 07:00:00,40.30949783325195
2018-10-07 08:00:00,40.70655822753906
2018-10-07 09:00:00,41.02009963989258
2018-10-07 10:00:00,40.421546936035156
2018-10-07 11:00:00,39.69069290161133
2018-10-07 12:00:00,39.37758255004883
2018-10-07 13:00:00,38.89647674560547
2018-10-07 14:00:00,37.72121047973633
2018-10-07 15:00:00,40.40142822265625
2018-10-07 16:00:00,40.86244201660156
2018-10-07 17:00:00,41.797271728515625
2018-10-07 18:00:00,43.42027282714844
2018-10-07 19:00:00,44.14356231689453
2018-10-07 20:00:00,44.953975677490234
2018-10-07 21:00:00,43.62776565551758
2018-10-07 22:00:00,43.36264419555664
2018-10-07 23:00:00,42.113380432128906
2018-10-08 00:00:00,45.9106330871582
2018-10-08 01:00:00,45.3381233215332
2018-10-08 02:00:00,44.47259521484375
2018-10-08 03:00:00,44.036930084228516
2018-10-08 04:00:00,44.41901397705078
2018-10-08 05:00:00,45.59844207763672
2018-10-08 06:00:00,47.281158447265625
2018-10-08 07:00:00,48.503990173339844
2018-10-08 08:00:00,50.0505256652832
2018-10-08 09:00:00,50.58074951171875
2018-10-08 10:00:00,51.34993362426758
2018-10-08 11:00:00,50.670555114746094
2018-10-08 12:00:00,50.06587219238281
2018-10-08 13:00:00,49.39073181152344
2018-10-08 14:00:00,48.99561309814453
2018-10-08 15:00:00,48.57809829711914
2018-10-08 16:00:00,49.22432327270508
2018-10-08 17:00:00,49.462730407714844
2018-10-08 18:00:00,49.428199768066406
2018-10-08 19:00:00,50.23542785644531
2018-10-08 20:00:00,49.505096435546875
2018-10-08 21:00:00,48.58251953125
2018-10-08 22:00:00,47.3578987121582
2018-10-08 23:00:00,46.33427429199219
2018-10-09 00:00:00,45.55858612060547
2018-10-09 01:00:00,44.52686309814453
2018-10-09 02:00:00,43.8997688293457
2018-10-09 03:00:00,43.88140106201172
2018-10-09 04:00:00,44.10149383544922
2018-10-09 05:00:00,45.63715744018555
2018-10-09 06:00:00,47.44481658935547
2018-10-09 07:00:00,48.45184326171875
2018-10-09 08:00:00,49.50450897216797
2018-10-09 09:00:00,49.78295135498047
2018-10-09 10:00:00,49.63671875
2018-10-09 11:00:00,49.96937561035156
2018-10-09 12:00:00,50.15104675292969
2018-10-09 13:00:00,49.0546875
2018-10-09 14:00:00,48.14236068725586
2018-10-09 15:00:00,48.56026077270508
2018-10-09 16:00:00,49.01186752319336
2018-10-09 17:00:00,50.000831604003906
2018-10-09 18:00:00,49.4562873840332
2018-10-09 19:00:00,49.64909362792969
2018-10-09 20:00:00,48.573978424072266
2018-10-09 21:00:00,48.56692886352539
2018-10-09 22:00:00,46.5794563293457
2018-10-09 23:00:00,46.709041595458984
2018-10-10 00:00:00,45.64036560058594
2018-10-10 01:00:00,44.715484619140625
2018-10-10 02:00:00,43.88572311401367
2018-10-10 03:00:00,44.17402648925781
2018-10-10 04:00:00,45.210723876953125
2018-10-10 05:00:00,46.25891876220703
2018-10-10 06:00:00,47.40243148803711
2018-10-10 07:00:00,49.709781646728516
2018-10-10 08:00:00,50.726776123046875
2018-10-10 09:00:00,51.3621711730957
2018-10-10 10:00:00,50.7585334777832
2018-10-10 11:00:00,51.38561248779297
2018-10-10 12:00:00,50.604087829589844
2018-10-10 13:00:00,49.95513916015625
2018-10-10 14:00:00,49.20763397216797
2018-10-10 15:00:00,49.3753776550293
2018-10-10 16:00:00,50.13509750366211
2018-10-10 17:00:00,49.96287536621094
2018-10-10 18:00:00,50.12507629394531
2018-10-10 19:00:00,50.535362243652344
2018-10-10 20:00:00,49.33893585205078
2018-10-10 21:00:00,48.75260925292969
2018-10-10 22:00:00,47.29839324951172
2018-10-10 23:00:00,46.98835372924805
2018-10-11 00:00:00,45.3743896484375
2018-10-11 01:00:00,44.85425567626953
2018-10-11 02:00:00,44.8825569152832
2018-10-11 03:00:00,44.994163513183594
2018-10-11 04:00:00,46.3827018737793
2018-10-11 05:00:00,46.971405029296875
2018-10-11 06:00:00,48.08102798461914
2018-10-11 07:00:00,50.48752212524414
2018-10-11 08:00:00,51.763519287109375
2018-10-11 09:00:00,51.73797607421875
2018-10-11 10:00:00,51.966758728027344
2018-10-11 11:00:00,51.51527404785156
2018-10-11 12:00:00,50.624107360839844
2018-10-11 13:00:00,49.76743698120117
2018-10-11 14:00:00,49.414451599121094
2018-10-11 15:00:00,49.77864074707031
2018-10-11 16:00:00,50.394325256347656
2018-10-11 17:00:00,49.76094436645508
2018-10-11 18:00:00,49.6005973815918
2018-10-11 19:00:00,49.49638366699219
2018-10-11 20:00:00,49.12621307373047
2018-10-11 21:00:00,48.10283660888672
2018-10-11 22:00:00,47.13923263549805
2018-10-11 23:00:00,45.79083251953125
2018-10-12 00:00:00,38.723976135253906
2018-10-12 01:00:00,36.91608428955078
2018-10-12 02:00:00,36.184688568115234
2018-10-12 03:00:00,36.73859405517578
2018-10-12 04:00:00,38.53878402709961
2018-10-12 05:00:00,40.985286712646484
2018-10-12 06:00:00,43.396705627441406
2018-10-12 07:00:00,45.219757080078125
2018-10-12 08:00:00,46.23929977416992
2018-10-12 09:00:00,46.46981430053711
2018-10-12 10:00:00,46.05849075317383
2018-10-12 11:00:00,45.34267807006836
2018-10-12 12:00:00,44.67656707763672
2018-10-12 13:00:00,44.25699996948242
2018-10-12 14:00:00,44.087867736816406
2018-10-12 15:00:00,44.09737777709961
2018-10-12 16:00:00,44.2205696105957
2018-10-12 17:00:00,44.452415466308594
2018-10-12 18:00:00,44.69473648071289
2018-10-12 19:00:00,44.75756072998047
2018-10-12 20:00:00,44.38288116455078
2018-10-12 21:00:00,43.425254821777344
2018-10-12 22:00:00,41.94766616821289
2018-10-12 23:00:00,40.130035400390625
2018-10-13 00:00:00,38.31106948852539
2018-10-13 01:00:00,36.91323471069336
2018-10-13 02:00:00,36.32170486450195
2018-10-13 03:00:00,36.73490524291992
2018-10-13 04:00:00,38.09096908569336
2018-10-13 05:00:00,40.06281280517578
2018-10-13 06:00:00,42.084800720214844
2018-10-13 07:00:00,43.750850677490234
2018-10-13 08:00:00,44.777347564697266
2018-10-13 09:00:00,45.077632904052734
2018-10-13 10:00:00,44.794124603271484
2018-10-13 11:00:00,44.184818267822266
2018-10-13 12:00:00,43.597938537597656
2018-10-13 13:00:00,43.2266731262207
2018-10-13 14:00:00,43.126338958740234
2018-10-13 15:00:00,43.23159408569336
2018-10-13 16:00:00,43.428916931152344
2018-10-13 17:00:00,43.70785140991211
2018-10-13 18:00:00,44.008724212646484
2018-10-13 19:00:00,44.128700256347656
2018-10-13 20:00:00,43.89714431762695
2018-10-13 21:00:00,43.14101791381836
2018-10-13 22:00:00,41.87295150756836
2018-10-13 23:00:00,40.24991989135742
2018-10-14 00:00:00,38.535606384277344
2018-10-14 01:00:00,37.09926986694336
2018-10-14 02:00:00,36.41196823120117
2018-10-14 03:00:00,36.75823974609375
2018-10-14 04:00:00,38.07981491088867
2018-10-14 05:00:00,40.01028823852539
2018-10-14 06:00:00,41.97940444946289
2018-10-14 07:00:00,43.55955123901367
2018-10-14 08:00:00,44.495933532714844
2018-10-14 09:00:00,44.76923370361328
2018-10-14 10:00:00,44.4593505859375
2018-10-14 11:00:00,43.852298736572266
2018-10-14 12:00:00,43.304622650146484
2018-10-14 13:00:00,43.01786804199219
2018-10-14 14:00:00,43.003150939941406
2018-10-14 15:00:00,43.141082763671875
2018-10-14 16:00:00,43.38247299194336
2018-10-14 17:00:00,43.70317077636719
2018-10-14 18:00:00,44.00988006591797
2018-10-14 19:00:00,44.15060806274414
2018-10-14 20:00:00,43.8730583190918
2018-10-14 21:00:00,43.077781677246094
2018-10-14 22:00:00,41.76103973388672
2018-10-14 23:00:00,40.15675735473633
2018-10-15 00:00:00,38.4741096496582
2018-10-15 01:00:00,37.044952392578125
2018-10-15 02:00:00,36.337982177734375
2018-10-15 03:00:00,36.66139602661133
2018-10-15 04:00:00,37.97633743286133
2018-10-15 05:00:00,39.86552047729492
2018-10-15 06:00:00,41.80722427368164
2018-10-15 07:00:00,43.34926986694336
2018-10-15 08:00:00,44.27278137207031
2018-10-15 09:00:00,44.50718307495117
2018-10-15 10:00:00,44.192562103271484
2018-10-15 11:00:00,43.56969451904297
2018-10-15 12:00:00,42.944881439208984
2018-10-15 13:00:00,42.537010192871094
2018-10-15 14:00:00,42.403900146484375
2018-10-15 15:00:00,42.48508071899414
2018-10-15 16:00:00,42.72411346435547
2018-10-15 17:00:00,43.0406494140625
2018-10-15 18:00:00,43.32421112060547
2018-10-15 19:00:00,43.39493179321289
2018-10-15 20:00:00,43.03804016113281
2018-10-15 21:00:00,42.141143798828125
2018-10-15 22:00:00,40.758304595947266
2018-10-15 23:00:00,39.093040466308594
2018-10-16 00:00:00,32.77977752685547
2018-10-16 01:00:00,31.954898834228516
2018-10-16 02:00:00,31.67481803894043
2018-10-16 03:00:00,32.56897735595703
2018-10-16 04:00:00,37.5566520690918
2018-10-16 05:00:00,45.08784484863281
2018-10-16 06:00:00,49.494930267333984
2018-10-16 07:00:00,54.15283966064453
2018-10-16 08:00:00,56.30583190917969
2018-10-16 09:00:00,57.268516540527344
2018-10-16 10:00:00,56.43166732788086
2018-10-16 11:00:00,55.433265686035156
2018-10-16 12:00:00,56.086761474609375
2018-10-16 13:00:00,53.29360580444336
2018-10-16 14:00:00,53.819496154785156
2018-10-16 15:00:00,51.7806396484375
2018-10-16 16:00:00,54.491912841796875
2018-10-16 17:00:00,55.27450180053711
2018-10-16 18:00:00,55.85438537597656
2018-10-16 19:00:00,56.89155578613281
2018-10-16 20:00:00,52.58967590332031
2018-10-16 21:00:00,48.79440689086914
2018-10-16 22:00:00,45.37165069580078
2018-10-16 23:00:00,40.34302520751953
2018-10-17 00:00:00,35.2214241027832
2018-10-17 01:00:00,35.2856559753418
2018-10-17 02:00:00,34.03921890258789
2018-10-17 03:00:00,33.77048110961914
2018-10-17 04:00:00,38.772300720214844
2018-10-17 05:00:00,43.51972961425781
2018-10-17 06:00:00,48.2603759765625
2018-10-17 07:00:00,53.016822814941406
2018-10-17 08:00:00,56.34915542602539
2018-10-17 09:00:00,56.80729675292969
2018-10-17 10:00:00,58.85578536987305
2018-10-17 11:00:00,54.18016815185547
2018-10-17 12:00:00,50.616302490234375
2018-10-17 13:00:00,48.64141082763672
2018-10-17 14:00:00,49.68071746826172
2018-10-17 15:00:00,47.50386047363281
2018-10-17 16:00:00,50.430580139160156
2018-10-17 17:00:00,50.28675079345703
2018-10-17 18:00:00,51.93584060668945
2018-10-17 19:00:00,50.215553283691406
2018-10-17 20:00:00,49.61018371582031
2018-10-17 21:00:00,44.98830795288086
2018-10-17 22:00:00,41.198463439941406
2018-10-17 23:00:00,37.200313568115234
2018-10-18 00:00:00,33.37488555908203
2018-10-18 01:00:00,31.034671783447266
2018-10-18 02:00:00,31.109128952026367
2018-10-18 03:00:00,31.303998947143555
2018-10-18 04:00:00,34.63075256347656
2018-10-18 05:00:00,38.45043182373047
2018-10-18 06:00:00,43.42780685424805
2018-10-18 07:00:00,47.56499099731445
2018-10-18 08:00:00,51.85645294189453
2018-10-18 09:00:00,51.60587692260742
2018-10-18 10:00:00,50.912376403808594
2018-10-18 11:00:00,48.383766174316406
2018-10-18 12:00:00,47.93735122680664
2018-10-18 13:00:00,47.271305084228516
2018-10-18 14:00:00,47.31269836425781
2018-10-18 15:00:00,47.735504150390625
2018-10-18 16:00:00,49.17522430419922
2018-10-18 17:00:00,48.84474563598633
2018-10-18 18:00:00,49.43937683105469
2018-10-18 19:00:00,47.81019592285156
2018-10-18 20:00:00,46.13850784301758
2018-10-18 21:00:00,43.32240676879883
2018-10-18 22:00:00,40.724281311035156
2018-10-18 23:00:00,35.75324249267578
2018-10-19 00:00:00,33.058406829833984
2018-10-19 01:00:00,32.113914489746094
2018-10-19 02:00:00,29.9173583984375
2018-10-19 03:00:00,30.891496658325195
2018-10-19 04:00:00,35.59273910522461
2018-10-19 05:00:00,38.95191955566406
2018-10-19 06:00:00,44.80006790161133
2018-10-19 07:00:00,47.83576965332031
2018-10-19 08:00:00,49.491817474365234
2018-10-19 09:00:00,50.75165939331055
2018-10-19 10:00:00,49.32182312011719
2018-10-19 11:00:00,47.76521301269531
2018-10-19 12:00:00,46.30055618286133
2018-10-19 13:00:00,44.50874710083008
2018-10-19 14:00:00,43.4265022277832
2018-10-19 15:00:00,42.90343475341797
2018-10-19 16:00:00,46.87049865722656
2018-10-19 17:00:00,45.1966552734375
2018-10-19 18:00:00,44.68122482299805
2018-10-19 19:00:00,44.5533561706543
2018-10-19 20:00:00,42.96483612060547
2018-10-19 21:00:00,41.77309799194336
2018-10-19 22:00:00,39.60772705078125
2018-10-19 23:00:00,35.57024002075195
2018-10-20 00:00:00,40.015342712402344
2018-10-20 01:00:00,39.35310363769531
2018-10-20 02:00:00,39.1568489074707
2018-10-20 03:00:00,39.438697814941406
2018-10-20 04:00:00,40.138668060302734
2018-10-20 05:00:00,41.153778076171875
2018-10-20 06:00:00,42.314353942871094
2018-10-20 07:00:00,43.45163345336914
2018-10-20 08:00:00,44.30270767211914
2018-10-20 09:00:00,44.57859802246094
2018-10-20 10:00:00,44.20623779296875
2018-10-20 11:00:00,43.42292022705078
2018-10-20 12:00:00,42.55522918701172
2018-10-20 13:00:00,41.906715393066406
2018-10-20 14:00:00,41.63424301147461
2018-10-20 15:00:00,41.712589263916016
2018-10-20 16:00:00,42.04118728637695
2018-10-20 17:00:00,42.46359634399414
2018-10-20 18:00:00,42.685428619384766
2018-10-20 19:00:00,42.4882926940918
2018-10-20 20:00:00,41.85231018066406
2018-10-20 21:00:00,40.92521667480469
2018-10-20 22:00:00,39.962181091308594
2018-10-20 23:00:00,39.084991455078125
2018-10-21 00:00:00,38.29706954956055
2018-10-21 01:00:00,37.7126579284668
2018-10-21 02:00:00,37.52912902832031
2018-10-21 03:00:00,37.822853088378906
2018-10-21 04:00:00,38.51850128173828
2018-10-21 05:00:00,39.50629806518555
2018-10-21 06:00:00,40.62861251831055
2018-10-21 07:00:00,41.70917510986328
2018-10-21 08:00:00,42.496334075927734
2018-10-21 09:00:00,42.74294662475586
2018-10-21 10:00:00,42.4347038269043
2018-10-21 11:00:00,41.77602767944336
2018-10-21 12:00:00,41.04701232910156
2018-10-21 13:00:00,40.490447998046875
2018-10-21 14:00:00,40.26382064819336
2018-10-21 15:00:00,40.376747131347656
2018-10-21 16:00:00,40.7217903137207
2018-10-21 17:00:00,41.11065673828125
2018-10-21 18:00:00,41.33430480957031
2018-10-21 19:00:00,41.20174789428711
2018-10-21 20:00:00,40.71461486816406
2018-10-21 21:00:00,39.965660095214844
2018-10-21 22:00:00,39.10942840576172
2018-10-21 23:00:00,38.28565216064453
2018-10-22 00:00:00,37.549888610839844
2018-10-22 01:00:00,37.006587982177734
2018-10-22 02:00:00,36.86271667480469
2018-10-22 03:00:00,37.21171569824219
2018-10-22 04:00:00,37.98710250854492
2018-10-22 05:00:00,39.06007766723633
2018-10-22 06:00:00,40.257720947265625
2018-10-22 07:00:00,41.37947082519531
2018-10-22 08:00:00,42.19491958618164
2018-10-22 09:00:00,42.4878044128418
2018-10-22 10:00:00,42.1959342956543
2018-10-22 11:00:00,41.536685943603516
2018-10-22 12:00:00,40.82905578613281
2018-10-22 13:00:00,40.3354606628418
2018-10-22 14:00:00,40.185794830322266
2018-10-22 15:00:00,40.31666946411133
2018-10-22 16:00:00,40.6579704284668
2018-10-22 17:00:00,41.06473922729492
2018-10-22 18:00:00,41.29583740234375
2018-10-22 19:00:00,41.192012786865234
2018-10-22 20:00:00,40.70611572265625
2018-10-22 21:00:00,39.962459564208984
2018-10-22 22:00:00,39.11320114135742
2018-10-22 23:00:00,38.29473114013672
2018-10-23 00:00:00,37.56048583984375
2018-10-23 01:00:00,37.0250129699707
2018-10-23 02:00:00,36.87459182739258
2018-10-23 03:00:00,37.206626892089844
2018-10-23 04:00:00,37.98203659057617
2018-10-23 05:00:00,39.07374954223633
2018-10-23 06:00:00,40.29746627807617
2018-10-23 07:00:00,41.43304443359375
2018-10-23 08:00:00,42.24736785888672
2018-10-23 09:00:00,42.52141189575195
2018-10-23 10:00:00,42.22584533691406
2018-10-23 11:00:00,41.5566291809082
2018-10-23 12:00:00,40.830970764160156
2018-10-23 13:00:00,40.312782287597656
2018-10-23 14:00:00,40.11661911010742
2018-10-23 15:00:00,40.218223571777344
2018-10-23 16:00:00,40.555355072021484
2018-10-23 17:00:00,40.932212829589844
2018-10-23 18:00:00,41.127601623535156
2018-10-23 19:00:00,40.96184539794922
2018-10-23 20:00:00,40.406917572021484
2018-10-23 21:00:00,39.58380889892578
2018-10-23 22:00:00,38.66558837890625
2018-10-23 23:00:00,37.780975341796875
2018-10-24 00:00:00,28.977570570213036
2018-10-24 01:00:00,25.097472829454304
2018-10-24 02:00:00,22.905730222119804
2018-10-24 03:00:00,23.733524334600602
2018-10-24 04:00:00,27.38912554683259
2018-10-24 05:00:00,32.146284608763395
2018-10-24 06:00:00,35.91775397219254
2018-10-24 07:00:00,37.64581707249699
2018-10-24 08:00:00,37.76367320354287
2018-10-24 09:00:00,37.44476332012076
2018-10-24 10:00:00,37.437082409667134
2018-10-24 11:00:00,37.56394248411246
2018-10-24 12:00:00,37.23683736785017
2018-10-24 13:00:00,36.327145736081455
2018-10-24 14:00:00,35.4559045274745
2018-10-24 15:00:00,35.42089776303989
2018-10-24 16:00:00,36.38203292581659
2018-10-24 17:00:00,37.65422813992937
2018-10-24 18:00:00,38.30764204270008
2018-10-24 19:00:00,37.94045597354926
2018-10-24 20:00:00,36.83581834565478
2018-10-24 21:00:00,35.39293707708862
2018-10-24 22:00:00,33.516492289511824
2018-10-24 23:00:00,30.71374158801884
2018-10-25 00:00:00,26.88866557804978
2018-10-25 01:00:00,23.008567837361984
2018-10-25 02:00:00,20.816825230068176
2018-10-25 03:00:00,21.64461934242265
2018-10-25 04:00:00,25.30022055484725
2018-10-25 05:00:00,30.05737961650167
2018-10-25 06:00:00,33.82884898000012
2018-10-25 07:00:00,35.556912080419686
2018-10-25 08:00:00,35.67476821144223
2018-10-25 09:00:00,35.35585832804597
2018-10-25 10:00:00,35.34817741757812
2018-10-25 11:00:00,35.4750374920455
2018-10-25 12:00:00,35.14793237579326
2018-10-25 13:00:00,34.23824074403915
2018-10-25 14:00:00,33.366999535388736
2018-10-25 15:00:00,33.33199277095878
2018-10-25 16:00:00,34.293127933683444
2018-10-25 17:00:00,35.56532314790984
2018-10-25 18:00:00,36.21873705062279
2018-10-25 19:00:00,35.85155098142336
2018-10-25 20:00:00,34.746913353572765
2018-10-25 21:00:00,33.304032084997885
2018-10-25 22:00:00,31.427587297398087
2018-10-25 23:00:00,28.624836595873816
2018-10-26 00:00:00,24.799760585957188
2018-10-26 01:00:00,20.919662845215456
2018-10-26 02:00:00,18.72792023797539
2018-10-26 03:00:00,19.555714350395746
2018-10-26 04:00:00,23.21131556286191
2018-10-26 05:00:00,27.9684746244578
2018-10-26 06:00:00,31.73994398796935
2018-10-26 07:00:00,33.46800708838814
2018-10-26 08:00:00,33.58586321937078
2018-10-26 09:00:00,33.26695333595084
2018-10-26 10:00:00,33.259272425501
2018-10-26 11:00:00,33.38613249996311
2018-10-26 12:00:00,33.05902738365119
2018-10-26 13:00:00,32.1493357519575
2018-10-26 14:00:00,31.278094543327487
2018-10-26 15:00:00,31.243087778855603
2018-10-26 16:00:00,32.204222941608656
2018-10-26 17:00:00,33.476418155784025
2018-10-26 18:00:00,34.129832058534184
2018-10-26 19:00:00,33.76264598937246
2018-10-26 20:00:00,32.6580083614201
2018-10-26 21:00:00,31.215127092977255
2018-10-26 22:00:00,29.33868230540356
2018-10-26 23:00:00,26.535931603728798
2018-10-27 00:00:00,22.71085559379393
2018-10-27 01:00:00,18.830757853263258
2018-10-27 02:00:00,16.639015245882593
2018-10-27 03:00:00,17.46680935832312
2018-10-27 04:00:00,21.12241057087657
2018-10-27 05:00:00,25.879569632468137
2018-10-27 06:00:00,29.651038995938585
2018-10-27 07:00:00,31.37910209631085
2018-10-27 08:00:00,31.496958227340794
2018-10-27 09:00:00,31.178048343855703
2018-10-27 10:00:00,31.170367433429877
2018-10-27 11:00:00,31.297227507896153
2018-10-27 12:00:00,30.97012239157978
2018-10-27 13:00:00,30.06043075987585
2018-10-27 14:00:00,29.189189551241725
2018-10-27 15:00:00,29.15418278682022
2018-10-27 16:00:00,30.11531794953387
2018-10-27 17:00:00,31.387513163710274
2018-10-27 18:00:00,32.0409270664569
2018-10-27 19:00:00,31.6737409972923
2018-10-27 20:00:00,30.569103369388465
2018-10-27 21:00:00,29.12622210088652
2018-10-27 22:00:00,27.249777313283836
2018-10-27 23:00:00,24.44702661177805
2018-10-28 00:00:00,43.40564727783203
2018-10-28 01:00:00,41.40715408325195
2018-10-28 02:00:00,40.4743766784668
2018-10-28 03:00:00,40.48286819458008
2018-10-28 04:00:00,40.375831604003906
2018-10-28 05:00:00,42.284690856933594
2018-10-28 06:00:00,45.37124252319336
2018-10-28 07:00:00,49.23377990722656
2018-10-28 08:00:00,51.26103973388672
2018-10-28 09:00:00,50.92609786987305
2018-10-28 10:00:00,49.74451446533203
2018-10-28 11:00:00,49.48162078857422
2018-10-28 12:00:00,47.16815185546875
2018-10-28 13:00:00,47.159637451171875
2018-10-28 14:00:00,47.333839416503906
2018-10-28 15:00:00,48.595550537109375
2018-10-28 16:00:00,49.05132293701172
2018-10-28 17:00:00,49.72767639160156
2018-10-28 18:00:00,49.42852783203125
2018-10-28 19:00:00,49.09219741821289
2018-10-28 20:00:00,47.749420166015625
2018-10-28 21:00:00,46.13302993774414
2018-10-28 22:00:00,46.23020553588867
2018-10-28 23:00:00,44.1273307800293
2018-10-29 00:00:00,43.33565902709961
2018-10-29 01:00:00,43.1964225769043
2018-10-29 02:00:00,42.637550354003906
2018-10-29 03:00:00,42.08592224121094
2018-10-29 04:00:00,42.40700912475586
2018-10-29 05:00:00,44.67058181762695
2018-10-29 06:00:00,48.85196304321289
2018-10-29 07:00:00,51.52446746826172
2018-10-29 08:00:00,53.45112228393555
2018-10-29 09:00:00,52.53062438964844
2018-10-29 10:00:00,49.97602844238281
2018-10-29 11:00:00,48.471466064453125
2018-10-29 12:00:00,47.560516357421875
2018-10-29 13:00:00,46.25825500488281
2018-10-29 14:00:00,46.093116760253906
2018-10-29 15:00:00,46.52969741821289
2018-10-29 16:00:00,48.148563385009766
2018-10-29 17:00:00,48.079368591308594
2018-10-29 18:00:00,49.26996612548828
2018-10-29 19:00:00,48.31442642211914
2018-10-29 20:00:00,47.290306091308594
2018-10-29 21:00:00,46.64873123168945
2018-10-29 22:00:00,46.39539337158203
2018-10-29 23:00:00,44.49028778076172
2018-10-30 00:00:00,43.06535720825195
2018-10-30 01:00:00,41.839073181152344
2018-10-30 02:00:00,41.27460479736328
2018-10-30 03:00:00,40.5497932434082
2018-10-30 04:00:00,42.619773864746094
2018-10-30 05:00:00,43.81773376464844
2018-10-30 06:00:00,47.46649169921875
2018-10-30 07:00:00,50.30503845214844
2018-10-30 08:00:00,52.608154296875
2018-10-30 09:00:00,52.373966217041016
2018-10-30 10:00:00,50.656436920166016
2018-10-30 11:00:00,49.131107330322266
2018-10-30 12:00:00,48.269134521484375
2018-10-30 13:00:00,47.03529739379883
2018-10-30 14:00:00,47.19317626953125
2018-10-30 15:00:00,47.16829299926758
2018-10-30 16:00:00,47.38288116455078
2018-10-30 17:00:00,48.95906066894531
2018-10-30 18:00:00,49.57942199707031
2018-10-30 19:00:00,48.4608039855957
2018-10-30 20:00:00,46.937965393066406
2018-10-30 21:00:00,46.16301345825195
2018-10-30 22:00:00,44.20287322998047
2018-10-30 23:00:00,42.72950744628906
2018-10-31 00:00:00,40.772586822509766
2018-10-31 01:00:00,40.10194396972656
2018-10-31 02:00:00,38.57001495361328
2018-10-31 03:00:00,37.9984016418457
2018-10-31 04:00:00,40.17817687988281
2018-10-31 05:00:00,41.35055923461914
2018-10-31 06:00:00,45.54434585571289
2018-10-31 07:00:00,49.23417663574219
2018-10-31 08:00:00,52.16866683959961
2018-10-31 09:00:00,53.60837173461914
2018-10-31 10:00:00,51.018699645996094
2018-10-31 11:00:00,50.222450256347656
2018-10-31 12:00:00,48.334171295166016
2018-10-31 13:00:00,48.805328369140625
2018-10-31 14:00:00,49.20867156982422
2018-10-31 15:00:00,48.68117141723633
2018-10-31 16:00:00,48.65092086791992
2018-10-31 17:00:00,49.44163513183594
2018-10-31 18:00:00,48.70253372192383
2018-10-31 19:00:00,48.943687438964844
2018-10-31 20:00:00,47.6256217956543
2018-10-31 21:00:00,46.961204528808594
2018-10-31 22:00:00,45.36054229736328
2018-10-31 23:00:00,43.29872512817383
2018-11-01 00:00:00,40.49413299560547
2018-11-01 01:00:00,40.02238082885742
2018-11-01 02:00:00,39.51017379760742
2018-11-01 03:00:00,39.7408447265625
2018-11-01 04:00:00,40.850135803222656
2018-11-01 05:00:00,42.0077018737793
2018-11-01 06:00:00,44.61404037475586
2018-11-01 07:00:00,45.77302932739258
2018-11-01 08:00:00,46.45838928222656
2018-11-01 09:00:00,46.3582878112793
2018-11-01 10:00:00,45.498687744140625
2018-11-01 11:00:00,45.241790771484375
2018-11-01 12:00:00,45.08880615234375
2018-11-01 13:00:00,44.79206466674805
2018-11-01 14:00:00,45.23691940307617
2018-11-01 15:00:00,45.534950256347656
2018-11-01 16:00:00,46.53996658325195
2018-11-01 17:00:00,46.50503158569336
2018-11-01 18:00:00,46.30915069580078
2018-11-01 19:00:00,45.16489028930664
2018-11-01 20:00:00,43.84144592285156
2018-11-01 21:00:00,42.572227478027344
2018-11-01 22:00:00,41.77677536010742
2018-11-01 23:00:00,40.47882843017578
2018-11-02 00:00:00,39.91889190673828
2018-11-02 01:00:00,39.84107971191406
2018-11-02 02:00:00,39.34674072265625
2018-11-02 03:00:00,39.55971908569336
2018-11-02 04:00:00,40.25614547729492
2018-11-02 05:00:00,40.733856201171875
2018-11-02 06:00:00,41.88282012939453
2018-11-02 07:00:00,42.66646194458008
2018-11-02 08:00:00,43.79388427734375
2018-11-02 09:00:00,43.21306228637695
2018-11-02 10:00:00,44.05418014526367
2018-11-02 11:00:00,43.910587310791016
2018-11-02 12:00:00,43.62117004394531
2018-11-02 13:00:00,43.8758659362793
2018-11-02 14:00:00,43.47595977783203
2018-11-02 15:00:00,43.591957092285156
2018-11-02 16:00:00,44.388343811035156
2018-11-02 17:00:00,45.42536926269531
2018-11-02 18:00:00,45.11631393432617
2018-11-02 19:00:00,44.300846099853516
2018-11-02 20:00:00,43.998836517333984
2018-11-02 21:00:00,42.74135208129883
2018-11-02 22:00:00,41.71156311035156
2018-11-02 23:00:00,40.56504440307617
2018-11-03 00:00:00,39.95823287963867
2018-11-03 01:00:00,40.255165100097656
2018-11-03 02:00:00,39.1678352355957
2018-11-03 03:00:00,39.431331634521484
2018-11-03 04:00:00,39.58567810058594
2018-11-03 05:00:00,40.75989532470703
2018-11-03 06:00:00,41.36506652832031
2018-11-03 07:00:00,42.722293853759766
2018-11-03 08:00:00,43.677032470703125
2018-11-03 09:00:00,44.562984466552734
2018-11-03 10:00:00,44.8369026184082
2018-11-03 11:00:00,45.13681411743164
2018-11-03 12:00:00,44.938716888427734
2018-11-03 13:00:00,44.965702056884766
2018-11-03 14:00:00,45.2821044921875
2018-11-03 15:00:00,45.44624328613281
2018-11-03 16:00:00,46.30968475341797
2018-11-03 17:00:00,46.559226989746094
2018-11-03 18:00:00,46.75014114379883
2018-11-03 19:00:00,46.08364486694336
2018-11-03 20:00:00,45.173675537109375
2018-11-03 21:00:00,43.928531646728516
2018-11-03 22:00:00,42.58991622924805
2018-11-03 23:00:00,41.344940185546875
2018-11-04 00:00:00,40.65441131591797
2018-11-04 01:00:00,40.17245101928711
2018-11-04 02:00:00,40.3304443359375
2018-11-04 03:00:00,40.58077621459961
2018-11-04 04:00:00,40.75769805908203
2018-11-04 05:00:00,42.1162223815918
2018-11-04 06:00:00,44.19995880126953
2018-11-04 07:00:00,46.217796325683594
2018-11-04 08:00:00,46.767757415771484
2018-11-04 09:00:00,47.142391204833984
2018-11-04 10:00:00,47.04635238647461
2018-11-04 11:00:00,46.76081466674805
2018-11-04 12:00:00,46.72393798828125
2018-11-04 13:00:00,46.39339828491211
2018-11-04 14:00:00,46.78753662109375
2018-11-04 15:00:00,46.53181457519531
2018-11-04 16:00:00,47.458045959472656
2018-11-04 17:00:00,47.70195007324219
2018-11-04 18:00:00,47.337257385253906
2018-11-04 19:00:00,46.361358642578125
2018-11-04 20:00:00,44.417179107666016
2018-11-04 21:00:00,42.97904586791992
2018-11-04 22:00:00,41.948936462402344
2018-11-04 23:00:00,40.676780700683594
2018-11-05 00:00:00,41.26048278808594
2018-11-05 01:00:00,40.712703704833984
2018-11-05 02:00:00,40.39297866821289
2018-11-05 03:00:00,40.31147766113281
2018-11-05 04:00:00,40.49556350708008
2018-11-05 05:00:00,40.97057342529297
2018-11-05 06:00:00,41.61296844482422
2018-11-05 07:00:00,42.222476959228516
2018-11-05 08:00:00,42.64917755126953
2018-11-05 09:00:00,42.82030487060547
2018-11-05 10:00:00,42.77275085449219
2018-11-05 11:00:00,42.62758255004883
2018-11-05 12:00:00,42.4866943359375
2018-11-05 13:00:00,42.439022064208984
2018-11-05 14:00:00,42.54201889038086
2018-11-05 15:00:00,42.80216598510742
2018-11-05 16:00:00,43.119354248046875
2018-11-05 17:00:00,43.30624771118164
2018-11-05 18:00:00,43.20695495605469
2018-11-05 19:00:00,42.79312515258789
2018-11-05 20:00:00,42.163299560546875
2018-11-05 21:00:00,41.427982330322266
2018-11-05 22:00:00,40.673336029052734
2018-11-05 23:00:00,39.92756652832031
2018-11-06 00:00:00,39.28879165649414
2018-11-06 01:00:00,38.8347282409668
2018-11-06 02:00:00,38.59654235839844
2018-11-06 03:00:00,38.61309814453125
2018-11-06 04:00:00,38.879852294921875
2018-11-06 05:00:00,39.395896911621094
2018-11-06 06:00:00,40.04747009277344
2018-11-06 07:00:00,40.66692352294922
2018-11-06 08:00:00,41.09748077392578
2018-11-06 09:00:00,41.28238296508789
2018-11-06 10:00:00,41.26741409301758
2018-11-06 11:00:00,41.152793884277344
2018-11-06 12:00:00,41.05213928222656
2018-11-06 13:00:00,41.049217224121094
2018-11-06 14:00:00,41.18807601928711
2018-11-06 15:00:00,41.46186065673828
2018-11-06 16:00:00,41.77054214477539
2018-11-06 17:00:00,41.946468353271484
2018-11-06 18:00:00,41.87016296386719
2018-11-06 19:00:00,41.5196647644043
2018-11-06 20:00:00,40.97218322753906
2018-11-06 21:00:00,40.30983352661133
2018-11-06 22:00:00,39.6071891784668
2018-11-06 23:00:00,38.95326232910156
2018-11-07 00:00:00,38.4079704284668
2018-11-07 01:00:00,38.013675689697266
2018-11-07 02:00:00,37.8239860534668
2018-11-07 03:00:00,37.90450668334961
2018-11-07 04:00:00,38.251014709472656
2018-11-07 05:00:00,38.83937454223633
2018-11-07 06:00:00,39.54827117919922
2018-11-07 07:00:00,40.20528030395508
2018-11-07 08:00:00,40.7114372253418
2018-11-07 09:00:00,40.98760986328125
2018-11-07 10:00:00,41.041168212890625
2018-11-07 11:00:00,40.978187561035156
2018-11-07 12:00:00,40.923885345458984
2018-11-07 13:00:00,40.97707748413086
2018-11-07 14:00:00,41.18133544921875
2018-11-07 15:00:00,41.47896194458008
2018-11-07 16:00:00,41.7738151550293
2018-11-07 17:00:00,41.927818298339844
2018-11-07 18:00:00,41.823448181152344
2018-11-07 19:00:00,41.48006820678711
2018-11-07 20:00:00,40.957069396972656
2018-11-07 21:00:00,40.3205680847168
2018-11-07 22:00:00,39.61136245727539
2018-11-07 23:00:00,38.91609573364258
2018-11-08 00:00:00,38.34174346923828
2018-11-08 01:00:00,37.935001373291016
2018-11-08 02:00:00,37.76325225830078
2018-11-08 03:00:00,37.88744354248047
2018-11-08 04:00:00,38.31484603881836
2018-11-08 05:00:00,38.99192810058594
2018-11-08 06:00:00,39.7871208190918
2018-11-08 07:00:00,40.52625274658203
2018-11-08 08:00:00,41.06604766845703
2018-11-08 09:00:00,41.31817626953125
2018-11-08 10:00:00,41.34074783325195
2018-11-08 11:00:00,41.252418518066406
2018-11-08 12:00:00,41.173484802246094
2018-11-08 13:00:00,41.20117950439453
2018-11-08 14:00:00,41.373817443847656
2018-11-08 15:00:00,41.64455032348633
2018-11-08 16:00:00,41.92222595214844
2018-11-08 17:00:00,42.01950454711914
2018-11-08 18:00:00,41.84878158569336
2018-11-08 19:00:00,41.43024826049805
2018-11-08 20:00:00,40.84431457519531
2018-11-08 21:00:00,40.14488220214844
2018-11-08 22:00:00,39.38564682006836
2018-11-08 23:00:00,38.64729690551758
2018-11-09 00:00:00,43.60871124267578
2018-11-09 01:00:00,42.85948181152344
2018-11-09 02:00:00,42.64249038696289
2018-11-09 03:00:00,42.56492233276367
2018-11-09 04:00:00,43.26988220214844
2018-11-09 05:00:00,45.24741744995117
2018-11-09 06:00:00,47.78654861450195
2018-11-09 07:00:00,50.099361419677734
2018-11-09 08:00:00,50.03925323486328
2018-11-09 09:00:00,48.74599075317383
2018-11-09 10:00:00,46.94158935546875
2018-11-09 11:00:00,46.149436950683594
2018-11-09 12:00:00,45.40105438232422
2018-11-09 13:00:00,45.700016021728516
2018-11-09 14:00:00,46.01641845703125
2018-11-09 15:00:00,46.5927734375
2018-11-09 16:00:00,47.60123825073242
2018-11-09 17:00:00,48.87204360961914
2018-11-09 18:00:00,48.31474304199219
2018-11-09 19:00:00,46.312217712402344
2018-11-09 20:00:00,44.95746994018555
2018-11-09 21:00:00,44.8043327331543
2018-11-09 22:00:00,43.62003707885742
2018-11-09 23:00:00,42.693328857421875
2018-11-10 00:00:00,42.443904876708984
2018-11-10 01:00:00,41.96961975097656
2018-11-10 02:00:00,42.32991027832031
2018-11-10 03:00:00,42.54233169555664
2018-11-10 04:00:00,42.94948959350586
2018-11-10 05:00:00,43.51442337036133
2018-11-10 06:00:00,44.70353317260742
2018-11-10 07:00:00,46.331180572509766
2018-11-10 08:00:00,46.896270751953125
2018-11-10 09:00:00,46.2352409362793
2018-11-10 10:00:00,45.0547981262207
2018-11-10 11:00:00,44.678619384765625
2018-11-10 12:00:00,44.47808837890625
2018-11-10 13:00:00,44.583621978759766
2018-11-10 14:00:00,44.321319580078125
2018-11-10 15:00:00,44.81080627441406
2018-11-10 16:00:00,45.63844680786133
2018-11-10 17:00:00,46.7431640625
2018-11-10 18:00:00,46.81465530395508
2018-11-10 19:00:00,45.21738815307617
2018-11-10 20:00:00,44.537254333496094
2018-11-10 21:00:00,43.42521667480469
2018-11-10 22:00:00,42.95964050292969
2018-11-10 23:00:00,42.212074279785156
2018-11-11 00:00:00,41.81594467163086
2018-11-11 01:00:00,41.68991470336914
2018-11-11 02:00:00,41.5541877746582
2018-11-11 03:00:00,41.61407470703125
2018-11-11 04:00:00,41.66988754272461
2018-11-11 05:00:00,42.6230354309082
2018-11-11 06:00:00,44.18379211425781
2018-11-11 07:00:00,45.64242935180664
2018-11-11 08:00:00,46.15483856201172
2018-11-11 09:00:00,45.866233825683594
2018-11-11 10:00:00,45.9046745300293
2018-11-11 11:00:00,46.015438079833984
2018-11-11 12:00:00,45.4567985534668
2018-11-11 13:00:00,45.46921920776367
2018-11-11 14:00:00,45.559932708740234
2018-11-11 15:00:00,45.793251037597656
2018-11-11 16:00:00,46.71398162841797
2018-11-11 17:00:00,47.49369430541992
2018-11-11 18:00:00,47.29482650756836
2018-11-11 19:00:00,46.429901123046875
2018-11-11 20:00:00,45.848846435546875
2018-11-11 21:00:00,45.36609649658203
2018-11-11 22:00:00,44.16859817504883
2018-11-11 23:00:00,43.064762115478516
2018-11-12 00:00:00,42.402130126953125
2018-11-12 01:00:00,41.55791473388672
2018-11-12 02:00:00,41.9619026184082
2018-11-12 03:00:00,42.065040588378906
2018-11-12 04:00:00,42.238773345947266
2018-11-12 05:00:00,43.28322982788086
2018-11-12 06:00:00,45.250797271728516
2018-11-12 07:00:00,47.28935623168945
2018-11-12 08:00:00,47.94253921508789
2018-11-12 09:00:00,47.71485137939453
2018-11-12 10:00:00,47.1914176940918
2018-11-12 11:00:00,46.909881591796875
2018-11-12 12:00:00,46.94001007080078
2018-11-12 13:00:00,46.90175247192383
2018-11-12 14:00:00,47.340576171875
2018-11-12 15:00:00,47.63840866088867
2018-11-12 16:00:00,48.65779495239258
2018-11-12 17:00:00,49.29582977294922
2018-11-12 18:00:00,49.1008186340332
2018-11-12 19:00:00,47.78568649291992
2018-11-12 20:00:00,46.53959274291992
2018-11-12 21:00:00,46.115135192871094
2018-11-12 22:00:00,44.35603332519531
2018-11-12 23:00:00,43.2501335144043
2018-11-13 00:00:00,40.4117431640625
2018-11-13 01:00:00,40.11595153808594
2018-11-13 02:00:00,40.28793716430664
2018-11-13 03:00:00,40.92546081542969
2018-11-13 04:00:00,41.61955261230469
2018-11-13 05:00:00,44.25033187866211
2018-11-13 06:00:00,46.67382049560547
2018-11-13 07:00:00,48.60822677612305
2018-11-13 08:00:00,49.578651428222656
2018-11-13 09:00:00,49.874656677246094
2018-11-13 10:00:00,49.55519104003906
2018-11-13 11:00:00,49.317352294921875
2018-11-13 12:00:00,49.7120361328125
2018-11-13 13:00:00,49.236873626708984
2018-11-13 14:00:00,50.43067169189453
2018-11-13 15:00:00,50.68238067626953
2018-11-13 16:00:00,51.478424072265625
2018-11-13 17:00:00,51.025062561035156
2018-11-13 18:00:00,49.69864273071289
2018-11-13 19:00:00,48.563865661621094
2018-11-13 20:00:00,46.55004119873047
2018-11-13 21:00:00,45.15529251098633
2018-11-13 22:00:00,43.95136260986328
2018-11-13 23:00:00,42.42698287963867
2018-11-14 00:00:00,41.39234924316406
2018-11-14 01:00:00,40.88930130004883
2018-11-14 02:00:00,41.37666702270508
2018-11-14 03:00:00,42.1316032409668
2018-11-14 04:00:00,43.39528274536133
2018-11-14 05:00:00,45.0357666015625
2018-11-14 06:00:00,47.88465881347656
2018-11-14 07:00:00,49.829933166503906
2018-11-14 08:00:00,50.697322845458984
2018-11-14 09:00:00,51.10823440551758
2018-11-14 10:00:00,51.317054748535156
2018-11-14 11:00:00,50.83986282348633
2018-11-14 12:00:00,50.425506591796875
2018-11-14 13:00:00,50.003204345703125
2018-11-14 14:00:00,50.64216613769531
2018-11-14 15:00:00,51.11896896362305
2018-11-14 16:00:00,51.6708984375
2018-11-14 17:00:00,50.832820892333984
2018-11-14 18:00:00,50.26677322387695
2018-11-14 19:00:00,48.89643478393555
2018-11-14 20:00:00,47.195003509521484
2018-11-14 21:00:00,45.026771545410156
2018-11-14 22:00:00,44.107357025146484
2018-11-14 23:00:00,42.81605529785156
2018-11-15 00:00:00,42.162391662597656
2018-11-15 01:00:00,41.641361236572266
2018-11-15 02:00:00,41.240028381347656
2018-11-15 03:00:00,42.047325134277344
2018-11-15 04:00:00,43.320072174072266
2018-11-15 05:00:00,44.89323806762695
2018-11-15 06:00:00,47.26890563964844
2018-11-15 07:00:00,49.951744079589844
2018-11-15 08:00:00,51.61064529418945
2018-11-15 09:00:00,51.67252731323242
2018-11-15 10:00:00,51.63756561279297
2018-11-15 11:00:00,51.2793083190918
2018-11-15 12:00:00,50.45649719238281
2018-11-15 13:00:00,50.36444854736328
2018-11-15 14:00:00,50.59974670410156
2018-11-15 15:00:00,51.79579162597656
2018-11-15 16:00:00,51.9169921875
2018-11-15 17:00:00,52.162147521972656
2018-11-15 18:00:00,50.677146911621094
2018-11-15 19:00:00,48.904232025146484
2018-11-15 20:00:00,46.883544921875
2018-11-15 21:00:00,45.93062210083008
2018-11-15 22:00:00,44.804283142089844
2018-11-15 23:00:00,42.885162353515625
2018-11-16 00:00:00,42.286006927490234
2018-11-16 01:00:00,42.13016891479492
2018-11-16 02:00:00,41.886497497558594
2018-11-16 03:00:00,41.94812774658203
2018-11-16 04:00:00,42.67057800292969
2018-11-16 05:00:00,43.966373443603516
2018-11-16 06:00:00,46.104896545410156
2018-11-16 07:00:00,48.99760437011719
2018-11-16 08:00:00,49.911216735839844
2018-11-16 09:00:00,50.2385368347168
2018-11-16 10:00:00,49.72524642944336
2018-11-16 11:00:00,48.99666213989258
2018-11-16 12:00:00,48.669742584228516
2018-11-16 13:00:00,48.15380096435547
2018-11-16 14:00:00,47.74860382080078
2018-11-16 15:00:00,47.81300735473633
2018-11-16 16:00:00,48.62535858154297
2018-11-16 17:00:00,49.09093475341797
2018-11-16 18:00:00,47.82697296142578
2018-11-16 19:00:00,46.70382308959961
2018-11-16 20:00:00,45.19998550415039
2018-11-16 21:00:00,44.57594299316406
2018-11-16 22:00:00,43.261573791503906
2018-11-16 23:00:00,42.83081817626953
2018-11-17 00:00:00,44.41410446166992
2018-11-17 01:00:00,43.84453582763672
2018-11-17 02:00:00,44.31327819824219
2018-11-17 03:00:00,44.45592498779297
2018-11-17 04:00:00,44.27789306640625
2018-11-17 05:00:00,45.511470794677734
2018-11-17 06:00:00,45.975669860839844
2018-11-17 07:00:00,46.56368637084961
2018-11-17 08:00:00,46.92070007324219
2018-11-17 09:00:00,46.67225646972656
2018-11-17 10:00:00,46.07576370239258
2018-11-17 11:00:00,45.892818450927734
2018-11-17 12:00:00,45.709712982177734
2018-11-17 13:00:00,45.776676177978516
2018-11-17 14:00:00,46.086448669433594
2018-11-17 15:00:00,46.0581169128418
2018-11-17 16:00:00,45.960845947265625
2018-11-17 17:00:00,46.17493438720703
2018-11-17 18:00:00,46.27145004272461
2018-11-17 19:00:00,45.8734130859375
2018-11-17 20:00:00,45.1263313293457
2018-11-17 21:00:00,44.48429489135742
2018-11-17 22:00:00,43.97695541381836
2018-11-17 23:00:00,42.81416702270508
2018-11-18 00:00:00,42.30836868286133
2018-11-18 01:00:00,42.590423583984375
2018-11-18 02:00:00,42.0885124206543
2018-11-18 03:00:00,42.67950439453125
2018-11-18 04:00:00,43.186683654785156
2018-11-18 05:00:00,44.007171630859375
2018-11-18 06:00:00,44.83938980102539
2018-11-18 07:00:00,45.26764678955078
2018-11-18 08:00:00,45.446693420410156
2018-11-18 09:00:00,45.12569808959961
2018-11-18 10:00:00,44.7567253112793
2018-11-18 11:00:00,45.314453125
2018-11-18 12:00:00,44.89126968383789
2018-11-18 13:00:00,44.77302551269531
2018-11-18 14:00:00,45.06357955932617
2018-11-18 15:00:00,45.58204650878906
2018-11-18 16:00:00,45.292293548583984
2018-11-18 17:00:00,46.199581146240234
2018-11-18 18:00:00,45.50674819946289
2018-11-18 19:00:00,45.407554626464844
2018-11-18 20:00:00,44.992767333984375
2018-11-18 21:00:00,44.145145416259766
2018-11-18 22:00:00,43.54291915893555
2018-11-18 23:00:00,43.00703048706055
2018-11-19 00:00:00,42.86518096923828
2018-11-19 01:00:00,42.94802474975586
2018-11-19 02:00:00,42.49117660522461
2018-11-19 03:00:00,43.016998291015625
2018-11-19 04:00:00,43.69647979736328
2018-11-19 05:00:00,44.72514343261719
2018-11-19 06:00:00,45.431495666503906
2018-11-19 07:00:00,46.62852096557617
2018-11-19 08:00:00,46.701297760009766
2018-11-19 09:00:00,46.38837432861328
2018-11-19 10:00:00,46.38278579711914
2018-11-19 11:00:00,46.54815673828125
2018-11-19 12:00:00,46.42887496948242
2018-11-19 13:00:00,46.09522247314453
2018-11-19 14:00:00,46.27716827392578
2018-11-19 15:00:00,47.04718780517578
2018-11-19 16:00:00,47.05701446533203
2018-11-19 17:00:00,47.16357421875
2018-11-19 18:00:00,47.16778564453125
2018-11-19 19:00:00,46.61720657348633
2018-11-19 20:00:00,45.92491912841797
2018-11-19 21:00:00,45.73361587524414
2018-11-19 22:00:00,44.711952209472656
2018-11-19 23:00:00,43.635372161865234
2018-11-20 00:00:00,43.692596435546875
2018-11-20 01:00:00,43.34370422363281
2018-11-20 02:00:00,43.585609436035156
2018-11-20 03:00:00,44.338897705078125
2018-11-20 04:00:00,45.330291748046875
2018-11-20 05:00:00,46.20087814331055
2018-11-20 06:00:00,46.55085372924805
2018-11-20 07:00:00,47.394840240478516
2018-11-20 08:00:00,48.181575775146484
2018-11-20 09:00:00,48.18986129760742
2018-11-20 10:00:00,47.81479263305664
2018-11-20 11:00:00,47.58832550048828
2018-11-20 12:00:00,47.83531951904297
2018-11-20 13:00:00,47.576881408691406
2018-11-20 14:00:00,48.008880615234375
2018-11-20 15:00:00,48.29513168334961
2018-11-20 16:00:00,48.49295425415039
2018-11-20 17:00:00,48.74946212768555
2018-11-20 18:00:00,48.41982650756836
2018-11-20 19:00:00,47.55559158325195
2018-11-20 20:00:00,47.12113952636719
2018-11-20 21:00:00,46.23186111450195
2018-11-20 22:00:00,45.635963439941406
2018-11-20 23:00:00,45.305870056152344
2018-11-21 00:00:00,44.202925410837025
2018-11-21 01:00:00,43.125266071476176
2018-11-21 02:00:00,42.34606168317161
2018-11-21 03:00:00,42.316701410138876
2018-11-21 04:00:00,43.260073519036425
2018-11-21 05:00:00,44.9903884413506
2018-11-21 06:00:00,47.000466431563915
2018-11-21 07:00:00,48.7238649956634
2018-11-21 08:00:00,49.78039683434413
2018-11-21 09:00:00,50.080630753591755
2018-11-21 10:00:00,49.798306157261635
2018-11-21 11:00:00,49.28430879831326
2018-11-21 12:00:00,48.95922775032151
2018-11-21 13:00:00,49.16903747687975
2018-11-21 14:00:00,50.01155605163111
2018-11-21 15:00:00,51.22427585407014
2018-11-21 16:00:00,52.255593582109356
2018-11-21 17:00:00,52.54151598735319
2018-11-21 18:00:00,51.83675725179013
2018-11-21 19:00:00,50.36326556325788
2018-11-21 20:00:00,48.64856227415774
2018-11-21 21:00:00,47.164281615938535
2018-11-21 22:00:00,46.04231374716969
2018-11-21 23:00:00,45.08738567723729
2018-11-22 00:00:00,44.06028931471476
2018-11-22 01:00:00,42.98262997535383
2018-11-22 02:00:00,42.20342558705284
2018-11-22 03:00:00,42.17406531403754
2018-11-22 04:00:00,43.11743742295916
2018-11-22 05:00:00,44.84775234526188
2018-11-22 06:00:00,46.85783033551061
2018-11-22 07:00:00,48.58122889955701
2018-11-22 08:00:00,49.637760738219406
2018-11-22 09:00:00,49.937994657485305
2018-11-22 10:00:00,49.65567006114292
2018-11-22 11:00:00,49.14167270223389
2018-11-22 12:00:00,48.816591654226904
2018-11-22 13:00:00,49.02640138079801
2018-11-22 14:00:00,49.86891995548944
2018-11-22 15:00:00,51.08163975792357
2018-11-22 16:00:00,52.11295748602531
2018-11-22 17:00:00,52.398879891243965
2018-11-22 18:00:00,51.694121155737115
2018-11-22 19:00:00,50.22062946722555
2018-11-22 20:00:00,48.50592617803029
2018-11-22 21:00:00,47.0216455198906
2018-11-22 22:00:00,45.89967765110994
2018-11-22 23:00:00,44.94474958109158
2018-11-23 00:00:00,43.9176532186008
2018-11-23 01:00:00,42.83999387929471
2018-11-23 02:00:00,42.060789490934056
2018-11-23 03:00:00,42.031429217936214
2018-11-23 04:00:00,42.97480132688191
2018-11-23 05:00:00,44.705116249203634
2018-11-23 06:00:00,46.7151942394059
2018-11-23 07:00:00,48.43859280349285
2018-11-23 08:00:00,49.49512464213426
2018-11-23 09:00:00,49.79535856137886
2018-11-23 10:00:00,49.51303396502421
2018-11-23 11:00:00,48.999036606159315
2018-11-23 12:00:00,48.67395555812499
2018-11-23 13:00:00,48.88376528468579
2018-11-23 14:00:00,49.72628385942218
2018-11-23 15:00:00,50.93900366185606
2018-11-23 16:00:00,51.97032138994127
2018-11-23 17:00:00,52.256243795153566
2018-11-23 18:00:00,51.55148505965839
2018-11-23 19:00:00,50.07799337108904
2018-11-23 20:00:00,48.363290081996595
2018-11-23 21:00:00,46.879009423778804
2018-11-23 22:00:00,45.75704155500834
2018-11-23 23:00:00,44.80211348503086
2018-11-24 00:00:00,43.77501712254482
2018-11-24 01:00:00,42.69735778320286
2018-11-24 02:00:00,41.91815339485396
2018-11-24 03:00:00,41.88879312181997
2018-11-24 04:00:00,42.83216523072848
2018-11-24 05:00:00,44.562480153145394
2018-11-24 06:00:00,46.57255814323093
2018-11-24 07:00:00,48.29595670733832
2018-11-24 08:00:00,49.35248854604912
2018-11-24 09:00:00,49.652722465302915
2018-11-24 10:00:00,49.37039786894395
2018-11-24 11:00:00,48.85640051004253
2018-11-24 12:00:00,48.53131946202307
2018-11-24 13:00:00,48.741129188604056
2018-11-24 14:00:00,49.58364776330351
2018-11-24 15:00:00,50.796367565788564
2018-11-24 16:00:00,51.82768529384893
2018-11-24 17:00:00,52.11360769904433
2018-11-24 18:00:00,51.408848963528264
2018-11-24 19:00:00,49.93535727495254
2018-11-24 20:00:00,48.220653985869134
2018-11-24 21:00:00,46.736373327636535
2018-11-24 22:00:00,45.61440545890674
2018-11-24 23:00:00,44.65947738892736
2018-11-25 00:00:00,45.57292938232422
2018-11-25 01:00:00,44.62782669067383
2018-11-25 02:00:00,44.27431106567383
2018-11-25 03:00:00,44.42683792114258
2018-11-25 04:00:00,44.90949630737305
2018-11-25 05:00:00,46.03453063964844
2018-11-25 06:00:00,47.87417984008789
2018-11-25 07:00:00,49.663909912109375
2018-11-25 08:00:00,50.422821044921875
2018-11-25 09:00:00,49.9202995300293
2018-11-25 10:00:00,48.70416259765625
2018-11-25 11:00:00,47.77070236206055
2018-11-25 12:00:00,47.603172302246094
2018-11-25 13:00:00,48.14124298095703
2018-11-25 14:00:00,49.16730499267578
2018-11-25 15:00:00,50.5306396484375
2018-11-25 16:00:00,51.73505401611328
2018-11-25 17:00:00,52.16053771972656
2018-11-25 18:00:00,51.39280700683594
2018-11-25 19:00:00,49.64797592163086
2018-11-25 20:00:00,47.85341262817383
2018-11-25 21:00:00,46.56157302856445
2018-11-25 22:00:00,45.61810302734375
2018-11-25 23:00:00,44.67635726928711
2018-11-26 00:00:00,43.674346923828125
2018-11-26 01:00:00,42.912479400634766
2018-11-26 02:00:00,42.64776611328125
2018-11-26 03:00:00,42.82643127441406
2018-11-26 04:00:00,43.40988540649414
2018-11-26 05:00:00,44.57090377807617
2018-11-26 06:00:00,46.30995559692383
2018-11-26 07:00:00,47.96854782104492
2018-11-26 08:00:00,48.742794036865234
2018-11-26 09:00:00,48.34046936035156
2018-11-26 10:00:00,47.40222930908203
2018-11-26 11:00:00,46.71118927001953
2018-11-26 12:00:00,46.62572479248047
2018-11-26 13:00:00,47.14946365356445
2018-11-26 14:00:00,48.09202575683594
2018-11-26 15:00:00,49.29265213012695
2018-11-26 16:00:00,50.33389663696289
2018-11-26 17:00:00,50.573734283447266
2018-11-26 18:00:00,49.68110656738281
2018-11-26 19:00:00,47.91926956176758
2018-11-26 20:00:00,46.00367736816406
2018-11-26 21:00:00,44.53731155395508
2018-11-26 22:00:00,43.411109924316406
2018-11-26 23:00:00,42.40241622924805
2018-11-27 00:00:00,41.41129684448242
2018-11-27 01:00:00,40.78035354614258
2018-11-27 02:00:00,40.664283752441406
2018-11-27 03:00:00,41.0491828918457
2018-11-27 04:00:00,41.806758880615234
2018-11-27 05:00:00,43.04181671142578
2018-11-27 06:00:00,44.78610610961914
2018-11-27 07:00:00,46.40274429321289
2018-11-27 08:00:00,47.12376022338867
2018-11-27 09:00:00,46.764732360839844
2018-11-27 10:00:00,45.92359161376953
2018-11-27 11:00:00,45.36293029785156
2018-11-27 12:00:00,45.41665267944336
2018-11-27 13:00:00,46.01478958129883
2018-11-27 14:00:00,47.040714263916016
2018-11-27 15:00:00,48.25104904174805
2018-11-27 16:00:00,49.26764678955078
2018-11-27 17:00:00,49.546897888183594
2018-11-27 18:00:00,48.76985168457031
2018-11-27 19:00:00,47.20432662963867
2018-11-27 20:00:00,45.55472183227539
2018-11-27 21:00:00,44.205387115478516
2018-11-27 22:00:00,43.06275939941406
2018-11-27 23:00:00,41.97612380981445
2018-11-28 00:00:00,41.02021026611328
2018-11-28 01:00:00,40.42778396606445
2018-11-28 02:00:00,40.397216796875
2018-11-28 03:00:00,40.881195068359375
2018-11-28 04:00:00,41.872596740722656
2018-11-28 05:00:00,43.484718322753906
2018-11-28 06:00:00,45.620704650878906
2018-11-28 07:00:00,47.604557037353516
2018-11-28 08:00:00,48.681861877441406
2018-11-28 09:00:00,48.624237060546875
2018-11-28 10:00:00,47.95361328125
2018-11-28 11:00:00,47.518310546875
2018-11-28 12:00:00,47.759334564208984
2018-11-28 13:00:00,48.66216278076172
2018-11-28 14:00:00,50.02517318725586
2018-11-28 15:00:00,51.541568756103516
2018-11-28 16:00:00,52.73043441772461
2018-11-28 17:00:00,52.931114196777344
2018-11-28 18:00:00,51.84784698486328
2018-11-28 19:00:00,49.869503021240234
2018-11-28 20:00:00,47.793338775634766
2018-11-28 21:00:00,46.16618728637695
2018-11-28 22:00:00,44.945037841796875
2018-11-28 23:00:00,43.86452865600586
2018-11-29 00:00:00,42.43028989380222
2018-11-29 01:00:00,42.46029715099158
2018-11-29 02:00:00,42.49030440818095
2018-11-29 03:00:00,42.52031166537031
2018-11-29 04:00:00,42.550318922559676
2018-11-29 05:00:00,42.58032617974904
2018-11-29 06:00:00,42.610333436938404
2018-11-29 07:00:00,42.64034069412777
2018-11-29 08:00:00,42.67034795131713
2018-11-29 09:00:00,42.7003552085065
2018-11-29 10:00:00,42.73036246569587
2018-11-29 11:00:00,42.76036972288523
2018-11-29 12:00:00,42.7903769800746
2018-11-29 13:00:00,42.82038423726396
2018-11-29 14:00:00,42.850391494453326
2018-11-29 15:00:00,42.880398751642694
2018-11-29 16:00:00,42.910406008832055
2018-11-29 17:00:00,42.94041326602142
2018-11-29 18:00:00,42.970420523210784
2018-11-29 19:00:00,43.00042778040015
2018-11-29 20:00:00,43.03043503758952
2018-11-29 21:00:00,43.06044229477888
2018-11-29 22:00:00,43.09044955196825
2018-11-29 23:00:00,43.12045680915761
2018-11-30 00:00:00,43.15046406634698
2018-11-30 01:00:00,43.180471323536345
2018-11-30 02:00:00,43.210478580725706
2018-11-30 03:00:00,43.240485837915074
2018-11-30 04:00:00,43.270493095104435
2018-11-30 05:00:00,43.3005003522938
2018-11-30 06:00:00,43.33050760948317
2018-11-30 07:00:00,43.36051486667253
2018-11-30 08:00:00,43.3905221238619
2018-11-30 09:00:00,43.42052938105126
2018-11-30 10:00:00,43.45053663824063
2018-11-30 11:00:00,43.480543895429996
2018-11-30 12:00:00,43.51055115261936
2018-11-30 13:00:00,43.540558409808725
2018-11-30 14:00:00,43.570565666998085
2018-11-30 15:00:00,43.60057292418745
2018-11-30 16:00:00,43.63058018137682
2018-11-30 17:00:00,43.66058743856618
2018-11-30 18:00:00,43.69059469575555
2018-11-30 19:00:00,43.72060195294491
2018-11-30 20:00:00,43.75060921013428
2018-11-30 21:00:00,43.78061646732365
2018-11-30 22:00:00,43.81062372451301
2018-11-30 23:00:00,43.840630981702375
2018-12-01 00:00:00,43.870638238891736
2018-12-01 01:00:00,43.900645496081104
2018-12-01 02:00:00,43.93065275327047
2018-12-01 03:00:00,43.96066001045983
2018-12-01 04:00:00,43.9906672676492
2018-12-01 05:00:00,44.02067452483856
2018-12-01 06:00:00,44.05068178202793
2018-12-01 07:00:00,44.0806890392173
2018-12-01 08:00:00,44.11069629640666
2018-12-01 09:00:00,44.140703553596026
2018-12-01 10:00:00,44.17071081078539
2018-12-01 11:00:00,44.200718067974755
2018-12-01 12:00:00,44.23072532516412
2018-12-01 13:00:00,44.260732582353484
2018-12-01 14:00:00,44.29073983954285
2018-12-01 15:00:00,44.32074709673221
2018-12-01 16:00:00,44.35075435392158
2018-12-01 17:00:00,44.38076161111095
2018-12-01 18:00:00,44.41076886830031
2018-12-01 19:00:00,44.44077612548968
2018-12-01 20:00:00,44.47078338267904
2018-12-01 21:00:00,44.500790639868406
2018-12-01 22:00:00,44.530797897057774
2018-12-01 23:00:00,44.560805154247134
2018-12-02 00:00:00,44.5908124114365
2018-12-02 01:00:00,44.62081966862586
2018-12-02 02:00:00,44.65082692581523
2018-12-02 03:00:00,44.6808341830046
2018-12-02 04:00:00,44.71084144019396
2018-12-02 05:00:00,44.74084869738333
2018-12-02 06:00:00,44.77085595457269
2018-12-02 07:00:00,44.800863211762056
2018-12-02 08:00:00,44.830870468951424
2018-12-02 09:00:00,44.860877726140785
2018-12-02 10:00:00,44.89088498333015
2018-12-02 11:00:00,44.920892240519514
2018-12-02 12:00:00,44.95089949770888
2018-12-02 13:00:00,44.98090675489825
2018-12-02 14:00:00,45.01091401208761
2018-12-02 15:00:00,45.04092126927698
2018-12-02 16:00:00,45.07092852646634
2018-12-02 17:00:00,45.10093578365571
2018-12-02 18:00:00,45.130943040845075
2018-12-02 19:00:00,45.160950298034436
2018-12-02 20:00:00,45.190957555223804
2018-12-02 21:00:00,45.220964812413165
2018-12-02 22:00:00,45.25097206960253
2018-12-02 23:00:00,45.2809793267919
2018-12-03 00:00:00,41.91302490234375
2018-12-03 01:00:00,41.40373992919922
2018-12-03 02:00:00,41.1104850769043
2018-12-03 03:00:00,40.99985122680664
2018-12-03 04:00:00,41.172752380371094
2018-12-03 05:00:00,41.74324417114258
2018-12-03 06:00:00,42.56037521362305
2018-12-03 07:00:00,43.38205337524414
2018-12-03 08:00:00,43.963539123535156
2018-12-03 09:00:00,44.26368713378906
2018-12-03 10:00:00,44.381988525390625
2018-12-03 11:00:00,44.39118957519531
2018-12-03 12:00:00,44.348243713378906
2018-12-03 13:00:00,44.36113357543945
2018-12-03 14:00:00,44.51305389404297
2018-12-03 15:00:00,44.78498458862305
2018-12-03 16:00:00,45.0348014831543
2018-12-03 17:00:00,45.0557975769043
2018-12-03 18:00:00,44.74178695678711
2018-12-03 19:00:00,44.14616012573242
2018-12-03 20:00:00,43.368343353271484
2018-12-03 21:00:00,42.476531982421875
2018-12-03 22:00:00,41.56659698486328
2018-12-03 23:00:00,40.721187591552734
2018-12-04 00:00:00,40.04039764404297
2018-12-04 01:00:00,39.58152389526367
2018-12-04 02:00:00,39.352203369140625
2018-12-04 03:00:00,39.38724136352539
2018-12-04 04:00:00,39.73566436767578
2018-12-04 05:00:00,40.43016815185547
2018-12-04 06:00:00,41.31924057006836
2018-12-04 07:00:00,42.16943359375
2018-12-04 08:00:00,42.79056167602539
2018-12-04 09:00:00,43.12287139892578
2018-12-04 10:00:00,43.23386001586914
2018-12-04 11:00:00,43.2181396484375
2018-12-04 12:00:00,43.16044998168945
2018-12-04 13:00:00,43.17070007324219
2018-12-04 14:00:00,43.311805725097656
2018-12-04 15:00:00,43.54658889770508
2018-12-04 16:00:00,43.74823760986328
2018-12-04 17:00:00,43.746238708496094
2018-12-04 18:00:00,43.460994720458984
2018-12-04 19:00:00,42.94685363769531
2018-12-04 20:00:00,42.29592514038086
2018-12-04 21:00:00,41.55706787109375
2018-12-04 22:00:00,40.772605895996094
2018-12-04 23:00:00,40.038307189941406
2018-12-05 00:00:00,39.429447174072266
2018-12-05 01:00:00,39.00567626953125
2018-12-05 02:00:00,38.822391510009766
2018-12-05 03:00:00,38.937652587890625
2018-12-05 04:00:00,39.390438079833984
2018-12-05 05:00:00,40.17906188964844
2018-12-05 06:00:00,41.139373779296875
2018-12-05 07:00:00,42.03052520751953
2018-12-05 08:00:00,42.6953239440918
2018-12-05 09:00:00,43.05691909790039
2018-12-05 10:00:00,43.163734436035156
2018-12-05 11:00:00,43.14463424682617
2018-12-05 12:00:00,43.09284973144531
2018-12-05 13:00:00,43.11160659790039
2018-12-05 14:00:00,43.255287170410156
2018-12-05 15:00:00,43.45344543457031
2018-12-05 16:00:00,43.586669921875
2018-12-05 17:00:00,43.51630401611328
2018-12-05 18:00:00,43.17308044433594
2018-12-05 19:00:00,42.653350830078125
2018-12-05 20:00:00,42.04510498046875
2018-12-05 21:00:00,41.365413665771484
2018-12-05 22:00:00,40.621028900146484
2018-12-05 23:00:00,39.891571044921875
2018-12-06 00:00:00,39.262725830078125
2018-12-06 01:00:00,38.80260467529297
2018-12-06 02:00:00,38.612892150878906
2018-12-06 03:00:00,38.759071350097656
2018-12-06 04:00:00,39.30612564086914
2018-12-06 05:00:00,40.213016510009766
2018-12-06 06:00:00,41.298789978027344
2018-12-06 07:00:00,42.306583404541016
2018-12-06 08:00:00,43.039424896240234
2018-12-06 09:00:00,43.3984375
2018-12-06 10:00:00,43.463172912597656
2018-12-06 11:00:00,43.38570785522461
2018-12-06 12:00:00,43.269927978515625
2018-12-06 13:00:00,43.23073196411133
2018-12-06 14:00:00,43.32841110229492
2018-12-06 15:00:00,43.49399185180664
2018-12-06 16:00:00,43.601261138916016
2018-12-06 17:00:00,43.46192169189453
2018-12-06 18:00:00,43.031227111816406
2018-12-06 19:00:00,42.41527557373047
2018-12-06 20:00:00,41.71549606323242
2018-12-06 21:00:00,40.956302642822266
2018-12-06 22:00:00,40.1623420715332
2018-12-06 23:00:00,39.40382766723633
2018-12-07 00:00:00,45.239444732666016
2018-12-07 01:00:00,44.06826400756836
2018-12-07 02:00:00,43.46887969970703
2018-12-07 03:00:00,43.165061950683594
2018-12-07 04:00:00,43.639678955078125
2018-12-07 05:00:00,45.82894515991211
2018-12-07 06:00:00,49.989200592041016
2018-12-07 07:00:00,53.66620635986328
2018-12-07 08:00:00,55.07862854003906
2018-12-07 09:00:00,54.514862060546875
2018-12-07 10:00:00,52.14099884033203
2018-12-07 11:00:00,51.62136459350586
2018-12-07 12:00:00,52.104339599609375
2018-12-07 13:00:00,52.17005920410156
2018-12-07 14:00:00,52.848777770996094
2018-12-07 15:00:00,54.720436096191406
2018-12-07 16:00:00,55.915138244628906
2018-12-07 17:00:00,55.437339782714844
2018-12-07 18:00:00,53.035316467285156
2018-12-07 19:00:00,49.913814544677734
2018-12-07 20:00:00,47.76032638549805
2018-12-07 21:00:00,46.2523078918457
2018-12-07 22:00:00,45.28776168823242
2018-12-07 23:00:00,43.55641174316406
2018-12-08 00:00:00,43.251686096191406
2018-12-08 01:00:00,42.72352981567383
2018-12-08 02:00:00,43.181427001953125
2018-12-08 03:00:00,43.185237884521484
2018-12-08 04:00:00,43.60247039794922
2018-12-08 05:00:00,46.40752029418945
2018-12-08 06:00:00,48.91250228881836
2018-12-08 07:00:00,52.13322448730469
2018-12-08 08:00:00,53.888526916503906
2018-12-08 09:00:00,52.2503662109375
2018-12-08 10:00:00,50.907684326171875
2018-12-08 11:00:00,50.245018005371094
2018-12-08 12:00:00,51.285892486572266
2018-12-08 13:00:00,51.369293212890625
2018-12-08 14:00:00,51.93639373779297
2018-12-08 15:00:00,53.40365219116211
2018-12-08 16:00:00,55.591365814208984
2018-12-08 17:00:00,55.37556838989258
2018-12-08 18:00:00,54.195865631103516
2018-12-08 19:00:00,51.246864318847656
2018-12-08 20:00:00,50.37358856201172
2018-12-08 21:00:00,48.34685134887695
2018-12-08 22:00:00,47.56932830810547
2018-12-08 23:00:00,46.30927276611328
2018-12-09 00:00:00,45.29629898071289
2018-12-09 01:00:00,44.54914474487305
2018-12-09 02:00:00,44.32341003417969
2018-12-09 03:00:00,44.062744140625
2018-12-09 04:00:00,44.47721481323242
2018-12-09 05:00:00,46.8944206237793
2018-12-09 06:00:00,50.93239974975586
2018-12-09 07:00:00,53.731536865234375
2018-12-09 08:00:00,55.5672492980957
2018-12-09 09:00:00,55.04916763305664
2018-12-09 10:00:00,52.56114959716797
2018-12-09 11:00:00,51.87283706665039
2018-12-09 12:00:00,52.22642517089844
2018-12-09 13:00:00,52.12247848510742
2018-12-09 14:00:00,52.118465423583984
2018-12-09 15:00:00,53.530677795410156
2018-12-09 16:00:00,54.73339080810547
2018-12-09 17:00:00,54.80784225463867
2018-12-09 18:00:00,53.384178161621094
2018-12-09 19:00:00,51.8112678527832
2018-12-09 20:00:00,51.57738494873047
2018-12-09 21:00:00,50.70977783203125
2018-12-09 22:00:00,48.5682258605957
2018-12-09 23:00:00,48.0958366394043
2018-12-10 00:00:00,46.92741775512695
2018-12-10 01:00:00,45.14906692504883
2018-12-10 02:00:00,44.84562301635742
2018-12-10 03:00:00,45.261962890625
2018-12-10 04:00:00,45.15708541870117
2018-12-10 05:00:00,47.011756896972656
2018-12-10 06:00:00,49.64993667602539
2018-12-10 07:00:00,52.1558952331543
2018-12-10 08:00:00,53.62416458129883
2018-12-10 09:00:00,53.886512756347656
2018-12-10 10:00:00,52.425846099853516
2018-12-10 11:00:00,51.834896087646484
2018-12-10 12:00:00,51.94459533691406
2018-12-10 13:00:00,52.492950439453125
2018-12-10 14:00:00,52.317359924316406
2018-12-10 15:00:00,52.508426666259766
2018-12-10 16:00:00,53.90229034423828
2018-12-10 17:00:00,53.511722564697266
2018-12-10 18:00:00,53.355926513671875
2018-12-10 19:00:00,52.42524337768555
2018-12-10 20:00:00,51.19544219970703
2018-12-10 21:00:00,49.43545913696289
2018-12-10 22:00:00,47.953704833984375
2018-12-10 23:00:00,46.89874267578125
2018-12-11 00:00:00,43.4751091003418
2018-12-11 01:00:00,43.15947341918945
2018-12-11 02:00:00,42.99545669555664
2018-12-11 03:00:00,42.82668685913086
2018-12-11 04:00:00,43.35349655151367
2018-12-11 05:00:00,44.100467681884766
2018-12-11 06:00:00,45.57648849487305
2018-12-11 07:00:00,47.57600402832031
2018-12-11 08:00:00,48.780879974365234
2018-12-11 09:00:00,49.16790008544922
2018-12-11 10:00:00,47.9744873046875
2018-12-11 11:00:00,47.2216911315918
2018-12-11 12:00:00,46.398189544677734
2018-12-11 13:00:00,46.13192367553711
2018-12-11 14:00:00,46.362449645996094
2018-12-11 15:00:00,46.90690612792969
2018-12-11 16:00:00,46.73434066772461
2018-12-11 17:00:00,47.311214447021484
2018-12-11 18:00:00,47.161495208740234
2018-12-11 19:00:00,46.49725341796875
2018-12-11 20:00:00,45.54911422729492
2018-12-11 21:00:00,44.843265533447266
2018-12-11 22:00:00,44.31113052368164
2018-12-11 23:00:00,43.70328140258789
2018-12-12 00:00:00,43.17011260986328
2018-12-12 01:00:00,42.6896858215332
2018-12-12 02:00:00,42.258636474609375
2018-12-12 03:00:00,42.205055236816406
2018-12-12 04:00:00,42.261661529541016
2018-12-12 05:00:00,42.74386215209961
2018-12-12 06:00:00,43.46583557128906
2018-12-12 07:00:00,45.238040924072266
2018-12-12 08:00:00,45.62440490722656
2018-12-12 09:00:00,45.53725051879883
2018-12-12 10:00:00,44.983673095703125
2018-12-12 11:00:00,45.292205810546875
2018-12-12 12:00:00,44.74410629272461
2018-12-12 13:00:00,44.68050003051758
2018-12-12 14:00:00,44.38156509399414
2018-12-12 15:00:00,45.16843032836914
2018-12-12 16:00:00,45.496395111083984
2018-12-12 17:00:00,45.83033752441406
2018-12-12 18:00:00,46.248756408691406
2018-12-12 19:00:00,45.65791702270508
2018-12-12 20:00:00,44.89607238769531
2018-12-12 21:00:00,44.54779052734375
2018-12-12 22:00:00,43.863468170166016
2018-12-12 23:00:00,42.956512451171875
2018-12-13 00:00:00,42.577537536621094
2018-12-13 01:00:00,41.89731216430664
2018-12-13 02:00:00,42.02257537841797
2018-12-13 03:00:00,41.720008850097656
2018-12-13 04:00:00,41.833457946777344
2018-12-13 05:00:00,42.462791442871094
2018-12-13 06:00:00,43.72043991088867
2018-12-13 07:00:00,45.57292175292969
2018-12-13 08:00:00,45.936744689941406
2018-12-13 09:00:00,46.438636779785156
2018-12-13 10:00:00,46.25156021118164
2018-12-13 11:00:00,45.258121490478516
2018-12-13 12:00:00,45.46830368041992
2018-12-13 13:00:00,45.02172088623047
2018-12-13 14:00:00,45.36204528808594
2018-12-13 15:00:00,46.13890075683594
2018-12-13 16:00:00,47.86568069458008
2018-12-13 17:00:00,47.9626350402832
2018-12-13 18:00:00,47.814552307128906
2018-12-13 19:00:00,46.902610778808594
2018-12-13 20:00:00,45.5986442565918
2018-12-13 21:00:00,44.964813232421875
2018-12-13 22:00:00,44.22077941894531
2018-12-13 23:00:00,43.57674026489258
2018-12-14 00:00:00,43.004615783691406
2018-12-14 01:00:00,42.50407791137695
2018-12-14 02:00:00,42.57859802246094
2018-12-14 03:00:00,42.468379974365234
2018-12-14 04:00:00,42.73490905761719
2018-12-14 05:00:00,43.80575942993164
2018-12-14 06:00:00,45.15277862548828
2018-12-14 07:00:00,47.46919250488281
2018-12-14 08:00:00,50.6910400390625
2018-12-14 09:00:00,51.74272918701172
2018-12-14 10:00:00,50.87273025512695
2018-12-14 11:00:00,50.17805862426758
2018-12-14 12:00:00,48.59828186035156
2018-12-14 13:00:00,48.02632522583008
2018-12-14 14:00:00,49.032527923583984
2018-12-14 15:00:00,48.85039520263672
2018-12-14 16:00:00,49.08433151245117
2018-12-14 17:00:00,49.07017135620117
2018-12-14 18:00:00,48.02525329589844
2018-12-14 19:00:00,47.137813568115234
2018-12-14 20:00:00,46.258941650390625
2018-12-14 21:00:00,45.064334869384766
2018-12-14 22:00:00,44.51896286010742
2018-12-14 23:00:00,43.61882400512695
2018-12-15 00:00:00,50.23717696203003
2018-12-15 01:00:00,49.68809157257154
2018-12-15 02:00:00,48.54066636101983
2018-12-15 03:00:00,47.61008085357827
2018-12-15 04:00:00,48.30667595062019
2018-12-15 05:00:00,51.690243007010544
2018-12-15 06:00:00,57.4393831237932
2018-12-15 07:00:00,63.603056575253355
2018-12-15 08:00:00,67.56702558068612
2018-12-15 09:00:00,67.72034456679545
2018-12-15 10:00:00,64.62881683005871
2018-12-15 11:00:00,60.76627395994801
2018-12-15 12:00:00,58.90936451830802
2018-12-15 13:00:00,60.328960528707796
2018-12-15 14:00:00,64.06014560440245
2018-12-15 15:00:00,67.68806485779254
2018-12-15 16:00:00,68.96431161179765
2018-12-15 17:00:00,67.07182156183202
2018-12-15 18:00:00,62.798433353127024
2018-12-15 19:00:00,57.773691189623094
2018-12-15 20:00:00,53.49392233494776
2018-12-15 21:00:00,50.74733168521108
2018-12-15 22:00:00,49.547663613865794
2018-12-15 23:00:00,49.34225741419783
2018-12-16 00:00:00,49.31044081769825
2018-12-16 01:00:00,48.76135542832626
2018-12-16 02:00:00,47.613930216598156
2018-12-16 03:00:00,46.683344709181654
2018-12-16 04:00:00,47.37993980630229
2018-12-16 05:00:00,50.763506862785945
2018-12-16 06:00:00,56.512646979372725
2018-12-16 07:00:00,62.67632043105562
2018-12-16 08:00:00,66.64028943639335
2018-12-16 09:00:00,66.79360842239119
2018-12-16 10:00:00,63.70208068559212
2018-12-16 11:00:00,59.83953781573389
2018-12-16 12:00:00,57.9826283739541
2018-12-16 13:00:00,59.402224384307615
2018-12-16 14:00:00,63.133409459899646
2018-12-16 15:00:00,66.7613287133442
2018-12-16 16:00:00,68.03757546746408
2018-12-16 17:00:00,66.14508541762075
2018-12-16 18:00:00,61.87169720897914
2018-12-16 19:00:00,56.846955045152754
2018-12-16 20:00:00,52.56718619053911
2018-12-16 21:00:00,49.82059554094497
2018-12-16 22:00:00,48.62092746954711
2018-12-16 23:00:00,48.41552126991061
2018-12-17 00:00:00,48.383704673365216
2018-12-17 01:00:00,47.83461928402052
2018-12-17 02:00:00,46.68719407242478
2018-12-17 03:00:00,45.75660856478504
2018-12-17 04:00:00,46.45320366188457
2018-12-17 05:00:00,49.83677071856135
2018-12-17 06:00:00,55.58591083520056
2018-12-17 07:00:00,61.74958428685789
2018-12-17 08:00:00,65.71355329210057
2018-12-17 09:00:00,65.86687227813192
2018-12-17 10:00:00,62.77534454112553
2018-12-17 11:00:00,58.9128016712899
2018-12-17 12:00:00,57.05589222960018
2018-12-17 13:00:00,58.47548824005244
2018-12-17 14:00:00,62.20667331544201
2018-12-17 15:00:00,65.83459256910149
2018-12-17 16:00:00,67.11083932308728
2018-12-17 17:00:00,65.21834927319088
2018-12-17 18:00:00,60.94496106449686
2018-12-17 19:00:00,55.92021890068241
2018-12-17 20:00:00,51.640450046337875
2018-12-17 21:00:00,48.89385939646558
2018-12-17 22:00:00,47.69419132526058
2018-12-17 23:00:00,47.488785125568434
2018-12-18 00:00:00,47.456968529033446
2018-12-18 01:00:00,46.90788313963024
2018-12-18 02:00:00,45.76045792813234
2018-12-18 03:00:00,44.82987242045793
2018-12-18 04:00:00,45.526467517609916
2018-12-18 05:00:00,48.91003457403333
2018-12-18 06:00:00,54.65917469060909
2018-12-18 07:00:00,60.82284814230228
2018-12-18 08:00:00,64.78681714776455
2018-12-18 09:00:00,64.94013613385954
2018-12-18 10:00:00,61.8486083969402
2018-12-18 11:00:00,57.98606552684592
2018-12-18 12:00:00,56.12915608524627
2018-12-18 13:00:00,57.54875209559738
2018-12-18 14:00:00,61.279937171232675
2018-12-18 15:00:00,64.90785642465264
2018-12-18 16:00:00,66.1841031787537
2018-12-18 17:00:00,64.29161312876099
2018-12-18 18:00:00,60.01822492001456
2018-12-18 19:00:00,54.993482756212074
2018-12-18 20:00:00,50.71371390197247
2018-12-18 21:00:00,47.96712325213119
2018-12-18 22:00:00,46.76745518072575
2018-12-18 23:00:00,46.562048981281215
2018-12-19 00:00:00,43.784156799316406
2018-12-19 01:00:00,44.86158752441406
2018-12-19 02:00:00,45.234317779541016
2018-12-19 03:00:00,46.91829299926758
2018-12-19 04:00:00,49.23012161254883
2018-12-19 05:00:00,52.86591339111328
2018-12-19 06:00:00,58.538902282714844
2018-12-19 07:00:00,66.03688049316406
2018-12-19 08:00:00,69.31283569335938
2018-12-19 09:00:00,73.65322875976562
2018-12-19 10:00:00,71.24114990234375
2018-12-19 11:00:00,69.92030334472656
2018-12-19 12:00:00,66.60963439941406
2018-12-19 13:00:00,66.37008666992188
2018-12-19 14:00:00,67.3576889038086
2018-12-19 15:00:00,68.90284729003906
2018-12-19 16:00:00,69.82744598388672
2018-12-19 17:00:00,69.8511734008789
2018-12-19 18:00:00,65.7823486328125
2018-12-19 19:00:00,59.376983642578125
2018-12-19 20:00:00,56.40026092529297
2018-12-19 21:00:00,54.115509033203125
2018-12-19 22:00:00,48.0792236328125
2018-12-19 23:00:00,49.19664001464844
2018-12-20 00:00:00,50.6649169921875
2018-12-20 01:00:00,51.03673553466797
2018-12-20 02:00:00,49.338809967041016
2018-12-20 03:00:00,50.24935531616211
2018-12-20 04:00:00,52.85693359375
2018-12-20 05:00:00,55.26395797729492
2018-12-20 06:00:00,61.052894592285156
2018-12-20 07:00:00,65.20789337158203
2018-12-20 08:00:00,70.58783721923828
2018-12-20 09:00:00,74.67536926269531
2018-12-20 10:00:00,71.7316665649414
2018-12-20 11:00:00,69.832763671875
2018-12-20 12:00:00,68.61756134033203
2018-12-20 13:00:00,65.86164855957031
2018-12-20 14:00:00,69.10002899169922
2018-12-20 15:00:00,68.3864517211914
2018-12-20 16:00:00,69.918212890625
2018-12-20 17:00:00,67.26263427734375
2018-12-20 18:00:00,65.0187759399414
2018-12-20 19:00:00,60.74675750732422
2018-12-20 20:00:00,56.58658218383789
2018-12-20 21:00:00,54.952293395996094
2018-12-20 22:00:00,51.32168960571289
2018-12-20 23:00:00,50.38828659057617
2018-12-21 00:00:00,50.80400466918945
2018-12-21 01:00:00,48.47444152832031
2018-12-21 02:00:00,50.65584182739258
2018-12-21 03:00:00,50.63752746582031
2018-12-21 04:00:00,51.22789764404297
2018-12-21 05:00:00,54.319576263427734
2018-12-21 06:00:00,58.99521255493164
2018-12-21 07:00:00,61.7673454284668
2018-12-21 08:00:00,65.67961883544922
2018-12-21 09:00:00,67.14820861816406
2018-12-21 10:00:00,67.66442108154297
2018-12-21 11:00:00,62.02568817138672
2018-12-21 12:00:00,62.3952522277832
2018-12-21 13:00:00,61.494834899902344
2018-12-21 14:00:00,63.341835021972656
2018-12-21 15:00:00,59.5051383972168
2018-12-21 16:00:00,60.1442985534668
2018-12-21 17:00:00,62.38062286376953
2018-12-21 18:00:00,59.86299133300781
2018-12-21 19:00:00,55.108299255371094
2018-12-21 20:00:00,54.483619689941406
2018-12-21 21:00:00,49.36050796508789
2018-12-21 22:00:00,48.30601501464844
2018-12-21 23:00:00,48.6092414855957
2018-12-22 00:00:00,47.438690185546875
2018-12-22 01:00:00,47.483150482177734
2018-12-22 02:00:00,45.923709869384766
2018-12-22 03:00:00,46.48463439941406
2018-12-22 04:00:00,44.93512725830078
2018-12-22 05:00:00,49.603782653808594
2018-12-22 06:00:00,52.098445892333984
2018-12-22 07:00:00,54.0169677734375
2018-12-22 08:00:00,58.44207763671875
2018-12-22 09:00:00,57.18437194824219
2018-12-22 10:00:00,56.809871673583984
2018-12-22 11:00:00,56.751644134521484
2018-12-22 12:00:00,52.27103042602539
2018-12-22 13:00:00,54.672752380371094
2018-12-22 14:00:00,54.365875244140625
2018-12-22 15:00:00,54.702125549316406
2018-12-22 16:00:00,53.800567626953125
2018-12-22 17:00:00,55.42911148071289
2018-12-22 18:00:00,53.688175201416016
2018-12-22 19:00:00,52.58565139770508
2018-12-22 20:00:00,47.852256774902344
2018-12-22 21:00:00,45.18421173095703
2018-12-22 22:00:00,45.05535125732422
2018-12-22 23:00:00,41.44800567626953
2018-12-23 00:00:00,47.6743278503418
2018-12-23 01:00:00,47.048580169677734
2018-12-23 02:00:00,46.195884704589844
2018-12-23 03:00:00,46.83182144165039
2018-12-23 04:00:00,48.597251892089844
2018-12-23 05:00:00,49.76506423950195
2018-12-23 06:00:00,50.931427001953125
2018-12-23 07:00:00,52.855995178222656
2018-12-23 08:00:00,53.885231018066406
2018-12-23 09:00:00,54.85639190673828
2018-12-23 10:00:00,54.73054504394531
2018-12-23 11:00:00,54.58678436279297
2018-12-23 12:00:00,54.80960464477539
2018-12-23 13:00:00,54.46194076538086
2018-12-23 14:00:00,54.812583923339844
2018-12-23 15:00:00,54.60450744628906
2018-12-23 16:00:00,55.49532699584961
2018-12-23 17:00:00,55.677703857421875
2018-12-23 18:00:00,55.073944091796875
2018-12-23 19:00:00,54.916202545166016
2018-12-23 20:00:00,52.89112854003906
2018-12-23 21:00:00,52.82882308959961
2018-12-23 22:00:00,50.246639251708984
2018-12-23 23:00:00,49.587589263916016
2018-12-24 00:00:00,48.06166076660156
2018-12-24 01:00:00,47.783145904541016
2018-12-24 02:00:00,47.408905029296875
2018-12-24 03:00:00,47.543399810791016
2018-12-24 04:00:00,49.002891540527344
2018-12-24 05:00:00,50.43672180175781
2018-12-24 06:00:00,51.04542541503906
2018-12-24 07:00:00,53.69408416748047
2018-12-24 08:00:00,55.144203186035156
2018-12-24 09:00:00,55.79254913330078
2018-12-24 10:00:00,55.42768096923828
2018-12-24 11:00:00,55.172027587890625
2018-12-24 12:00:00,55.89719772338867
2018-12-24 13:00:00,54.9832649230957
2018-12-24 14:00:00,55.365562438964844
2018-12-24 15:00:00,55.939788818359375
2018-12-24 16:00:00,55.50643539428711
2018-12-24 17:00:00,55.91649627685547
2018-12-24 18:00:00,55.29631042480469
2018-12-24 19:00:00,54.76386260986328
2018-12-24 20:00:00,53.39936828613281
2018-12-24 21:00:00,52.00302505493164
2018-12-24 22:00:00,51.47423553466797
2018-12-24 23:00:00,49.50205993652344
