time_stamp,predicted_ans
2024-11-12 00:00:00,3.579293966293335
2024-11-12 00:15:00,3.3223400115966797
2024-11-12 00:30:00,3.3986387252807617
2024-11-12 00:45:00,3.2176151275634766
2024-11-12 01:00:00,3.2396938800811768
2024-11-12 01:15:00,3.105828285217285
2024-11-12 01:30:00,3.0959208011627197
2024-11-12 01:45:00,2.9916813373565674
2024-11-12 02:00:00,2.9632651805877686
2024-11-12 02:15:00,2.8779549598693848
2024-11-12 02:30:00,2.839186191558838
2024-11-12 02:45:00,2.7662651538848877
2024-11-12 03:00:00,2.7220661640167236
2024-11-12 03:15:00,2.6575231552124023
2024-11-12 03:30:00,2.610851526260376
2024-11-12 03:45:00,2.552213668823242
2024-11-12 04:00:00,2.5048344135284424
2024-11-12 04:15:00,2.450566053390503
2024-11-12 04:30:00,2.403519868850708
2024-11-12 04:45:00,2.3526556491851807
2024-11-12 05:00:00,2.3065450191497803
2024-11-12 05:15:00,2.2584686279296875
2024-11-12 05:30:00,2.213630199432373
2024-11-12 05:45:00,2.1679375171661377
2024-11-12 06:00:00,2.1245474815368652
2024-11-12 06:15:00,2.080965518951416
2024-11-12 06:30:00,2.0391042232513428
2024-11-12 06:45:00,1.9974403381347656
2024-11-12 07:00:00,1.9571301937103271
2024-11-12 07:15:00,1.9172416925430298
2024-11-12 07:30:00,1.8784717321395874
2024-11-12 07:45:00,1.8402475118637085
2024-11-12 08:00:00,1.8029868602752686
2024-11-12 08:15:00,1.7663358449935913
2024-11-12 08:30:00,1.730542778968811
2024-11-12 08:45:00,1.6953868865966797
2024-11-12 09:00:00,1.6610138416290283
2024-11-12 09:15:00,1.6272841691970825
2024-11-12 09:30:00,1.5942811965942383
2024-11-12 09:45:00,1.5619150400161743
2024-11-12 10:00:00,1.5302313566207886
2024-11-12 10:15:00,1.4991705417633057
2024-11-12 10:30:00,1.4687556028366089
2024-11-12 10:45:00,1.4389457702636719
2024-11-12 11:00:00,1.4097503423690796
2024-11-12 11:15:00,1.381139874458313
2024-11-12 11:30:00,1.3531157970428467
2024-11-12 11:45:00,1.3256559371948242
2024-11-12 12:00:00,1.298756718635559
2024-11-12 12:15:00,1.2724006175994873
2024-11-12 12:30:00,1.2465815544128418
2024-11-12 12:45:00,1.2212847471237183
2024-11-12 13:00:00,1.1965025663375854
2024-11-12 13:15:00,1.1722222566604614
2024-11-12 13:30:00,1.1484354734420776
2024-11-12 13:45:00,1.1251307725906372
2024-11-12 14:00:00,1.102299451828003
2024-11-12 14:15:00,1.0799310207366943
2024-11-12 14:30:00,1.0580167770385742
2024-11-12 14:45:00,1.0365469455718994
2024-11-12 15:00:00,1.0155130624771118
2024-11-12 15:15:00,0.9949058294296265
2024-11-12 15:30:00,0.97471684217453
2024-11-12 15:45:00,0.9549374580383301
2024-11-12 16:00:00,0.9355595111846924
2024-11-12 16:15:00,0.9165747761726379
2024-11-12 16:30:00,0.8979753255844116
2024-11-12 16:45:00,0.8797532320022583
2024-11-12 17:00:00,0.8619009256362915
2024-11-12 17:15:00,0.8444108963012695
2024-11-12 17:30:00,0.827275812625885
2024-11-12 17:45:00,0.8104884028434753
2024-11-12 18:00:00,0.7940416932106018
2024-11-12 18:15:00,0.7779287099838257
2024-11-12 18:30:00,0.7621426582336426
2024-11-12 18:45:00,0.7466769814491272
2024-11-12 19:00:00,0.7315251231193542
2024-11-12 19:15:00,0.7166807651519775
2024-11-12 19:30:00,0.7021375894546509
2024-11-12 19:45:00,0.6878895163536072
2024-11-12 20:00:00,0.6739305853843689
2024-11-12 20:15:00,0.660254955291748
2024-11-12 20:30:00,0.6468567848205566
2024-11-12 20:45:00,0.6337305307388306
2024-11-12 21:00:00,0.6208706498146057
2024-11-12 21:15:00,0.6082717180252075
2024-11-12 21:30:00,0.595928430557251
2024-11-12 21:45:00,0.5838356018066406
2024-11-12 22:00:00,0.5719881653785706
2024-11-12 22:15:00,0.5603811740875244
2024-11-12 22:30:00,0.5490096807479858
2024-11-12 22:45:00,0.5378689765930176
2024-11-12 23:00:00,0.5269543528556824
2024-11-12 23:15:00,0.5162612199783325
2024-11-12 23:30:00,0.5057850480079651
2024-11-12 23:45:00,0.4955214560031891
2024-11-13 00:00:00,54.68010462333154
2024-11-13 00:15:00,55.31411247464946
2024-11-13 00:30:00,55.94812032596737
2024-11-13 00:45:00,56.58212817728528
2024-11-13 01:00:00,57.21613602860319
2024-11-13 01:15:00,57.850143879921106
2024-11-13 01:30:00,58.48415173123902
2024-11-13 01:45:00,59.11815958255693
2024-11-13 02:00:00,59.75216743387485
2024-11-13 02:15:00,60.38617528519276
2024-11-13 02:30:00,61.02018313651067
2024-11-13 02:45:00,61.65419098782858
2024-11-13 03:00:00,62.288198839146496
2024-11-13 03:15:00,62.922206690464414
2024-11-13 03:30:00,63.55621454178233
2024-11-13 03:45:00,64.19022239310024
2024-11-13 04:00:00,64.82423024441815
2024-11-13 04:15:00,65.45823809573606
2024-11-13 04:30:00,66.09224594705398
2024-11-13 04:45:00,66.72625379837189
2024-11-13 05:00:00,67.3602616496898
2024-11-13 05:15:00,67.99426950100772
2024-11-13 05:30:00,68.62827735232564
2024-11-13 05:45:00,69.26228520364354
2024-11-13 06:00:00,69.89629305496145
2024-11-13 06:15:00,70.53030090627936
2024-11-13 06:30:00,71.16430875759728
2024-11-13 06:45:00,71.7983166089152
2024-11-13 07:00:00,72.43232446023312
2024-11-13 07:15:00,73.06633231155102
2024-11-13 07:30:00,73.70034016286893
2024-11-13 07:45:00,74.33434801418684
2024-11-13 08:00:00,74.96835586550476
2024-11-13 08:15:00,75.60236371682268
2024-11-13 08:30:00,76.23637156814058
2024-11-13 08:45:00,76.8703794194585
2024-11-13 09:00:00,77.50438727077642
2024-11-13 09:15:00,78.13839512209432
2024-11-13 09:30:00,78.77240297341224
2024-11-13 09:45:00,79.40641082473016
2024-11-13 10:00:00,80.04041867604806
2024-11-13 10:15:00,80.67442652736598
2024-11-13 10:30:00,81.30843437868388
2024-11-13 10:45:00,81.94244223000182
2024-11-13 11:00:00,82.5764500813197
2024-11-13 11:15:00,83.21045793263762
2024-11-13 11:30:00,83.84446578395554
2024-11-13 11:45:00,84.47847363527346
2024-11-13 12:00:00,85.11248148659138
2024-11-13 12:15:00,85.7464893379093
2024-11-13 12:30:00,86.38049718922719
2024-11-13 12:45:00,87.01450504054512
2024-11-13 13:00:00,87.64851289186302
2024-11-13 13:15:00,88.28252074318094
2024-11-13 13:30:00,88.91652859449884
2024-11-13 13:45:00,89.55053644581676
2024-11-13 14:00:00,90.18454429713468
2024-11-13 14:15:00,90.81855214845258
2024-11-13 14:30:00,91.4525599997705
2024-11-13 14:45:00,92.0865678510884
2024-11-13 15:00:00,92.72057570240632
2024-11-13 15:15:00,93.35458355372425
2024-11-13 15:30:00,93.98859140504216
2024-11-13 15:45:00,94.62259925636008
2024-11-13 16:00:00,95.25660710767797
2024-11-13 16:15:00,95.8906149589959
2024-11-13 16:30:00,96.52462281031382
2024-11-13 16:45:00,97.15863066163172
2024-11-13 17:00:00,97.79263851294964
2024-11-13 17:15:00,98.42664636426754
2024-11-13 17:30:00,99.06065421558547
2024-11-13 17:45:00,99.69466206690336
2024-11-13 18:00:00,100.32866991822128
2024-11-13 18:15:00,100.96267776953918
2024-11-13 18:30:00,101.59668562085712
2024-11-13 18:45:00,102.23069347217503
2024-11-13 19:00:00,102.86470132349294
2024-11-13 19:15:00,103.49870917481086
2024-11-13 19:30:00,104.13271702612877
2024-11-13 19:45:00,104.76672487744668
2024-11-13 20:00:00,105.4007327287646
2024-11-13 20:15:00,106.0347405800825
2024-11-13 20:30:00,106.66874843140042
2024-11-13 20:45:00,107.30275628271832
2024-11-13 21:00:00,107.93676413403624
2024-11-13 21:15:00,108.57077198535416
2024-11-13 21:30:00,109.20477983667206
2024-11-13 21:45:00,109.83878768798998
2024-11-13 22:00:00,110.47279553930791
2024-11-13 22:15:00,111.10680339062581
2024-11-13 22:30:00,111.74081124194373
2024-11-13 22:45:00,112.37481909326162
2024-11-13 23:00:00,113.00882694457955
2024-11-13 23:15:00,113.64283479589746
2024-11-13 23:30:00,114.27684264721537
2024-11-13 23:45:00,114.91085049853329
2024-11-14 00:00:00,9.385676383972168
2024-11-14 00:15:00,9.81182861328125
2024-11-14 00:30:00,7.331390857696533
2024-11-14 00:45:00,9.879145622253418
2024-11-14 01:00:00,10.835952758789062
2024-11-14 01:15:00,10.151270866394043
2024-11-14 01:30:00,9.322574615478516
2024-11-14 01:45:00,8.770112991333008
2024-11-14 02:00:00,7.029572486877441
2024-11-14 02:15:00,7.984973907470703
2024-11-14 02:30:00,8.086052894592285
2024-11-14 02:45:00,9.275897026062012
2024-11-14 03:00:00,9.252654075622559
2024-11-14 03:15:00,8.483990669250488
2024-11-14 03:30:00,6.7649970054626465
2024-11-14 03:45:00,5.84487771987915
2024-11-14 04:00:00,7.644661903381348
2024-11-14 04:15:00,9.33747386932373
2024-11-14 04:30:00,10.713449478149414
2024-11-14 04:45:00,8.187521934509277
2024-11-14 05:00:00,7.6473212242126465
2024-11-14 05:15:00,3.9295473098754883
2024-11-14 05:30:00,4.866846561431885
2024-11-14 05:45:00,3.4367315769195557
2024-11-14 06:00:00,3.881878614425659
2024-11-14 06:15:00,3.191650629043579
2024-11-14 06:30:00,5.131908416748047
2024-11-14 06:45:00,9.24736213684082
2024-11-14 07:00:00,9.182622909545898
2024-11-14 07:15:00,9.607358932495117
2024-11-14 07:30:00,9.575923919677734
2024-11-14 07:45:00,5.552011013031006
2024-11-14 08:00:00,4.650582790374756
2024-11-14 08:15:00,5.963867664337158
2024-11-14 08:30:00,6.355654716491699
2024-11-14 08:45:00,5.032354831695557
2024-11-14 09:00:00,2.841078042984009
2024-11-14 09:15:00,3.7203598022460938
2024-11-14 09:30:00,2.0753917694091797
2024-11-14 09:45:00,1.8627903461456299
2024-11-14 10:00:00,1.9102259874343872
2024-11-14 10:15:00,2.6117537021636963
2024-11-14 10:30:00,4.3716583251953125
2024-11-14 10:45:00,5.2624030113220215
2024-11-14 11:00:00,5.427680015563965
2024-11-14 11:15:00,10.31253719329834
2024-11-14 11:30:00,13.778226852416992
2024-11-14 11:45:00,14.42111587524414
2024-11-14 12:00:00,11.72525691986084
2024-11-14 12:15:00,10.037107467651367
2024-11-14 12:30:00,11.556798934936523
2024-11-14 12:45:00,9.23572063446045
2024-11-14 13:00:00,12.678422927856445
2024-11-14 13:15:00,13.193975448608398
2024-11-14 13:30:00,8.750832557678223
2024-11-14 13:45:00,8.06715202331543
2024-11-14 14:00:00,4.072065353393555
2024-11-14 14:15:00,4.233206272125244
2024-11-14 14:30:00,4.743458271026611
2024-11-14 14:45:00,4.960629463195801
2024-11-14 15:00:00,5.825735092163086
2024-11-14 15:15:00,10.217462539672852
2024-11-14 15:30:00,7.743118762969971
2024-11-14 15:45:00,4.686678409576416
2024-11-14 16:00:00,3.869856595993042
2024-11-14 16:15:00,4.275230884552002
2024-11-14 16:30:00,4.343563079833984
2024-11-14 16:45:00,4.6889328956604
2024-11-14 17:00:00,3.231128215789795
2024-11-14 17:15:00,4.166562080383301
2024-11-14 17:30:00,3.363037109375
2024-11-14 17:45:00,2.762214183807373
2024-11-14 18:00:00,4.754403591156006
2024-11-14 18:15:00,0.5741962194442749
2024-11-14 18:30:00,0.20370081067085266
2024-11-14 18:45:00,0.37453794479370117
2024-11-14 19:00:00,0.11271003633737564
2024-11-14 19:15:00,1.746049404144287
2024-11-14 19:30:00,1.8660846948623657
2024-11-14 19:45:00,2.713228702545166
2024-11-14 20:00:00,4.510788917541504
2024-11-14 20:15:00,3.704464912414551
2024-11-14 20:30:00,5.520777225494385
2024-11-14 20:45:00,4.619947910308838
2024-11-14 21:00:00,6.155402183532715
2024-11-14 21:15:00,6.6481194496154785
2024-11-14 21:30:00,7.801723003387451
2024-11-14 21:45:00,5.5142927169799805
2024-11-14 22:00:00,4.416090488433838
2024-11-14 22:15:00,4.762115478515625
2024-11-14 22:30:00,5.0736985206604
2024-11-14 22:45:00,7.521728515625
2024-11-14 23:00:00,8.001049041748047
2024-11-14 23:15:00,8.726643562316895
2024-11-14 23:30:00,6.646722793579102
2024-11-14 23:45:00,4.213085651397705
2024-11-15 00:00:00,15.40462875366211
2024-11-15 00:15:00,14.084005355834961
2024-11-15 00:30:00,17.40108871459961
2024-11-15 00:45:00,13.24298095703125
2024-11-15 01:00:00,17.208683013916016
2024-11-15 01:15:00,15.495702743530273
2024-11-15 01:30:00,16.58847999572754
2024-11-15 01:45:00,15.7279634475708
2024-11-15 02:00:00,12.980572700500488
2024-11-15 02:15:00,12.083734512329102
2024-11-15 02:30:00,12.218277931213379
2024-11-15 02:45:00,11.358922004699707
2024-11-15 03:00:00,11.24925422668457
2024-11-15 03:15:00,10.708076477050781
2024-11-15 03:30:00,8.983890533447266
2024-11-15 03:45:00,9.080962181091309
2024-11-15 04:00:00,10.245601654052734
2024-11-15 04:15:00,11.242572784423828
2024-11-15 04:30:00,9.748269081115723
2024-11-15 04:45:00,10.068675994873047
2024-11-15 05:00:00,9.41006088256836
2024-11-15 05:15:00,8.81869888305664
2024-11-15 05:30:00,8.520648002624512
2024-11-15 05:45:00,8.849853515625
2024-11-15 06:00:00,7.674713134765625
2024-11-15 06:15:00,9.17243766784668
2024-11-15 06:30:00,8.527594566345215
2024-11-15 06:45:00,8.256976127624512
2024-11-15 07:00:00,6.905139923095703
2024-11-15 07:15:00,7.0640549659729
2024-11-15 07:30:00,6.904952049255371
2024-11-15 07:45:00,8.745365142822266
2024-11-15 08:00:00,6.997859001159668
2024-11-15 08:15:00,8.097576141357422
2024-11-15 08:30:00,7.507299423217773
2024-11-15 08:45:00,7.63018798828125
2024-11-15 09:00:00,6.9011640548706055
2024-11-15 09:15:00,8.348714828491211
2024-11-15 09:30:00,7.937785625457764
2024-11-15 09:45:00,5.100972652435303
2024-11-15 10:00:00,6.003645896911621
2024-11-15 10:15:00,6.6091485023498535
2024-11-15 10:30:00,5.794042587280273
2024-11-15 10:45:00,6.084432125091553
2024-11-15 11:00:00,5.644200801849365
2024-11-15 11:15:00,3.9247384071350098
2024-11-15 11:30:00,7.382028579711914
2024-11-15 11:45:00,5.275230884552002
2024-11-15 12:00:00,6.825549125671387
2024-11-15 12:15:00,7.570048809051514
2024-11-15 12:30:00,7.800260066986084
2024-11-15 12:45:00,8.107185363769531
2024-11-15 13:00:00,6.472943305969238
2024-11-15 13:15:00,8.172600746154785
2024-11-15 13:30:00,6.224488735198975
2024-11-15 13:45:00,7.540191650390625
2024-11-15 14:00:00,6.404751300811768
2024-11-15 14:15:00,6.270654201507568
2024-11-15 14:30:00,6.330237865447998
2024-11-15 14:45:00,7.2641096115112305
2024-11-15 15:00:00,6.831667900085449
2024-11-15 15:15:00,7.297809600830078
2024-11-15 15:30:00,6.306327819824219
2024-11-15 15:45:00,7.714908599853516
2024-11-15 16:00:00,6.985034942626953
2024-11-15 16:15:00,8.52821159362793
2024-11-15 16:30:00,8.403096199035645
2024-11-15 16:45:00,7.8553853034973145
2024-11-15 17:00:00,8.116196632385254
2024-11-15 17:15:00,7.091943264007568
2024-11-15 17:30:00,6.933639049530029
2024-11-15 17:45:00,7.020918846130371
2024-11-15 18:00:00,7.513422012329102
2024-11-15 18:15:00,7.81459379196167
2024-11-15 18:30:00,7.320493698120117
2024-11-15 18:45:00,9.002609252929688
2024-11-15 19:00:00,7.324090957641602
2024-11-15 19:15:00,7.550610542297363
2024-11-15 19:30:00,7.32111120223999
2024-11-15 19:45:00,8.309699058532715
2024-11-15 20:00:00,8.072678565979004
2024-11-15 20:15:00,8.347820281982422
2024-11-15 20:30:00,8.40402889251709
2024-11-15 20:45:00,7.805542469024658
2024-11-15 21:00:00,8.16463851928711
2024-11-15 21:15:00,9.655208587646484
2024-11-15 21:30:00,8.619649887084961
2024-11-15 21:45:00,9.09979248046875
2024-11-15 22:00:00,8.710247993469238
2024-11-15 22:15:00,8.68118667602539
2024-11-15 22:30:00,9.18092155456543
2024-11-15 22:45:00,7.989040374755859
2024-11-15 23:00:00,8.451013565063477
2024-11-15 23:15:00,8.928923606872559
2024-11-15 23:30:00,7.435916423797607
2024-11-15 23:45:00,8.652566909790039
2024-11-16 00:00:00,33.63509750366211
2024-11-16 00:15:00,33.17945861816406
2024-11-16 00:30:00,31.510753631591797
2024-11-16 00:45:00,30.840045928955078
2024-11-16 01:00:00,29.471811294555664
2024-11-16 01:15:00,28.7021427154541
2024-11-16 01:30:00,27.536331176757812
2024-11-16 01:45:00,26.733959197998047
2024-11-16 02:00:00,25.711307525634766
2024-11-16 02:15:00,24.913381576538086
2024-11-16 02:30:00,23.997493743896484
2024-11-16 02:45:00,23.224210739135742
2024-11-16 03:00:00,22.392208099365234
2024-11-16 03:15:00,21.6539249420166
2024-11-16 03:30:00,20.890960693359375
2024-11-16 03:45:00,20.19236946105957
2024-11-16 04:00:00,19.488399505615234
2024-11-16 04:15:00,18.830961227416992
2024-11-16 04:30:00,18.178852081298828
2024-11-16 04:45:00,17.56222152709961
2024-11-16 05:00:00,16.956628799438477
2024-11-16 05:15:00,16.379480361938477
2024-11-16 05:30:00,15.816184043884277
2024-11-16 05:45:00,15.276694297790527
2024-11-16 06:00:00,14.752209663391113
2024-11-16 06:15:00,14.248332977294922
2024-11-16 06:30:00,13.759675025939941
2024-11-16 06:45:00,13.289300918579102
2024-11-16 07:00:00,12.83383846282959
2024-11-16 07:15:00,12.394880294799805
2024-11-16 07:30:00,11.970251083374023
2024-11-16 07:45:00,11.560693740844727
2024-11-16 08:00:00,11.16474723815918
2024-11-16 08:15:00,10.782669067382812
2024-11-16 08:30:00,10.413431167602539
2024-11-16 08:45:00,10.05701732635498
2024-11-16 09:00:00,9.712664604187012
2024-11-16 09:15:00,9.380208015441895
2024-11-16 09:30:00,9.059050559997559
2024-11-16 09:45:00,8.748950958251953
2024-11-16 10:00:00,8.449418067932129
2024-11-16 10:15:00,8.160177230834961
2024-11-16 10:30:00,7.880809307098389
2024-11-16 10:45:00,7.611027240753174
2024-11-16 11:00:00,7.350464344024658
2024-11-16 11:15:00,7.098834037780762
2024-11-16 11:30:00,6.855808258056641
2024-11-16 11:45:00,6.621109962463379
2024-11-16 12:00:00,6.394440650939941
2024-11-16 12:15:00,6.175535202026367
2024-11-16 12:30:00,5.964120388031006
2024-11-16 12:45:00,5.759945869445801
2024-11-16 13:00:00,5.562758922576904
2024-11-16 13:15:00,5.372323989868164
2024-11-16 13:30:00,5.1884074211120605
2024-11-16 13:45:00,5.0107879638671875
2024-11-16 14:00:00,4.839248180389404
2024-11-16 14:15:00,4.673581600189209
2024-11-16 14:30:00,4.513586044311523
2024-11-16 14:45:00,4.359067916870117
2024-11-16 15:00:00,4.209839344024658
2024-11-16 15:15:00,4.0657196044921875
2024-11-16 15:30:00,3.9265336990356445
2024-11-16 15:45:00,3.7921128273010254
2024-11-16 16:00:00,3.6622936725616455
2024-11-16 16:15:00,3.536918878555298
2024-11-16 16:30:00,3.4158360958099365
2024-11-16 16:45:00,3.298898458480835
2024-11-16 17:00:00,3.1859638690948486
2024-11-16 17:15:00,3.0768957138061523
2024-11-16 17:30:00,2.9715611934661865
2024-11-16 17:45:00,2.869832754135132
2024-11-16 18:00:00,2.7715868949890137
2024-11-16 18:15:00,2.6767044067382812
2024-11-16 18:30:00,2.5850701332092285
2024-11-16 18:45:00,2.496572971343994
2024-11-16 19:00:00,2.4111053943634033
2024-11-16 19:15:00,2.328563690185547
2024-11-16 19:30:00,2.248847723007202
2024-11-16 19:45:00,2.171860694885254
2024-11-16 20:00:00,2.0975091457366943
2024-11-16 20:15:00,2.025702953338623
2024-11-16 20:30:00,1.956355094909668
2024-11-16 20:45:00,1.8893812894821167
2024-11-16 21:00:00,1.8247002363204956
2024-11-16 21:15:00,1.7622334957122803
2024-11-16 21:30:00,1.7019052505493164
2024-11-16 21:45:00,1.6436421871185303
2024-11-16 22:00:00,1.5873737335205078
2024-11-16 22:15:00,1.5330315828323364
2024-11-16 22:30:00,1.4805498123168945
2024-11-16 22:45:00,1.4298646450042725
2024-11-16 23:00:00,1.3809146881103516
2024-11-16 23:15:00,1.333640456199646
2024-11-16 23:30:00,1.2879846096038818
2024-11-16 23:45:00,1.243891716003418
2024-11-17 00:00:00,0.0
2024-11-17 00:15:00,0.0
2024-11-17 00:30:00,0.0
2024-11-17 00:45:00,0.0
2024-11-17 01:00:00,0.0
2024-11-17 01:15:00,0.0
2024-11-17 01:30:00,0.0
2024-11-17 01:45:00,0.0
2024-11-17 02:00:00,0.0
2024-11-17 02:15:00,0.0
2024-11-17 02:30:00,0.0
2024-11-17 02:45:00,0.0
2024-11-17 03:00:00,0.0
2024-11-17 03:15:00,0.0
2024-11-17 03:30:00,0.0
2024-11-17 03:45:00,0.0
2024-11-17 04:00:00,0.0
2024-11-17 04:15:00,0.0
2024-11-17 04:30:00,0.0
2024-11-17 04:45:00,0.0
2024-11-17 05:00:00,0.0
2024-11-17 05:15:00,0.0
2024-11-17 05:30:00,0.0
2024-11-17 05:45:00,0.0
2024-11-17 06:00:00,0.0
2024-11-17 06:15:00,0.0
2024-11-17 06:30:00,0.0
2024-11-17 06:45:00,0.0
2024-11-17 07:00:00,0.0
2024-11-17 07:15:00,0.0
2024-11-17 07:30:00,0.0
2024-11-17 07:45:00,0.0
2024-11-17 08:00:00,0.0
2024-11-17 08:15:00,0.0
2024-11-17 08:30:00,0.0
2024-11-17 08:45:00,0.0
2024-11-17 09:00:00,0.0
2024-11-17 09:15:00,0.0
2024-11-17 09:30:00,0.0
2024-11-17 09:45:00,0.0
2024-11-17 10:00:00,0.0
2024-11-17 10:15:00,0.0
2024-11-17 10:30:00,0.0
2024-11-17 10:45:00,0.0
2024-11-17 11:00:00,0.0
2024-11-17 11:15:00,0.0
2024-11-17 11:30:00,0.0
2024-11-17 11:45:00,0.0
2024-11-17 12:00:00,0.0
2024-11-17 12:15:00,0.0
2024-11-17 12:30:00,0.0
2024-11-17 12:45:00,0.0
2024-11-17 13:00:00,0.0
2024-11-17 13:15:00,0.0
2024-11-17 13:30:00,0.0
2024-11-17 13:45:00,0.0
2024-11-17 14:00:00,0.0
2024-11-17 14:15:00,0.0
2024-11-17 14:30:00,0.0
2024-11-17 14:45:00,0.0
2024-11-17 15:00:00,0.0
2024-11-17 15:15:00,0.0
2024-11-17 15:30:00,0.0
2024-11-17 15:45:00,0.0
2024-11-17 16:00:00,0.0
2024-11-17 16:15:00,0.0
2024-11-17 16:30:00,0.0
2024-11-17 16:45:00,0.0
2024-11-17 17:00:00,0.0
2024-11-17 17:15:00,0.0
2024-11-17 17:30:00,0.0
2024-11-17 17:45:00,0.0
2024-11-17 18:00:00,0.0
2024-11-17 18:15:00,0.0
2024-11-17 18:30:00,0.0
2024-11-17 18:45:00,0.0
2024-11-17 19:00:00,0.0
2024-11-17 19:15:00,0.0
2024-11-17 19:30:00,0.0
2024-11-17 19:45:00,0.0
2024-11-17 20:00:00,0.0
2024-11-17 20:15:00,0.0
2024-11-17 20:30:00,0.0
2024-11-17 20:45:00,0.0
2024-11-17 21:00:00,0.0
2024-11-17 21:15:00,0.0
2024-11-17 21:30:00,0.0
2024-11-17 21:45:00,0.0
2024-11-17 22:00:00,0.0
2024-11-17 22:15:00,0.0
2024-11-17 22:30:00,0.0
2024-11-17 22:45:00,0.0
2024-11-17 23:00:00,0.0
2024-11-17 23:15:00,0.0
2024-11-17 23:30:00,0.0
2024-11-17 23:45:00,0.0
2024-11-18 00:00:00,0.0
2024-11-18 00:15:00,0.0
2024-11-18 00:30:00,0.0
2024-11-18 00:45:00,0.0
2024-11-18 01:00:00,0.0
2024-11-18 01:15:00,0.0
2024-11-18 01:30:00,0.0
2024-11-18 01:45:00,0.0
2024-11-18 02:00:00,0.0
2024-11-18 02:15:00,0.0
2024-11-18 02:30:00,0.0
2024-11-18 02:45:00,0.0
2024-11-18 03:00:00,0.0
2024-11-18 03:15:00,0.0
2024-11-18 03:30:00,0.0
2024-11-18 03:45:00,0.0
2024-11-18 04:00:00,0.0
2024-11-18 04:15:00,0.0
2024-11-18 04:30:00,0.0
2024-11-18 04:45:00,0.0
2024-11-18 05:00:00,0.0
2024-11-18 05:15:00,0.0
2024-11-18 05:30:00,0.0
2024-11-18 05:45:00,0.0
2024-11-18 06:00:00,0.0
2024-11-18 06:15:00,0.0
2024-11-18 06:30:00,0.0
2024-11-18 06:45:00,0.0
2024-11-18 07:00:00,0.0
2024-11-18 07:15:00,0.0
2024-11-18 07:30:00,0.0
2024-11-18 07:45:00,0.0
2024-11-18 08:00:00,0.0
2024-11-18 08:15:00,0.0
2024-11-18 08:30:00,0.0
2024-11-18 08:45:00,0.0
2024-11-18 09:00:00,0.0
2024-11-18 09:15:00,0.0
2024-11-18 09:30:00,0.0
2024-11-18 09:45:00,0.0
2024-11-18 10:00:00,0.0
2024-11-18 10:15:00,0.0
2024-11-18 10:30:00,0.0
2024-11-18 10:45:00,0.0
2024-11-18 11:00:00,0.0
2024-11-18 11:15:00,0.0
2024-11-18 11:30:00,0.0
2024-11-18 11:45:00,0.0
2024-11-18 12:00:00,0.0
2024-11-18 12:15:00,0.0
2024-11-18 12:30:00,0.0
2024-11-18 12:45:00,0.0
2024-11-18 13:00:00,0.0
2024-11-18 13:15:00,0.0
2024-11-18 13:30:00,0.0
2024-11-18 13:45:00,0.0
2024-11-18 14:00:00,0.0
2024-11-18 14:15:00,0.0
2024-11-18 14:30:00,0.0
2024-11-18 14:45:00,0.0
2024-11-18 15:00:00,0.0
2024-11-18 15:15:00,0.0
2024-11-18 15:30:00,0.0
2024-11-18 15:45:00,0.0
2024-11-18 16:00:00,0.0
2024-11-18 16:15:00,0.0
2024-11-18 16:30:00,0.0
2024-11-18 16:45:00,0.0
2024-11-18 17:00:00,0.0
2024-11-18 17:15:00,0.0
2024-11-18 17:30:00,0.0
2024-11-18 17:45:00,0.0
2024-11-18 18:00:00,0.0
2024-11-18 18:15:00,0.0
2024-11-18 18:30:00,0.0
2024-11-18 18:45:00,0.0
2024-11-18 19:00:00,0.0
2024-11-18 19:15:00,0.0
2024-11-18 19:30:00,0.0
2024-11-18 19:45:00,0.0
2024-11-18 20:00:00,0.0
2024-11-18 20:15:00,0.0
2024-11-18 20:30:00,0.0
2024-11-18 20:45:00,0.0
2024-11-18 21:00:00,0.0
2024-11-18 21:15:00,0.0
2024-11-18 21:30:00,0.0
2024-11-18 21:45:00,0.0
2024-11-18 22:00:00,0.0
2024-11-18 22:15:00,0.0
2024-11-18 22:30:00,0.0
2024-11-18 22:45:00,0.0
2024-11-18 23:00:00,0.0
2024-11-18 23:15:00,0.0
2024-11-18 23:30:00,0.0
2024-11-18 23:45:00,0.0
2024-11-19 00:00:00,99.91181637770318
2024-11-19 00:15:00,101.10583148958925
2024-11-19 00:30:00,102.2998466014753
2024-11-19 00:45:00,103.49386171336134
2024-11-19 01:00:00,104.68787682524741
2024-11-19 01:15:00,105.88189193713346
2024-11-19 01:30:00,107.07590704901953
2024-11-19 01:45:00,108.26992216090561
2024-11-19 02:00:00,109.46393727279168
2024-11-19 02:15:00,110.65795238467773
2024-11-19 02:30:00,111.85196749656377
2024-11-19 02:45:00,113.04598260844982
2024-11-19 03:00:00,114.2399977203359
2024-11-19 03:15:00,115.43401283222197
2024-11-19 03:30:00,116.62802794410804
2024-11-19 03:45:00,117.82204305599409
2024-11-19 04:00:00,119.01605816788013
2024-11-19 04:15:00,120.2100732797662
2024-11-19 04:30:00,121.40408839165225
2024-11-19 04:45:00,122.59810350353833
2024-11-19 05:00:00,123.7921186154244
2024-11-19 05:15:00,124.98613372731045
2024-11-19 05:30:00,126.18014883919652
2024-11-19 05:45:00,127.37416395108256
2024-11-19 06:00:00,128.56817906296862
2024-11-19 06:15:00,129.76219417485467
2024-11-19 06:30:00,130.95620928674074
2024-11-19 06:45:00,132.15022439862682
2024-11-19 07:00:00,133.34423951051286
2024-11-19 07:15:00,134.53825462239894
2024-11-19 07:30:00,135.73226973428498
2024-11-19 07:45:00,136.92628484617106
2024-11-19 08:00:00,138.1202999580571
2024-11-19 08:15:00,139.31431506994318
2024-11-19 08:30:00,140.50833018182925
2024-11-19 08:45:00,141.7023452937153
2024-11-19 09:00:00,142.89636040560137
2024-11-19 09:15:00,144.09037551748742
2024-11-19 09:30:00,145.2843906293735
2024-11-19 09:45:00,146.47840574125954
2024-11-19 10:00:00,147.6724208531456
2024-11-19 10:15:00,148.86643596503168
2024-11-19 10:30:00,150.06045107691773
2024-11-19 10:45:00,151.2544661888038
2024-11-19 11:00:00,152.44848130068985
2024-11-19 11:15:00,153.6424964125759
2024-11-19 11:30:00,154.83651152446197
2024-11-19 11:45:00,156.03052663634804
2024-11-19 12:00:00,157.22454174823412
2024-11-19 12:15:00,158.41855686012016
2024-11-19 12:30:00,159.6125719720062
2024-11-19 12:45:00,160.80658708389228
2024-11-19 13:00:00,162.00060219577833
2024-11-19 13:15:00,163.1946173076644
2024-11-19 13:30:00,164.38863241955048
2024-11-19 13:45:00,165.58264753143652
2024-11-19 14:00:00,166.7766626433226
2024-11-19 14:15:00,167.97067775520864
2024-11-19 14:30:00,169.16469286709471
2024-11-19 14:45:00,170.35870797898076
2024-11-19 15:00:00,171.55272309086683
2024-11-19 15:15:00,172.7467382027529
2024-11-19 15:30:00,173.94075331463895
2024-11-19 15:45:00,175.13476842652503
2024-11-19 16:00:00,176.32878353841107
2024-11-19 16:15:00,177.52279865029715
2024-11-19 16:30:00,178.7168137621832
2024-11-19 16:45:00,179.91082887406927
2024-11-19 17:00:00,181.10484398595534
2024-11-19 17:15:00,182.2988590978414
2024-11-19 17:30:00,183.49287420972746
2024-11-19 17:45:00,184.6868893216135
2024-11-19 18:00:00,185.88090443349958
2024-11-19 18:15:00,187.07491954538563
2024-11-19 18:30:00,188.2689346572717
2024-11-19 18:45:00,189.46294976915777
2024-11-19 19:00:00,190.65696488104382
2024-11-19 19:15:00,191.8509799929299
2024-11-19 19:30:00,193.04499510481594
2024-11-19 19:45:00,194.23901021670198
2024-11-19 20:00:00,195.43302532858806
2024-11-19 20:15:00,196.62704044047413
2024-11-19 20:30:00,197.8210555523602
2024-11-19 20:45:00,199.01507066424625
2024-11-19 21:00:00,200.2090857761323
2024-11-19 21:15:00,201.40310088801837
2024-11-19 21:30:00,202.59711599990442
2024-11-19 21:45:00,203.7911311117905
2024-11-19 22:00:00,204.98514622367657
2024-11-19 22:15:00,206.1791613355626
2024-11-19 22:30:00,207.37317644744866
2024-11-19 22:45:00,208.5671915593347
2024-11-19 23:00:00,209.76120667122078
2024-11-19 23:15:00,210.95522178310682
2024-11-19 23:30:00,212.1492368949929
2024-11-19 23:45:00,213.34325200687897
2024-11-20 00:00:00,23.10694122314453
2024-11-20 00:15:00,24.100906372070312
2024-11-20 00:30:00,25.650402069091797
2024-11-20 00:45:00,26.21161460876465
2024-11-20 01:00:00,27.059579849243164
2024-11-20 01:15:00,27.80532455444336
2024-11-20 01:30:00,28.20473861694336
2024-11-20 01:45:00,28.21988296508789
2024-11-20 02:00:00,28.358598709106445
2024-11-20 02:15:00,27.864286422729492
2024-11-20 02:30:00,27.639719009399414
2024-11-20 02:45:00,27.640451431274414
2024-11-20 03:00:00,27.25445556640625
2024-11-20 03:15:00,27.099496841430664
2024-11-20 03:30:00,26.838022232055664
2024-11-20 03:45:00,26.39255142211914
2024-11-20 04:00:00,25.735151290893555
2024-11-20 04:15:00,25.52726936340332
2024-11-20 04:30:00,25.827268600463867
2024-11-20 04:45:00,26.23172378540039
2024-11-20 05:00:00,26.43857765197754
2024-11-20 05:15:00,26.46111297607422
2024-11-20 05:30:00,26.510087966918945
2024-11-20 05:45:00,26.3198299407959
2024-11-20 06:00:00,25.93777847290039
2024-11-20 06:15:00,26.329782485961914
2024-11-20 06:30:00,26.49098777770996
2024-11-20 06:45:00,27.13948631286621
2024-11-20 07:00:00,27.312808990478516
2024-11-20 07:15:00,27.230127334594727
2024-11-20 07:30:00,27.059030532836914
2024-11-20 07:45:00,27.11248016357422
2024-11-20 08:00:00,26.756805419921875
2024-11-20 08:15:00,26.627079010009766
2024-11-20 08:30:00,26.314010620117188
2024-11-20 08:45:00,26.101259231567383
2024-11-20 09:00:00,26.00678253173828
2024-11-20 09:15:00,26.1403751373291
2024-11-20 09:30:00,26.150293350219727
2024-11-20 09:45:00,26.12298583984375
2024-11-20 10:00:00,25.90060806274414
2024-11-20 10:15:00,25.66781997680664
2024-11-20 10:30:00,25.523609161376953
2024-11-20 10:45:00,25.340579986572266
2024-11-20 11:00:00,25.086332321166992
2024-11-20 11:15:00,24.735157012939453
2024-11-20 11:30:00,24.250080108642578
2024-11-20 11:45:00,24.06505012512207
2024-11-20 12:00:00,23.937192916870117
2024-11-20 12:15:00,24.238637924194336
2024-11-20 12:30:00,24.60982322692871
2024-11-20 12:45:00,24.571998596191406
2024-11-20 13:00:00,24.134349822998047
2024-11-20 13:15:00,23.852540969848633
2024-11-20 13:30:00,23.83946418762207
2024-11-20 13:45:00,23.580623626708984
2024-11-20 14:00:00,23.378721237182617
2024-11-20 14:15:00,22.944625854492188
2024-11-20 14:30:00,22.58026123046875
2024-11-20 14:45:00,21.873476028442383
2024-11-20 15:00:00,21.089685440063477
2024-11-20 15:15:00,20.216049194335938
2024-11-20 15:30:00,19.525747299194336
2024-11-20 15:45:00,18.610870361328125
2024-11-20 16:00:00,18.182239532470703
2024-11-20 16:15:00,17.992351531982422
2024-11-20 16:30:00,18.11324119567871
2024-11-20 16:45:00,18.37192726135254
2024-11-20 17:00:00,18.644838333129883
2024-11-20 17:15:00,18.79487419128418
2024-11-20 17:30:00,19.04083824157715
2024-11-20 17:45:00,19.597576141357422
2024-11-20 18:00:00,20.042707443237305
2024-11-20 18:15:00,20.255599975585938
2024-11-20 18:30:00,20.15626335144043
2024-11-20 18:45:00,19.81230926513672
2024-11-20 19:00:00,19.27915382385254
2024-11-20 19:15:00,18.886558532714844
2024-11-20 19:30:00,18.687198638916016
2024-11-20 19:45:00,18.423057556152344
2024-11-20 20:00:00,18.098800659179688
2024-11-20 20:15:00,17.73198127746582
2024-11-20 20:30:00,17.482608795166016
2024-11-20 20:45:00,17.118701934814453
2024-11-20 21:00:00,16.690996170043945
2024-11-20 21:15:00,16.441722869873047
2024-11-20 21:30:00,16.444429397583008
2024-11-20 21:45:00,16.242769241333008
2024-11-20 22:00:00,15.94831657409668
2024-11-20 22:15:00,15.574728012084961
2024-11-20 22:30:00,15.187071800231934
2024-11-20 22:45:00,15.029802322387695
2024-11-20 23:00:00,14.76241683959961
2024-11-20 23:15:00,14.532693862915039
2024-11-20 23:30:00,14.55012035369873
2024-11-20 23:45:00,14.661428451538086
2024-11-21 00:00:00,87.21920043846686
2024-11-21 00:15:00,88.17368502419686
2024-11-21 00:30:00,89.12816960992686
2024-11-21 00:45:00,90.08265419565684
2024-11-21 01:00:00,91.03713878138684
2024-11-21 01:15:00,91.99162336711684
2024-11-21 01:30:00,92.94610795284684
2024-11-21 01:45:00,93.90059253857686
2024-11-21 02:00:00,94.85507712430686
2024-11-21 02:15:00,95.80956171003686
2024-11-21 02:30:00,96.76404629576685
2024-11-21 02:45:00,97.71853088149685
2024-11-21 03:00:00,98.67301546722685
2024-11-21 03:15:00,99.62750005295685
2024-11-21 03:30:00,100.58198463868685
2024-11-21 03:45:00,101.53646922441685
2024-11-21 04:00:00,102.49095381014683
2024-11-21 04:15:00,103.44543839587683
2024-11-21 04:30:00,104.39992298160684
2024-11-21 04:45:00,105.35440756733685
2024-11-21 05:00:00,106.30889215306685
2024-11-21 05:15:00,107.26337673879685
2024-11-21 05:30:00,108.21786132452685
2024-11-21 05:45:00,109.17234591025684
2024-11-21 06:00:00,110.12683049598684
2024-11-21 06:15:00,111.08131508171684
2024-11-21 06:30:00,112.03579966744684
2024-11-21 06:45:00,112.99028425317684
2024-11-21 07:00:00,113.94476883890684
2024-11-21 07:15:00,114.89925342463685
2024-11-21 07:30:00,115.85373801036683
2024-11-21 07:45:00,116.80822259609683
2024-11-21 08:00:00,117.76270718182684
2024-11-21 08:15:00,118.71719176755686
2024-11-21 08:30:00,119.67167635328684
2024-11-21 08:45:00,120.62616093901684
2024-11-21 09:00:00,121.58064552474683
2024-11-21 09:15:00,122.53513011047681
2024-11-21 09:30:00,123.48961469620681
2024-11-21 09:45:00,124.44409928193683
2024-11-21 10:00:00,125.39858386766682
2024-11-21 10:15:00,126.35306845339683
2024-11-21 10:30:00,127.30755303912682
2024-11-21 10:45:00,128.26203762485684
2024-11-21 11:00:00,129.21652221058682
2024-11-21 11:15:00,130.17100679631682
2024-11-21 11:30:00,131.12549138204682
2024-11-21 11:45:00,132.07997596777682
2024-11-21 12:00:00,133.03446055350682
2024-11-21 12:15:00,133.98894513923682
2024-11-21 12:30:00,134.94342972496682
2024-11-21 12:45:00,135.89791431069682
2024-11-21 13:00:00,136.85239889642682
2024-11-21 13:15:00,137.80688348215682
2024-11-21 13:30:00,138.76136806788682
2024-11-21 13:45:00,139.71585265361682
2024-11-21 14:00:00,140.67033723934682
2024-11-21 14:15:00,141.62482182507682
2024-11-21 14:30:00,142.5793064108068
2024-11-21 14:45:00,143.53379099653682
2024-11-21 15:00:00,144.4882755822668
2024-11-21 15:15:00,145.44276016799682
2024-11-21 15:30:00,146.39724475372682
2024-11-21 15:45:00,147.35172933945682
2024-11-21 16:00:00,148.3062139251868
2024-11-21 16:15:00,149.26069851091682
2024-11-21 16:30:00,150.2151830966468
2024-11-21 16:45:00,151.16966768237683
2024-11-21 17:00:00,152.12415226810683
2024-11-21 17:15:00,153.0786368538368
2024-11-21 17:30:00,154.03312143956683
2024-11-21 17:45:00,154.9876060252968
2024-11-21 18:00:00,155.9420906110268
2024-11-21 18:15:00,156.8965751967568
2024-11-21 18:30:00,157.85105978248683
2024-11-21 18:45:00,158.8055443682168
2024-11-21 19:00:00,159.76002895394683
2024-11-21 19:15:00,160.71451353967683
2024-11-21 19:30:00,161.6689981254068
2024-11-21 19:45:00,162.6234827111368
2024-11-21 20:00:00,163.57796729686683
2024-11-21 20:15:00,164.5324518825968
2024-11-21 20:30:00,165.4869364683268
2024-11-21 20:45:00,166.44142105405683
2024-11-21 21:00:00,167.39590563978678
2024-11-21 21:15:00,168.3503902255168
2024-11-21 21:30:00,169.3048748112468
2024-11-21 21:45:00,170.2593593969768
2024-11-21 22:00:00,171.2138439827068
2024-11-21 22:15:00,172.16832856843683
2024-11-21 22:30:00,173.1228131541668
2024-11-21 22:45:00,174.0772977398968
2024-11-21 23:00:00,175.0317823256268
2024-11-21 23:15:00,175.9862669113568
2024-11-21 23:30:00,176.9407514970868
2024-11-21 23:45:00,177.8952360828168
2024-11-22 00:00:00,3.3590385913848877
2024-11-22 00:15:00,4.4426655769348145
2024-11-22 00:30:00,5.863143444061279
2024-11-22 00:45:00,6.642881393432617
2024-11-22 01:00:00,7.702638626098633
2024-11-22 01:15:00,8.713395118713379
2024-11-22 01:30:00,9.583158493041992
2024-11-22 01:45:00,10.13763427734375
2024-11-22 02:00:00,10.684473037719727
2024-11-22 02:15:00,10.789168357849121
2024-11-22 02:30:00,11.137282371520996
2024-11-22 02:45:00,11.606368064880371
2024-11-22 03:00:00,11.72122573852539
2024-11-22 03:15:00,11.861677169799805
2024-11-22 03:30:00,11.948958396911621
2024-11-22 03:45:00,11.824942588806152
2024-11-22 04:00:00,11.447699546813965
2024-11-22 04:15:00,11.32009506225586
2024-11-22 04:30:00,11.474125862121582
2024-11-22 04:45:00,11.524524688720703
2024-11-22 05:00:00,11.554753303527832
2024-11-22 05:15:00,11.462453842163086
2024-11-22 05:30:00,11.513222694396973
2024-11-22 05:45:00,11.422242164611816
2024-11-22 06:00:00,11.29623794555664
2024-11-22 06:15:00,11.51407241821289
2024-11-22 06:30:00,11.44270133972168
2024-11-22 06:45:00,11.464995384216309
2024-11-22 07:00:00,11.102097511291504
2024-11-22 07:15:00,10.69314193725586
2024-11-22 07:30:00,10.372803688049316
2024-11-22 07:45:00,10.238624572753906
2024-11-22 08:00:00,9.86861515045166
2024-11-22 08:15:00,9.721786499023438
2024-11-22 08:30:00,9.322306632995605
2024-11-22 08:45:00,8.974181175231934
2024-11-22 09:00:00,8.770865440368652
2024-11-22 09:15:00,8.668347358703613
2024-11-22 09:30:00,8.544439315795898
2024-11-22 09:45:00,8.31628131866455
2024-11-22 10:00:00,7.84010648727417
2024-11-22 10:15:00,7.330645561218262
2024-11-22 10:30:00,6.904490947723389
2024-11-22 10:45:00,6.619001865386963
2024-11-22 11:00:00,6.213437557220459
2024-11-22 11:15:00,5.862865924835205
2024-11-22 11:30:00,5.511277198791504
2024-11-22 11:45:00,5.374459266662598
2024-11-22 12:00:00,5.285651206970215
2024-11-22 12:15:00,5.386270046234131
2024-11-22 12:30:00,5.471250534057617
2024-11-22 12:45:00,5.355748653411865
2024-11-22 13:00:00,5.127689838409424
2024-11-22 13:15:00,5.043937683105469
2024-11-22 13:30:00,5.172095775604248
2024-11-22 13:45:00,5.181190013885498
2024-11-22 14:00:00,5.097951889038086
2024-11-22 14:15:00,4.991053581237793
2024-11-22 14:30:00,4.718991279602051
2024-11-22 14:45:00,4.284979820251465
2024-11-22 15:00:00,3.9660816192626953
2024-11-22 15:15:00,3.648514747619629
2024-11-22 15:30:00,3.343524694442749
2024-11-22 15:45:00,2.9116034507751465
2024-11-22 16:00:00,2.786534547805786
2024-11-22 16:15:00,2.9271528720855713
2024-11-22 16:30:00,3.109194278717041
2024-11-22 16:45:00,3.372680425643921
2024-11-22 17:00:00,3.3833165168762207
2024-11-22 17:15:00,3.3601064682006836
2024-11-22 17:30:00,3.300994634628296
2024-11-22 17:45:00,3.508173704147339
2024-11-22 18:00:00,3.711221933364868
2024-11-22 18:15:00,3.830927848815918
2024-11-22 18:30:00,3.9012887477874756
2024-11-22 18:45:00,4.016899108886719
2024-11-22 19:00:00,4.173309803009033
2024-11-22 19:15:00,4.528521537780762
2024-11-22 19:30:00,4.880451202392578
2024-11-22 19:45:00,4.95810079574585
2024-11-22 20:00:00,4.958354473114014
2024-11-22 20:15:00,4.892566680908203
2024-11-22 20:30:00,4.8186445236206055
2024-11-22 20:45:00,4.725616455078125
2024-11-22 21:00:00,4.4587836265563965
2024-11-22 21:15:00,4.212259292602539
2024-11-22 21:30:00,4.376989364624023
2024-11-22 21:45:00,4.3189873695373535
2024-11-22 22:00:00,4.292940139770508
2024-11-22 22:15:00,4.309282302856445
2024-11-22 22:30:00,4.494877338409424
2024-11-22 22:45:00,4.591676712036133
2024-11-22 23:00:00,4.654889106750488
2024-11-22 23:15:00,4.810123443603516
2024-11-22 23:30:00,5.086123943328857
2024-11-22 23:45:00,5.342667579650879
2024-11-23 00:00:00,76.03304838060927
2024-11-23 00:15:00,76.97850657684246
2024-11-23 00:30:00,77.36833315371871
2024-11-23 00:45:00,77.52906449080425
2024-11-23 01:00:00,77.59533642877298
2024-11-23 01:15:00,77.62266134152347
2024-11-23 01:30:00,77.63392781236628
2024-11-23 01:45:00,77.6385731470618
2024-11-23 02:00:00,77.64048848814194
2024-11-23 02:15:00,77.6412782119603
2024-11-23 02:30:00,77.64160382692033
2024-11-23 02:45:00,77.64173808284593
2024-11-23 03:00:00,77.64179343857515
2024-11-23 03:15:00,77.64181626257151
2024-11-23 03:30:00,77.6418256732471
2024-11-23 03:45:00,77.64182955340961
2024-11-23 04:00:00,77.64183115325874
2024-11-23 04:15:00,77.64183181290049
2024-11-23 04:30:00,77.64183208488068
2024-11-23 04:45:00,77.64183219702218
2024-11-23 05:00:00,77.6418322432598
2024-11-23 05:15:00,77.64183226232426
2024-11-23 05:30:00,77.64183227018482
2024-11-23 05:45:00,77.64183227342585
2024-11-23 06:00:00,77.64183227476217
2024-11-23 06:15:00,77.64183227531315
2024-11-23 06:30:00,77.64183227554032
2024-11-23 06:45:00,77.64183227563399
2024-11-23 07:00:00,77.64183227567261
2024-11-23 07:15:00,77.64183227568854
2024-11-23 07:30:00,77.64183227569511
2024-11-23 07:45:00,77.64183227569782
2024-11-23 08:00:00,77.64183227569895
2024-11-23 08:15:00,77.6418322756994
2024-11-23 08:30:00,77.64183227569958
2024-11-23 08:45:00,77.64183227569967
2024-11-23 09:00:00,77.6418322756997
2024-11-23 09:15:00,77.64183227569971
2024-11-23 09:30:00,77.64183227569971
2024-11-23 09:45:00,77.64183227569971
2024-11-23 10:00:00,77.64183227569971
2024-11-23 10:15:00,77.64183227569971
2024-11-23 10:30:00,77.64183227569971
2024-11-23 10:45:00,77.64183227569971
2024-11-23 11:00:00,77.64183227569971
2024-11-23 11:15:00,77.64183227569971
2024-11-23 11:30:00,77.64183227569971
2024-11-23 11:45:00,77.64183227569971
2024-11-23 12:00:00,77.64183227569971
2024-11-23 12:15:00,77.64183227569971
2024-11-23 12:30:00,77.64183227569971
2024-11-23 12:45:00,77.64183227569971
2024-11-23 13:00:00,77.64183227569971
2024-11-23 13:15:00,77.64183227569971
2024-11-23 13:30:00,77.64183227569971
2024-11-23 13:45:00,77.64183227569971
2024-11-23 14:00:00,77.64183227569971
2024-11-23 14:15:00,77.64183227569971
2024-11-23 14:30:00,77.64183227569971
2024-11-23 14:45:00,77.64183227569971
2024-11-23 15:00:00,77.64183227569971
2024-11-23 15:15:00,77.64183227569971
2024-11-23 15:30:00,77.64183227569971
2024-11-23 15:45:00,77.64183227569971
2024-11-23 16:00:00,77.64183227569971
2024-11-23 16:15:00,77.64183227569971
2024-11-23 16:30:00,77.64183227569971
2024-11-23 16:45:00,77.64183227569971
2024-11-23 17:00:00,77.64183227569971
2024-11-23 17:15:00,77.64183227569971
2024-11-23 17:30:00,77.64183227569971
2024-11-23 17:45:00,77.64183227569971
2024-11-23 18:00:00,77.64183227569971
2024-11-23 18:15:00,77.64183227569971
2024-11-23 18:30:00,77.64183227569971
2024-11-23 18:45:00,77.64183227569971
2024-11-23 19:00:00,77.64183227569971
2024-11-23 19:15:00,77.64183227569971
2024-11-23 19:30:00,77.64183227569971
2024-11-23 19:45:00,77.64183227569971
2024-11-23 20:00:00,77.64183227569971
2024-11-23 20:15:00,77.64183227569971
2024-11-23 20:30:00,77.64183227569971
2024-11-23 20:45:00,77.64183227569971
2024-11-23 21:00:00,77.64183227569971
2024-11-23 21:15:00,77.64183227569971
2024-11-23 21:30:00,77.64183227569971
2024-11-23 21:45:00,77.64183227569971
2024-11-23 22:00:00,77.64183227569971
2024-11-23 22:15:00,77.64183227569971
2024-11-23 22:30:00,77.64183227569971
2024-11-23 22:45:00,77.64183227569971
2024-11-23 23:00:00,77.64183227569971
2024-11-23 23:15:00,77.64183227569971
2024-11-23 23:30:00,77.64183227569971
2024-11-23 23:45:00,77.64183227569971
2024-11-24 00:00:00,-0.08896811306476593
2024-11-24 00:15:00,0.002873158548027277
2024-11-24 00:30:00,-0.06648906320333481
2024-11-24 00:45:00,-0.01113203726708889
2024-11-24 01:00:00,-0.05234551429748535
2024-11-24 01:15:00,-0.01886037550866604
2024-11-24 01:30:00,-0.0432298518717289
2024-11-24 01:45:00,-0.02286282368004322
2024-11-24 02:00:00,-0.03715899959206581
2024-11-24 02:15:00,-0.024665676057338715
2024-11-24 02:30:00,-0.03294339403510094
2024-11-24 02:45:00,-0.025181535631418228
2024-11-24 03:00:00,-0.02986886352300644
2024-11-24 03:15:00,-0.02495548129081726
2024-11-24 03:30:00,-0.027506088837981224
2024-11-24 03:45:00,-0.02431252785027027
2024-11-24 04:00:00,-0.02559645101428032
2024-11-24 04:15:00,-0.023445947095751762
2024-11-24 04:30:00,-0.023983659222722054
2024-11-24 04:45:00,-0.02247016318142414
2024-11-24 05:00:00,-0.02257278934121132
2024-11-24 05:15:00,-0.02145244926214218
2024-11-24 05:30:00,-0.021305739879608154
2024-11-24 05:45:00,-0.020431891083717346
2024-11-24 06:00:00,-0.020146531984210014
2024-11-24 06:15:00,-0.01943075843155384
2024-11-24 06:30:00,-0.019072502851486206
2024-11-24 06:45:00,-0.018461305648088455
2024-11-24 07:00:00,-0.018069013953208923
2024-11-24 07:15:00,-0.017529837787151337
2024-11-24 07:30:00,-0.01712629571557045
2024-11-24 07:45:00,-0.016639158129692078
2024-11-24 08:00:00,-0.016237542033195496
2024-11-24 08:15:00,-0.015790017321705818
2024-11-24 08:30:00,-0.01539777684956789
2024-11-24 08:45:00,-0.014981986954808235
2024-11-24 09:00:00,-0.014603160321712494
2024-11-24 09:15:00,-0.01421397551894188
2024-11-24 09:30:00,-0.013850580900907516
2024-11-24 09:45:00,-0.013484536670148373
2024-11-24 10:00:00,-0.013137402944266796
2024-11-24 10:15:00,-0.012792053632438183
2024-11-24 10:30:00,-0.012461315840482712
2024-11-24 10:45:00,-0.012134845368564129
2024-11-24 11:00:00,-0.011820242740213871
2024-11-24 11:15:00,-0.01151123084127903
2024-11-24 11:30:00,-0.011212282814085484
2024-11-24 11:45:00,-0.010919561609625816
2024-11-24 12:00:00,-0.010635672137141228
2024-11-24 12:15:00,-0.010358242318034172
2024-11-24 12:30:00,-0.010088762268424034
2024-11-24 12:45:00,-0.009825740940868855
2024-11-24 13:00:00,-0.009570003487169743
2024-11-24 13:15:00,-0.009320592507719994
2024-11-24 13:30:00,-0.009077937342226505
2024-11-24 13:45:00,-0.00884140096604824
2024-11-24 14:00:00,-0.008611181750893593
2024-11-24 14:15:00,-0.008386838249862194
2024-11-24 14:30:00,-0.008168430998921394
2024-11-24 14:45:00,-0.0079556405544281
2024-11-24 15:00:00,-0.0077484482899308205
2024-11-24 15:15:00,-0.007546609733253717
2024-11-24 15:30:00,-0.007350061554461718
2024-11-24 15:45:00,-0.00715860677883029
2024-11-24 16:00:00,-0.006972158793359995
2024-11-24 16:15:00,-0.006790551822632551
2024-11-24 16:30:00,-0.0066136871464550495
2024-11-24 16:45:00,-0.006441419944167137
2024-11-24 17:00:00,-0.006273646838963032
2024-11-24 17:15:00,-0.0061102379113435745
2024-11-24 17:30:00,-0.005951089784502983
2024-11-24 17:45:00,-0.005796083249151707
2024-11-24 18:00:00,-0.005645116791129112
2024-11-24 18:15:00,-0.005498080514371395
2024-11-24 18:30:00,-0.005354875698685646
2024-11-24 18:45:00,-0.00521539943292737
2024-11-24 19:00:00,-0.005079557187855244
2024-11-24 19:15:00,-0.004947252105921507
2024-11-24 19:30:00,-0.004818393848836422
2024-11-24 19:45:00,-0.004692891612648964
2024-11-24 20:00:00,-0.004570658318698406
2024-11-24 20:15:00,-0.0044516087509691715
2024-11-24 20:30:00,-0.004335660021752119
2024-11-24 20:45:00,-0.004222731105983257
2024-11-24 21:00:00,-0.0041127437725663185
2024-11-24 21:15:00,-0.004005621187388897
2024-11-24 21:30:00,-0.0039012888446450233
2024-11-24 21:45:00,-0.003799673868343234
2024-11-24 22:00:00,-0.003700705710798502
2024-11-24 22:15:00,-0.003604315221309662
2024-11-24 22:30:00,-0.003510435577481985
2024-11-24 22:45:00,-0.0034190011210739613
2024-11-24 23:00:00,-0.003329948056489229
2024-11-24 23:15:00,-0.0032432146836072206
2024-11-24 23:30:00,-0.003158740233629942
2024-11-24 23:45:00,-0.0030764660332351923
2024-11-25 00:00:00,0.0
2024-11-25 00:15:00,0.0
2024-11-25 00:30:00,0.0
2024-11-25 00:45:00,0.0
2024-11-25 01:00:00,0.0
2024-11-25 01:15:00,0.0
2024-11-25 01:30:00,0.0
2024-11-25 01:45:00,0.0
2024-11-25 02:00:00,0.0
2024-11-25 02:15:00,0.0
2024-11-25 02:30:00,0.0
2024-11-25 02:45:00,0.0
2024-11-25 03:00:00,0.0
2024-11-25 03:15:00,0.0
2024-11-25 03:30:00,0.0
2024-11-25 03:45:00,0.0
2024-11-25 04:00:00,0.0
2024-11-25 04:15:00,0.0
2024-11-25 04:30:00,0.0
2024-11-25 04:45:00,0.0
2024-11-25 05:00:00,0.0
2024-11-25 05:15:00,0.0
2024-11-25 05:30:00,0.0
2024-11-25 05:45:00,0.0
2024-11-25 06:00:00,0.0
2024-11-25 06:15:00,0.0
2024-11-25 06:30:00,0.0
2024-11-25 06:45:00,0.0
2024-11-25 07:00:00,0.0
2024-11-25 07:15:00,0.0
2024-11-25 07:30:00,0.0
2024-11-25 07:45:00,0.0
2024-11-25 08:00:00,0.0
2024-11-25 08:15:00,0.0
2024-11-25 08:30:00,0.0
2024-11-25 08:45:00,0.0
2024-11-25 09:00:00,0.0
2024-11-25 09:15:00,0.0
2024-11-25 09:30:00,0.0
2024-11-25 09:45:00,0.0
2024-11-25 10:00:00,0.0
2024-11-25 10:15:00,0.0
2024-11-25 10:30:00,0.0
2024-11-25 10:45:00,0.0
2024-11-25 11:00:00,0.0
2024-11-25 11:15:00,0.0
2024-11-25 11:30:00,0.0
2024-11-25 11:45:00,0.0
2024-11-25 12:00:00,0.0
2024-11-25 12:15:00,0.0
2024-11-25 12:30:00,0.0
2024-11-25 12:45:00,0.0
2024-11-25 13:00:00,0.0
2024-11-25 13:15:00,0.0
2024-11-25 13:30:00,0.0
2024-11-25 13:45:00,0.0
2024-11-25 14:00:00,0.0
2024-11-25 14:15:00,0.0
2024-11-25 14:30:00,0.0
2024-11-25 14:45:00,0.0
2024-11-25 15:00:00,0.0
2024-11-25 15:15:00,0.0
2024-11-25 15:30:00,0.0
2024-11-25 15:45:00,0.0
2024-11-25 16:00:00,0.0
2024-11-25 16:15:00,0.0
2024-11-25 16:30:00,0.0
2024-11-25 16:45:00,0.0
2024-11-25 17:00:00,0.0
2024-11-25 17:15:00,0.0
2024-11-25 17:30:00,0.0
2024-11-25 17:45:00,0.0
2024-11-25 18:00:00,0.0
2024-11-25 18:15:00,0.0
2024-11-25 18:30:00,0.0
2024-11-25 18:45:00,0.0
2024-11-25 19:00:00,0.0
2024-11-25 19:15:00,0.0
2024-11-25 19:30:00,0.0
2024-11-25 19:45:00,0.0
2024-11-25 20:00:00,0.0
2024-11-25 20:15:00,0.0
2024-11-25 20:30:00,0.0
2024-11-25 20:45:00,0.0
2024-11-25 21:00:00,0.0
2024-11-25 21:15:00,0.0
2024-11-25 21:30:00,0.0
2024-11-25 21:45:00,0.0
2024-11-25 22:00:00,0.0
2024-11-25 22:15:00,0.0
2024-11-25 22:30:00,0.0
2024-11-25 22:45:00,0.0
2024-11-25 23:00:00,0.0
2024-11-25 23:15:00,0.0
2024-11-25 23:30:00,0.0
2024-11-25 23:45:00,0.0
2024-11-26 00:00:00,29.417414292646622
2024-11-26 00:15:00,22.020929068939537
2024-11-26 00:30:00,14.624443845232449
2024-11-26 00:45:00,7.227958621525364
2024-11-26 01:00:00,-0.16852660218172133
2024-11-26 01:15:00,-7.56501182588881
2024-11-26 01:30:00,-14.961497049595891
2024-11-26 01:45:00,-22.35798227330298
2024-11-26 02:00:00,-29.75446749701006
2024-11-26 02:15:00,-37.15095272071715
2024-11-26 02:30:00,-44.54743794442424
2024-11-26 02:45:00,-51.94392316813133
2024-11-26 03:00:00,-59.340408391838416
2024-11-26 03:15:00,-66.73689361554548
2024-11-26 03:30:00,-74.13337883925257
2024-11-26 03:45:00,-81.52986406295966
2024-11-26 04:00:00,-88.92634928666675
2024-11-26 04:15:00,-96.32283451037384
2024-11-26 04:30:00,-103.71931973408093
2024-11-26 04:45:00,-111.11580495778801
2024-11-26 05:00:00,-118.5122901814951
2024-11-26 05:15:00,-125.90877540520219
2024-11-26 05:30:00,-133.30526062890928
2024-11-26 05:45:00,-140.70174585261637
2024-11-26 06:00:00,-148.09823107632346
2024-11-26 06:15:00,-155.49471630003055
2024-11-26 06:30:00,-162.8912015237376
2024-11-26 06:45:00,-170.2876867474447
2024-11-26 07:00:00,-177.68417197115178
2024-11-26 07:15:00,-185.08065719485887
2024-11-26 07:30:00,-192.47714241856596
2024-11-26 07:45:00,-199.87362764227305
2024-11-26 08:00:00,-207.27011286598014
2024-11-26 08:15:00,-214.66659808968723
2024-11-26 08:30:00,-222.0630833133943
2024-11-26 08:45:00,-229.45956853710138
2024-11-26 09:00:00,-236.85605376080846
2024-11-26 09:15:00,-244.25253898451555
2024-11-26 09:30:00,-251.64902420822264
2024-11-26 09:45:00,-259.0455094319297
2024-11-26 10:00:00,-266.4419946556368
2024-11-26 10:15:00,-273.8384798793439
2024-11-26 10:30:00,-281.23496510305097
2024-11-26 10:45:00,-288.63145032675806
2024-11-26 11:00:00,-296.02793555046514
2024-11-26 11:15:00,-303.42442077417223
2024-11-26 11:30:00,-310.8209059978793
2024-11-26 11:45:00,-318.2173912215864
2024-11-26 12:00:00,-325.6138764452935
2024-11-26 12:15:00,-333.0103616690006
2024-11-26 12:30:00,-340.4068468927077
2024-11-26 12:45:00,-347.80333211641477
2024-11-26 13:00:00,-355.19981734012185
2024-11-26 13:15:00,-362.5963025638289
2024-11-26 13:30:00,-369.992787787536
2024-11-26 13:45:00,-377.38927301124306
2024-11-26 14:00:00,-384.78575823495015
2024-11-26 14:15:00,-392.18224345865724
2024-11-26 14:30:00,-399.57872868236433
2024-11-26 14:45:00,-406.9752139060714
2024-11-26 15:00:00,-414.3716991297785
2024-11-26 15:15:00,-421.7681843534856
2024-11-26 15:30:00,-429.1646695771927
2024-11-26 15:45:00,-436.56115480089977
2024-11-26 16:00:00,-443.95764002460686
2024-11-26 16:15:00,-451.35412524831395
2024-11-26 16:30:00,-458.75061047202104
2024-11-26 16:45:00,-466.1470956957281
2024-11-26 17:00:00,-473.5435809194352
2024-11-26 17:15:00,-480.94006614314225
2024-11-26 17:30:00,-488.3365513668494
2024-11-26 17:45:00,-495.7330365905564
2024-11-26 18:00:00,-503.12952181426357
2024-11-26 18:15:00,-510.5260070379706
2024-11-26 18:30:00,-517.9224922616778
2024-11-26 18:45:00,-525.3189774853848
2024-11-26 19:00:00,-532.715462709092
2024-11-26 19:15:00,-540.111947932799
2024-11-26 19:30:00,-547.5084331565062
2024-11-26 19:45:00,-554.9049183802132
2024-11-26 20:00:00,-562.3014036039203
2024-11-26 20:15:00,-569.6978888276274
2024-11-26 20:30:00,-577.0943740513345
2024-11-26 20:45:00,-584.4908592750415
2024-11-26 21:00:00,-591.8873444987487
2024-11-26 21:15:00,-599.2838297224557
2024-11-26 21:30:00,-606.6803149461628
2024-11-26 21:45:00,-614.0768001698699
2024-11-26 22:00:00,-621.4732853935769
2024-11-26 22:15:00,-628.8697706172841
2024-11-26 22:30:00,-636.2662558409911
2024-11-26 22:45:00,-643.6627410646983
2024-11-26 23:00:00,-651.0592262884053
2024-11-26 23:15:00,-658.4557115121124
2024-11-26 23:30:00,-665.8521967358195
2024-11-26 23:45:00,-673.2486819595266
2024-11-27 00:00:00,165.5329132080078
2024-11-27 00:15:00,157.2686767578125
2024-11-27 00:30:00,160.30218505859375
2024-11-27 00:45:00,166.40838623046875
2024-11-27 01:00:00,155.24685668945312
2024-11-27 01:15:00,146.79139709472656
2024-11-27 01:30:00,179.09681701660156
2024-11-27 01:45:00,155.6886444091797
2024-11-27 02:00:00,157.84243774414062
2024-11-27 02:15:00,165.9127197265625
2024-11-27 02:30:00,157.61219787597656
2024-11-27 02:45:00,145.57313537597656
2024-11-27 03:00:00,166.4715118408203
2024-11-27 03:15:00,133.1013641357422
2024-11-27 03:30:00,148.14451599121094
2024-11-27 03:45:00,156.07763671875
2024-11-27 04:00:00,139.72474670410156
2024-11-27 04:15:00,143.6885986328125
2024-11-27 04:30:00,129.6614990234375
2024-11-27 04:45:00,147.64874267578125
2024-11-27 05:00:00,138.5916748046875
2024-11-27 05:15:00,152.35691833496094
2024-11-27 05:30:00,155.60569763183594
2024-11-27 05:45:00,146.58363342285156
2024-11-27 06:00:00,137.05029296875
2024-11-27 06:15:00,163.7878875732422
2024-11-27 06:30:00,148.66529846191406
2024-11-27 06:45:00,161.43844604492188
2024-11-27 07:00:00,136.72027587890625
2024-11-27 07:15:00,143.4980010986328
2024-11-27 07:30:00,133.90061950683594
2024-11-27 07:45:00,151.94662475585938
2024-11-27 08:00:00,139.69570922851562
2024-11-27 08:15:00,133.7822265625
2024-11-27 08:30:00,150.53201293945312
2024-11-27 08:45:00,130.4610595703125
2024-11-27 09:00:00,159.70909118652344
2024-11-27 09:15:00,157.30615234375
2024-11-27 09:30:00,134.33702087402344
2024-11-27 09:45:00,134.4696807861328
2024-11-27 10:00:00,146.55262756347656
2024-11-27 10:15:00,152.9937744140625
2024-11-27 10:30:00,142.357177734375
2024-11-27 10:45:00,142.3160400390625
2024-11-27 11:00:00,146.03993225097656
2024-11-27 11:15:00,138.08349609375
2024-11-27 11:30:00,161.97987365722656
2024-11-27 11:45:00,147.38482666015625
2024-11-27 12:00:00,132.27102661132812
2024-11-27 12:15:00,132.14471435546875
2024-11-27 12:30:00,140.84515380859375
2024-11-27 12:45:00,157.5382080078125
2024-11-27 13:00:00,140.85079956054688
2024-11-27 13:15:00,160.82745361328125
2024-11-27 13:30:00,140.81373596191406
2024-11-27 13:45:00,158.84217834472656
2024-11-27 14:00:00,171.92642211914062
2024-11-27 14:15:00,137.37417602539062
2024-11-27 14:30:00,124.5372543334961
2024-11-27 14:45:00,161.91908264160156
2024-11-27 15:00:00,141.1079864501953
2024-11-27 15:15:00,136.9434814453125
2024-11-27 15:30:00,133.24070739746094
2024-11-27 15:45:00,148.1366424560547
2024-11-27 16:00:00,140.59837341308594
2024-11-27 16:15:00,152.45071411132812
2024-11-27 16:30:00,133.70050048828125
2024-11-27 16:45:00,156.99122619628906
2024-11-27 17:00:00,146.3699188232422
2024-11-27 17:15:00,127.5063705444336
2024-11-27 17:30:00,134.0770721435547
2024-11-27 17:45:00,137.86962890625
2024-11-27 18:00:00,137.3456268310547
2024-11-27 18:15:00,137.98663330078125
2024-11-27 18:30:00,133.0777130126953
2024-11-27 18:45:00,143.7898406982422
2024-11-27 19:00:00,133.4656524658203
2024-11-27 19:15:00,145.4271240234375
2024-11-27 19:30:00,155.13134765625
2024-11-27 19:45:00,146.9084014892578
2024-11-27 20:00:00,135.41563415527344
2024-11-27 20:15:00,146.9239959716797
2024-11-27 20:30:00,148.64405822753906
2024-11-27 20:45:00,141.03233337402344
2024-11-27 21:00:00,160.12054443359375
2024-11-27 21:15:00,137.99227905273438
2024-11-27 21:30:00,150.44700622558594
2024-11-27 21:45:00,136.9503173828125
2024-11-27 22:00:00,149.4889373779297
2024-11-27 22:15:00,146.22373962402344
2024-11-27 22:30:00,148.47450256347656
2024-11-27 22:45:00,115.69005584716797
2024-11-27 23:00:00,120.1983871459961
2024-11-27 23:15:00,149.15414428710938
2024-11-27 23:30:00,130.3780975341797
2024-11-27 23:45:00,133.83944702148438
2024-11-28 00:00:00,142.99913024902344
2024-11-28 00:15:00,142.83558654785156
2024-11-28 00:30:00,143.8321990966797
2024-11-28 00:45:00,142.17941284179688
2024-11-28 01:00:00,140.72743225097656
2024-11-28 01:15:00,139.6793975830078
2024-11-28 01:30:00,138.20462036132812
2024-11-28 01:45:00,135.58140563964844
2024-11-28 02:00:00,133.97535705566406
2024-11-28 02:15:00,130.97975158691406
2024-11-28 02:30:00,129.3304443359375
2024-11-28 02:45:00,128.73004150390625
2024-11-28 03:00:00,127.24860382080078
2024-11-28 03:15:00,126.74243927001953
2024-11-28 03:30:00,126.03477478027344
2024-11-28 03:45:00,125.03459930419922
2024-11-28 04:00:00,122.97582244873047
2024-11-28 04:15:00,121.6668701171875
2024-11-28 04:30:00,121.22129821777344
2024-11-28 04:45:00,120.54110717773438
2024-11-28 05:00:00,119.18184661865234
2024-11-28 05:15:00,117.36775207519531
2024-11-28 05:30:00,115.70948791503906
2024-11-28 05:45:00,113.17105102539062
2024-11-28 06:00:00,110.09828186035156
2024-11-28 06:15:00,108.84407806396484
2024-11-28 06:30:00,107.62981414794922
2024-11-28 06:45:00,107.65565490722656
2024-11-28 07:00:00,106.59440612792969
2024-11-28 07:15:00,105.33392333984375
2024-11-28 07:30:00,103.91065216064453
2024-11-28 07:45:00,103.28546142578125
2024-11-28 08:00:00,101.6310806274414
2024-11-28 08:15:00,100.88984680175781
2024-11-28 08:30:00,99.63581085205078
2024-11-28 08:45:00,98.62149810791016
2024-11-28 09:00:00,98.51277160644531
2024-11-28 09:15:00,98.99773406982422
2024-11-28 09:30:00,99.19995880126953
2024-11-28 09:45:00,99.34060668945312
2024-11-28 10:00:00,98.51753997802734
2024-11-28 10:15:00,97.4981460571289
2024-11-28 10:30:00,97.2013168334961
2024-11-28 10:45:00,97.16650390625
2024-11-28 11:00:00,96.9605484008789
2024-11-28 11:15:00,96.32279968261719
2024-11-28 11:30:00,94.7931900024414
2024-11-28 11:45:00,93.6307601928711
2024-11-28 12:00:00,92.39688873291016
2024-11-28 12:15:00,92.11251831054688
2024-11-28 12:30:00,92.14734649658203
2024-11-28 12:45:00,91.29643249511719
2024-11-28 13:00:00,89.25081634521484
2024-11-28 13:15:00,87.86167907714844
2024-11-28 13:30:00,87.1109390258789
2024-11-28 13:45:00,86.24491119384766
2024-11-28 14:00:00,86.0975570678711
2024-11-28 14:15:00,86.0309066772461
2024-11-28 14:30:00,86.39924621582031
2024-11-28 14:45:00,86.04377746582031
2024-11-28 15:00:00,85.59202575683594
2024-11-28 15:15:00,85.08517456054688
2024-11-28 15:30:00,84.85883331298828
2024-11-28 15:45:00,84.02722930908203
2024-11-28 16:00:00,84.05535125732422
2024-11-28 16:15:00,84.36990356445312
2024-11-28 16:30:00,85.03010559082031
2024-11-28 16:45:00,85.13742065429688
2024-11-28 17:00:00,84.40990447998047
2024-11-28 17:15:00,83.41879272460938
2024-11-28 17:30:00,82.6963119506836
2024-11-28 17:45:00,83.10865783691406
2024-11-28 18:00:00,83.28387451171875
2024-11-28 18:15:00,83.33781433105469
2024-11-28 18:30:00,83.03663635253906
2024-11-28 18:45:00,82.48670196533203
2024-11-28 19:00:00,81.75414276123047
2024-11-28 19:15:00,81.51261901855469
2024-11-28 19:30:00,81.77429962158203
2024-11-28 19:45:00,81.80525207519531
2024-11-28 20:00:00,81.64681243896484
2024-11-28 20:15:00,81.45930480957031
2024-11-28 20:30:00,81.51423645019531
2024-11-28 20:45:00,80.96813201904297
2024-11-28 21:00:00,80.4127426147461
2024-11-28 21:15:00,80.25074768066406
2024-11-28 21:30:00,80.77476501464844
2024-11-28 21:45:00,80.55391693115234
2024-11-28 22:00:00,80.39419555664062
2024-11-28 22:15:00,79.73001861572266
2024-11-28 22:30:00,78.93305969238281
2024-11-28 22:45:00,78.38587188720703
2024-11-28 23:00:00,77.26273345947266
2024-11-28 23:15:00,75.8587417602539
2024-11-28 23:30:00,74.64533996582031
2024-11-28 23:45:00,73.58733367919922
2024-11-29 00:00:00,175.2933349609375
2024-11-29 00:15:00,173.25918579101562
2024-11-29 00:30:00,171.6090545654297
2024-11-29 00:45:00,169.6897430419922
2024-11-29 01:00:00,168.01663208007812
2024-11-29 01:15:00,166.1824493408203
2024-11-29 01:30:00,164.50840759277344
2024-11-29 01:45:00,162.74053955078125
2024-11-29 02:00:00,161.0790252685547
2024-11-29 02:15:00,159.36549377441406
2024-11-29 02:30:00,157.72463989257812
2024-11-29 02:45:00,156.05767822265625
2024-11-29 03:00:00,154.44229125976562
2024-11-29 03:15:00,152.81680297851562
2024-11-29 03:30:00,151.22959899902344
2024-11-29 03:45:00,149.6421661376953
2024-11-29 04:00:00,148.0845947265625
2024-11-29 04:15:00,146.53280639648438
2024-11-29 04:30:00,145.00550842285156
2024-11-29 04:45:00,143.48764038085938
2024-11-29 05:00:00,141.99078369140625
2024-11-29 05:15:00,140.5054931640625
2024-11-29 05:30:00,139.0389404296875
2024-11-29 05:45:00,137.58517456054688
2024-11-29 06:00:00,136.14859008789062
2024-11-29 06:15:00,134.72543334960938
2024-11-29 06:30:00,133.3184051513672
2024-11-29 06:45:00,131.92507934570312
2024-11-29 07:00:00,130.54708862304688
2024-11-29 07:15:00,129.18289184570312
2024-11-29 07:30:00,127.83342742919922
2024-11-29 07:45:00,126.4976806640625
2024-11-29 08:00:00,125.17619323730469
2024-11-29 08:15:00,123.86827087402344
2024-11-29 08:30:00,122.57420349121094
2024-11-29 08:45:00,121.29350280761719
2024-11-29 09:00:00,120.02630615234375
2024-11-29 09:15:00,118.77225494384766
2024-11-29 09:30:00,117.53137969970703
2024-11-29 09:45:00,116.30340576171875
2024-11-29 10:00:00,115.08831024169922
2024-11-29 10:15:00,113.88587188720703
2024-11-29 10:30:00,112.69602966308594
2024-11-29 10:45:00,111.51859283447266
2024-11-29 11:00:00,110.35347747802734
2024-11-29 11:15:00,109.20051574707031
2024-11-29 11:30:00,108.05961608886719
2024-11-29 11:45:00,106.93062591552734
2024-11-29 12:00:00,105.81343841552734
2024-11-29 12:15:00,104.70791625976562
2024-11-29 12:30:00,103.61395263671875
2024-11-29 12:45:00,102.53141021728516
2024-11-29 13:00:00,101.4601821899414
2024-11-29 13:15:00,100.400146484375
2024-11-29 13:30:00,99.35118865966797
2024-11-29 13:45:00,98.31318664550781
2024-11-29 14:00:00,97.28602600097656
2024-11-29 14:15:00,96.26959991455078
2024-11-29 14:30:00,95.2637939453125
2024-11-29 14:45:00,94.26849365234375
2024-11-29 15:00:00,93.2835922241211
2024-11-29 15:15:00,92.3089828491211
2024-11-29 15:30:00,91.34455871582031
2024-11-29 15:45:00,90.39020538330078
2024-11-29 16:00:00,89.4458236694336
2024-11-29 16:15:00,88.51131439208984
2024-11-29 16:30:00,87.58656311035156
2024-11-29 16:45:00,86.67147827148438
2024-11-29 17:00:00,85.76595306396484
2024-11-29 17:15:00,84.86988830566406
2024-11-29 17:30:00,83.98318481445312
2024-11-29 17:45:00,83.10574340820312
2024-11-29 18:00:00,82.23747253417969
2024-11-29 18:15:00,81.3782730102539
2024-11-29 18:30:00,80.52804565429688
2024-11-29 18:45:00,79.68670654296875
2024-11-29 19:00:00,78.85415649414062
2024-11-29 19:15:00,78.03030395507812
2024-11-29 19:30:00,77.21505737304688
2024-11-29 19:45:00,76.40833282470703
2024-11-29 20:00:00,75.61003112792969
2024-11-29 20:15:00,74.820068359375
2024-11-29 20:30:00,74.03836059570312
2024-11-29 20:45:00,73.26482391357422
2024-11-29 21:00:00,72.4993667602539
2024-11-29 21:15:00,71.74190521240234
2024-11-29 21:30:00,70.99236297607422
2024-11-29 21:45:00,70.25064849853516
2024-11-29 22:00:00,69.51668548583984
2024-11-29 22:15:00,68.79039001464844
2024-11-29 22:30:00,68.0716781616211
2024-11-29 22:45:00,67.36048126220703
2024-11-29 23:00:00,66.6567153930664
2024-11-29 23:15:00,65.96029663085938
2024-11-29 23:30:00,65.27115631103516
2024-11-29 23:45:00,64.58921813964844
2024-11-30 00:00:00,45.9124870300293
2024-11-30 00:15:00,46.848243713378906
2024-11-30 00:30:00,49.598487854003906
2024-11-30 00:45:00,59.44750213623047
2024-11-30 01:00:00,51.47260284423828
2024-11-30 01:15:00,58.117584228515625
2024-11-30 01:30:00,54.53019714355469
2024-11-30 01:45:00,69.65475463867188
2024-11-30 02:00:00,63.277408599853516
2024-11-30 02:15:00,58.59732437133789
2024-11-30 02:30:00,58.07376480102539
2024-11-30 02:45:00,57.15373611450195
2024-11-30 03:00:00,56.42268753051758
2024-11-30 03:15:00,56.113746643066406
2024-11-30 03:30:00,69.18547058105469
2024-11-30 03:45:00,59.98162078857422
2024-11-30 04:00:00,62.441558837890625
2024-11-30 04:15:00,50.169403076171875
2024-11-30 04:30:00,57.87380599975586
2024-11-30 04:45:00,60.489749908447266
2024-11-30 05:00:00,62.59761428833008
2024-11-30 05:15:00,65.76023864746094
2024-11-30 05:30:00,62.19846725463867
2024-11-30 05:45:00,66.84510040283203
2024-11-30 06:00:00,64.04694366455078
2024-11-30 06:15:00,75.38075256347656
2024-11-30 06:30:00,67.06002807617188
2024-11-30 06:45:00,61.188438415527344
2024-11-30 07:00:00,58.07638931274414
2024-11-30 07:15:00,57.679744720458984
2024-11-30 07:30:00,77.05012512207031
2024-11-30 07:45:00,64.59527587890625
2024-11-30 08:00:00,52.85505676269531
2024-11-30 08:15:00,61.898048400878906
2024-11-30 08:30:00,76.75303649902344
2024-11-30 08:45:00,75.54121398925781
2024-11-30 09:00:00,74.90658569335938
2024-11-30 09:15:00,67.37097930908203
2024-11-30 09:30:00,72.44490814208984
2024-11-30 09:45:00,63.4985237121582
2024-11-30 10:00:00,62.49161148071289
2024-11-30 10:15:00,78.98036193847656
2024-11-30 10:30:00,67.31312561035156
2024-11-30 10:45:00,78.5772933959961
2024-11-30 11:00:00,77.5571060180664
2024-11-30 11:15:00,81.61578369140625
2024-11-30 11:30:00,63.234745025634766
2024-11-30 11:45:00,92.27398681640625
2024-11-30 12:00:00,76.87680053710938
2024-11-30 12:15:00,70.95150756835938
2024-11-30 12:30:00,68.9510498046875
2024-11-30 12:45:00,71.45399475097656
2024-11-30 13:00:00,62.51456832885742
2024-11-30 13:15:00,65.19219207763672
2024-11-30 13:30:00,74.12469482421875
2024-11-30 13:45:00,72.2379150390625
2024-11-30 14:00:00,55.69114685058594
2024-11-30 14:15:00,73.93238830566406
2024-11-30 14:30:00,65.1944580078125
2024-11-30 14:45:00,61.54005432128906
2024-11-30 15:00:00,72.84130096435547
2024-11-30 15:15:00,56.69243621826172
2024-11-30 15:30:00,75.11317443847656
2024-11-30 15:45:00,60.96516036987305
2024-11-30 16:00:00,81.35124206542969
2024-11-30 16:15:00,79.7800521850586
2024-11-30 16:30:00,75.66838073730469
2024-11-30 16:45:00,76.51661682128906
2024-11-30 17:00:00,81.9614028930664
2024-11-30 17:15:00,84.48413848876953
2024-11-30 17:30:00,84.59657287597656
2024-11-30 17:45:00,73.71558380126953
2024-11-30 18:00:00,78.82919311523438
2024-11-30 18:15:00,84.26094055175781
2024-11-30 18:30:00,75.03462219238281
2024-11-30 18:45:00,64.38330841064453
2024-11-30 19:00:00,80.33252716064453
2024-11-30 19:15:00,79.96400451660156
2024-11-30 19:30:00,72.65731811523438
2024-11-30 19:45:00,85.9737777709961
2024-11-30 20:00:00,75.20195007324219
2024-11-30 20:15:00,74.18756103515625
2024-11-30 20:30:00,74.18113708496094
2024-11-30 20:45:00,66.12998962402344
2024-11-30 21:00:00,75.0235366821289
2024-11-30 21:15:00,75.94666290283203
2024-11-30 21:30:00,77.12252807617188
2024-11-30 21:45:00,69.9870376586914
2024-11-30 22:00:00,84.66514587402344
2024-11-30 22:15:00,79.67037963867188
2024-11-30 22:30:00,76.34994506835938
2024-11-30 22:45:00,89.3360595703125
2024-11-30 23:00:00,67.33647918701172
2024-11-30 23:15:00,74.80553436279297
2024-11-30 23:30:00,82.25434875488281
2024-11-30 23:45:00,80.82678985595703
2024-12-01 00:00:00,0.05875219404697418
2024-12-01 00:15:00,0.07470934092998505
2024-12-01 00:30:00,0.09666794538497925
2024-12-01 00:45:00,0.10631047189235687
2024-12-01 01:00:00,0.07074171304702759
2024-12-01 01:15:00,0.11522147059440613
2024-12-01 01:30:00,0.16008566319942474
2024-12-01 01:45:00,0.16736847162246704
2024-12-01 02:00:00,0.14864641427993774
2024-12-01 02:15:00,0.08397971093654633
2024-12-01 02:30:00,0.055636174976825714
2024-12-01 02:45:00,0.07460995018482208
2024-12-01 03:00:00,0.1638077199459076
2024-12-01 03:15:00,0.276137113571167
2024-12-01 03:30:00,0.3008384704589844
2024-12-01 03:45:00,0.3010784685611725
2024-12-01 04:00:00,0.27032288908958435
2024-12-01 04:15:00,0.16392871737480164
2024-12-01 04:30:00,0.18250557780265808
2024-12-01 04:45:00,0.2236236333847046
2024-12-01 05:00:00,0.3071746826171875
2024-12-01 05:15:00,0.35743972659111023
2024-12-01 05:30:00,0.30981624126434326
2024-12-01 05:45:00,0.2658814489841461
2024-12-01 06:00:00,0.2842460572719574
2024-12-01 06:15:00,0.14419855177402496
2024-12-01 06:30:00,0.2066837102174759
2024-12-01 06:45:00,0.16990137100219727
2024-12-01 07:00:00,0.22794900834560394
2024-12-01 07:15:00,0.2066032439470291
2024-12-01 07:30:00,0.24481108784675598
2024-12-01 07:45:00,0.23689936101436615
2024-12-01 08:00:00,0.2647649645805359
2024-12-01 08:15:00,0.2579899728298187
2024-12-01 08:30:00,0.2843576669692993
2024-12-01 08:45:00,0.2358611673116684
2024-12-01 09:00:00,0.29739564657211304
2024-12-01 09:15:00,0.28329363465309143
2024-12-01 09:30:00,0.34580519795417786
2024-12-01 09:45:00,0.24654962122440338
2024-12-01 10:00:00,0.14104829728603363
2024-12-01 10:15:00,0.2073119431734085
2024-12-01 10:30:00,0.2568148672580719
2024-12-01 10:45:00,0.26969367265701294
2024-12-01 11:00:00,0.25434187054634094
2024-12-01 11:15:00,0.31362712383270264
2024-12-01 11:30:00,0.36354807019233704
2024-12-01 11:45:00,0.2957342267036438
2024-12-01 12:00:00,0.3863842487335205
2024-12-01 12:15:00,0.4279922842979431
2024-12-01 12:30:00,0.46434706449508667
2024-12-01 12:45:00,0.42144638299942017
2024-12-01 13:00:00,0.39396750926971436
2024-12-01 13:15:00,0.4653031527996063
2024-12-01 13:30:00,0.4260025918483734
2024-12-01 13:45:00,0.2730245590209961
2024-12-01 14:00:00,0.4307032525539398
2024-12-01 14:15:00,0.483658105134964
2024-12-01 14:30:00,0.5951330065727234
2024-12-01 14:45:00,0.4917794466018677
2024-12-01 15:00:00,0.3893691897392273
2024-12-01 15:15:00,0.2226044237613678
2024-12-01 15:30:00,0.39914393424987793
2024-12-01 15:45:00,0.3759971261024475
2024-12-01 16:00:00,0.28629255294799805
2024-12-01 16:15:00,0.2603732943534851
2024-12-01 16:30:00,0.3411911725997925
2024-12-01 16:45:00,0.28903165459632874
2024-12-01 17:00:00,0.4332001805305481
2024-12-01 17:15:00,0.45330914855003357
2024-12-01 17:30:00,0.42443087697029114
2024-12-01 17:45:00,0.4497094750404358
2024-12-01 18:00:00,0.39390677213668823
2024-12-01 18:15:00,0.2903765141963959
2024-12-01 18:30:00,0.29145628213882446
2024-12-01 18:45:00,0.25165271759033203
2024-12-01 19:00:00,0.3317933678627014
2024-12-01 19:15:00,0.3278094530105591
2024-12-01 19:30:00,0.329451322555542
2024-12-01 19:45:00,0.4126158356666565
2024-12-01 20:00:00,0.37308165431022644
2024-12-01 20:15:00,0.22732007503509521
2024-12-01 20:30:00,0.25645121932029724
2024-12-01 20:45:00,0.23560787737369537
2024-12-01 21:00:00,0.15053685009479523
2024-12-01 21:15:00,0.13300341367721558
2024-12-01 21:30:00,0.2564004361629486
2024-12-01 21:45:00,0.25961777567863464
2024-12-01 22:00:00,0.2680506110191345
2024-12-01 22:15:00,0.3046873211860657
2024-12-01 22:30:00,0.3004211187362671
2024-12-01 22:45:00,0.41757097840309143
2024-12-01 23:00:00,0.30780360102653503
2024-12-01 23:15:00,0.3089715540409088
2024-12-01 23:30:00,0.2694318890571594
2024-12-01 23:45:00,0.33733388781547546
2024-12-02 00:00:00,0.0
2024-12-02 00:15:00,0.0
2024-12-02 00:30:00,0.0
2024-12-02 00:45:00,0.0
2024-12-02 01:00:00,0.0
2024-12-02 01:15:00,0.0
2024-12-02 01:30:00,0.0
2024-12-02 01:45:00,0.0
2024-12-02 02:00:00,0.0
2024-12-02 02:15:00,0.0
2024-12-02 02:30:00,0.0
2024-12-02 02:45:00,0.0
2024-12-02 03:00:00,0.0
2024-12-02 03:15:00,0.0
2024-12-02 03:30:00,0.0
2024-12-02 03:45:00,0.0
2024-12-02 04:00:00,0.0
2024-12-02 04:15:00,0.0
2024-12-02 04:30:00,0.0
2024-12-02 04:45:00,0.0
2024-12-02 05:00:00,0.0
2024-12-02 05:15:00,0.0
2024-12-02 05:30:00,0.0
2024-12-02 05:45:00,0.0
2024-12-02 06:00:00,0.0
2024-12-02 06:15:00,0.0
2024-12-02 06:30:00,0.0
2024-12-02 06:45:00,0.0
2024-12-02 07:00:00,0.0
2024-12-02 07:15:00,0.0
2024-12-02 07:30:00,0.0
2024-12-02 07:45:00,0.0
2024-12-02 08:00:00,0.0
2024-12-02 08:15:00,0.0
2024-12-02 08:30:00,0.0
2024-12-02 08:45:00,0.0
2024-12-02 09:00:00,0.0
2024-12-02 09:15:00,0.0
2024-12-02 09:30:00,0.0
2024-12-02 09:45:00,0.0
2024-12-02 10:00:00,0.0
2024-12-02 10:15:00,0.0
2024-12-02 10:30:00,0.0
2024-12-02 10:45:00,0.0
2024-12-02 11:00:00,0.0
2024-12-02 11:15:00,0.0
2024-12-02 11:30:00,0.0
2024-12-02 11:45:00,0.0
2024-12-02 12:00:00,0.0
2024-12-02 12:15:00,0.0
2024-12-02 12:30:00,0.0
2024-12-02 12:45:00,0.0
2024-12-02 13:00:00,0.0
2024-12-02 13:15:00,0.0
2024-12-02 13:30:00,0.0
2024-12-02 13:45:00,0.0
2024-12-02 14:00:00,0.0
2024-12-02 14:15:00,0.0
2024-12-02 14:30:00,0.0
2024-12-02 14:45:00,0.0
2024-12-02 15:00:00,0.0
2024-12-02 15:15:00,0.0
2024-12-02 15:30:00,0.0
2024-12-02 15:45:00,0.0
2024-12-02 16:00:00,0.0
2024-12-02 16:15:00,0.0
2024-12-02 16:30:00,0.0
2024-12-02 16:45:00,0.0
2024-12-02 17:00:00,0.0
2024-12-02 17:15:00,0.0
2024-12-02 17:30:00,0.0
2024-12-02 17:45:00,0.0
2024-12-02 18:00:00,0.0
2024-12-02 18:15:00,0.0
2024-12-02 18:30:00,0.0
2024-12-02 18:45:00,0.0
2024-12-02 19:00:00,0.0
2024-12-02 19:15:00,0.0
2024-12-02 19:30:00,0.0
2024-12-02 19:45:00,0.0
2024-12-02 20:00:00,0.0
2024-12-02 20:15:00,0.0
2024-12-02 20:30:00,0.0
2024-12-02 20:45:00,0.0
2024-12-02 21:00:00,0.0
2024-12-02 21:15:00,0.0
2024-12-02 21:30:00,0.0
2024-12-02 21:45:00,0.0
2024-12-02 22:00:00,0.0
2024-12-02 22:15:00,0.0
2024-12-02 22:30:00,0.0
2024-12-02 22:45:00,0.0
2024-12-02 23:00:00,0.0
2024-12-02 23:15:00,0.0
2024-12-02 23:30:00,0.0
2024-12-02 23:45:00,0.0
2024-12-03 00:00:00,0.0
2024-12-03 00:15:00,0.0
2024-12-03 00:30:00,0.0
2024-12-03 00:45:00,0.0
2024-12-03 01:00:00,0.0
2024-12-03 01:15:00,0.0
2024-12-03 01:30:00,0.0
2024-12-03 01:45:00,0.0
2024-12-03 02:00:00,0.0
2024-12-03 02:15:00,0.0
2024-12-03 02:30:00,0.0
2024-12-03 02:45:00,0.0
2024-12-03 03:00:00,0.0
2024-12-03 03:15:00,0.0
2024-12-03 03:30:00,0.0
2024-12-03 03:45:00,0.0
2024-12-03 04:00:00,0.0
2024-12-03 04:15:00,0.0
2024-12-03 04:30:00,0.0
2024-12-03 04:45:00,0.0
2024-12-03 05:00:00,0.0
2024-12-03 05:15:00,0.0
2024-12-03 05:30:00,0.0
2024-12-03 05:45:00,0.0
2024-12-03 06:00:00,0.0
2024-12-03 06:15:00,0.0
2024-12-03 06:30:00,0.0
2024-12-03 06:45:00,0.0
2024-12-03 07:00:00,0.0
2024-12-03 07:15:00,0.0
2024-12-03 07:30:00,0.0
2024-12-03 07:45:00,0.0
2024-12-03 08:00:00,0.0
2024-12-03 08:15:00,0.0
2024-12-03 08:30:00,0.0
2024-12-03 08:45:00,0.0
2024-12-03 09:00:00,0.0
2024-12-03 09:15:00,0.0
2024-12-03 09:30:00,0.0
2024-12-03 09:45:00,0.0
2024-12-03 10:00:00,0.0
2024-12-03 10:15:00,0.0
2024-12-03 10:30:00,0.0
2024-12-03 10:45:00,0.0
2024-12-03 11:00:00,0.0
2024-12-03 11:15:00,0.0
2024-12-03 11:30:00,0.0
2024-12-03 11:45:00,0.0
2024-12-03 12:00:00,0.0
2024-12-03 12:15:00,0.0
2024-12-03 12:30:00,0.0
2024-12-03 12:45:00,0.0
2024-12-03 13:00:00,0.0
2024-12-03 13:15:00,0.0
2024-12-03 13:30:00,0.0
2024-12-03 13:45:00,0.0
2024-12-03 14:00:00,0.0
2024-12-03 14:15:00,0.0
2024-12-03 14:30:00,0.0
2024-12-03 14:45:00,0.0
2024-12-03 15:00:00,0.0
2024-12-03 15:15:00,0.0
2024-12-03 15:30:00,0.0
2024-12-03 15:45:00,0.0
2024-12-03 16:00:00,0.0
2024-12-03 16:15:00,0.0
2024-12-03 16:30:00,0.0
2024-12-03 16:45:00,0.0
2024-12-03 17:00:00,0.0
2024-12-03 17:15:00,0.0
2024-12-03 17:30:00,0.0
2024-12-03 17:45:00,0.0
2024-12-03 18:00:00,0.0
2024-12-03 18:15:00,0.0
2024-12-03 18:30:00,0.0
2024-12-03 18:45:00,0.0
2024-12-03 19:00:00,0.0
2024-12-03 19:15:00,0.0
2024-12-03 19:30:00,0.0
2024-12-03 19:45:00,0.0
2024-12-03 20:00:00,0.0
2024-12-03 20:15:00,0.0
2024-12-03 20:30:00,0.0
2024-12-03 20:45:00,0.0
2024-12-03 21:00:00,0.0
2024-12-03 21:15:00,0.0
2024-12-03 21:30:00,0.0
2024-12-03 21:45:00,0.0
2024-12-03 22:00:00,0.0
2024-12-03 22:15:00,0.0
2024-12-03 22:30:00,0.0
2024-12-03 22:45:00,0.0
2024-12-03 23:00:00,0.0
2024-12-03 23:15:00,0.0
2024-12-03 23:30:00,0.0
2024-12-03 23:45:00,0.0
2024-12-04 00:00:00,0.0
2024-12-04 00:15:00,0.0
2024-12-04 00:30:00,0.0
2024-12-04 00:45:00,0.0
2024-12-04 01:00:00,0.0
2024-12-04 01:15:00,0.0
2024-12-04 01:30:00,0.0
2024-12-04 01:45:00,0.0
2024-12-04 02:00:00,0.0
2024-12-04 02:15:00,0.0
2024-12-04 02:30:00,0.0
2024-12-04 02:45:00,0.0
2024-12-04 03:00:00,0.0
2024-12-04 03:15:00,0.0
2024-12-04 03:30:00,0.0
2024-12-04 03:45:00,0.0
2024-12-04 04:00:00,0.0
2024-12-04 04:15:00,0.0
2024-12-04 04:30:00,0.0
2024-12-04 04:45:00,0.0
2024-12-04 05:00:00,0.0
2024-12-04 05:15:00,0.0
2024-12-04 05:30:00,0.0
2024-12-04 05:45:00,0.0
2024-12-04 06:00:00,0.0
2024-12-04 06:15:00,0.0
2024-12-04 06:30:00,0.0
2024-12-04 06:45:00,0.0
2024-12-04 07:00:00,0.0
2024-12-04 07:15:00,0.0
2024-12-04 07:30:00,0.0
2024-12-04 07:45:00,0.0
2024-12-04 08:00:00,0.0
2024-12-04 08:15:00,0.0
2024-12-04 08:30:00,0.0
2024-12-04 08:45:00,0.0
2024-12-04 09:00:00,0.0
2024-12-04 09:15:00,0.0
2024-12-04 09:30:00,0.0
2024-12-04 09:45:00,0.0
2024-12-04 10:00:00,0.0
2024-12-04 10:15:00,0.0
2024-12-04 10:30:00,0.0
2024-12-04 10:45:00,0.0
2024-12-04 11:00:00,0.0
2024-12-04 11:15:00,0.0
2024-12-04 11:30:00,0.0
2024-12-04 11:45:00,0.0
2024-12-04 12:00:00,0.0
2024-12-04 12:15:00,0.0
2024-12-04 12:30:00,0.0
2024-12-04 12:45:00,0.0
2024-12-04 13:00:00,0.0
2024-12-04 13:15:00,0.0
2024-12-04 13:30:00,0.0
2024-12-04 13:45:00,0.0
2024-12-04 14:00:00,0.0
2024-12-04 14:15:00,0.0
2024-12-04 14:30:00,0.0
2024-12-04 14:45:00,0.0
2024-12-04 15:00:00,0.0
2024-12-04 15:15:00,0.0
2024-12-04 15:30:00,0.0
2024-12-04 15:45:00,0.0
2024-12-04 16:00:00,0.0
2024-12-04 16:15:00,0.0
2024-12-04 16:30:00,0.0
2024-12-04 16:45:00,0.0
2024-12-04 17:00:00,0.0
2024-12-04 17:15:00,0.0
2024-12-04 17:30:00,0.0
2024-12-04 17:45:00,0.0
2024-12-04 18:00:00,0.0
2024-12-04 18:15:00,0.0
2024-12-04 18:30:00,0.0
2024-12-04 18:45:00,0.0
2024-12-04 19:00:00,0.0
2024-12-04 19:15:00,0.0
2024-12-04 19:30:00,0.0
2024-12-04 19:45:00,0.0
2024-12-04 20:00:00,0.0
2024-12-04 20:15:00,0.0
2024-12-04 20:30:00,0.0
2024-12-04 20:45:00,0.0
2024-12-04 21:00:00,0.0
2024-12-04 21:15:00,0.0
2024-12-04 21:30:00,0.0
2024-12-04 21:45:00,0.0
2024-12-04 22:00:00,0.0
2024-12-04 22:15:00,0.0
2024-12-04 22:30:00,0.0
2024-12-04 22:45:00,0.0
2024-12-04 23:00:00,0.0
2024-12-04 23:15:00,0.0
2024-12-04 23:30:00,0.0
2024-12-04 23:45:00,0.0
2024-12-05 00:00:00,0.0
2024-12-05 00:15:00,0.0
2024-12-05 00:30:00,0.0
2024-12-05 00:45:00,0.0
2024-12-05 01:00:00,0.0
2024-12-05 01:15:00,0.0
2024-12-05 01:30:00,0.0
2024-12-05 01:45:00,0.0
2024-12-05 02:00:00,0.0
2024-12-05 02:15:00,0.0
2024-12-05 02:30:00,0.0
2024-12-05 02:45:00,0.0
2024-12-05 03:00:00,0.0
2024-12-05 03:15:00,0.0
2024-12-05 03:30:00,0.0
2024-12-05 03:45:00,0.0
2024-12-05 04:00:00,0.0
2024-12-05 04:15:00,0.0
2024-12-05 04:30:00,0.0
2024-12-05 04:45:00,0.0
2024-12-05 05:00:00,0.0
2024-12-05 05:15:00,0.0
2024-12-05 05:30:00,0.0
2024-12-05 05:45:00,0.0
2024-12-05 06:00:00,0.0
2024-12-05 06:15:00,0.0
2024-12-05 06:30:00,0.0
2024-12-05 06:45:00,0.0
2024-12-05 07:00:00,0.0
2024-12-05 07:15:00,0.0
2024-12-05 07:30:00,0.0
2024-12-05 07:45:00,0.0
2024-12-05 08:00:00,0.0
2024-12-05 08:15:00,0.0
2024-12-05 08:30:00,0.0
2024-12-05 08:45:00,0.0
2024-12-05 09:00:00,0.0
2024-12-05 09:15:00,0.0
2024-12-05 09:30:00,0.0
2024-12-05 09:45:00,0.0
2024-12-05 10:00:00,0.0
2024-12-05 10:15:00,0.0
2024-12-05 10:30:00,0.0
2024-12-05 10:45:00,0.0
2024-12-05 11:00:00,0.0
2024-12-05 11:15:00,0.0
2024-12-05 11:30:00,0.0
2024-12-05 11:45:00,0.0
2024-12-05 12:00:00,0.0
2024-12-05 12:15:00,0.0
2024-12-05 12:30:00,0.0
2024-12-05 12:45:00,0.0
2024-12-05 13:00:00,0.0
2024-12-05 13:15:00,0.0
2024-12-05 13:30:00,0.0
2024-12-05 13:45:00,0.0
2024-12-05 14:00:00,0.0
2024-12-05 14:15:00,0.0
2024-12-05 14:30:00,0.0
2024-12-05 14:45:00,0.0
2024-12-05 15:00:00,0.0
2024-12-05 15:15:00,0.0
2024-12-05 15:30:00,0.0
2024-12-05 15:45:00,0.0
2024-12-05 16:00:00,0.0
2024-12-05 16:15:00,0.0
2024-12-05 16:30:00,0.0
2024-12-05 16:45:00,0.0
2024-12-05 17:00:00,0.0
2024-12-05 17:15:00,0.0
2024-12-05 17:30:00,0.0
2024-12-05 17:45:00,0.0
2024-12-05 18:00:00,0.0
2024-12-05 18:15:00,0.0
2024-12-05 18:30:00,0.0
2024-12-05 18:45:00,0.0
2024-12-05 19:00:00,0.0
2024-12-05 19:15:00,0.0
2024-12-05 19:30:00,0.0
2024-12-05 19:45:00,0.0
2024-12-05 20:00:00,0.0
2024-12-05 20:15:00,0.0
2024-12-05 20:30:00,0.0
2024-12-05 20:45:00,0.0
2024-12-05 21:00:00,0.0
2024-12-05 21:15:00,0.0
2024-12-05 21:30:00,0.0
2024-12-05 21:45:00,0.0
2024-12-05 22:00:00,0.0
2024-12-05 22:15:00,0.0
2024-12-05 22:30:00,0.0
2024-12-05 22:45:00,0.0
2024-12-05 23:00:00,0.0
2024-12-05 23:15:00,0.0
2024-12-05 23:30:00,0.0
2024-12-05 23:45:00,0.0
2024-12-06 00:00:00,0.0
2024-12-06 00:15:00,0.0
2024-12-06 00:30:00,0.0
2024-12-06 00:45:00,0.0
2024-12-06 01:00:00,0.0
2024-12-06 01:15:00,0.0
2024-12-06 01:30:00,0.0
2024-12-06 01:45:00,0.0
2024-12-06 02:00:00,0.0
2024-12-06 02:15:00,0.0
2024-12-06 02:30:00,0.0
2024-12-06 02:45:00,0.0
2024-12-06 03:00:00,0.0
2024-12-06 03:15:00,0.0
2024-12-06 03:30:00,0.0
2024-12-06 03:45:00,0.0
2024-12-06 04:00:00,0.0
2024-12-06 04:15:00,0.0
2024-12-06 04:30:00,0.0
2024-12-06 04:45:00,0.0
2024-12-06 05:00:00,0.0
2024-12-06 05:15:00,0.0
2024-12-06 05:30:00,0.0
2024-12-06 05:45:00,0.0
2024-12-06 06:00:00,0.0
2024-12-06 06:15:00,0.0
2024-12-06 06:30:00,0.0
2024-12-06 06:45:00,0.0
2024-12-06 07:00:00,0.0
2024-12-06 07:15:00,0.0
2024-12-06 07:30:00,0.0
2024-12-06 07:45:00,0.0
2024-12-06 08:00:00,0.0
2024-12-06 08:15:00,0.0
2024-12-06 08:30:00,0.0
2024-12-06 08:45:00,0.0
2024-12-06 09:00:00,0.0
2024-12-06 09:15:00,0.0
2024-12-06 09:30:00,0.0
2024-12-06 09:45:00,0.0
2024-12-06 10:00:00,0.0
2024-12-06 10:15:00,0.0
2024-12-06 10:30:00,0.0
2024-12-06 10:45:00,0.0
2024-12-06 11:00:00,0.0
2024-12-06 11:15:00,0.0
2024-12-06 11:30:00,0.0
2024-12-06 11:45:00,0.0
2024-12-06 12:00:00,0.0
2024-12-06 12:15:00,0.0
2024-12-06 12:30:00,0.0
2024-12-06 12:45:00,0.0
2024-12-06 13:00:00,0.0
2024-12-06 13:15:00,0.0
2024-12-06 13:30:00,0.0
2024-12-06 13:45:00,0.0
2024-12-06 14:00:00,0.0
2024-12-06 14:15:00,0.0
2024-12-06 14:30:00,0.0
2024-12-06 14:45:00,0.0
2024-12-06 15:00:00,0.0
2024-12-06 15:15:00,0.0
2024-12-06 15:30:00,0.0
2024-12-06 15:45:00,0.0
2024-12-06 16:00:00,0.0
2024-12-06 16:15:00,0.0
2024-12-06 16:30:00,0.0
2024-12-06 16:45:00,0.0
2024-12-06 17:00:00,0.0
2024-12-06 17:15:00,0.0
2024-12-06 17:30:00,0.0
2024-12-06 17:45:00,0.0
2024-12-06 18:00:00,0.0
2024-12-06 18:15:00,0.0
2024-12-06 18:30:00,0.0
2024-12-06 18:45:00,0.0
2024-12-06 19:00:00,0.0
2024-12-06 19:15:00,0.0
2024-12-06 19:30:00,0.0
2024-12-06 19:45:00,0.0
2024-12-06 20:00:00,0.0
2024-12-06 20:15:00,0.0
2024-12-06 20:30:00,0.0
2024-12-06 20:45:00,0.0
2024-12-06 21:00:00,0.0
2024-12-06 21:15:00,0.0
2024-12-06 21:30:00,0.0
2024-12-06 21:45:00,0.0
2024-12-06 22:00:00,0.0
2024-12-06 22:15:00,0.0
2024-12-06 22:30:00,0.0
2024-12-06 22:45:00,0.0
2024-12-06 23:00:00,0.0
2024-12-06 23:15:00,0.0
2024-12-06 23:30:00,0.0
2024-12-06 23:45:00,0.0
2024-12-07 00:00:00,0.0
2024-12-07 00:15:00,0.0
2024-12-07 00:30:00,0.0
2024-12-07 00:45:00,0.0
2024-12-07 01:00:00,0.0
2024-12-07 01:15:00,0.0
2024-12-07 01:30:00,0.0
2024-12-07 01:45:00,0.0
2024-12-07 02:00:00,0.0
2024-12-07 02:15:00,0.0
2024-12-07 02:30:00,0.0
2024-12-07 02:45:00,0.0
2024-12-07 03:00:00,0.0
2024-12-07 03:15:00,0.0
2024-12-07 03:30:00,0.0
2024-12-07 03:45:00,0.0
2024-12-07 04:00:00,0.0
2024-12-07 04:15:00,0.0
2024-12-07 04:30:00,0.0
2024-12-07 04:45:00,0.0
2024-12-07 05:00:00,0.0
2024-12-07 05:15:00,0.0
2024-12-07 05:30:00,0.0
2024-12-07 05:45:00,0.0
2024-12-07 06:00:00,0.0
2024-12-07 06:15:00,0.0
2024-12-07 06:30:00,0.0
2024-12-07 06:45:00,0.0
2024-12-07 07:00:00,0.0
2024-12-07 07:15:00,0.0
2024-12-07 07:30:00,0.0
2024-12-07 07:45:00,0.0
2024-12-07 08:00:00,0.0
2024-12-07 08:15:00,0.0
2024-12-07 08:30:00,0.0
2024-12-07 08:45:00,0.0
2024-12-07 09:00:00,0.0
2024-12-07 09:15:00,0.0
2024-12-07 09:30:00,0.0
2024-12-07 09:45:00,0.0
2024-12-07 10:00:00,0.0
2024-12-07 10:15:00,0.0
2024-12-07 10:30:00,0.0
2024-12-07 10:45:00,0.0
2024-12-07 11:00:00,0.0
2024-12-07 11:15:00,0.0
2024-12-07 11:30:00,0.0
2024-12-07 11:45:00,0.0
2024-12-07 12:00:00,0.0
2024-12-07 12:15:00,0.0
2024-12-07 12:30:00,0.0
2024-12-07 12:45:00,0.0
2024-12-07 13:00:00,0.0
2024-12-07 13:15:00,0.0
2024-12-07 13:30:00,0.0
2024-12-07 13:45:00,0.0
2024-12-07 14:00:00,0.0
2024-12-07 14:15:00,0.0
2024-12-07 14:30:00,0.0
2024-12-07 14:45:00,0.0
2024-12-07 15:00:00,0.0
2024-12-07 15:15:00,0.0
2024-12-07 15:30:00,0.0
2024-12-07 15:45:00,0.0
2024-12-07 16:00:00,0.0
2024-12-07 16:15:00,0.0
2024-12-07 16:30:00,0.0
2024-12-07 16:45:00,0.0
2024-12-07 17:00:00,0.0
2024-12-07 17:15:00,0.0
2024-12-07 17:30:00,0.0
2024-12-07 17:45:00,0.0
2024-12-07 18:00:00,0.0
2024-12-07 18:15:00,0.0
2024-12-07 18:30:00,0.0
2024-12-07 18:45:00,0.0
2024-12-07 19:00:00,0.0
2024-12-07 19:15:00,0.0
2024-12-07 19:30:00,0.0
2024-12-07 19:45:00,0.0
2024-12-07 20:00:00,0.0
2024-12-07 20:15:00,0.0
2024-12-07 20:30:00,0.0
2024-12-07 20:45:00,0.0
2024-12-07 21:00:00,0.0
2024-12-07 21:15:00,0.0
2024-12-07 21:30:00,0.0
2024-12-07 21:45:00,0.0
2024-12-07 22:00:00,0.0
2024-12-07 22:15:00,0.0
2024-12-07 22:30:00,0.0
2024-12-07 22:45:00,0.0
2024-12-07 23:00:00,0.0
2024-12-07 23:15:00,0.0
2024-12-07 23:30:00,0.0
2024-12-07 23:45:00,0.0
2024-12-08 00:00:00,2.019317626953125
2024-12-08 00:15:00,1.6736727952957153
2024-12-08 00:30:00,1.6177610158920288
2024-12-08 00:45:00,1.62054443359375
2024-12-08 01:00:00,1.4592859745025635
2024-12-08 01:15:00,1.21051025390625
2024-12-08 01:30:00,1.3923286199569702
2024-12-08 01:45:00,1.339634656906128
2024-12-08 02:00:00,1.263537883758545
2024-12-08 02:15:00,1.0539789199829102
2024-12-08 02:30:00,1.1350914239883423
2024-12-08 02:45:00,1.04478120803833
2024-12-08 03:00:00,1.1511406898498535
2024-12-08 03:15:00,0.9820792078971863
2024-12-08 03:30:00,1.0050421953201294
2024-12-08 03:45:00,1.1841450929641724
2024-12-08 04:00:00,0.9447198510169983
2024-12-08 04:15:00,0.8660227060317993
2024-12-08 04:30:00,0.8986291885375977
2024-12-08 04:45:00,0.8357623815536499
2024-12-08 05:00:00,0.9100427031517029
2024-12-08 05:15:00,0.9306735396385193
2024-12-08 05:30:00,0.7072305679321289
2024-12-08 05:45:00,0.8389279842376709
2024-12-08 06:00:00,0.8040856122970581
2024-12-08 06:15:00,0.8960114121437073
2024-12-08 06:30:00,0.7358697652816772
2024-12-08 06:45:00,0.761055052280426
2024-12-08 07:00:00,0.9182997345924377
2024-12-08 07:15:00,0.8305763602256775
2024-12-08 07:30:00,0.9768722057342529
2024-12-08 07:45:00,1.115692377090454
2024-12-08 08:00:00,0.7807489633560181
2024-12-08 08:15:00,0.7889212965965271
2024-12-08 08:30:00,0.8333467841148376
2024-12-08 08:45:00,0.8425314426422119
2024-12-08 09:00:00,0.7789250612258911
2024-12-08 09:15:00,0.9203070402145386
2024-12-08 09:30:00,0.7349141240119934
2024-12-08 09:45:00,1.0309966802597046
2024-12-08 10:00:00,0.9960203766822815
2024-12-08 10:15:00,0.9058137536048889
2024-12-08 10:30:00,0.8275912404060364
2024-12-08 10:45:00,0.8303612470626831
2024-12-08 11:00:00,0.761676549911499
2024-12-08 11:15:00,0.8600180149078369
2024-12-08 11:30:00,0.7449296712875366
2024-12-08 11:45:00,0.7618511319160461
2024-12-08 12:00:00,0.7253326177597046
2024-12-08 12:15:00,0.8173363208770752
2024-12-08 12:30:00,0.6309207677841187
2024-12-08 12:45:00,0.6977412104606628
2024-12-08 13:00:00,0.6697732210159302
2024-12-08 13:15:00,0.5239844918251038
2024-12-08 13:30:00,0.72247713804245
2024-12-08 13:45:00,0.7637660503387451
2024-12-08 14:00:00,0.6652206182479858
2024-12-08 14:15:00,0.6253427863121033
2024-12-08 14:30:00,0.8586033582687378
2024-12-08 14:45:00,0.921502947807312
2024-12-08 15:00:00,0.7986314296722412
2024-12-08 15:15:00,0.9275332689285278
2024-12-08 15:30:00,0.9776912331581116
2024-12-08 15:45:00,0.9078847169876099
2024-12-08 16:00:00,1.0848067998886108
2024-12-08 16:15:00,1.1265860795974731
2024-12-08 16:30:00,0.9878147840499878
2024-12-08 16:45:00,0.9213728904724121
2024-12-08 17:00:00,0.8737495541572571
2024-12-08 17:15:00,1.065737247467041
2024-12-08 17:30:00,0.9693993926048279
2024-12-08 17:45:00,0.8848607540130615
2024-12-08 18:00:00,0.7448895573616028
2024-12-08 18:15:00,0.7019568681716919
2024-12-08 18:30:00,0.663350522518158
2024-12-08 18:45:00,0.7069048285484314
2024-12-08 19:00:00,0.8720759749412537
2024-12-08 19:15:00,0.6728241443634033
2024-12-08 19:30:00,0.8280536532402039
2024-12-08 19:45:00,0.8020024299621582
2024-12-08 20:00:00,0.8317755460739136
2024-12-08 20:15:00,0.970136821269989
2024-12-08 20:30:00,0.8540856838226318
2024-12-08 20:45:00,0.8657757639884949
2024-12-08 21:00:00,1.0127990245819092
2024-12-08 21:15:00,1.1022226810455322
2024-12-08 21:30:00,0.9418942928314209
2024-12-08 21:45:00,1.147875428199768
2024-12-08 22:00:00,1.2264561653137207
2024-12-08 22:15:00,1.2438613176345825
2024-12-08 22:30:00,1.4219400882720947
2024-12-08 22:45:00,1.4484012126922607
2024-12-08 23:00:00,1.3415038585662842
2024-12-08 23:15:00,1.2741925716400146
2024-12-08 23:30:00,1.5157735347747803
2024-12-08 23:45:00,1.4568686485290527
2024-12-09 00:00:00,11.968745231628418
2024-12-09 00:15:00,11.59111499786377
2024-12-09 00:30:00,11.523788452148438
2024-12-09 00:45:00,11.21987533569336
2024-12-09 01:00:00,11.107309341430664
2024-12-09 01:15:00,10.851046562194824
2024-12-09 01:30:00,10.713215827941895
2024-12-09 01:45:00,10.48854923248291
2024-12-09 02:00:00,10.337605476379395
2024-12-09 02:15:00,10.134617805480957
2024-12-09 02:30:00,9.977924346923828
2024-12-09 02:45:00,9.790461540222168
2024-12-09 03:00:00,9.632451057434082
2024-12-09 03:15:00,9.4566650390625
2024-12-09 03:30:00,9.299976348876953
2024-12-09 03:45:00,9.133435249328613
2024-12-09 04:00:00,8.979612350463867
2024-12-09 04:15:00,8.820755958557129
2024-12-09 04:30:00,8.670674324035645
2024-12-09 04:45:00,8.518475532531738
2024-12-09 05:00:00,8.372603416442871
2024-12-09 05:15:00,8.226367950439453
2024-12-09 05:30:00,8.084925651550293
2024-12-09 05:45:00,7.944162368774414
2024-12-09 06:00:00,7.807221412658691
2024-12-09 06:15:00,7.671567440032959
2024-12-09 06:30:00,7.5391106605529785
2024-12-09 06:45:00,7.408283233642578
2024-12-09 07:00:00,7.280241012573242
2024-12-09 07:15:00,7.154008865356445
2024-12-09 07:30:00,7.030281066894531
2024-12-09 07:45:00,6.908446311950684
2024-12-09 08:00:00,6.788916110992432
2024-12-09 08:15:00,6.671302795410156
2024-12-09 08:30:00,6.555845260620117
2024-12-09 08:45:00,6.442293167114258
2024-12-09 09:00:00,6.330780506134033
2024-12-09 09:15:00,6.221141338348389
2024-12-09 09:30:00,6.113445281982422
2024-12-09 09:45:00,6.0075788497924805
2024-12-09 10:00:00,5.903573036193848
2024-12-09 10:15:00,5.801346302032471
2024-12-09 10:30:00,5.700906276702881
2024-12-09 10:45:00,5.602192401885986
2024-12-09 11:00:00,5.505198001861572
2024-12-09 11:15:00,5.40987491607666
2024-12-09 11:30:00,5.316208839416504
2024-12-09 11:45:00,5.224159240722656
2024-12-09 12:00:00,5.133707523345947
2024-12-09 12:15:00,5.044818878173828
2024-12-09 12:30:00,4.9574713706970215
2024-12-09 12:45:00,4.871634483337402
2024-12-09 13:00:00,4.787285327911377
2024-12-09 13:15:00,4.704395771026611
2024-12-09 13:30:00,4.622941970825195
2024-12-09 13:45:00,4.542897701263428
2024-12-09 14:00:00,4.464240074157715
2024-12-09 14:15:00,4.386943817138672
2024-12-09 14:30:00,4.310986518859863
2024-12-09 14:45:00,4.236343860626221
2024-12-09 15:00:00,4.162993907928467
2024-12-09 15:15:00,4.090913772583008
2024-12-09 15:30:00,4.020081996917725
2024-12-09 15:45:00,3.9504764080047607
2024-12-09 16:00:00,3.8820760250091553
2024-12-09 16:15:00,3.8148598670959473
2024-12-09 16:30:00,3.748807668685913
2024-12-09 16:45:00,3.683899164199829
2024-12-09 17:00:00,3.62011456489563
2024-12-09 17:15:00,3.557434320449829
2024-12-09 17:30:00,3.4958393573760986
2024-12-09 17:45:00,3.4353108406066895
2024-12-09 18:00:00,3.3758301734924316
2024-12-09 18:15:00,3.3173794746398926
2024-12-09 18:30:00,3.2599408626556396
2024-12-09 18:45:00,3.2034966945648193
2024-12-09 19:00:00,3.1480298042297363
2024-12-09 19:15:00,3.0935232639312744
2024-12-09 19:30:00,3.0399606227874756
2024-12-09 19:45:00,2.987325429916382
2024-12-09 20:00:00,2.9356014728546143
2024-12-09 20:15:00,2.884773015975952
2024-12-09 20:30:00,2.834824800491333
2024-12-09 20:45:00,2.7857413291931152
2024-12-09 21:00:00,2.7375078201293945
2024-12-09 21:15:00,2.6901092529296875
2024-12-09 21:30:00,2.643531560897827
2024-12-09 21:45:00,2.5977602005004883
2024-12-09 22:00:00,2.552781343460083
2024-12-09 22:15:00,2.5085813999176025
2024-12-09 22:30:00,2.465146780014038
2024-12-09 22:45:00,2.42246413230896
2024-12-09 23:00:00,2.3805205821990967
2024-12-09 23:15:00,2.3393032550811768
2024-12-09 23:30:00,2.298799514770508
2024-12-09 23:45:00,2.2589969635009766
2024-12-10 00:00:00,6.2699827464463604
2024-12-10 00:15:00,6.30902383009373
2024-12-10 00:30:00,6.348064913741097
2024-12-10 00:45:00,6.387105997388466
2024-12-10 01:00:00,6.426147081035835
2024-12-10 01:15:00,6.4651881646832035
2024-12-10 01:30:00,6.504229248330573
2024-12-10 01:45:00,6.543270331977942
2024-12-10 02:00:00,6.582311415625311
2024-12-10 02:15:00,6.62135249927268
2024-12-10 02:30:00,6.660393582920047
2024-12-10 02:45:00,6.6994346665674165
2024-12-10 03:00:00,6.738475750214786
2024-12-10 03:15:00,6.777516833862155
2024-12-10 03:30:00,6.816557917509524
2024-12-10 03:45:00,6.855599001156894
2024-12-10 04:00:00,6.894640084804261
2024-12-10 04:15:00,6.93368116845163
2024-12-10 04:30:00,6.9727222520989995
2024-12-10 04:45:00,7.011763335746369
2024-12-10 05:00:00,7.050804419393736
2024-12-10 05:15:00,7.089845503041105
2024-12-10 05:30:00,7.128886586688475
2024-12-10 05:45:00,7.167927670335844
2024-12-10 06:00:00,7.206968753983212
2024-12-10 06:15:00,7.246009837630581
2024-12-10 06:30:00,7.28505092127795
2024-12-10 06:45:00,7.324092004925319
2024-12-10 07:00:00,7.363133088572688
2024-12-10 07:15:00,7.402174172220057
2024-12-10 07:30:00,7.441215255867426
2024-12-10 07:45:00,7.480256339514795
2024-12-10 08:00:00,7.519297423162164
2024-12-10 08:15:00,7.558338506809533
2024-12-10 08:30:00,7.597379590456902
2024-12-10 08:45:00,7.636420674104271
2024-12-10 09:00:00,7.675461757751639
2024-12-10 09:15:00,7.714502841399008
2024-12-10 09:30:00,7.753543925046377
2024-12-10 09:45:00,7.792585008693745
2024-12-10 10:00:00,7.831626092341114
2024-12-10 10:15:00,7.870667175988483
2024-12-10 10:30:00,7.909708259635853
2024-12-10 10:45:00,7.948749343283222
2024-12-10 11:00:00,7.987790426930589
2024-12-10 11:15:00,8.026831510577958
2024-12-10 11:30:00,8.065872594225327
2024-12-10 11:45:00,8.104913677872696
2024-12-10 12:00:00,8.143954761520066
2024-12-10 12:15:00,8.182995845167435
2024-12-10 12:30:00,8.222036928814804
2024-12-10 12:45:00,8.261078012462173
2024-12-10 13:00:00,8.300119096109542
2024-12-10 13:15:00,8.339160179756911
2024-12-10 13:30:00,8.37820126340428
2024-12-10 13:45:00,8.417242347051648
2024-12-10 14:00:00,8.456283430699017
2024-12-10 14:15:00,8.495324514346386
2024-12-10 14:30:00,8.534365597993753
2024-12-10 14:45:00,8.573406681641123
2024-12-10 15:00:00,8.612447765288492
2024-12-10 15:15:00,8.65148884893586
2024-12-10 15:30:00,8.69052993258323
2024-12-10 15:45:00,8.729571016230599
2024-12-10 16:00:00,8.768612099877966
2024-12-10 16:15:00,8.807653183525336
2024-12-10 16:30:00,8.846694267172705
2024-12-10 16:45:00,8.885735350820076
2024-12-10 17:00:00,8.924776434467445
2024-12-10 17:15:00,8.963817518114814
2024-12-10 17:30:00,9.002858601762181
2024-12-10 17:45:00,9.04189968540955
2024-12-10 18:00:00,9.08094076905692
2024-12-10 18:15:00,9.119981852704289
2024-12-10 18:30:00,9.159022936351656
2024-12-10 18:45:00,9.198064019999025
2024-12-10 19:00:00,9.237105103646394
2024-12-10 19:15:00,9.276146187293763
2024-12-10 19:30:00,9.31518727094113
2024-12-10 19:45:00,9.3542283545885
2024-12-10 20:00:00,9.393269438235869
2024-12-10 20:15:00,9.432310521883238
2024-12-10 20:30:00,9.471351605530607
2024-12-10 20:45:00,9.510392689177976
2024-12-10 21:00:00,9.549433772825346
2024-12-10 21:15:00,9.588474856472715
2024-12-10 21:30:00,9.627515940120084
2024-12-10 21:45:00,9.666557023767451
2024-12-10 22:00:00,9.70559810741482
2024-12-10 22:15:00,9.74463919106219
2024-12-10 22:30:00,9.783680274709559
2024-12-10 22:45:00,9.822721358356926
2024-12-10 23:00:00,9.861762442004295
2024-12-10 23:15:00,9.900803525651664
2024-12-10 23:30:00,9.939844609299033
2024-12-10 23:45:00,9.978885692946402
2024-12-11 00:00:00,3.687258986846725
2024-12-11 00:15:00,3.7749468598798233
2024-12-11 00:30:00,3.862634732912922
2024-12-11 00:45:00,3.95032260594602
2024-12-11 01:00:00,4.0380104789791185
2024-12-11 01:15:00,4.125698352012217
2024-12-11 01:30:00,4.213386225045315
2024-12-11 01:45:00,4.301074098078413
2024-12-11 02:00:00,4.388761971111511
2024-12-11 02:15:00,4.476449844144609
2024-12-11 02:30:00,4.564137717177707
2024-12-11 02:45:00,4.651825590210805
2024-12-11 03:00:00,4.739513463243904
2024-12-11 03:15:00,4.827201336277002
2024-12-11 03:30:00,4.9148892093101
2024-12-11 03:45:00,5.0025770823431985
2024-12-11 04:00:00,5.090264955376297
2024-12-11 04:15:00,5.177952828409395
2024-12-11 04:30:00,5.265640701442493
2024-12-11 04:45:00,5.353328574475592
2024-12-11 05:00:00,5.441016447508689
2024-12-11 05:15:00,5.528704320541788
2024-12-11 05:30:00,5.616392193574886
2024-12-11 05:45:00,5.704080066607984
2024-12-11 06:00:00,5.791767939641082
2024-12-11 06:15:00,5.8794558126741805
2024-12-11 06:30:00,5.9671436857072795
2024-12-11 06:45:00,6.054831558740377
2024-12-11 07:00:00,6.142519431773476
2024-12-11 07:15:00,6.230207304806573
2024-12-11 07:30:00,6.317895177839672
2024-12-11 07:45:00,6.405583050872769
2024-12-11 08:00:00,6.493270923905868
2024-12-11 08:15:00,6.580958796938966
2024-12-11 08:30:00,6.668646669972064
2024-12-11 08:45:00,6.7563345430051625
2024-12-11 09:00:00,6.844022416038261
2024-12-11 09:15:00,6.9317102890713596
2024-12-11 09:30:00,7.019398162104457
2024-12-11 09:45:00,7.107086035137556
2024-12-11 10:00:00,7.194773908170653
2024-12-11 10:15:00,7.282461781203752
2024-12-11 10:30:00,7.37014965423685
2024-12-11 10:45:00,7.457837527269948
2024-12-11 11:00:00,7.545525400303046
2024-12-11 11:15:00,7.633213273336144
2024-12-11 11:30:00,7.7209011463692425
2024-12-11 11:45:00,7.8085890194023415
2024-12-11 12:00:00,7.89627689243544
2024-12-11 12:15:00,7.983964765468538
2024-12-11 12:30:00,8.071652638501636
2024-12-11 12:45:00,8.159340511534733
2024-12-11 13:00:00,8.247028384567832
2024-12-11 13:15:00,8.334716257600931
2024-12-11 13:30:00,8.422404130634028
2024-12-11 13:45:00,8.510092003667127
2024-12-11 14:00:00,8.597779876700226
2024-12-11 14:15:00,8.685467749733323
2024-12-11 14:30:00,8.77315562276642
2024-12-11 14:45:00,8.86084349579952
2024-12-11 15:00:00,8.948531368832619
2024-12-11 15:15:00,9.036219241865716
2024-12-11 15:30:00,9.123907114898813
2024-12-11 15:45:00,9.211594987931914
2024-12-11 16:00:00,9.299282860965011
2024-12-11 16:15:00,9.38697073399811
2024-12-11 16:30:00,9.474658607031209
2024-12-11 16:45:00,9.562346480064306
2024-12-11 17:00:00,9.650034353097404
2024-12-11 17:15:00,9.737722226130503
2024-12-11 17:30:00,9.825410099163602
2024-12-11 17:45:00,9.913097972196699
2024-12-11 18:00:00,10.000785845229796
2024-12-11 18:15:00,10.088473718262897
2024-12-11 18:30:00,10.176161591295994
2024-12-11 18:45:00,10.263849464329091
2024-12-11 19:00:00,10.35153733736219
2024-12-11 19:15:00,10.43922521039529
2024-12-11 19:30:00,10.526913083428386
2024-12-11 19:45:00,10.614600956461484
2024-12-11 20:00:00,10.702288829494583
2024-12-11 20:15:00,10.789976702527682
2024-12-11 20:30:00,10.877664575560779
2024-12-11 20:45:00,10.965352448593878
2024-12-11 21:00:00,11.053040321626977
2024-12-11 21:15:00,11.140728194660074
2024-12-11 21:30:00,11.228416067693171
2024-12-11 21:45:00,11.31610394072627
2024-12-11 22:00:00,11.40379181375937
2024-12-11 22:15:00,11.491479686792466
2024-12-11 22:30:00,11.579167559825565
2024-12-11 22:45:00,11.666855432858663
2024-12-11 23:00:00,11.754543305891762
2024-12-11 23:15:00,11.84223117892486
2024-12-11 23:30:00,11.929919051957958
2024-12-11 23:45:00,12.017606924991057
2024-12-12 00:00:00,6.813361644744873
2024-12-12 00:15:00,8.497086524963379
2024-12-12 00:30:00,11.096633911132812
2024-12-12 00:45:00,9.981966972351074
2024-12-12 01:00:00,8.940914154052734
2024-12-12 01:15:00,5.50230598449707
2024-12-12 01:30:00,4.458993911743164
2024-12-12 01:45:00,4.224752902984619
2024-12-12 02:00:00,5.394636154174805
2024-12-12 02:15:00,6.525448799133301
2024-12-12 02:30:00,4.208279132843018
2024-12-12 02:45:00,4.9612135887146
2024-12-12 03:00:00,4.1212005615234375
2024-12-12 03:15:00,4.7148919105529785
2024-12-12 03:30:00,5.318791389465332
2024-12-12 03:45:00,6.344820976257324
2024-12-12 04:00:00,5.274142742156982
2024-12-12 04:15:00,3.5189056396484375
2024-12-12 04:30:00,5.380859851837158
2024-12-12 04:45:00,5.507838249206543
2024-12-12 05:00:00,6.679080963134766
2024-12-12 05:15:00,6.750362396240234
2024-12-12 05:30:00,6.275604248046875
2024-12-12 05:45:00,4.817136764526367
2024-12-12 06:00:00,6.394073009490967
2024-12-12 06:15:00,4.76131534576416
2024-12-12 06:30:00,4.4001240730285645
2024-12-12 06:45:00,4.027649879455566
2024-12-12 07:00:00,3.987919807434082
2024-12-12 07:15:00,3.7793257236480713
2024-12-12 07:30:00,2.3629705905914307
2024-12-12 07:45:00,3.3157007694244385
2024-12-12 08:00:00,3.7597155570983887
2024-12-12 08:15:00,4.471083641052246
2024-12-12 08:30:00,2.627110242843628
2024-12-12 08:45:00,4.064522743225098
2024-12-12 09:00:00,3.5843076705932617
2024-12-12 09:15:00,5.402409553527832
2024-12-12 09:30:00,5.752311706542969
2024-12-12 09:45:00,3.7582907676696777
2024-12-12 10:00:00,3.678603172302246
2024-12-12 10:15:00,3.4204494953155518
2024-12-12 10:30:00,4.65818977355957
2024-12-12 10:45:00,3.80710506439209
2024-12-12 11:00:00,5.751132011413574
2024-12-12 11:15:00,4.636850357055664
2024-12-12 11:30:00,2.075660228729248
2024-12-12 11:45:00,2.504098415374756
2024-12-12 12:00:00,3.1051552295684814
2024-12-12 12:15:00,1.7411737442016602
2024-12-12 12:30:00,0.029613733291625977
2024-12-12 12:45:00,3.852698802947998
2024-12-12 13:00:00,3.2940328121185303
2024-12-12 13:15:00,4.406664848327637
2024-12-12 13:30:00,3.977321147918701
2024-12-12 13:45:00,3.237537145614624
2024-12-12 14:00:00,4.609890460968018
2024-12-12 14:15:00,4.613295555114746
2024-12-12 14:30:00,4.325383186340332
2024-12-12 14:45:00,4.391876697540283
2024-12-12 15:00:00,4.452875137329102
2024-12-12 15:15:00,6.130405902862549
2024-12-12 15:30:00,5.0432891845703125
2024-12-12 15:45:00,6.1806321144104
2024-12-12 16:00:00,5.920627593994141
2024-12-12 16:15:00,5.951684951782227
2024-12-12 16:30:00,6.118775367736816
2024-12-12 16:45:00,7.067748546600342
2024-12-12 17:00:00,6.20681619644165
2024-12-12 17:15:00,8.640379905700684
2024-12-12 17:30:00,9.895392417907715
2024-12-12 17:45:00,7.297492980957031
2024-12-12 18:00:00,7.325985908508301
2024-12-12 18:15:00,6.520703315734863
2024-12-12 18:30:00,7.3375349044799805
2024-12-12 18:45:00,6.661789894104004
2024-12-12 19:00:00,7.4699811935424805
2024-12-12 19:15:00,5.051546573638916
2024-12-12 19:30:00,6.1890788078308105
2024-12-12 19:45:00,6.15844202041626
2024-12-12 20:00:00,6.289820194244385
2024-12-12 20:15:00,6.659217834472656
2024-12-12 20:30:00,6.78261661529541
2024-12-12 20:45:00,7.2872138023376465
2024-12-12 21:00:00,7.871788024902344
2024-12-12 21:15:00,8.170124053955078
2024-12-12 21:30:00,8.026712417602539
2024-12-12 21:45:00,7.104510307312012
2024-12-12 22:00:00,7.5009918212890625
2024-12-12 22:15:00,5.8865180015563965
2024-12-12 22:30:00,7.536660194396973
2024-12-12 22:45:00,7.324216842651367
2024-12-12 23:00:00,8.589919090270996
2024-12-12 23:15:00,8.594955444335938
2024-12-12 23:30:00,7.476390838623047
2024-12-12 23:45:00,7.182147979736328
2024-12-13 00:00:00,108.43180847167969
2024-12-13 00:15:00,109.6925048828125
2024-12-13 00:30:00,110.17585754394531
2024-12-13 00:45:00,104.80430603027344
2024-12-13 01:00:00,89.19575500488281
2024-12-13 01:15:00,81.8624267578125
2024-12-13 01:30:00,85.54954528808594
2024-12-13 01:45:00,80.32759094238281
2024-12-13 02:00:00,94.31440734863281
2024-12-13 02:15:00,89.10655212402344
2024-12-13 02:30:00,82.51043701171875
2024-12-13 02:45:00,75.0596923828125
2024-12-13 03:00:00,74.9118881225586
2024-12-13 03:15:00,83.38143920898438
2024-12-13 03:30:00,85.43359375
2024-12-13 03:45:00,86.16917419433594
2024-12-13 04:00:00,79.77758026123047
2024-12-13 04:15:00,67.72228240966797
2024-12-13 04:30:00,81.394287109375
2024-12-13 04:45:00,77.61708068847656
2024-12-13 05:00:00,70.7242660522461
2024-12-13 05:15:00,74.68904113769531
2024-12-13 05:30:00,59.05037307739258
2024-12-13 05:45:00,62.91209030151367
2024-12-13 06:00:00,66.87767791748047
2024-12-13 06:15:00,57.95295333862305
2024-12-13 06:30:00,65.28826141357422
2024-12-13 06:45:00,63.366668701171875
2024-12-13 07:00:00,63.64856719970703
2024-12-13 07:15:00,64.18089294433594
2024-12-13 07:30:00,55.52824401855469
2024-12-13 07:45:00,58.434661865234375
2024-12-13 08:00:00,59.094810485839844
2024-12-13 08:15:00,58.094146728515625
2024-12-13 08:30:00,54.628807067871094
2024-12-13 08:45:00,52.728118896484375
2024-12-13 09:00:00,57.36824417114258
2024-12-13 09:15:00,56.72898864746094
2024-12-13 09:30:00,55.678466796875
2024-12-13 09:45:00,55.200965881347656
2024-12-13 10:00:00,52.525909423828125
2024-12-13 10:15:00,50.43592071533203
2024-12-13 10:30:00,54.65696716308594
2024-12-13 10:45:00,53.177955627441406
2024-12-13 11:00:00,50.81178283691406
2024-12-13 11:15:00,52.31755828857422
2024-12-13 11:30:00,44.0233039855957
2024-12-13 11:45:00,44.93474197387695
2024-12-13 12:00:00,53.458683013916016
2024-12-13 12:15:00,46.661712646484375
2024-12-13 12:30:00,48.33340835571289
2024-12-13 12:45:00,54.51984786987305
2024-12-13 13:00:00,64.02771759033203
2024-12-13 13:15:00,64.49639892578125
2024-12-13 13:30:00,59.522789001464844
2024-12-13 13:45:00,47.37704086303711
2024-12-13 14:00:00,52.75006103515625
2024-12-13 14:15:00,53.65254211425781
2024-12-13 14:30:00,52.10932922363281
2024-12-13 14:45:00,54.664024353027344
2024-12-13 15:00:00,56.836631774902344
2024-12-13 15:15:00,54.42203140258789
2024-12-13 15:30:00,48.603240966796875
2024-12-13 15:45:00,48.89630889892578
2024-12-13 16:00:00,36.92033767700195
2024-12-13 16:15:00,44.21037292480469
2024-12-13 16:30:00,38.75295639038086
2024-12-13 16:45:00,45.125152587890625
2024-12-13 17:00:00,40.921451568603516
2024-12-13 17:15:00,46.649166107177734
2024-12-13 17:30:00,54.851585388183594
2024-12-13 17:45:00,50.26028060913086
2024-12-13 18:00:00,53.811771392822266
2024-12-13 18:15:00,46.03179168701172
2024-12-13 18:30:00,51.07243347167969
2024-12-13 18:45:00,54.02960205078125
2024-12-13 19:00:00,51.47371292114258
2024-12-13 19:15:00,50.01146697998047
2024-12-13 19:30:00,50.508995056152344
2024-12-13 19:45:00,54.095298767089844
2024-12-13 20:00:00,53.438690185546875
2024-12-13 20:15:00,48.84962463378906
2024-12-13 20:30:00,54.62400817871094
2024-12-13 20:45:00,53.451080322265625
2024-12-13 21:00:00,49.17448043823242
2024-12-13 21:15:00,45.44430923461914
2024-12-13 21:30:00,43.67001724243164
2024-12-13 21:45:00,44.8421745300293
2024-12-13 22:00:00,39.43109893798828
2024-12-13 22:15:00,40.24148178100586
2024-12-13 22:30:00,41.36204528808594
2024-12-13 22:45:00,49.32906723022461
2024-12-13 23:00:00,47.9221076965332
2024-12-13 23:15:00,51.368587493896484
2024-12-13 23:30:00,41.58881378173828
2024-12-13 23:45:00,41.53361892700195
2024-12-14 00:00:00,43.46068088041168
2024-12-14 00:15:00,43.46068088041168
2024-12-14 00:30:00,43.46068088041168
2024-12-14 00:45:00,43.46068088041168
2024-12-14 01:00:00,43.46068088041168
2024-12-14 01:15:00,43.46068088041168
2024-12-14 01:30:00,43.46068088041168
2024-12-14 01:45:00,43.46068088041168
2024-12-14 02:00:00,43.46068088041168
2024-12-14 02:15:00,43.46068088041168
2024-12-14 02:30:00,43.46068088041168
2024-12-14 02:45:00,43.46068088041168
2024-12-14 03:00:00,43.46068088041168
2024-12-14 03:15:00,43.46068088041168
2024-12-14 03:30:00,43.46068088041168
2024-12-14 03:45:00,43.46068088041168
2024-12-14 04:00:00,43.46068088041168
2024-12-14 04:15:00,43.46068088041168
2024-12-14 04:30:00,43.46068088041168
2024-12-14 04:45:00,43.46068088041168
2024-12-14 05:00:00,43.46068088041168
2024-12-14 05:15:00,43.46068088041168
2024-12-14 05:30:00,43.46068088041168
2024-12-14 05:45:00,43.46068088041168
2024-12-14 06:00:00,43.46068088041168
2024-12-14 06:15:00,43.46068088041168
2024-12-14 06:30:00,43.46068088041168
2024-12-14 06:45:00,43.46068088041168
2024-12-14 07:00:00,43.46068088041168
2024-12-14 07:15:00,43.46068088041168
2024-12-14 07:30:00,43.46068088041168
2024-12-14 07:45:00,43.46068088041168
2024-12-14 08:00:00,43.46068088041168
2024-12-14 08:15:00,43.46068088041168
2024-12-14 08:30:00,43.46068088041168
2024-12-14 08:45:00,43.46068088041168
2024-12-14 09:00:00,43.46068088041168
2024-12-14 09:15:00,43.46068088041168
2024-12-14 09:30:00,43.46068088041168
2024-12-14 09:45:00,43.46068088041168
2024-12-14 10:00:00,43.46068088041168
2024-12-14 10:15:00,43.46068088041168
2024-12-14 10:30:00,43.46068088041168
2024-12-14 10:45:00,43.46068088041168
2024-12-14 11:00:00,43.46068088041168
2024-12-14 11:15:00,43.46068088041168
2024-12-14 11:30:00,43.46068088041168
2024-12-14 11:45:00,43.46068088041168
2024-12-14 12:00:00,43.46068088041168
2024-12-14 12:15:00,43.46068088041168
2024-12-14 12:30:00,43.46068088041168
2024-12-14 12:45:00,43.46068088041168
2024-12-14 13:00:00,43.46068088041168
2024-12-14 13:15:00,43.46068088041168
2024-12-14 13:30:00,43.46068088041168
2024-12-14 13:45:00,43.46068088041168
2024-12-14 14:00:00,43.46068088041168
2024-12-14 14:15:00,43.46068088041168
2024-12-14 14:30:00,43.46068088041168
2024-12-14 14:45:00,43.46068088041168
2024-12-14 15:00:00,43.46068088041168
2024-12-14 15:15:00,43.46068088041168
2024-12-14 15:30:00,43.46068088041168
2024-12-14 15:45:00,43.46068088041168
2024-12-14 16:00:00,43.46068088041168
2024-12-14 16:15:00,43.46068088041168
2024-12-14 16:30:00,43.46068088041168
2024-12-14 16:45:00,43.46068088041168
2024-12-14 17:00:00,43.46068088041168
2024-12-14 17:15:00,43.46068088041168
2024-12-14 17:30:00,43.46068088041168
2024-12-14 17:45:00,43.46068088041168
2024-12-14 18:00:00,43.46068088041168
2024-12-14 18:15:00,43.46068088041168
2024-12-14 18:30:00,43.46068088041168
2024-12-14 18:45:00,43.46068088041168
2024-12-14 19:00:00,43.46068088041168
2024-12-14 19:15:00,43.46068088041168
2024-12-14 19:30:00,43.46068088041168
2024-12-14 19:45:00,43.46068088041168
2024-12-14 20:00:00,43.46068088041168
2024-12-14 20:15:00,43.46068088041168
2024-12-14 20:30:00,43.46068088041168
2024-12-14 20:45:00,43.46068088041168
2024-12-14 21:00:00,43.46068088041168
2024-12-14 21:15:00,43.46068088041168
2024-12-14 21:30:00,43.46068088041168
2024-12-14 21:45:00,43.46068088041168
2024-12-14 22:00:00,43.46068088041168
2024-12-14 22:15:00,43.46068088041168
2024-12-14 22:30:00,43.46068088041168
2024-12-14 22:45:00,43.46068088041168
2024-12-14 23:00:00,43.46068088041168
2024-12-14 23:15:00,43.46068088041168
2024-12-14 23:30:00,43.46068088041168
2024-12-14 23:45:00,43.46068088041168
2024-12-15 00:00:00,109.15696716308594
2024-12-15 00:15:00,128.8001708984375
2024-12-15 00:30:00,106.34130859375
2024-12-15 00:45:00,112.08454895019531
2024-12-15 01:00:00,120.42271423339844
2024-12-15 01:15:00,115.28447723388672
2024-12-15 01:30:00,120.63079833984375
2024-12-15 01:45:00,101.96856689453125
2024-12-15 02:00:00,105.37639617919922
2024-12-15 02:15:00,114.22447967529297
2024-12-15 02:30:00,116.35811614990234
2024-12-15 02:45:00,119.76942443847656
2024-12-15 03:00:00,111.71803283691406
2024-12-15 03:15:00,113.59780883789062
2024-12-15 03:30:00,109.61137390136719
2024-12-15 03:45:00,111.16685485839844
2024-12-15 04:00:00,104.4574966430664
2024-12-15 04:15:00,107.95773315429688
2024-12-15 04:30:00,98.1976089477539
2024-12-15 04:45:00,126.41319274902344
2024-12-15 05:00:00,103.48245239257812
2024-12-15 05:15:00,103.56114196777344
2024-12-15 05:30:00,114.25164794921875
2024-12-15 05:45:00,104.66284942626953
2024-12-15 06:00:00,111.28595733642578
2024-12-15 06:15:00,112.7905044555664
2024-12-15 06:30:00,113.88177490234375
2024-12-15 06:45:00,108.44108581542969
2024-12-15 07:00:00,121.66864013671875
2024-12-15 07:15:00,103.88671875
2024-12-15 07:30:00,105.65910339355469
2024-12-15 07:45:00,113.01268005371094
2024-12-15 08:00:00,121.40754699707031
2024-12-15 08:15:00,112.16315460205078
2024-12-15 08:30:00,107.6794204711914
2024-12-15 08:45:00,119.8045654296875
2024-12-15 09:00:00,107.01580047607422
2024-12-15 09:15:00,113.2581787109375
2024-12-15 09:30:00,111.32913208007812
2024-12-15 09:45:00,109.22534942626953
2024-12-15 10:00:00,102.43595886230469
2024-12-15 10:15:00,104.54234313964844
2024-12-15 10:30:00,107.70844268798828
2024-12-15 10:45:00,113.98589324951172
2024-12-15 11:00:00,108.9163589477539
2024-12-15 11:15:00,123.00135803222656
2024-12-15 11:30:00,130.67404174804688
2024-12-15 11:45:00,112.48826599121094
2024-12-15 12:00:00,105.79562377929688
2024-12-15 12:15:00,133.45907592773438
2024-12-15 12:30:00,109.7922592163086
2024-12-15 12:45:00,122.708740234375
2024-12-15 13:00:00,117.76824951171875
2024-12-15 13:15:00,131.44725036621094
2024-12-15 13:30:00,112.43158721923828
2024-12-15 13:45:00,131.99537658691406
2024-12-15 14:00:00,124.15796661376953
2024-12-15 14:15:00,125.92092895507812
2024-12-15 14:30:00,127.42457580566406
2024-12-15 14:45:00,116.50587463378906
2024-12-15 15:00:00,120.77727508544922
2024-12-15 15:15:00,122.13036346435547
2024-12-15 15:30:00,114.44527435302734
2024-12-15 15:45:00,115.28516387939453
2024-12-15 16:00:00,123.39400482177734
2024-12-15 16:15:00,132.06210327148438
2024-12-15 16:30:00,124.58494567871094
2024-12-15 16:45:00,118.99482727050781
2024-12-15 17:00:00,111.64553833007812
2024-12-15 17:15:00,111.42514038085938
2024-12-15 17:30:00,110.4137954711914
2024-12-15 17:45:00,115.42938995361328
2024-12-15 18:00:00,121.6328125
2024-12-15 18:15:00,122.60618591308594
2024-12-15 18:30:00,102.42147827148438
2024-12-15 18:45:00,112.0577392578125
2024-12-15 19:00:00,107.95236206054688
2024-12-15 19:15:00,116.39283752441406
2024-12-15 19:30:00,121.73509216308594
2024-12-15 19:45:00,108.1743392944336
2024-12-15 20:00:00,123.98704528808594
2024-12-15 20:15:00,107.15689849853516
2024-12-15 20:30:00,124.41407775878906
2024-12-15 20:45:00,106.47956848144531
2024-12-15 21:00:00,99.4356918334961
2024-12-15 21:15:00,107.42554473876953
2024-12-15 21:30:00,102.18185424804688
2024-12-15 21:45:00,125.11361694335938
2024-12-15 22:00:00,99.62376403808594
2024-12-15 22:15:00,106.67273712158203
2024-12-15 22:30:00,118.39131164550781
2024-12-15 22:45:00,112.10775756835938
2024-12-15 23:00:00,111.244140625
2024-12-15 23:15:00,108.8736572265625
2024-12-15 23:30:00,97.6321029663086
2024-12-15 23:45:00,104.18965148925781
2024-12-16 00:00:00,28.58556365966797
2024-12-16 00:15:00,28.16337776184082
2024-12-16 00:30:00,27.779436111450195
2024-12-16 00:45:00,27.37555694580078
2024-12-16 01:00:00,26.99732208251953
2024-12-16 01:15:00,26.608768463134766
2024-12-16 01:30:00,26.238018035888672
2024-12-16 01:45:00,25.862834930419922
2024-12-16 02:00:00,25.500558853149414
2024-12-16 02:15:00,25.13743019104004
2024-12-16 02:30:00,24.784130096435547
2024-12-16 02:45:00,24.4321346282959
2024-12-16 03:00:00,24.088014602661133
2024-12-16 03:15:00,23.74648094177246
2024-12-16 03:30:00,23.41156578063965
2024-12-16 03:45:00,23.079978942871094
2024-12-16 04:00:00,22.75418472290039
2024-12-16 04:15:00,22.432126998901367
2024-12-16 04:30:00,22.115304946899414
2024-12-16 04:45:00,21.802425384521484
2024-12-16 05:00:00,21.4943904876709
2024-12-16 05:15:00,21.190380096435547
2024-12-16 05:30:00,20.890926361083984
2024-12-16 05:45:00,20.595502853393555
2024-12-16 06:00:00,20.30441665649414
2024-12-16 06:15:00,20.017318725585938
2024-12-16 06:30:00,19.734378814697266
2024-12-16 06:45:00,19.455360412597656
2024-12-16 07:00:00,19.180347442626953
2024-12-16 07:15:00,18.9091739654541
2024-12-16 07:30:00,18.64187240600586
2024-12-16 07:45:00,18.378320693969727
2024-12-16 08:00:00,18.11851692199707
2024-12-16 08:15:00,17.862367630004883
2024-12-16 08:30:00,17.609853744506836
2024-12-16 08:45:00,17.360898971557617
2024-12-16 09:00:00,17.1154727935791
2024-12-16 09:15:00,16.87350845336914
2024-12-16 09:30:00,16.634971618652344
2024-12-16 09:45:00,16.39980125427246
2024-12-16 10:00:00,16.167959213256836
2024-12-16 10:15:00,15.93939208984375
2024-12-16 10:30:00,15.714058876037598
2024-12-16 10:45:00,15.49190902709961
2024-12-16 11:00:00,15.27290153503418
2024-12-16 11:15:00,15.056988716125488
2024-12-16 11:30:00,14.844128608703613
2024-12-16 11:45:00,14.63427734375
2024-12-16 12:00:00,14.427392959594727
2024-12-16 12:15:00,14.223433494567871
2024-12-16 12:30:00,14.022357940673828
2024-12-16 12:45:00,13.824124336242676
2024-12-16 13:00:00,13.628693580627441
2024-12-16 13:15:00,13.436025619506836
2024-12-16 13:30:00,13.246081352233887
2024-12-16 13:45:00,13.058821678161621
2024-12-16 14:00:00,12.8742094039917
2024-12-16 14:15:00,12.692207336425781
2024-12-16 14:30:00,12.512778282165527
2024-12-16 14:45:00,12.335886001586914
2024-12-16 15:00:00,12.161494255065918
2024-12-16 15:15:00,11.989567756652832
2024-12-16 15:30:00,11.820072174072266
2024-12-16 15:45:00,11.652972221374512
2024-12-16 16:00:00,11.488234519958496
2024-12-16 16:15:00,11.325825691223145
2024-12-16 16:30:00,11.1657133102417
2024-12-16 16:45:00,11.007863998413086
2024-12-16 17:00:00,10.852246284484863
2024-12-16 17:15:00,10.69882869720459
2024-12-16 17:30:00,10.547579765319824
2024-12-16 17:45:00,10.398468971252441
2024-12-16 18:00:00,10.251465797424316
2024-12-16 18:15:00,10.106541633605957
2024-12-16 18:30:00,9.963665962219238
2024-12-16 18:45:00,9.822810173034668
2024-12-16 19:00:00,9.683945655822754
2024-12-16 19:15:00,9.547043800354004
2024-12-16 19:30:00,9.412077903747559
2024-12-16 19:45:00,9.279019355773926
2024-12-16 20:00:00,9.147842407226562
2024-12-16 20:15:00,9.018519401550293
2024-12-16 20:30:00,8.891024589538574
2024-12-16 20:45:00,8.765332221984863
2024-12-16 21:00:00,8.641417503356934
2024-12-16 21:15:00,8.519253730773926
2024-12-16 21:30:00,8.39881706237793
2024-12-16 21:45:00,8.280083656311035
2024-12-16 22:00:00,8.163028717041016
2024-12-16 22:15:00,8.047628402709961
2024-12-16 22:30:00,7.933859348297119
2024-12-16 22:45:00,7.8216986656188965
2024-12-16 23:00:00,7.711123466491699
2024-12-16 23:15:00,7.60211181640625
2024-12-16 23:30:00,7.494641304016113
2024-12-16 23:45:00,7.388689994812012
2024-12-17 00:00:00,29.18242645263672
2024-12-17 00:15:00,29.052732467651367
2024-12-17 00:30:00,29.06534767150879
2024-12-17 00:45:00,28.782670974731445
2024-12-17 01:00:00,28.527122497558594
2024-12-17 01:15:00,28.45180892944336
2024-12-17 01:30:00,28.274595260620117
2024-12-17 01:45:00,27.749980926513672
2024-12-17 02:00:00,27.383996963500977
2024-12-17 02:15:00,26.716455459594727
2024-12-17 02:30:00,26.32404136657715
2024-12-17 02:45:00,26.112407684326172
2024-12-17 03:00:00,25.710124969482422
2024-12-17 03:15:00,25.474706649780273
2024-12-17 03:30:00,25.113428115844727
2024-12-17 03:45:00,24.63686752319336
2024-12-17 04:00:00,24.070541381835938
2024-12-17 04:15:00,23.64387321472168
2024-12-17 04:30:00,23.369943618774414
2024-12-17 04:45:00,23.18572998046875
2024-12-17 05:00:00,22.775972366333008
2024-12-17 05:15:00,22.350662231445312
2024-12-17 05:30:00,21.983680725097656
2024-12-17 05:45:00,21.64959144592285
2024-12-17 06:00:00,21.230445861816406
2024-12-17 06:15:00,21.34335708618164
2024-12-17 06:30:00,21.273601531982422
2024-12-17 06:45:00,21.370548248291016
2024-12-17 07:00:00,21.19581413269043
2024-12-17 07:15:00,20.909488677978516
2024-12-17 07:30:00,20.65899658203125
2024-12-17 07:45:00,20.563358306884766
2024-12-17 08:00:00,20.276777267456055
2024-12-17 08:15:00,20.11350440979004
2024-12-17 08:30:00,19.89546012878418
2024-12-17 08:45:00,19.641752243041992
2024-12-17 09:00:00,19.402883529663086
2024-12-17 09:15:00,19.22127914428711
2024-12-17 09:30:00,18.962718963623047
2024-12-17 09:45:00,18.704513549804688
2024-12-17 10:00:00,18.431100845336914
2024-12-17 10:15:00,18.16839599609375
2024-12-17 10:30:00,17.978286743164062
2024-12-17 10:45:00,17.80385398864746
2024-12-17 11:00:00,17.67799186706543
2024-12-17 11:15:00,17.485902786254883
2024-12-17 11:30:00,17.200572967529297
2024-12-17 11:45:00,17.17633056640625
2024-12-17 12:00:00,17.184356689453125
2024-12-17 12:15:00,17.365253448486328
2024-12-17 12:30:00,17.520692825317383
2024-12-17 12:45:00,17.45568084716797
2024-12-17 13:00:00,17.243267059326172
2024-12-17 13:15:00,17.123620986938477
2024-12-17 13:30:00,17.157581329345703
2024-12-17 13:45:00,17.043140411376953
2024-12-17 14:00:00,17.09166717529297
2024-12-17 14:15:00,16.908349990844727
2024-12-17 14:30:00,16.833171844482422
2024-12-17 14:45:00,16.51894760131836
2024-12-17 15:00:00,16.168134689331055
2024-12-17 15:15:00,15.806734085083008
2024-12-17 15:30:00,15.551307678222656
2024-12-17 15:45:00,15.226107597351074
2024-12-17 16:00:00,15.208112716674805
2024-12-17 16:15:00,15.202191352844238
2024-12-17 16:30:00,15.250112533569336
2024-12-17 16:45:00,15.1931791305542
2024-12-17 17:00:00,15.114521026611328
2024-12-17 17:15:00,14.920665740966797
2024-12-17 17:30:00,14.92839527130127
2024-12-17 17:45:00,15.110177993774414
2024-12-17 18:00:00,15.276442527770996
2024-12-17 18:15:00,15.425759315490723
2024-12-17 18:30:00,15.53342342376709
2024-12-17 18:45:00,15.572766304016113
2024-12-17 19:00:00,15.644002914428711
2024-12-17 19:15:00,15.82911491394043
2024-12-17 19:30:00,16.043319702148438
2024-12-17 19:45:00,16.129236221313477
2024-12-17 20:00:00,16.078380584716797
2024-12-17 20:15:00,15.937121391296387
2024-12-17 20:30:00,15.82800006866455
2024-12-17 20:45:00,15.495271682739258
2024-12-17 21:00:00,15.104498863220215
2024-12-17 21:15:00,14.790939331054688
2024-12-17 21:30:00,14.525245666503906
2024-12-17 21:45:00,14.279925346374512
2024-12-17 22:00:00,13.99215316772461
2024-12-17 22:15:00,13.775411605834961
2024-12-17 22:30:00,13.5944242477417
2024-12-17 22:45:00,13.635085105895996
2024-12-17 23:00:00,13.653578758239746
2024-12-17 23:15:00,13.663656234741211
2024-12-17 23:30:00,13.802529335021973
2024-12-17 23:45:00,13.953248023986816
2024-12-18 00:00:00,44.174545545420045
2024-12-18 00:15:00,43.82030598181433
2024-12-18 00:30:00,43.46606641820861
2024-12-18 00:45:00,43.11182685460291
2024-12-18 01:00:00,42.75758729099719
2024-12-18 01:15:00,42.40334772739148
2024-12-18 01:30:00,42.04910816378577
2024-12-18 01:45:00,41.69486860018005
2024-12-18 02:00:00,41.340629036574335
2024-12-18 02:15:00,40.986389472968625
2024-12-18 02:30:00,40.632149909362916
2024-12-18 02:45:00,40.2779103457572
2024-12-18 03:00:00,39.92367078215149
2024-12-18 03:15:00,39.56943121854578
2024-12-18 03:30:00,39.215191654940064
2024-12-18 03:45:00,38.86095209133435
2024-12-18 04:00:00,38.506712527728645
2024-12-18 04:15:00,38.15247296412293
2024-12-18 04:30:00,37.79823340051721
2024-12-18 04:45:00,37.4439938369115
2024-12-18 05:00:00,37.089754273305786
2024-12-18 05:15:00,36.73551470970008
2024-12-18 05:30:00,36.38127514609436
2024-12-18 05:45:00,36.02703558248866
2024-12-18 06:00:00,35.672796018882934
2024-12-18 06:15:00,35.318556455277225
2024-12-18 06:30:00,34.96431689167151
2024-12-18 06:45:00,34.6100773280658
2024-12-18 07:00:00,34.25583776446008
2024-12-18 07:15:00,33.901598200854366
2024-12-18 07:30:00,33.547358637248664
2024-12-18 07:45:00,33.19311907364295
2024-12-18 08:00:00,32.83887951003724
2024-12-18 08:15:00,32.48463994643152
2024-12-18 08:30:00,32.13040038282581
2024-12-18 08:45:00,31.7761608192201
2024-12-18 09:00:00,31.421921255614386
2024-12-18 09:15:00,31.067681692008673
2024-12-18 09:30:00,30.71344212840296
2024-12-18 09:45:00,30.35920256479725
2024-12-18 10:00:00,30.004963001191538
2024-12-18 10:15:00,29.650723437585818
2024-12-18 10:30:00,29.296483873980105
2024-12-18 10:45:00,28.94224431037439
2024-12-18 11:00:00,28.58800474676868
2024-12-18 11:15:00,28.23376518316297
2024-12-18 11:30:00,27.879525619557256
2024-12-18 11:45:00,27.525286055951543
2024-12-18 12:00:00,27.171046492345834
2024-12-18 12:15:00,26.81680692874012
2024-12-18 12:30:00,26.462567365134408
2024-12-18 12:45:00,26.1083278015287
2024-12-18 13:00:00,25.754088237922986
2024-12-18 13:15:00,25.399848674317262
2024-12-18 13:30:00,25.045609110711553
2024-12-18 13:45:00,24.69136954710584
2024-12-18 14:00:00,24.337129983500127
2024-12-18 14:15:00,23.982890419894417
2024-12-18 14:30:00,23.628650856288704
2024-12-18 14:45:00,23.27441129268299
2024-12-18 15:00:00,22.92017172907728
2024-12-18 15:15:00,22.56593216547157
2024-12-18 15:30:00,22.211692601865845
2024-12-18 15:45:00,21.857453038260136
2024-12-18 16:00:00,21.503213474654434
2024-12-18 16:15:00,21.14897391104872
2024-12-18 16:30:00,20.794734347442997
2024-12-18 16:45:00,20.440494783837288
2024-12-18 17:00:00,20.086255220231575
2024-12-18 17:15:00,19.73201565662586
2024-12-18 17:30:00,19.377776093020152
2024-12-18 17:45:00,19.02353652941444
2024-12-18 18:00:00,18.669296965808726
2024-12-18 18:15:00,18.315057402203017
2024-12-18 18:30:00,17.960817838597304
2024-12-18 18:45:00,17.60657827499158
2024-12-18 19:00:00,17.25233871138587
2024-12-18 19:15:00,16.898099147780158
2024-12-18 19:30:00,16.543859584174456
2024-12-18 19:45:00,16.189620020568736
2024-12-18 20:00:00,15.835380456963023
2024-12-18 20:15:00,15.48114089335731
2024-12-18 20:30:00,15.126901329751599
2024-12-18 20:45:00,14.772661766145887
2024-12-18 21:00:00,14.418422202540174
2024-12-18 21:15:00,14.064182638934463
2024-12-18 21:30:00,13.709943075328752
2024-12-18 21:45:00,13.35570351172304
2024-12-18 22:00:00,13.001463948117317
2024-12-18 22:15:00,12.647224384511606
2024-12-18 22:30:00,12.292984820905893
2024-12-18 22:45:00,11.938745257300193
2024-12-18 23:00:00,11.58450569369447
2024-12-18 23:15:00,11.230266130088758
2024-12-18 23:30:00,10.876026566483047
2024-12-18 23:45:00,10.521787002877334
2024-12-19 00:00:00,2.229057788848877
2024-12-19 00:15:00,1.0382970571517944
2024-12-19 00:30:00,0.3423200845718384
2024-12-19 00:45:00,0.3483302891254425
2024-12-19 01:00:00,0.522207498550415
2024-12-19 01:15:00,1.2087169885635376
2024-12-19 01:30:00,2.093158721923828
2024-12-19 01:45:00,2.7611215114593506
2024-12-19 02:00:00,1.3876171112060547
2024-12-19 02:15:00,1.914433240890503
2024-12-19 02:30:00,0.7692906856536865
2024-12-19 02:45:00,-0.39060255885124207
2024-12-19 03:00:00,-0.6423136591911316
2024-12-19 03:15:00,-0.591738224029541
2024-12-19 03:30:00,-0.8443490266799927
2024-12-19 03:45:00,-0.8560282588005066
2024-12-19 04:00:00,-0.9890261888504028
2024-12-19 04:15:00,-0.4431787133216858
2024-12-19 04:30:00,0.7081644535064697
2024-12-19 04:45:00,7.714985370635986
2024-12-19 05:00:00,12.576827049255371
2024-12-19 05:15:00,9.72531795501709
2024-12-19 05:30:00,9.150757789611816
2024-12-19 05:45:00,4.348811149597168
2024-12-19 06:00:00,8.22072696685791
2024-12-19 06:15:00,4.97198486328125
2024-12-19 06:30:00,4.552363872528076
2024-12-19 06:45:00,4.219578266143799
2024-12-19 07:00:00,1.5248639583587646
2024-12-19 07:15:00,3.1572890281677246
2024-12-19 07:30:00,7.612607002258301
2024-12-19 07:45:00,7.7654523849487305
2024-12-19 08:00:00,8.263018608093262
2024-12-19 08:15:00,3.813455581665039
2024-12-19 08:30:00,0.1234087198972702
2024-12-19 08:45:00,0.6903508305549622
2024-12-19 09:00:00,-0.8629010319709778
2024-12-19 09:15:00,-1.1355479955673218
2024-12-19 09:30:00,-0.9613591432571411
2024-12-19 09:45:00,-0.6335174441337585
2024-12-19 10:00:00,-0.419286847114563
2024-12-19 10:15:00,-0.381089985370636
2024-12-19 10:30:00,0.6218855977058411
2024-12-19 10:45:00,-0.43033236265182495
2024-12-19 11:00:00,-0.04223036766052246
2024-12-19 11:15:00,1.303354024887085
2024-12-19 11:30:00,1.7970777750015259
2024-12-19 11:45:00,2.5090999603271484
2024-12-19 12:00:00,3.5003116130828857
2024-12-19 12:15:00,3.15747332572937
2024-12-19 12:30:00,2.5173704624176025
2024-12-19 12:45:00,1.292409062385559
2024-12-19 13:00:00,1.111341118812561
2024-12-19 13:15:00,0.7781457304954529
2024-12-19 13:30:00,1.0322356224060059
2024-12-19 13:45:00,1.6822950839996338
2024-12-19 14:00:00,2.0123913288116455
2024-12-19 14:15:00,2.041339635848999
2024-12-19 14:30:00,2.536022901535034
2024-12-19 14:45:00,0.4807020425796509
2024-12-19 15:00:00,0.47323811054229736
2024-12-19 15:15:00,0.6301360726356506
2024-12-19 15:30:00,0.14668874442577362
2024-12-19 15:45:00,0.4777960479259491
2024-12-19 16:00:00,0.1549479365348816
2024-12-19 16:15:00,0.6159629821777344
2024-12-19 16:30:00,0.9561489224433899
2024-12-19 16:45:00,1.0379562377929688
2024-12-19 17:00:00,0.7894033789634705
2024-12-19 17:15:00,1.0568187236785889
2024-12-19 17:30:00,4.7498931884765625
2024-12-19 17:45:00,1.9758180379867554
2024-12-19 18:00:00,1.4454821348190308
2024-12-19 18:15:00,0.9816505908966064
2024-12-19 18:30:00,0.45137715339660645
2024-12-19 18:45:00,0.7790002822875977
2024-12-19 19:00:00,0.7502967715263367
2024-12-19 19:15:00,0.4625535309314728
2024-12-19 19:30:00,0.9454215168952942
2024-12-19 19:45:00,1.5169036388397217
2024-12-19 20:00:00,0.6908473372459412
2024-12-19 20:15:00,0.6267486214637756
2024-12-19 20:30:00,0.3942817449569702
2024-12-19 20:45:00,0.5062890648841858
2024-12-19 21:00:00,0.6050004959106445
2024-12-19 21:15:00,0.7251787781715393
2024-12-19 21:30:00,0.6312673687934875
2024-12-19 21:45:00,1.0926408767700195
2024-12-19 22:00:00,3.601036310195923
2024-12-19 22:15:00,1.4424868822097778
2024-12-19 22:30:00,0.8270660638809204
2024-12-19 22:45:00,0.3831581175327301
2024-12-19 23:00:00,0.6984236240386963
2024-12-19 23:15:00,0.4712664484977722
2024-12-19 23:30:00,0.8559789061546326
2024-12-19 23:45:00,0.3951999843120575
2024-12-20 00:00:00,0.0
2024-12-20 00:15:00,0.0
2024-12-20 00:30:00,0.0
2024-12-20 00:45:00,0.0
2024-12-20 01:00:00,0.0
2024-12-20 01:15:00,0.0
2024-12-20 01:30:00,0.0
2024-12-20 01:45:00,0.0
2024-12-20 02:00:00,0.0
2024-12-20 02:15:00,0.0
2024-12-20 02:30:00,0.0
2024-12-20 02:45:00,0.0
2024-12-20 03:00:00,0.0
2024-12-20 03:15:00,0.0
2024-12-20 03:30:00,0.0
2024-12-20 03:45:00,0.0
2024-12-20 04:00:00,0.0
2024-12-20 04:15:00,0.0
2024-12-20 04:30:00,0.0
2024-12-20 04:45:00,0.0
2024-12-20 05:00:00,0.0
2024-12-20 05:15:00,0.0
2024-12-20 05:30:00,0.0
2024-12-20 05:45:00,0.0
2024-12-20 06:00:00,0.0
2024-12-20 06:15:00,0.0
2024-12-20 06:30:00,0.0
2024-12-20 06:45:00,0.0
2024-12-20 07:00:00,0.0
2024-12-20 07:15:00,0.0
2024-12-20 07:30:00,0.0
2024-12-20 07:45:00,0.0
2024-12-20 08:00:00,0.0
2024-12-20 08:15:00,0.0
2024-12-20 08:30:00,0.0
2024-12-20 08:45:00,0.0
2024-12-20 09:00:00,0.0
2024-12-20 09:15:00,0.0
2024-12-20 09:30:00,0.0
2024-12-20 09:45:00,0.0
2024-12-20 10:00:00,0.0
2024-12-20 10:15:00,0.0
2024-12-20 10:30:00,0.0
2024-12-20 10:45:00,0.0
2024-12-20 11:00:00,0.0
2024-12-20 11:15:00,0.0
2024-12-20 11:30:00,0.0
2024-12-20 11:45:00,0.0
2024-12-20 12:00:00,0.0
2024-12-20 12:15:00,0.0
2024-12-20 12:30:00,0.0
2024-12-20 12:45:00,0.0
2024-12-20 13:00:00,0.0
2024-12-20 13:15:00,0.0
2024-12-20 13:30:00,0.0
2024-12-20 13:45:00,0.0
2024-12-20 14:00:00,0.0
2024-12-20 14:15:00,0.0
2024-12-20 14:30:00,0.0
2024-12-20 14:45:00,0.0
2024-12-20 15:00:00,0.0
2024-12-20 15:15:00,0.0
2024-12-20 15:30:00,0.0
2024-12-20 15:45:00,0.0
2024-12-20 16:00:00,0.0
2024-12-20 16:15:00,0.0
2024-12-20 16:30:00,0.0
2024-12-20 16:45:00,0.0
2024-12-20 17:00:00,0.0
2024-12-20 17:15:00,0.0
2024-12-20 17:30:00,0.0
2024-12-20 17:45:00,0.0
2024-12-20 18:00:00,0.0
2024-12-20 18:15:00,0.0
2024-12-20 18:30:00,0.0
2024-12-20 18:45:00,0.0
2024-12-20 19:00:00,0.0
2024-12-20 19:15:00,0.0
2024-12-20 19:30:00,0.0
2024-12-20 19:45:00,0.0
2024-12-20 20:00:00,0.0
2024-12-20 20:15:00,0.0
2024-12-20 20:30:00,0.0
2024-12-20 20:45:00,0.0
2024-12-20 21:00:00,0.0
2024-12-20 21:15:00,0.0
2024-12-20 21:30:00,0.0
2024-12-20 21:45:00,0.0
2024-12-20 22:00:00,0.0
2024-12-20 22:15:00,0.0
2024-12-20 22:30:00,0.0
2024-12-20 22:45:00,0.0
2024-12-20 23:00:00,0.0
2024-12-20 23:15:00,0.0
2024-12-20 23:30:00,0.0
2024-12-20 23:45:00,0.0
2024-12-21 00:00:00,7.300633430480957
2024-12-21 00:15:00,6.430830955505371
2024-12-21 00:30:00,5.986586093902588
2024-12-21 00:45:00,5.662285804748535
2024-12-21 01:00:00,5.321976661682129
2024-12-21 01:15:00,5.568798065185547
2024-12-21 01:30:00,6.316830158233643
2024-12-21 01:45:00,5.866678714752197
2024-12-21 02:00:00,6.489776134490967
2024-12-21 02:15:00,6.225362300872803
2024-12-21 02:30:00,7.455201148986816
2024-12-21 02:45:00,5.3951921463012695
2024-12-21 03:00:00,5.509711265563965
2024-12-21 03:15:00,5.048055648803711
2024-12-21 03:30:00,4.590435981750488
2024-12-21 03:45:00,4.10950231552124
2024-12-21 04:00:00,3.9606785774230957
2024-12-21 04:15:00,4.027933120727539
2024-12-21 04:30:00,3.4774014949798584
2024-12-21 04:45:00,3.125152349472046
2024-12-21 05:00:00,3.211956739425659
2024-12-21 05:15:00,2.9994139671325684
2024-12-21 05:30:00,2.631676197052002
2024-12-21 05:45:00,2.5971310138702393
2024-12-21 06:00:00,2.6963305473327637
2024-12-21 06:15:00,2.6718766689300537
2024-12-21 06:30:00,2.6133246421813965
2024-12-21 06:45:00,2.683152675628662
2024-12-21 07:00:00,2.6239261627197266
2024-12-21 07:15:00,3.011460542678833
2024-12-21 07:30:00,2.868201494216919
2024-12-21 07:45:00,3.3230044841766357
2024-12-21 08:00:00,3.3740649223327637
2024-12-21 08:15:00,3.8294503688812256
2024-12-21 08:30:00,4.048775672912598
2024-12-21 08:45:00,2.9970664978027344
2024-12-21 09:00:00,3.2423202991485596
2024-12-21 09:15:00,3.8567886352539062
2024-12-21 09:30:00,3.5825023651123047
2024-12-21 09:45:00,2.957327127456665
2024-12-21 10:00:00,2.488903284072876
2024-12-21 10:15:00,2.101785898208618
2024-12-21 10:30:00,1.9779874086380005
2024-12-21 10:45:00,1.8072446584701538
2024-12-21 11:00:00,1.5721526145935059
2024-12-21 11:15:00,1.8189822435379028
2024-12-21 11:30:00,1.797268271446228
2024-12-21 11:45:00,2.0779690742492676
2024-12-21 12:00:00,2.6751790046691895
2024-12-21 12:15:00,1.874228596687317
2024-12-21 12:30:00,1.839733600616455
2024-12-21 12:45:00,1.5398198366165161
2024-12-21 13:00:00,2.1353635787963867
2024-12-21 13:15:00,2.2955780029296875
2024-12-21 13:30:00,2.5591914653778076
2024-12-21 13:45:00,3.200955867767334
2024-12-21 14:00:00,3.7161033153533936
2024-12-21 14:15:00,2.6717803478240967
2024-12-21 14:30:00,2.418905735015869
2024-12-21 14:45:00,3.2085046768188477
2024-12-21 15:00:00,2.6009294986724854
2024-12-21 15:15:00,2.927690029144287
2024-12-21 15:30:00,2.249345541000366
2024-12-21 15:45:00,2.3378043174743652
2024-12-21 16:00:00,2.6649036407470703
2024-12-21 16:15:00,2.553265333175659
2024-12-21 16:30:00,2.4433813095092773
2024-12-21 16:45:00,2.1703670024871826
2024-12-21 17:00:00,1.8483479022979736
2024-12-21 17:15:00,2.1425044536590576
2024-12-21 17:30:00,1.9571433067321777
2024-12-21 17:45:00,1.6990405321121216
2024-12-21 18:00:00,2.1435399055480957
2024-12-21 18:15:00,2.6019656658172607
2024-12-21 18:30:00,2.1735546588897705
2024-12-21 18:45:00,2.3575119972229004
2024-12-21 19:00:00,1.7656574249267578
2024-12-21 19:15:00,1.9284785985946655
2024-12-21 19:30:00,1.6728179454803467
2024-12-21 19:45:00,2.521411180496216
2024-12-21 20:00:00,2.332409143447876
2024-12-21 20:15:00,2.1472549438476562
2024-12-21 20:30:00,2.028333902359009
2024-12-21 20:45:00,1.7175389528274536
2024-12-21 21:00:00,2.4154202938079834
2024-12-21 21:15:00,2.202770709991455
2024-12-21 21:30:00,2.482830047607422
2024-12-21 21:45:00,3.666837692260742
2024-12-21 22:00:00,2.2830841541290283
2024-12-21 22:15:00,2.0519001483917236
2024-12-21 22:30:00,1.7289959192276
2024-12-21 22:45:00,1.7264398336410522
2024-12-21 23:00:00,1.5242584943771362
2024-12-21 23:15:00,1.3549985885620117
2024-12-21 23:30:00,1.9971758127212524
2024-12-21 23:45:00,1.4900767803192139
2024-12-22 00:00:00,-0.8620073199272156
2024-12-22 00:15:00,-0.8933491110801697
2024-12-22 00:30:00,-0.8293339610099792
2024-12-22 00:45:00,-0.8401884436607361
2024-12-22 01:00:00,-0.7940391302108765
2024-12-22 01:15:00,-0.7930024862289429
2024-12-22 01:30:00,-0.7579605579376221
2024-12-22 01:45:00,-0.7501696944236755
2024-12-22 02:00:00,-0.7221609950065613
2024-12-22 02:15:00,-0.7106785178184509
2024-12-22 02:30:00,-0.6872404217720032
2024-12-22 02:45:00,-0.6738855838775635
2024-12-22 03:00:00,-0.6535229682922363
2024-12-22 03:15:00,-0.6393698453903198
2024-12-22 03:30:00,-0.6211690306663513
2024-12-22 03:45:00,-0.6068457365036011
2024-12-22 04:00:00,-0.5902426242828369
2024-12-22 04:15:00,-0.5761104226112366
2024-12-22 04:30:00,-0.5607515573501587
2024-12-22 04:45:00,-0.547012448310852
2024-12-22 05:00:00,-0.5326713919639587
2024-12-22 05:15:00,-0.5194326043128967
2024-12-22 05:30:00,-0.5059598684310913
2024-12-22 05:45:00,-0.4932723641395569
2024-12-22 06:00:00,-0.48056530952453613
2024-12-22 06:15:00,-0.4684470593929291
2024-12-22 06:30:00,-0.4564318060874939
2024-12-22 06:45:00,-0.4448815882205963
2024-12-22 07:00:00,-0.4335021376609802
2024-12-22 07:15:00,-0.4225078821182251
2024-12-22 07:30:00,-0.41171956062316895
2024-12-22 07:45:00,-0.40126314759254456
2024-12-22 08:00:00,-0.39102858304977417
2024-12-22 08:15:00,-0.38108891248703003
2024-12-22 08:30:00,-0.3713756799697876
2024-12-22 08:45:00,-0.36193034052848816
2024-12-22 09:00:00,-0.35270947217941284
2024-12-22 09:15:00,-0.3437357246875763
2024-12-22 09:30:00,-0.334980845451355
2024-12-22 09:45:00,-0.3264562785625458
2024-12-22 10:00:00,-0.31814298033714294
2024-12-22 10:15:00,-0.3100457489490509
2024-12-22 10:30:00,-0.3021512031555176
2024-12-22 10:45:00,-0.29446032643318176
2024-12-22 11:00:00,-0.28696316480636597
2024-12-22 11:15:00,-0.2796584665775299
2024-12-22 11:30:00,-0.2725384831428528
2024-12-22 11:45:00,-0.26560071110725403
2024-12-22 12:00:00,-0.25883883237838745
2024-12-22 12:15:00,-0.25224965810775757
2024-12-22 12:30:00,-0.245827779173851
2024-12-22 12:45:00,-0.2395697385072708
2024-12-22 13:00:00,-0.23347073793411255
2024-12-22 13:15:00,-0.2275272160768509
2024-12-22 13:30:00,-0.22173483669757843
2024-12-22 13:45:00,-0.21609005331993103
2024-12-22 14:00:00,-0.21058887243270874
2024-12-22 14:15:00,-0.2052278071641922
2024-12-22 14:30:00,-0.20000316202640533
2024-12-22 14:45:00,-0.19491156935691833
2024-12-22 15:00:00,-0.18994957208633423
2024-12-22 15:15:00,-0.18511392176151276
2024-12-22 15:30:00,-0.18040135502815247
2024-12-22 15:45:00,-0.17580877244472504
2024-12-22 16:00:00,-0.17133308947086334
2024-12-22 16:15:00,-0.166971355676651
2024-12-22 16:30:00,-0.16272065043449402
2024-12-22 16:45:00,-0.15857817232608795
2024-12-22 17:00:00,-0.15454114973545074
2024-12-22 17:15:00,-0.1506069004535675
2024-12-22 17:30:00,-0.14677280187606812
2024-12-22 17:45:00,-0.14303632080554962
2024-12-22 18:00:00,-0.13939495384693146
2024-12-22 18:15:00,-0.13584628701210022
2024-12-22 18:30:00,-0.13238796591758728
2024-12-22 18:45:00,-0.1290176808834076
2024-12-22 19:00:00,-0.12573319673538208
2024-12-22 19:15:00,-0.12253233045339584
2024-12-22 19:30:00,-0.11941294372081757
2024-12-22 19:45:00,-0.1163729727268219
2024-12-22 20:00:00,-0.11341039091348648
2024-12-22 20:15:00,-0.11052323132753372
2024-12-22 20:30:00,-0.10770957171916962
2024-12-22 20:45:00,-0.10496754199266434
2024-12-22 21:00:00,-0.10229531675577164
2024-12-22 21:15:00,-0.09969112277030945
2024-12-22 21:30:00,-0.09715322405099869
2024-12-22 21:45:00,-0.09467992931604385
2024-12-22 22:00:00,-0.09226959943771362
2024-12-22 22:15:00,-0.08992063254117966
2024-12-22 22:30:00,-0.0876314640045166
2024-12-22 22:45:00,-0.08540057390928268
2024-12-22 23:00:00,-0.08322647958993912
2024-12-22 23:15:00,-0.0811077281832695
2024-12-22 23:30:00,-0.07904291898012161
2024-12-22 23:45:00,-0.07703067362308502
2024-12-23 00:00:00,-0.8827870488166809
2024-12-23 00:15:00,-0.8556778430938721
2024-12-23 00:30:00,-0.8275011777877808
2024-12-23 00:45:00,-0.8161367177963257
2024-12-23 01:00:00,-0.8016560673713684
2024-12-23 01:15:00,-0.7929204106330872
2024-12-23 01:30:00,-0.7898087501525879
2024-12-23 01:45:00,-0.7739224433898926
2024-12-23 02:00:00,-0.7594274878501892
2024-12-23 02:15:00,-0.737385094165802
2024-12-23 02:30:00,-0.7014466524124146
2024-12-23 02:45:00,-0.6666098237037659
2024-12-23 03:00:00,-0.6461939215660095
2024-12-23 03:15:00,-0.6578060984611511
2024-12-23 03:30:00,-0.6561880707740784
2024-12-23 03:45:00,-0.6445152163505554
2024-12-23 04:00:00,-0.6372773051261902
2024-12-23 04:15:00,-0.634588897228241
2024-12-23 04:30:00,-0.5686514377593994
2024-12-23 04:45:00,-0.4890640377998352
2024-12-23 05:00:00,-0.4438667297363281
2024-12-23 05:15:00,-0.4740942418575287
2024-12-23 05:30:00,-0.4831530749797821
2024-12-23 05:45:00,-0.4944179058074951
2024-12-23 06:00:00,-0.5202720165252686
2024-12-23 06:15:00,-0.5866420865058899
2024-12-23 06:30:00,-0.5690050721168518
2024-12-23 06:45:00,-0.5986388921737671
2024-12-23 07:00:00,-0.6126188635826111
2024-12-23 07:15:00,-0.6265283823013306
2024-12-23 07:30:00,-0.6047543287277222
2024-12-23 07:45:00,-0.5772994756698608
2024-12-23 08:00:00,-0.5372331738471985
2024-12-23 08:15:00,-0.6052150726318359
2024-12-23 08:30:00,-0.634839653968811
2024-12-23 08:45:00,-0.6348236203193665
2024-12-23 09:00:00,-0.6165850758552551
2024-12-23 09:15:00,-0.5756374001502991
2024-12-23 09:30:00,-0.584141731262207
2024-12-23 09:45:00,-0.6461941599845886
2024-12-23 10:00:00,-0.6432292461395264
2024-12-23 10:15:00,-0.6708580851554871
2024-12-23 10:30:00,-0.6763818860054016
2024-12-23 10:45:00,-0.6467670202255249
2024-12-23 11:00:00,-0.6481943130493164
2024-12-23 11:15:00,-0.6623309850692749
2024-12-23 11:30:00,-0.6360109448432922
2024-12-23 11:45:00,-0.6371529698371887
2024-12-23 12:00:00,-0.5855255126953125
2024-12-23 12:15:00,-0.6059080958366394
2024-12-23 12:30:00,-0.5955101251602173
2024-12-23 12:45:00,-0.568581223487854
2024-12-23 13:00:00,-0.6099918484687805
2024-12-23 13:15:00,-0.6505162715911865
2024-12-23 13:30:00,-0.6451442837715149
2024-12-23 13:45:00,-0.6236594915390015
2024-12-23 14:00:00,-0.5837594270706177
2024-12-23 14:15:00,-0.5636338591575623
2024-12-23 14:30:00,-0.5065104961395264
2024-12-23 14:45:00,-0.43073320388793945
2024-12-23 15:00:00,-0.4333415627479553
2024-12-23 15:15:00,-0.41464343667030334
2024-12-23 15:30:00,-0.4259644150733948
2024-12-23 15:45:00,-0.4658317565917969
2024-12-23 16:00:00,-0.40843671560287476
2024-12-23 16:15:00,-0.4787510335445404
2024-12-23 16:30:00,-0.532264769077301
2024-12-23 16:45:00,-0.5464291572570801
2024-12-23 17:00:00,-0.572284460067749
2024-12-23 17:15:00,-0.6162136197090149
2024-12-23 17:30:00,-0.6443053483963013
2024-12-23 17:45:00,-0.6678951382637024
2024-12-23 18:00:00,-0.7010610699653625
2024-12-23 18:15:00,-0.6630908250808716
2024-12-23 18:30:00,-0.5789266228675842
2024-12-23 18:45:00,-0.5907748937606812
2024-12-23 19:00:00,-0.5403413772583008
2024-12-23 19:15:00,-0.3665858507156372
2024-12-23 19:30:00,-0.1857738047838211
2024-12-23 19:45:00,0.08417411893606186
2024-12-23 20:00:00,0.13515689969062805
2024-12-23 20:15:00,-0.09494180232286453
2024-12-23 20:30:00,-0.1506071239709854
2024-12-23 20:45:00,-0.262485533952713
2024-12-23 21:00:00,-0.29278451204299927
2024-12-23 21:15:00,-0.3756886124610901
2024-12-23 21:30:00,-0.4032479226589203
2024-12-23 21:45:00,-0.49283283948898315
2024-12-23 22:00:00,-0.4220673739910126
2024-12-23 22:15:00,-0.32456904649734497
2024-12-23 22:30:00,-0.36621832847595215
2024-12-23 22:45:00,-0.34398746490478516
2024-12-23 23:00:00,-0.28921306133270264
2024-12-23 23:15:00,-0.32467201352119446
2024-12-23 23:30:00,-0.44695785641670227
2024-12-23 23:45:00,-0.5494766235351562
2024-12-24 00:00:00,-0.08522030978944883
2024-12-24 00:15:00,-0.07472942070584843
2024-12-24 00:30:00,-0.0642385316222482
2024-12-24 00:45:00,-0.053747642538648145
2024-12-24 01:00:00,-0.04325675345504792
2024-12-24 01:15:00,-0.032765864371447684
2024-12-24 01:30:00,-0.022274975287847276
2024-12-24 01:45:00,-0.011784086204247047
2024-12-24 02:00:00,-0.0012931971206468164
2024-12-24 02:15:00,0.009197691962953591
2024-12-24 02:30:00,0.019688581046553646
2024-12-24 02:45:00,0.030179470130153874
2024-12-24 03:00:00,0.04067035921375411
2024-12-24 03:15:00,0.051161248297354515
2024-12-24 03:30:00,0.06165213738095474
2024-12-24 03:45:00,0.07214302646455498
2024-12-24 04:00:00,0.08263391554815502
2024-12-24 04:15:00,0.09312480463175526
2024-12-24 04:30:00,0.10361569371535567
2024-12-24 04:45:00,0.1141065827989559
2024-12-24 05:00:00,0.12459747188255613
2024-12-24 05:15:00,0.13508836096615653
2024-12-24 05:30:00,0.14557925004975678
2024-12-24 05:45:00,0.15607013913335682
2024-12-24 06:00:00,0.16656102821695706
2024-12-24 06:15:00,0.17705191730055747
2024-12-24 06:30:00,0.18754280638415768
2024-12-24 06:45:00,0.19803369546775793
2024-12-24 07:00:00,0.20852458455135814
2024-12-24 07:15:00,0.21901547363495855
2024-12-24 07:30:00,0.22950636271855862
2024-12-24 07:45:00,0.23999725180215883
2024-12-24 08:00:00,0.25048814088575905
2024-12-24 08:15:00,0.26097902996935946
2024-12-24 08:30:00,0.2714699190529597
2024-12-24 08:45:00,0.28196080813655994
2024-12-24 09:00:00,0.2924516972201602
2024-12-24 09:15:00,0.3029425863037604
2024-12-24 09:30:00,0.31343347538736066
2024-12-24 09:45:00,0.32392436447096085
2024-12-24 10:00:00,0.3344152535545611
2024-12-24 10:15:00,0.3449061426381615
2024-12-24 10:30:00,0.35539703172176174
2024-12-24 10:45:00,0.365887920805362
2024-12-24 11:00:00,0.376378809888962
2024-12-24 11:15:00,0.3868696989725624
2024-12-24 11:30:00,0.39736058805616264
2024-12-24 11:45:00,0.4078514771397629
2024-12-24 12:00:00,0.4183423662233631
2024-12-24 12:15:00,0.42883325530696353
2024-12-24 12:30:00,0.43932414439056355
2024-12-24 12:45:00,0.4498150334741638
2024-12-24 13:00:00,0.46030592255776404
2024-12-24 13:15:00,0.47079681164136444
2024-12-24 13:30:00,0.4812877007249647
2024-12-24 13:45:00,0.4917785898085649
2024-12-24 14:00:00,0.5022694788921651
2024-12-24 14:15:00,0.5127603679757652
2024-12-24 14:30:00,0.5232512570593656
2024-12-24 14:45:00,0.533742146142966
2024-12-24 15:00:00,0.5442330352265661
2024-12-24 15:15:00,0.5547239243101665
2024-12-24 15:30:00,0.5652148133937666
2024-12-24 15:45:00,0.575705702477367
2024-12-24 16:00:00,0.5861965915609669
2024-12-24 16:15:00,0.5966874806445673
2024-12-24 16:30:00,0.6071783697281674
2024-12-24 16:45:00,0.6176692588117678
2024-12-24 17:00:00,0.6281601478953682
2024-12-24 17:15:00,0.6386510369789683
2024-12-24 17:30:00,0.6491419260625687
2024-12-24 17:45:00,0.6596328151461688
2024-12-24 18:00:00,0.6701237042297692
2024-12-24 18:15:00,0.6806145933133693
2024-12-24 18:30:00,0.6911054823969697
2024-12-24 18:45:00,0.7015963714805701
2024-12-24 19:00:00,0.7120872605641702
2024-12-24 19:15:00,0.7225781496477706
2024-12-24 19:30:00,0.7330690387313705
2024-12-24 19:45:00,0.7435599278149709
2024-12-24 20:00:00,0.754050816898571
2024-12-24 20:15:00,0.7645417059821714
2024-12-24 20:30:00,0.7750325950657718
2024-12-24 20:45:00,0.7855234841493719
2024-12-24 21:00:00,0.796014373232972
2024-12-24 21:15:00,0.8065052623165724
2024-12-24 21:30:00,0.8169961514001725
2024-12-24 21:45:00,0.8274870404837729
2024-12-24 22:00:00,0.8379779295673733
2024-12-24 22:15:00,0.8484688186509732
2024-12-24 22:30:00,0.8589597077345736
2024-12-24 22:45:00,0.8694505968181737
2024-12-24 23:00:00,0.8799414859017741
2024-12-24 23:15:00,0.8904323749853742
2024-12-24 23:30:00,0.9009232640689746
2024-12-24 23:45:00,0.911414153152575
2024-12-25 00:00:00,117.83914595551022
2024-12-25 00:15:00,117.83914595551022
2024-12-25 00:30:00,117.83914595551022
2024-12-25 00:45:00,117.83914595551022
2024-12-25 01:00:00,117.83914595551022
2024-12-25 01:15:00,117.83914595551022
2024-12-25 01:30:00,117.83914595551022
2024-12-25 01:45:00,117.83914595551022
2024-12-25 02:00:00,117.83914595551022
2024-12-25 02:15:00,117.83914595551022
2024-12-25 02:30:00,117.83914595551022
2024-12-25 02:45:00,117.83914595551022
2024-12-25 03:00:00,117.83914595551022
2024-12-25 03:15:00,117.83914595551022
2024-12-25 03:30:00,117.83914595551022
2024-12-25 03:45:00,117.83914595551022
2024-12-25 04:00:00,117.83914595551022
2024-12-25 04:15:00,117.83914595551022
2024-12-25 04:30:00,117.83914595551022
2024-12-25 04:45:00,117.83914595551022
2024-12-25 05:00:00,117.83914595551022
2024-12-25 05:15:00,117.83914595551022
2024-12-25 05:30:00,117.83914595551022
2024-12-25 05:45:00,117.83914595551022
2024-12-25 06:00:00,117.83914595551022
2024-12-25 06:15:00,117.83914595551022
2024-12-25 06:30:00,117.83914595551022
2024-12-25 06:45:00,117.83914595551022
2024-12-25 07:00:00,117.83914595551022
2024-12-25 07:15:00,117.83914595551022
2024-12-25 07:30:00,117.83914595551022
2024-12-25 07:45:00,117.83914595551022
2024-12-25 08:00:00,117.83914595551022
2024-12-25 08:15:00,117.83914595551022
2024-12-25 08:30:00,117.83914595551022
2024-12-25 08:45:00,117.83914595551022
2024-12-25 09:00:00,117.83914595551022
2024-12-25 09:15:00,117.83914595551022
2024-12-25 09:30:00,117.83914595551022
2024-12-25 09:45:00,117.83914595551022
2024-12-25 10:00:00,117.83914595551022
2024-12-25 10:15:00,117.83914595551022
2024-12-25 10:30:00,117.83914595551022
2024-12-25 10:45:00,117.83914595551022
2024-12-25 11:00:00,117.83914595551022
2024-12-25 11:15:00,117.83914595551022
2024-12-25 11:30:00,117.83914595551022
2024-12-25 11:45:00,117.83914595551022
2024-12-25 12:00:00,117.83914595551022
2024-12-25 12:15:00,117.83914595551022
2024-12-25 12:30:00,117.83914595551022
2024-12-25 12:45:00,117.83914595551022
2024-12-25 13:00:00,117.83914595551022
2024-12-25 13:15:00,117.83914595551022
2024-12-25 13:30:00,117.83914595551022
2024-12-25 13:45:00,117.83914595551022
2024-12-25 14:00:00,117.83914595551022
2024-12-25 14:15:00,117.83914595551022
2024-12-25 14:30:00,117.83914595551022
2024-12-25 14:45:00,117.83914595551022
2024-12-25 15:00:00,117.83914595551022
2024-12-25 15:15:00,117.83914595551022
2024-12-25 15:30:00,117.83914595551022
2024-12-25 15:45:00,117.83914595551022
2024-12-25 16:00:00,117.83914595551022
2024-12-25 16:15:00,117.83914595551022
2024-12-25 16:30:00,117.83914595551022
2024-12-25 16:45:00,117.83914595551022
2024-12-25 17:00:00,117.83914595551022
2024-12-25 17:15:00,117.83914595551022
2024-12-25 17:30:00,117.83914595551022
2024-12-25 17:45:00,117.83914595551022
2024-12-25 18:00:00,117.83914595551022
2024-12-25 18:15:00,117.83914595551022
2024-12-25 18:30:00,117.83914595551022
2024-12-25 18:45:00,117.83914595551022
2024-12-25 19:00:00,117.83914595551022
2024-12-25 19:15:00,117.83914595551022
2024-12-25 19:30:00,117.83914595551022
2024-12-25 19:45:00,117.83914595551022
2024-12-25 20:00:00,117.83914595551022
2024-12-25 20:15:00,117.83914595551022
2024-12-25 20:30:00,117.83914595551022
2024-12-25 20:45:00,117.83914595551022
2024-12-25 21:00:00,117.83914595551022
2024-12-25 21:15:00,117.83914595551022
2024-12-25 21:30:00,117.83914595551022
2024-12-25 21:45:00,117.83914595551022
2024-12-25 22:00:00,117.83914595551022
2024-12-25 22:15:00,117.83914595551022
2024-12-25 22:30:00,117.83914595551022
2024-12-25 22:45:00,117.83914595551022
2024-12-25 23:00:00,117.83914595551022
2024-12-25 23:15:00,117.83914595551022
2024-12-25 23:30:00,117.83914595551022
2024-12-25 23:45:00,117.83914595551022
2024-12-26 00:00:00,48.879608309827184
2024-12-26 00:15:00,48.879608309827184
2024-12-26 00:30:00,48.879608309827184
2024-12-26 00:45:00,48.879608309827184
2024-12-26 01:00:00,48.879608309827184
2024-12-26 01:15:00,48.879608309827184
2024-12-26 01:30:00,48.879608309827184
2024-12-26 01:45:00,48.879608309827184
2024-12-26 02:00:00,48.879608309827184
2024-12-26 02:15:00,48.879608309827184
2024-12-26 02:30:00,48.879608309827184
2024-12-26 02:45:00,48.879608309827184
2024-12-26 03:00:00,48.879608309827184
2024-12-26 03:15:00,48.879608309827184
2024-12-26 03:30:00,48.879608309827184
2024-12-26 03:45:00,48.879608309827184
2024-12-26 04:00:00,48.879608309827184
2024-12-26 04:15:00,48.879608309827184
2024-12-26 04:30:00,48.879608309827184
2024-12-26 04:45:00,48.879608309827184
2024-12-26 05:00:00,48.879608309827184
2024-12-26 05:15:00,48.879608309827184
2024-12-26 05:30:00,48.879608309827184
2024-12-26 05:45:00,48.879608309827184
2024-12-26 06:00:00,48.879608309827184
2024-12-26 06:15:00,48.879608309827184
2024-12-26 06:30:00,48.879608309827184
2024-12-26 06:45:00,48.879608309827184
2024-12-26 07:00:00,48.879608309827184
2024-12-26 07:15:00,48.879608309827184
2024-12-26 07:30:00,48.879608309827184
2024-12-26 07:45:00,48.879608309827184
2024-12-26 08:00:00,48.879608309827184
2024-12-26 08:15:00,48.879608309827184
2024-12-26 08:30:00,48.879608309827184
2024-12-26 08:45:00,48.879608309827184
2024-12-26 09:00:00,48.879608309827184
2024-12-26 09:15:00,48.879608309827184
2024-12-26 09:30:00,48.879608309827184
2024-12-26 09:45:00,48.879608309827184
2024-12-26 10:00:00,48.879608309827184
2024-12-26 10:15:00,48.879608309827184
2024-12-26 10:30:00,48.879608309827184
2024-12-26 10:45:00,48.879608309827184
2024-12-26 11:00:00,48.879608309827184
2024-12-26 11:15:00,48.879608309827184
2024-12-26 11:30:00,48.879608309827184
2024-12-26 11:45:00,48.879608309827184
2024-12-26 12:00:00,48.879608309827184
2024-12-26 12:15:00,48.879608309827184
2024-12-26 12:30:00,48.879608309827184
2024-12-26 12:45:00,48.879608309827184
2024-12-26 13:00:00,48.879608309827184
2024-12-26 13:15:00,48.879608309827184
2024-12-26 13:30:00,48.879608309827184
2024-12-26 13:45:00,48.879608309827184
2024-12-26 14:00:00,48.879608309827184
2024-12-26 14:15:00,48.879608309827184
2024-12-26 14:30:00,48.879608309827184
2024-12-26 14:45:00,48.879608309827184
2024-12-26 15:00:00,48.879608309827184
2024-12-26 15:15:00,48.879608309827184
2024-12-26 15:30:00,48.879608309827184
2024-12-26 15:45:00,48.879608309827184
2024-12-26 16:00:00,48.879608309827184
2024-12-26 16:15:00,48.879608309827184
2024-12-26 16:30:00,48.879608309827184
2024-12-26 16:45:00,48.879608309827184
2024-12-26 17:00:00,48.879608309827184
2024-12-26 17:15:00,48.879608309827184
2024-12-26 17:30:00,48.879608309827184
2024-12-26 17:45:00,48.879608309827184
2024-12-26 18:00:00,48.879608309827184
2024-12-26 18:15:00,48.879608309827184
2024-12-26 18:30:00,48.879608309827184
2024-12-26 18:45:00,48.879608309827184
2024-12-26 19:00:00,48.879608309827184
2024-12-26 19:15:00,48.879608309827184
2024-12-26 19:30:00,48.879608309827184
2024-12-26 19:45:00,48.879608309827184
2024-12-26 20:00:00,48.879608309827184
2024-12-26 20:15:00,48.879608309827184
2024-12-26 20:30:00,48.879608309827184
2024-12-26 20:45:00,48.879608309827184
2024-12-26 21:00:00,48.879608309827184
2024-12-26 21:15:00,48.879608309827184
2024-12-26 21:30:00,48.879608309827184
2024-12-26 21:45:00,48.879608309827184
2024-12-26 22:00:00,48.879608309827184
2024-12-26 22:15:00,48.879608309827184
2024-12-26 22:30:00,48.879608309827184
2024-12-26 22:45:00,48.879608309827184
2024-12-26 23:00:00,48.879608309827184
2024-12-26 23:15:00,48.879608309827184
2024-12-26 23:30:00,48.879608309827184
2024-12-26 23:45:00,48.879608309827184
2024-12-27 00:00:00,118.53946685791016
2024-12-27 00:15:00,116.34466552734375
2024-12-27 00:30:00,114.73139953613281
2024-12-27 00:45:00,112.17318725585938
2024-12-27 01:00:00,109.99732971191406
2024-12-27 01:15:00,108.51933288574219
2024-12-27 01:30:00,106.87073516845703
2024-12-27 01:45:00,104.5278549194336
2024-12-27 02:00:00,102.96817779541016
2024-12-27 02:15:00,100.34315490722656
2024-12-27 02:30:00,98.27600860595703
2024-12-27 02:45:00,96.53179168701172
2024-12-27 03:00:00,94.20613098144531
2024-12-27 03:15:00,92.72620391845703
2024-12-27 03:30:00,91.11431884765625
2024-12-27 03:45:00,89.6430892944336
2024-12-27 04:00:00,88.10154724121094
2024-12-27 04:15:00,87.0180435180664
2024-12-27 04:30:00,86.31002807617188
2024-12-27 04:45:00,85.43987274169922
2024-12-27 05:00:00,83.81974029541016
2024-12-27 05:15:00,82.16959381103516
2024-12-27 05:30:00,80.66548919677734
2024-12-27 05:45:00,78.92254638671875
2024-12-27 06:00:00,76.87220764160156
2024-12-27 06:15:00,75.9179458618164
2024-12-27 06:30:00,74.83971405029297
2024-12-27 06:45:00,74.57279205322266
2024-12-27 07:00:00,73.69606018066406
2024-12-27 07:15:00,72.6186752319336
2024-12-27 07:30:00,71.38883209228516
2024-12-27 07:45:00,70.67005157470703
2024-12-27 08:00:00,69.29316711425781
2024-12-27 08:15:00,68.38465118408203
2024-12-27 08:30:00,67.46297454833984
2024-12-27 08:45:00,67.02314758300781
2024-12-27 09:00:00,67.04191589355469
2024-12-27 09:15:00,67.39984893798828
2024-12-27 09:30:00,67.38980102539062
2024-12-27 09:45:00,67.40774536132812
2024-12-27 10:00:00,67.140625
2024-12-27 10:15:00,66.81259155273438
2024-12-27 10:30:00,66.93069458007812
2024-12-27 10:45:00,67.15289306640625
2024-12-27 11:00:00,67.44197082519531
2024-12-27 11:15:00,67.4384536743164
2024-12-27 11:30:00,66.96526336669922
2024-12-27 11:45:00,66.86747741699219
2024-12-27 12:00:00,66.83383178710938
2024-12-27 12:15:00,67.5264892578125
2024-12-27 12:30:00,68.34149932861328
2024-12-27 12:45:00,68.67977905273438
2024-12-27 13:00:00,68.40015411376953
2024-12-27 13:15:00,68.51734924316406
2024-12-27 13:30:00,68.94993591308594
2024-12-27 13:45:00,68.9176254272461
2024-12-27 14:00:00,69.32917022705078
2024-12-27 14:15:00,69.3389663696289
2024-12-27 14:30:00,69.81319427490234
2024-12-27 14:45:00,69.67518615722656
2024-12-27 15:00:00,69.38200378417969
2024-12-27 15:15:00,68.96171569824219
2024-12-27 15:30:00,68.74512481689453
2024-12-27 15:45:00,68.36170959472656
2024-12-27 16:00:00,68.7569351196289
2024-12-27 16:15:00,69.0521011352539
2024-12-27 16:30:00,69.57527923583984
2024-12-27 16:45:00,69.47978973388672
2024-12-27 17:00:00,69.13773345947266
2024-12-27 17:15:00,68.52946472167969
2024-12-27 17:30:00,68.532958984375
2024-12-27 17:45:00,69.28846740722656
2024-12-27 18:00:00,69.88514709472656
2024-12-27 18:15:00,70.38690185546875
2024-12-27 18:30:00,70.56372833251953
2024-12-27 18:45:00,70.34351348876953
2024-12-27 19:00:00,69.90433502197266
2024-12-27 19:15:00,69.54454803466797
2024-12-27 19:30:00,69.13492584228516
2024-12-27 19:45:00,68.6100845336914
2024-12-27 20:00:00,67.82193756103516
2024-12-27 20:15:00,67.12994384765625
2024-12-27 20:30:00,66.74480438232422
2024-12-27 20:45:00,65.72137451171875
2024-12-27 21:00:00,64.7253646850586
2024-12-27 21:15:00,64.16900634765625
2024-12-27 21:30:00,63.910701751708984
2024-12-27 21:45:00,63.834251403808594
2024-12-27 22:00:00,63.683570861816406
2024-12-27 22:15:00,63.27571487426758
2024-12-27 22:30:00,62.47705841064453
2024-12-27 22:45:00,62.14003372192383
2024-12-27 23:00:00,61.53469467163086
2024-12-27 23:15:00,60.536964416503906
2024-12-27 23:30:00,59.65929412841797
2024-12-27 23:45:00,58.79553985595703
2024-12-28 00:00:00,62.78526220456444
2024-12-28 00:15:00,62.27052436315489
2024-12-28 00:30:00,61.75578652174535
2024-12-28 00:45:00,61.2410486803358
2024-12-28 01:00:00,60.72631083892626
2024-12-28 01:15:00,60.21157299751671
2024-12-28 01:30:00,59.69683515610717
2024-12-28 01:45:00,59.18209731469762
2024-12-28 02:00:00,58.66735947328808
2024-12-28 02:15:00,58.15262163187853
2024-12-28 02:30:00,57.63788379046899
2024-12-28 02:45:00,57.12314594905944
2024-12-28 03:00:00,56.6084081076499
2024-12-28 03:15:00,56.09367026624035
2024-12-28 03:30:00,55.57893242483081
2024-12-28 03:45:00,55.06419458342127
2024-12-28 04:00:00,54.54945674201172
2024-12-28 04:15:00,54.03471890060217
2024-12-28 04:30:00,53.51998105919263
2024-12-28 04:45:00,53.00524321778309
2024-12-28 05:00:00,52.49050537637354
2024-12-28 05:15:00,51.975767534964
2024-12-28 05:30:00,51.46102969355445
2024-12-28 05:45:00,50.94629185214491
2024-12-28 06:00:00,50.43155401073536
2024-12-28 06:15:00,49.91681616932582
2024-12-28 06:30:00,49.40207832791627
2024-12-28 06:45:00,48.88734048650673
2024-12-28 07:00:00,48.37260264509719
2024-12-28 07:15:00,47.85786480368764
2024-12-28 07:30:00,47.34312696227809
2024-12-28 07:45:00,46.82838912086855
2024-12-28 08:00:00,46.31365127945901
2024-12-28 08:15:00,45.79891343804946
2024-12-28 08:30:00,45.28417559663991
2024-12-28 08:45:00,44.76943775523037
2024-12-28 09:00:00,44.25469991382083
2024-12-28 09:15:00,43.73996207241128
2024-12-28 09:30:00,43.22522423100173
2024-12-28 09:45:00,42.71048638959219
2024-12-28 10:00:00,42.19574854818265
2024-12-28 10:15:00,41.68101070677311
2024-12-28 10:30:00,41.16627286536356
2024-12-28 10:45:00,40.65153502395401
2024-12-28 11:00:00,40.13679718254447
2024-12-28 11:15:00,39.62205934113493
2024-12-28 11:30:00,39.10732149972538
2024-12-28 11:45:00,38.59258365831583
2024-12-28 12:00:00,38.07784581690629
2024-12-28 12:15:00,37.56310797549675
2024-12-28 12:30:00,37.0483701340872
2024-12-28 12:45:00,36.53363229267765
2024-12-28 13:00:00,36.01889445126811
2024-12-28 13:15:00,35.50415660985857
2024-12-28 13:30:00,34.98941876844902
2024-12-28 13:45:00,34.47468092703948
2024-12-28 14:00:00,33.95994308562993
2024-12-28 14:15:00,33.44520524422039
2024-12-28 14:30:00,32.93046740281085
2024-12-28 14:45:00,32.4157295614013
2024-12-28 15:00:00,31.900991719991755
2024-12-28 15:15:00,31.38625387858221
2024-12-28 15:30:00,30.87151603717266
2024-12-28 15:45:00,30.35677819576312
2024-12-28 16:00:00,29.84204035435358
2024-12-28 16:15:00,29.32730251294403
2024-12-28 16:30:00,28.81256467153449
2024-12-28 16:45:00,28.29782683012494
2024-12-28 17:00:00,27.7830889887154
2024-12-28 17:15:00,27.26835114730585
2024-12-28 17:30:00,26.75361330589631
2024-12-28 17:45:00,26.23887546448676
2024-12-28 18:00:00,25.72413762307722
2024-12-28 18:15:00,25.20939978166767
2024-12-28 18:30:00,24.69466194025813
2024-12-28 18:45:00,24.17992409884858
2024-12-28 19:00:00,23.66518625743904
2024-12-28 19:15:00,23.15044841602949
2024-12-28 19:30:00,22.63571057461995
2024-12-28 19:45:00,22.1209727332104
2024-12-28 20:00:00,21.60623489180086
2024-12-28 20:15:00,21.091497050391318
2024-12-28 20:30:00,20.57675920898177
2024-12-28 20:45:00,20.06202136757223
2024-12-28 21:00:00,19.54728352616268
2024-12-28 21:15:00,19.03254568475314
2024-12-28 21:30:00,18.51780784334359
2024-12-28 21:45:00,18.00307000193405
2024-12-28 22:00:00,17.4883321605245
2024-12-28 22:15:00,16.97359431911496
2024-12-28 22:30:00,16.45885647770541
2024-12-28 22:45:00,15.944118636295869
2024-12-28 23:00:00,15.42938079488632
2024-12-28 23:15:00,14.914642953476779
2024-12-28 23:30:00,14.39990511206723
2024-12-28 23:45:00,13.88516727065769
2024-12-29 00:00:00,136.48313576322954
2024-12-29 00:15:00,136.48313576322954
2024-12-29 00:30:00,136.48313576322954
2024-12-29 00:45:00,136.48313576322954
2024-12-29 01:00:00,136.48313576322954
2024-12-29 01:15:00,136.48313576322954
2024-12-29 01:30:00,136.48313576322954
2024-12-29 01:45:00,136.48313576322954
2024-12-29 02:00:00,136.48313576322954
2024-12-29 02:15:00,136.48313576322954
2024-12-29 02:30:00,136.48313576322954
2024-12-29 02:45:00,136.48313576322954
2024-12-29 03:00:00,136.48313576322954
2024-12-29 03:15:00,136.48313576322954
2024-12-29 03:30:00,136.48313576322954
2024-12-29 03:45:00,136.48313576322954
2024-12-29 04:00:00,136.48313576322954
2024-12-29 04:15:00,136.48313576322954
2024-12-29 04:30:00,136.48313576322954
2024-12-29 04:45:00,136.48313576322954
2024-12-29 05:00:00,136.48313576322954
2024-12-29 05:15:00,136.48313576322954
2024-12-29 05:30:00,136.48313576322954
2024-12-29 05:45:00,136.48313576322954
2024-12-29 06:00:00,136.48313576322954
2024-12-29 06:15:00,136.48313576322954
2024-12-29 06:30:00,136.48313576322954
2024-12-29 06:45:00,136.48313576322954
2024-12-29 07:00:00,136.48313576322954
2024-12-29 07:15:00,136.48313576322954
2024-12-29 07:30:00,136.48313576322954
2024-12-29 07:45:00,136.48313576322954
2024-12-29 08:00:00,136.48313576322954
2024-12-29 08:15:00,136.48313576322954
2024-12-29 08:30:00,136.48313576322954
2024-12-29 08:45:00,136.48313576322954
2024-12-29 09:00:00,136.48313576322954
2024-12-29 09:15:00,136.48313576322954
2024-12-29 09:30:00,136.48313576322954
2024-12-29 09:45:00,136.48313576322954
2024-12-29 10:00:00,136.48313576322954
2024-12-29 10:15:00,136.48313576322954
2024-12-29 10:30:00,136.48313576322954
2024-12-29 10:45:00,136.48313576322954
2024-12-29 11:00:00,136.48313576322954
2024-12-29 11:15:00,136.48313576322954
2024-12-29 11:30:00,136.48313576322954
2024-12-29 11:45:00,136.48313576322954
2024-12-29 12:00:00,136.48313576322954
2024-12-29 12:15:00,136.48313576322954
2024-12-29 12:30:00,136.48313576322954
2024-12-29 12:45:00,136.48313576322954
2024-12-29 13:00:00,136.48313576322954
2024-12-29 13:15:00,136.48313576322954
2024-12-29 13:30:00,136.48313576322954
2024-12-29 13:45:00,136.48313576322954
2024-12-29 14:00:00,136.48313576322954
2024-12-29 14:15:00,136.48313576322954
2024-12-29 14:30:00,136.48313576322954
2024-12-29 14:45:00,136.48313576322954
2024-12-29 15:00:00,136.48313576322954
2024-12-29 15:15:00,136.48313576322954
2024-12-29 15:30:00,136.48313576322954
2024-12-29 15:45:00,136.48313576322954
2024-12-29 16:00:00,136.48313576322954
2024-12-29 16:15:00,136.48313576322954
2024-12-29 16:30:00,136.48313576322954
2024-12-29 16:45:00,136.48313576322954
2024-12-29 17:00:00,136.48313576322954
2024-12-29 17:15:00,136.48313576322954
2024-12-29 17:30:00,136.48313576322954
2024-12-29 17:45:00,136.48313576322954
2024-12-29 18:00:00,136.48313576322954
2024-12-29 18:15:00,136.48313576322954
2024-12-29 18:30:00,136.48313576322954
2024-12-29 18:45:00,136.48313576322954
2024-12-29 19:00:00,136.48313576322954
2024-12-29 19:15:00,136.48313576322954
2024-12-29 19:30:00,136.48313576322954
2024-12-29 19:45:00,136.48313576322954
2024-12-29 20:00:00,136.48313576322954
2024-12-29 20:15:00,136.48313576322954
2024-12-29 20:30:00,136.48313576322954
2024-12-29 20:45:00,136.48313576322954
2024-12-29 21:00:00,136.48313576322954
2024-12-29 21:15:00,136.48313576322954
2024-12-29 21:30:00,136.48313576322954
2024-12-29 21:45:00,136.48313576322954
2024-12-29 22:00:00,136.48313576322954
2024-12-29 22:15:00,136.48313576322954
2024-12-29 22:30:00,136.48313576322954
2024-12-29 22:45:00,136.48313576322954
2024-12-29 23:00:00,136.48313576322954
2024-12-29 23:15:00,136.48313576322954
2024-12-29 23:30:00,136.48313576322954
2024-12-29 23:45:00,136.48313576322954
2024-12-30 00:00:00,108.50640106201172
2024-12-30 00:15:00,104.07664489746094
2024-12-30 00:30:00,100.70398712158203
2024-12-30 00:45:00,96.76802062988281
2024-12-30 01:00:00,93.4976806640625
2024-12-30 01:15:00,89.94572448730469
2024-12-30 01:30:00,86.82752227783203
2024-12-30 01:45:00,83.58872985839844
2024-12-30 02:00:00,80.64517211914062
2024-12-30 02:15:00,77.671875
2024-12-30 02:30:00,74.90999603271484
2024-12-30 02:45:00,72.16850280761719
2024-12-30 03:00:00,69.58675384521484
2024-12-30 03:15:00,67.05196380615234
2024-12-30 03:30:00,64.64417266845703
2024-12-30 03:45:00,62.29635238647461
2024-12-30 04:00:00,60.05403137207031
2024-12-30 04:15:00,57.87696838378906
2024-12-30 04:30:00,55.79063034057617
2024-12-30 04:45:00,53.770484924316406
2024-12-30 05:00:00,51.83037567138672
2024-12-30 05:15:00,49.95500564575195
2024-12-30 05:30:00,48.15150833129883
2024-12-30 05:45:00,46.41005325317383
2024-12-30 06:00:00,44.733924865722656
2024-12-30 06:15:00,43.116539001464844
2024-12-30 06:30:00,41.558998107910156
2024-12-30 06:45:00,40.056678771972656
2024-12-30 07:00:00,38.60946273803711
2024-12-30 07:15:00,37.213924407958984
2024-12-30 07:30:00,35.869293212890625
2024-12-30 07:45:00,34.57289123535156
2024-12-30 08:00:00,33.32361602783203
2024-12-30 08:15:00,32.11927795410156
2024-12-30 08:30:00,30.958621978759766
2024-12-30 08:45:00,29.839786529541016
2024-12-30 09:00:00,28.761478424072266
2024-12-30 09:15:00,27.722064971923828
2024-12-30 09:30:00,26.72027015686035
2024-12-30 09:45:00,25.754634857177734
2024-12-30 10:00:00,24.823928833007812
2024-12-30 10:15:00,23.92683219909668
2024-12-30 10:30:00,23.06217384338379
2024-12-30 10:45:00,22.228748321533203
2024-12-30 11:00:00,21.425451278686523
2024-12-30 11:15:00,20.651174545288086
2024-12-30 11:30:00,19.90488624572754
2024-12-30 11:45:00,19.185562133789062
2024-12-30 12:00:00,18.492237091064453
2024-12-30 12:15:00,17.823963165283203
2024-12-30 12:30:00,17.179841995239258
2024-12-30 12:45:00,16.558996200561523
2024-12-30 13:00:00,15.960588455200195
2024-12-30 13:15:00,15.383804321289062
2024-12-30 13:30:00,14.827864646911621
2024-12-30 13:45:00,14.292015075683594
2024-12-30 14:00:00,13.775530815124512
2024-12-30 14:15:00,13.277710914611816
2024-12-30 14:30:00,12.797881126403809
2024-12-30 14:45:00,12.335391998291016
2024-12-30 15:00:00,11.889616012573242
2024-12-30 15:15:00,11.459949493408203
2024-12-30 15:30:00,11.045809745788574
2024-12-30 15:45:00,10.646636962890625
2024-12-30 16:00:00,10.261889457702637
2024-12-30 16:15:00,9.891045570373535
2024-12-30 16:30:00,9.53360366821289
2024-12-30 16:45:00,9.189078330993652
2024-12-30 17:00:00,8.857003211975098
2024-12-30 17:15:00,8.5369291305542
2024-12-30 17:30:00,8.228422164916992
2024-12-30 17:45:00,7.931063652038574
2024-12-30 18:00:00,7.644451141357422
2024-12-30 18:15:00,7.3681960105896
2024-12-30 18:30:00,7.101924419403076
2024-12-30 18:45:00,6.845275402069092
2024-12-30 19:00:00,6.597900867462158
2024-12-30 19:15:00,6.359466075897217
2024-12-30 19:30:00,6.129647731781006
2024-12-30 19:45:00,5.908134460449219
2024-12-30 20:00:00,5.694626331329346
2024-12-30 20:15:00,5.488833904266357
2024-12-30 20:30:00,5.290478706359863
2024-12-30 20:45:00,5.0992913246154785
2024-12-30 21:00:00,4.915013313293457
2024-12-30 21:15:00,4.7373948097229
2024-12-30 21:30:00,4.566195011138916
2024-12-30 21:45:00,4.401182174682617
2024-12-30 22:00:00,4.242132186889648
2024-12-30 22:15:00,4.08882999420166
2024-12-30 22:30:00,3.941067934036255
2024-12-30 22:45:00,3.7986457347869873
2024-12-30 23:00:00,3.661370277404785
2024-12-30 23:15:00,3.5290558338165283
2024-12-30 23:30:00,3.4015228748321533
2024-12-30 23:45:00,3.2785987854003906
2024-12-31 00:00:00,23.236610412597656
2024-12-31 00:15:00,22.645370483398438
2024-12-31 00:30:00,22.70850372314453
2024-12-31 00:45:00,22.258567810058594
2024-12-31 01:00:00,22.217973709106445
2024-12-31 01:15:00,21.85784149169922
2024-12-31 01:30:00,21.754056930541992
2024-12-31 01:45:00,21.45154571533203
2024-12-31 02:00:00,21.309846878051758
2024-12-31 02:15:00,21.04483413696289
2024-12-31 02:30:00,20.880971908569336
2024-12-31 02:45:00,20.6408634185791
2024-12-31 03:00:00,20.464641571044922
2024-12-31 03:15:00,20.241546630859375
2024-12-31 03:30:00,20.059059143066406
2024-12-31 03:45:00,19.848020553588867
2024-12-31 04:00:00,19.663040161132812
2024-12-31 04:15:00,19.460935592651367
2024-12-31 04:30:00,19.275793075561523
2024-12-31 04:45:00,19.080646514892578
2024-12-31 05:00:00,18.89676856994629
2024-12-31 05:15:00,18.707317352294922
2024-12-31 05:30:00,18.52556800842285
2024-12-31 05:45:00,18.340999603271484
2024-12-31 06:00:00,18.16189193725586
2024-12-31 06:15:00,17.981670379638672
2024-12-31 06:30:00,17.805500030517578
2024-12-31 06:45:00,17.629268646240234
2024-12-31 07:00:00,17.456192016601562
2024-12-31 07:15:00,17.28369903564453
2024-12-31 07:30:00,17.113792419433594
2024-12-31 07:45:00,16.944860458374023
2024-12-31 08:00:00,16.778146743774414
2024-12-31 08:15:00,16.61263656616211
2024-12-31 08:30:00,16.44910430908203
2024-12-31 08:45:00,16.286909103393555
2024-12-31 09:00:00,16.126527786254883
2024-12-31 09:15:00,15.967556953430176
2024-12-31 09:30:00,15.810286521911621
2024-12-31 09:45:00,15.654459953308105
2024-12-31 10:00:00,15.500252723693848
2024-12-31 10:15:00,15.347497940063477
2024-12-31 10:30:00,15.196301460266113
2024-12-31 10:45:00,15.046552658081055
2024-12-31 11:00:00,14.89831256866455
2024-12-31 11:15:00,14.751506805419922
2024-12-31 11:30:00,14.606167793273926
2024-12-31 11:45:00,14.462244987487793
2024-12-31 12:00:00,14.31975269317627
2024-12-31 12:15:00,14.178654670715332
2024-12-31 12:30:00,14.038954734802246
2024-12-31 12:45:00,13.900625228881836
2024-12-31 13:00:00,13.763663291931152
2024-12-31 13:15:00,13.628046989440918
2024-12-31 13:30:00,13.493770599365234
2024-12-31 13:45:00,13.360814094543457
2024-12-31 14:00:00,13.229169845581055
2024-12-31 14:15:00,13.098820686340332
2024-12-31 14:30:00,12.969757080078125
2024-12-31 14:45:00,12.841964721679688
2024-12-31 15:00:00,12.715432167053223
2024-12-31 15:15:00,12.5901460647583
2024-12-31 15:30:00,12.466094970703125
2024-12-31 15:45:00,12.343265533447266
2024-12-31 16:00:00,12.221646308898926
2024-12-31 16:15:00,12.101224899291992
2024-12-31 16:30:00,11.981990814208984
2024-12-31 16:45:00,11.863931655883789
2024-12-31 17:00:00,11.747035026550293
2024-12-31 17:15:00,11.631290435791016
2024-12-31 17:30:00,11.51668643951416
2024-12-31 17:45:00,11.40321159362793
2024-12-31 18:00:00,11.290854454040527
2024-12-31 18:15:00,11.179604530334473
2024-12-31 18:30:00,11.069451332092285
2024-12-31 18:45:00,10.960383415222168
2024-12-31 19:00:00,10.85239028930664
2024-12-31 19:15:00,10.745460510253906
2024-12-31 19:30:00,10.6395845413208
2024-12-31 19:45:00,10.534751892089844
2024-12-31 20:00:00,10.430952072143555
2024-12-31 20:15:00,10.32817554473877
2024-12-31 20:30:00,10.226410865783691
2024-12-31 20:45:00,10.125649452209473
2024-12-31 21:00:00,10.025880813598633
2024-12-31 21:15:00,9.927095413208008
2024-12-31 21:30:00,9.829282760620117
2024-12-31 21:45:00,9.732434272766113
2024-12-31 22:00:00,9.636539459228516
2024-12-31 22:15:00,9.541589736938477
2024-12-31 22:30:00,9.447575569152832
2024-12-31 22:45:00,9.354487419128418
2024-12-31 23:00:00,9.262316703796387
2024-12-31 23:15:00,9.17105484008789
2024-12-31 23:30:00,9.08069133758545
2024-12-31 23:45:00,8.991218566894531
